[8176:8184:0721/110401.971:WARNING:chrome_main_delegate.cc(745)] This is Chrome version 128.0.6613.138 (not a warning)
[8176:1948:0721/110403.046:ERROR:google_update_settings.cc(265)] Failed opening key Software\Chromium to set usagestats; result: 5
[8176:8184:0721/110403.633:WARNING:account_consistency_mode_manager.cc(77)] Desktop Identity Consistency cannot be enabled as no OAuth client ID and client secret have been configured.
[5132:6704:0721/110419.263:WARNING:frame_impl.cc(430)] virtual CefFrameImpl::SendProcessMessage sent to detached frame 5-E70A9946964F6960E8EF3BC8550327BA will be ignored
[8176:8184:0721/110421.900:ERROR:device_event_log_impl.cc(196)] [11:04:21.285] USB: usb_service_win.cc:105 SetupDiGetDeviceProperty({{A45C254E-DF1C-4EFD-8020-67D146A850E0}, 6}) failed: Element not found. (0x490)
[8176:8184:0721/124659.996:ERROR:device_event_log_impl.cc(196)] [12:46:59.989] USB: usb_service_win.cc:105 SetupDiGetDeviceProperty({{A45C254E-DF1C-4EFD-8020-67D146A850E0}, 6}) failed: Element not found. (0x490)
[17264:1572:0721/153733.269:VERBOSE1:network_delegate.cc(36)] NetworkDelegate::NotifyBeforeURLRequest: https://optimizationguide-pa.googleapis.com/v1:GetModels?key=dummytoken
[17264:1572:0721/153733.304:VERBOSE1:tls_handshaker.cc(105)] TlsClient: Continuing handshake
[17264:1572:0721/153733.304:VERBOSE1:tls_handshaker.cc(126)] TlsClient: SSL_do_handshake returned when entering early data. After retry, rv=-1, SSL_in_early_data=1
[17264:1572:0721/153733.345:VERBOSE1:tls_handshaker.cc(105)] TlsClient: Continuing handshake
[17264:1572:0721/153733.345:VERBOSE1:tls_handshaker.cc(105)] TlsClient: Continuing handshake
[17264:1572:0721/153733.345:VERBOSE1:tls_client_handshaker.cc(528)] Client: handshake finished
[8176:8184:0721/153735.897:VERBOSE1:device_event_log_impl.cc(198)] [15:37:35.898] Display: EVENT: screen_win.cc:893 Displays updated, count: 2
[8176:8184:0721/153735.897:VERBOSE1:device_event_log_impl.cc(198)] [15:37:35.898] Display: EVENT: screen_win.cc:895 Display[3903145113] bounds=[0,0 1920x1080], workarea=[0,0 1920x1032], scale=1, rotation=0, panel_rotation=0 external detected
[8176:8184:0721/153735.897:VERBOSE1:device_event_log_impl.cc(198)] [15:37:35.898] Display: EVENT: screen_win.cc:895 Display[2335996943] bounds=[1920,0 1920x1080], workarea=[1920,0 1920x1032], scale=1, rotation=0, panel_rotation=0 external detected
[17264:1572:0721/154011.369:VERBOSE1:network_delegate.cc(36)] NetworkDelegate::NotifyBeforeURLRequest: https://optimizationguide-pa.googleapis.com/v1:GetModels?key=dummytoken
[17264:1572:0721/154011.370:VERBOSE1:tls_handshaker.cc(105)] TlsClient: Continuing handshake
[17264:1572:0721/154011.370:VERBOSE1:tls_handshaker.cc(126)] TlsClient: SSL_do_handshake returned when entering early data. After retry, rv=-1, SSL_in_early_data=1
[17264:1572:0721/154011.410:VERBOSE1:tls_handshaker.cc(105)] TlsClient: Continuing handshake
[17264:1572:0721/154011.410:VERBOSE1:tls_handshaker.cc(105)] TlsClient: Continuing handshake
[17264:1572:0721/154011.410:VERBOSE1:tls_client_handshaker.cc(528)] Client: handshake finished
[17264:1572:0721/154307.045:VERBOSE1:network_delegate.cc(36)] NetworkDelegate::NotifyBeforeURLRequest: https://optimizationguide-pa.googleapis.com/v1:GetModels?key=dummytoken
[17264:1572:0721/154307.064:VERBOSE1:tls_handshaker.cc(105)] TlsClient: Continuing handshake
[17264:1572:0721/154307.078:VERBOSE1:tls_handshaker.cc(105)] TlsClient: Continuing handshake
[17264:1572:0721/154307.078:VERBOSE1:tls_handshaker.cc(126)] TlsClient: SSL_do_handshake returned when entering early data. After retry, rv=-1, SSL_in_early_data=1
[17264:1572:0721/154307.101:VERBOSE1:tls_handshaker.cc(105)] TlsClient: Continuing handshake
[17264:1572:0721/154307.101:VERBOSE1:tls_handshaker.cc(105)] TlsClient: Continuing handshake
[17264:1572:0721/154307.101:VERBOSE1:tls_client_handshaker.cc(528)] Client: handshake finished
[17264:1572:0721/154542.222:VERBOSE1:network_delegate.cc(36)] NetworkDelegate::NotifyBeforeURLRequest: https://optimizationguide-pa.googleapis.com/v1:GetModels?key=dummytoken
[17264:1572:0721/154542.241:VERBOSE1:tls_handshaker.cc(105)] TlsClient: Continuing handshake
[17264:1572:0721/154542.242:VERBOSE1:tls_handshaker.cc(126)] TlsClient: SSL_do_handshake returned when entering early data. After retry, rv=-1, SSL_in_early_data=1
[17264:1572:0721/154542.283:VERBOSE1:tls_handshaker.cc(105)] TlsClient: Continuing handshake
[17264:1572:0721/154542.283:VERBOSE1:tls_handshaker.cc(105)] TlsClient: Continuing handshake
[17264:1572:0721/154542.283:VERBOSE1:tls_client_handshaker.cc(528)] Client: handshake finished
[8176:14400:0721/154558.371:VERBOSE1:media_stream_manager.cc(1533)] MSPL::OnSpeedLimitChange({this=00001A440008ED40}, {new_limit=88})
[8176:14400:0721/154601.377:VERBOSE1:media_stream_manager.cc(1533)] MSPL::OnSpeedLimitChange({this=00001A440008ED40}, {new_limit=89})
[8176:14400:0721/154605.375:VERBOSE1:media_stream_manager.cc(1533)] MSPL::OnSpeedLimitChange({this=00001A440008ED40}, {new_limit=88})
[8176:14400:0721/154606.382:VERBOSE1:media_stream_manager.cc(1533)] MSPL::OnSpeedLimitChange({this=00001A440008ED40}, {new_limit=87})
[8176:14400:0721/154608.375:VERBOSE1:media_stream_manager.cc(1533)] MSPL::OnSpeedLimitChange({this=00001A440008ED40}, {new_limit=88})
[8176:14400:0721/154610.377:VERBOSE1:media_stream_manager.cc(1533)] MSPL::OnSpeedLimitChange({this=00001A440008ED40}, {new_limit=87})
[8176:14400:0721/154613.380:VERBOSE1:media_stream_manager.cc(1533)] MSPL::OnSpeedLimitChange({this=00001A440008ED40}, {new_limit=86})
[8176:14400:0721/154615.379:VERBOSE1:media_stream_manager.cc(1533)] MSPL::OnSpeedLimitChange({this=00001A440008ED40}, {new_limit=87})
[8176:14400:0721/154617.387:VERBOSE1:media_stream_manager.cc(1533)] MSPL::OnSpeedLimitChange({this=00001A440008ED40}, {new_limit=86})
[8176:14400:0721/154620.385:VERBOSE1:media_stream_manager.cc(1533)] MSPL::OnSpeedLimitChange({this=00001A440008ED40}, {new_limit=85})
[8176:14400:0721/154623.388:VERBOSE1:media_stream_manager.cc(1533)] MSPL::OnSpeedLimitChange({this=00001A440008ED40}, {new_limit=86})
[8176:14400:0721/154625.391:VERBOSE1:media_stream_manager.cc(1533)] MSPL::OnSpeedLimitChange({this=00001A440008ED40}, {new_limit=85})
[8176:14400:0721/154626.390:VERBOSE1:media_stream_manager.cc(1533)] MSPL::OnSpeedLimitChange({this=00001A440008ED40}, {new_limit=100})
[8176:14400:0721/154636.397:VERBOSE1:media_stream_manager.cc(1533)] MSPL::OnSpeedLimitChange({this=00001A440008ED40}, {new_limit=86})
[8176:14400:0721/154638.393:VERBOSE1:media_stream_manager.cc(1533)] MSPL::OnSpeedLimitChange({this=00001A440008ED40}, {new_limit=85})
[8176:14400:0721/154640.397:VERBOSE1:media_stream_manager.cc(1533)] MSPL::OnSpeedLimitChange({this=00001A440008ED40}, {new_limit=86})
[8176:14400:0721/154642.397:VERBOSE1:media_stream_manager.cc(1533)] MSPL::OnSpeedLimitChange({this=00001A440008ED40}, {new_limit=87})
[8176:14400:0721/154650.405:VERBOSE1:media_stream_manager.cc(1533)] MSPL::OnSpeedLimitChange({this=00001A440008ED40}, {new_limit=88})
[8176:14400:0721/154651.696:VERBOSE1:media_stream_manager.cc(1533)] MSPL::OnSpeedLimitChange({this=00001A440008ED40}, {new_limit=100})
[8176:8184:0721/154652.985:VERBOSE1:device_event_log_impl.cc(198)] [15:46:52.984] Display: EVENT: screen_win.cc:893 Displays updated, count: 2
[8176:8184:0721/154652.985:VERBOSE1:device_event_log_impl.cc(198)] [15:46:52.984] Display: EVENT: screen_win.cc:895 Display[3903145113] bounds=[0,0 1920x1080], workarea=[0,0 1920x1032], scale=1, rotation=0, panel_rotation=0 external detected
[8176:8184:0721/154652.985:VERBOSE1:device_event_log_impl.cc(198)] [15:46:52.984] Display: EVENT: screen_win.cc:895 Display[2335996943] bounds=[1920,0 1920x1080], workarea=[1920,0 1920x1032], scale=1, rotation=0, panel_rotation=0 external detected
[8176:14400:0721/154706.412:VERBOSE1:media_stream_manager.cc(1533)] MSPL::OnSpeedLimitChange({this=00001A440008ED40}, {new_limit=86})
[8176:14400:0721/154709.412:VERBOSE1:media_stream_manager.cc(1533)] MSPL::OnSpeedLimitChange({this=00001A440008ED40}, {new_limit=87})
[8176:14400:0721/154711.416:VERBOSE1:media_stream_manager.cc(1533)] MSPL::OnSpeedLimitChange({this=00001A440008ED40}, {new_limit=86})
[8176:14400:0721/154715.417:VERBOSE1:media_stream_manager.cc(1533)] MSPL::OnSpeedLimitChange({this=00001A440008ED40}, {new_limit=87})
[8176:14400:0721/154718.523:VERBOSE1:media_stream_manager.cc(1533)] MSPL::OnSpeedLimitChange({this=00001A440008ED40}, {new_limit=100})
[17264:1572:0721/154831.534:VERBOSE1:network_delegate.cc(36)] NetworkDelegate::NotifyBeforeURLRequest: https://optimizationguide-pa.googleapis.com/v1:GetModels?key=dummytoken
[17264:1572:0721/154831.555:VERBOSE1:tls_handshaker.cc(105)] TlsClient: Continuing handshake
[17264:1572:0721/154831.556:VERBOSE1:tls_handshaker.cc(126)] TlsClient: SSL_do_handshake returned when entering early data. After retry, rv=-1, SSL_in_early_data=1
[17264:1572:0721/154831.595:VERBOSE1:tls_handshaker.cc(105)] TlsClient: Continuing handshake
[17264:1572:0721/154831.595:VERBOSE1:tls_handshaker.cc(105)] TlsClient: Continuing handshake
[17264:1572:0721/154831.595:VERBOSE1:tls_client_handshaker.cc(528)] Client: handshake finished
[8176:8184:0721/155024.109:VERBOSE1:device_event_log_impl.cc(198)] [15:50:24.108] Display: EVENT: screen_win.cc:893 Displays updated, count: 2
[8176:8184:0721/155024.109:VERBOSE1:device_event_log_impl.cc(198)] [15:50:24.109] Display: EVENT: screen_win.cc:895 Display[3903145113] bounds=[0,0 1920x1080], workarea=[0,0 1920x1032], scale=1, rotation=0, panel_rotation=0 external detected
[8176:8184:0721/155024.109:VERBOSE1:device_event_log_impl.cc(198)] [15:50:24.109] Display: EVENT: screen_win.cc:895 Display[2335996943] bounds=[1920,0 1920x1080], workarea=[1920,0 1920x1032], scale=1, rotation=0, panel_rotation=0 external detected
[8176:14400:0721/155051.566:VERBOSE1:media_stream_manager.cc(1533)] MSPL::OnSpeedLimitChange({this=00001A440008ED40}, {new_limit=88})
[8176:14400:0721/155053.565:VERBOSE1:media_stream_manager.cc(1533)] MSPL::OnSpeedLimitChange({this=00001A440008ED40}, {new_limit=100})
[17264:1572:0721/155115.769:VERBOSE1:network_delegate.cc(36)] NetworkDelegate::NotifyBeforeURLRequest: https://optimizationguide-pa.googleapis.com/v1:GetModels?key=dummytoken
[17264:1572:0721/155115.791:VERBOSE1:tls_handshaker.cc(105)] TlsClient: Continuing handshake
[17264:1572:0721/155115.792:VERBOSE1:tls_handshaker.cc(126)] TlsClient: SSL_do_handshake returned when entering early data. After retry, rv=-1, SSL_in_early_data=1
[17264:1572:0721/155115.831:VERBOSE1:tls_handshaker.cc(105)] TlsClient: Continuing handshake
[17264:1572:0721/155115.831:VERBOSE1:tls_handshaker.cc(105)] TlsClient: Continuing handshake
[17264:1572:0721/155115.831:VERBOSE1:tls_client_handshaker.cc(528)] Client: handshake finished
[8176:14400:0721/155121.577:VERBOSE1:media_stream_manager.cc(1533)] MSPL::OnSpeedLimitChange({this=00001A440008ED40}, {new_limit=88})
[8176:14400:0721/155128.588:VERBOSE1:media_stream_manager.cc(1533)] MSPL::OnSpeedLimitChange({this=00001A440008ED40}, {new_limit=87})
[8176:14400:0721/155129.590:VERBOSE1:media_stream_manager.cc(1533)] MSPL::OnSpeedLimitChange({this=00001A440008ED40}, {new_limit=100})
[8176:14400:0721/155223.623:VERBOSE1:media_stream_manager.cc(1533)] MSPL::OnSpeedLimitChange({this=00001A440008ED40}, {new_limit=88})
[8176:14400:0721/155226.655:VERBOSE1:media_stream_manager.cc(1533)] MSPL::OnSpeedLimitChange({this=00001A440008ED40}, {new_limit=100})
[17264:1572:0721/155356.570:VERBOSE1:network_delegate.cc(36)] NetworkDelegate::NotifyBeforeURLRequest: https://optimizationguide-pa.googleapis.com/v1:GetModels?key=dummytoken
[17264:1572:0721/155356.570:VERBOSE1:tls_handshaker.cc(105)] TlsClient: Continuing handshake
[17264:1572:0721/155356.571:VERBOSE1:tls_handshaker.cc(126)] TlsClient: SSL_do_handshake returned when entering early data. After retry, rv=-1, SSL_in_early_data=1
[17264:1572:0721/155356.611:VERBOSE1:tls_handshaker.cc(105)] TlsClient: Continuing handshake
[17264:1572:0721/155356.612:VERBOSE1:tls_handshaker.cc(105)] TlsClient: Continuing handshake
[17264:1572:0721/155356.612:VERBOSE1:tls_client_handshaker.cc(528)] Client: handshake finished
[8176:14400:0721/155432.701:VERBOSE1:media_stream_manager.cc(1533)] MSPL::OnSpeedLimitChange({this=00001A440008ED40}, {new_limit=89})
[8176:14400:0721/155433.692:VERBOSE1:media_stream_manager.cc(1533)] MSPL::OnSpeedLimitChange({this=00001A440008ED40}, {new_limit=100})
[17264:1572:0721/155652.221:VERBOSE1:network_delegate.cc(36)] NetworkDelegate::NotifyBeforeURLRequest: https://optimizationguide-pa.googleapis.com/v1:GetModels?key=dummytoken
[17264:1572:0721/155652.245:VERBOSE1:tls_handshaker.cc(105)] TlsClient: Continuing handshake
[17264:1572:0721/155652.245:VERBOSE1:tls_handshaker.cc(126)] TlsClient: SSL_do_handshake returned when entering early data. After retry, rv=-1, SSL_in_early_data=1
[17264:1572:0721/155652.289:VERBOSE1:tls_handshaker.cc(105)] TlsClient: Continuing handshake
[17264:1572:0721/155652.289:VERBOSE1:tls_handshaker.cc(105)] TlsClient: Continuing handshake
[17264:1572:0721/155652.289:VERBOSE1:tls_client_handshaker.cc(528)] Client: handshake finished
[17264:1572:0721/155926.231:VERBOSE1:network_delegate.cc(36)] NetworkDelegate::NotifyBeforeURLRequest: https://optimizationguide-pa.googleapis.com/v1:GetModels?key=dummytoken
[17264:1572:0721/155926.232:VERBOSE1:tls_handshaker.cc(105)] TlsClient: Continuing handshake
[17264:1572:0721/155926.232:VERBOSE1:tls_handshaker.cc(126)] TlsClient: SSL_do_handshake returned when entering early data. After retry, rv=-1, SSL_in_early_data=1
[17264:1572:0721/155926.272:VERBOSE1:tls_handshaker.cc(105)] TlsClient: Continuing handshake
[17264:1572:0721/155926.272:VERBOSE1:tls_handshaker.cc(105)] TlsClient: Continuing handshake
[17264:1572:0721/155926.272:VERBOSE1:tls_client_handshaker.cc(528)] Client: handshake finished
[8176:8184:0721/160007.222:VERBOSE1:profile_manager.cc(1325)] AddKeepAlive(Default, kExtensionUpdater). keep_alives=[kWaitingForFirstBrowserWindow (1), kAppWindow (1), kExtensionUpdater (1)]
[8176:8184:0721/160007.223:VERBOSE1:profile_manager.cc(1377)] RemoveKeepAlive(Default, kExtensionUpdater). keep_alives=[kWaitingForFirstBrowserWindow (1), kAppWindow (1)]
[8176:8184:0721/160207.356:VERBOSE1:device_event_log_impl.cc(198)] [16:02:07.355] Display: EVENT: screen_win.cc:893 Displays updated, count: 2
[8176:8184:0721/160207.356:VERBOSE1:device_event_log_impl.cc(198)] [16:02:07.355] Display: EVENT: screen_win.cc:895 Display[3903145113] bounds=[0,0 1920x1080], workarea=[0,0 1920x1032], scale=1, rotation=0, panel_rotation=0 external detected
[8176:8184:0721/160207.356:VERBOSE1:device_event_log_impl.cc(198)] [16:02:07.355] Display: EVENT: screen_win.cc:895 Display[2335996943] bounds=[1920,0 1920x1080], workarea=[1920,0 1920x1032], scale=1, rotation=0, panel_rotation=0 external detected
[17264:1572:0721/160217.378:VERBOSE1:network_delegate.cc(36)] NetworkDelegate::NotifyBeforeURLRequest: https://optimizationguide-pa.googleapis.com/v1:GetModels?key=dummytoken
[17264:1572:0721/160217.400:VERBOSE1:tls_handshaker.cc(105)] TlsClient: Continuing handshake
[17264:1572:0721/160217.401:VERBOSE1:tls_handshaker.cc(126)] TlsClient: SSL_do_handshake returned when entering early data. After retry, rv=-1, SSL_in_early_data=1
[17264:1572:0721/160217.442:VERBOSE1:tls_handshaker.cc(105)] TlsClient: Continuing handshake
[17264:1572:0721/160217.442:VERBOSE1:tls_handshaker.cc(105)] TlsClient: Continuing handshake
[17264:1572:0721/160217.442:VERBOSE1:tls_client_handshaker.cc(528)] Client: handshake finished
[17264:1572:0721/160514.189:VERBOSE1:network_delegate.cc(36)] NetworkDelegate::NotifyBeforeURLRequest: https://optimizationguide-pa.googleapis.com/v1:GetModels?key=dummytoken
[17264:1572:0721/160514.190:VERBOSE1:tls_handshaker.cc(105)] TlsClient: Continuing handshake
[17264:1572:0721/160514.191:VERBOSE1:tls_handshaker.cc(126)] TlsClient: SSL_do_handshake returned when entering early data. After retry, rv=-1, SSL_in_early_data=1
[17264:1572:0721/160514.228:VERBOSE1:tls_handshaker.cc(105)] TlsClient: Continuing handshake
[17264:1572:0721/160514.228:VERBOSE1:tls_handshaker.cc(105)] TlsClient: Continuing handshake
[17264:1572:0721/160514.228:VERBOSE1:tls_client_handshaker.cc(528)] Client: handshake finished
[17264:1572:0721/160807.280:VERBOSE1:network_delegate.cc(36)] NetworkDelegate::NotifyBeforeURLRequest: https://optimizationguide-pa.googleapis.com/v1:GetModels?key=dummytoken
[8176:8184:0721/160807.289:VERBOSE1:frame_host_impl.cc(515)] frame 6-110E4D17A1D2B1E0BF8B44143B07E3EA (sub) detached (reason=RENDER_FRAME_DELETED, is_connected=1)
[5552:7400:0721/160807.291:VERBOSE1:dispatcher.cc(596)] Num tracked contexts: 1
[5552:7400:0721/160807.291:VERBOSE1:frame_impl.cc(620)] frame 6-110E4D17A1D2B1E0BF8B44143B07E3EA disconnected (reason=DETACHED, current_state=CONNECTION_ACKED, FRAME_INVALID)
[5552:7400:0721/160807.293:VERBOSE1:script_context.cc(164)] Destroyed context for extension
  extension id: 
  effective extension id: 
[5552:7400:0721/160807.293:VERBOSE1:script_context.cc(164)] Destroyed context for extension
  extension id: 
  effective extension id: 
[5552:7400:0721/160807.293:VERBOSE1:frame_impl.cc(620)] frame 6-78B9157447DCB9BEB96652DE2D900450 disconnected (reason=BROWSER_FRAME_DISCONNECT, current_state=CONNECTION_ACKED)
[5552:7400:0721/160807.293:VERBOSE1:frame_impl.cc(633)] frame 6-78B9157447DCB9BEB96652DE2D900450 connection retry scheduled
[17264:1572:0721/160807.299:VERBOSE1:tls_handshaker.cc(105)] TlsClient: Continuing handshake
[17264:1572:0721/160807.299:VERBOSE1:tls_handshaker.cc(126)] TlsClient: SSL_do_handshake returned when entering early data. After retry, rv=-1, SSL_in_early_data=1
[8176:8184:0721/160807.308:VERBOSE1:frame_host_impl.cc(515)] frame 6-78B9157447DCB9BEB96652DE2D900450 (main) detached (reason=NEW_MAIN_FRAME, is_connected=1)
[17264:1572:0721/160807.338:VERBOSE1:tls_handshaker.cc(105)] TlsClient: Continuing handshake
[17264:1572:0721/160807.338:VERBOSE1:tls_handshaker.cc(105)] TlsClient: Continuing handshake
[17264:1572:0721/160807.338:VERBOSE1:tls_client_handshaker.cc(528)] Client: handshake finished
[8176:8184:0721/160807.437:VERBOSE1:account_reconcilor.cc(264)] AccountReconcilor::Shutdown
[8176:8184:0721/160807.437:VERBOSE1:account_reconcilor.cc(718)] AccountReconcilor::AbortReconcile: try again later
[8176:8184:0721/160807.439:VERBOSE1:account_reconcilor.cc(827)] AccountReconcilor::CalculateIfMultiloginReconcileIsDone: Error was 
[8176:8184:0721/160807.439:VERBOSE1:account_reconcilor.cc(313)] AccountReconcilor::UnregisterWithIdentityManager
[8176:8184:0721/160807.439:VERBOSE1:account_reconcilor.cc(286)] AccountReconcilor::UnregisterWithContentSettings
[8176:8184:0721/160807.443:VERBOSE1:gaia_cookie_manager_service.cc(628)] GaiaCookieManagerService::CancelAll
[8176:8184:0721/160807.444:VERBOSE1:mutable_profile_oauth2_token_service_delegate.cc(752)] MutablePO2TS::Shutdown
[8176:8184:0721/160807.444:VERBOSE1:mutable_profile_oauth2_token_service_delegate.cc(235)] MutablePO2TS::~MutablePO2TS
[8176:8184:0721/160807.449:VERBOSE1:device_event_log_impl.cc(198)] [16:08:07.449] Bluetooth: EVENT: bluetooth_api.cc:109 BluetoothAPI: Shutdown
[8176:8184:0721/160807.582:VERBOSE1:account_reconcilor.cc(193)] AccountReconcilor::~AccountReconcilor
[8176:8184:0721/160807.599:VERBOSE1:device_event_log_impl.cc(198)] [16:08:07.600] Bluetooth: EVENT: bluetooth_api.cc:95 ~BluetoothAPI: 00001A440032A200
[8176:8184:0721/160807.781:VERBOSE1:component_updater_service.cc(180)] CrxUpdateService stopping
[8176:8184:0721/160807.782:WARNING:pref_notifier_impl.cc(41)] Pref observer for media_router.cast_allow_all_ips found at shutdown.
[8176:8184:0721/160807.820:VERBOSE1:statistics_recorder.cc(607)] Collections of all histograms
Histogram: API.StorageAccess.AllowedRequests2 recorded 127 samples, mean = 0.1 (flags = 0x41)
0  ------------------------------------------------------------------------O (118 = 92.9%)
1  -----O                                                                    (9 = 7.1%) {92.9%}
2  ... 

Histogram: API.StorageAccess.DocumentInheritedStorageAccess recorded 7 samples, mean = 0.0 (flags = 0x41)
0  -------O                                                                  (7 = 100.0%)
1  ... 

Histogram: API.StorageAccess.DocumentLoadedWithStorageAccess recorded 7 samples, mean = 0.0 (flags = 0x41)
0  -------O                                                                  (7 = 100.0%)
1  ... 

Histogram: Accessibility.CaptionSettingsLoadedFromSystemSettings recorded 1 samples, mean = 1.0 (flags = 0x41)
0  O                                                                         (0 = 0.0%)
1  -O                                                                        (1 = 100.0%) {0.0%}
2  O                                                                         (0 = 0.0%) {100.0%}

Histogram: Accessibility.ImageLabels2 recorded 1 samples, mean = 0.0 (flags = 0x41)
0  -O                                                                        (1 = 100.0%)
1  ... 

Histogram: Accessibility.LiveCaption.FeatureEnabled2 recorded 1 samples, mean = 1.0 (flags = 0x41)
0  O                                                                         (0 = 0.0%)
1  -O                                                                        (1 = 100.0%) {0.0%}
2  O                                                                         (0 = 0.0%) {100.0%}

Histogram: Accessibility.LiveCaption2 recorded 1 samples, mean = 0.0 (flags = 0x41)
0  -O                                                                        (1 = 100.0%)
1  ... 

Histogram: Accessibility.ManuallyEnabled recorded 1 samples, mean = 0.0 (flags = 0x41)
0  -O                                                                        (1 = 100.0%)
1  ... 

Histogram: Accessibility.WinJAWS recorded 1 samples, mean = 0.0 (flags = 0x41)
0  -O                                                                        (1 = 100.0%)
1  ... 

Histogram: Accessibility.WinNVDA recorded 1 samples, mean = 0.0 (flags = 0x41)
0  -O                                                                        (1 = 100.0%)
1  ... 

Histogram: Accessibility.WinSAToGo recorded 1 samples, mean = 0.0 (flags = 0x41)
0  -O                                                                        (1 = 100.0%)
1  ... 

Histogram: Accessibility.WinScreenReader2 recorded 1 samples, mean = 0.0 (flags = 0x41)
0  -O                                                                        (1 = 100.0%)
1  ... 

Histogram: Accessibility.WinStickyKeys recorded 1 samples, mean = 0.0 (flags = 0x41)
0  -O                                                                        (1 = 100.0%)
1  ... 

Histogram: Accessibility.WinSupernova recorded 1 samples, mean = 0.0 (flags = 0x41)
0  -O                                                                        (1 = 100.0%)
1  ... 

Histogram: Accessibility.WinZoomText recorded 1 samples, mean = 0.0 (flags = 0x41)
0  -O                                                                        (1 = 100.0%)
1  ... 

Histogram: AppBanners.InstallableStatusCode recorded 1 samples (flags = 0x41)
8  -O                                                                        (1 = 100.0%)

Histogram: Apps.PreferredApps.EntryCount recorded 1 samples, mean = 0.0 (flags = 0x41)
0  -O                                                                        (1 = 100.0%)
1  ... 

Histogram: Autofill.Address.IsEnabled.PageLoad recorded 1 samples, mean = 1.0 (flags = 0x41)
0  O                                                                         (0 = 0.0%)
1  -O                                                                        (1 = 100.0%) {0.0%}
2  O                                                                         (0 = 0.0%) {100.0%}

Histogram: Autofill.Address.IsEnabled.PageLoad.SignedOut recorded 1 samples, mean = 1.0 (flags = 0x41)
0  O                                                                         (0 = 0.0%)
1  -O                                                                        (1 = 100.0%) {0.0%}
2  O                                                                         (0 = 0.0%) {100.0%}

Histogram: Autofill.Address.IsEnabled.Startup recorded 1 samples, mean = 1.0 (flags = 0x41)
0  O                                                                         (0 = 0.0%)
1  -O                                                                        (1 = 100.0%) {0.0%}
2  O                                                                         (0 = 0.0%) {100.0%}

Histogram: Autofill.CreditCard.IsEnabled.PageLoad recorded 1 samples, mean = 1.0 (flags = 0x41)
0  O                                                                         (0 = 0.0%)
1  -O                                                                        (1 = 100.0%) {0.0%}
2  O                                                                         (0 = 0.0%) {100.0%}

Histogram: Autofill.CreditCard.IsEnabled.PageLoad.SignedOut recorded 1 samples, mean = 1.0 (flags = 0x41)
0  O                                                                         (0 = 0.0%)
1  -O                                                                        (1 = 100.0%) {0.0%}
2  O                                                                         (0 = 0.0%) {100.0%}

Histogram: Autofill.CreditCard.IsEnabled.Startup recorded 1 samples, mean = 1.0 (flags = 0x41)
0  O                                                                         (0 = 0.0%)
1  -O                                                                        (1 = 100.0%) {0.0%}
2  O                                                                         (0 = 0.0%) {100.0%}

Histogram: Autofill.DOMContentLoadedInOutermostMainFrame recorded 3 samples, mean = 0.3 (flags = 0x41)
0  --O                                                                       (2 = 66.7%)
1  -O                                                                        (1 = 33.3%) {66.7%}
2  O                                                                         (0 = 0.0%) {100.0%}

Histogram: Autofill.ExtractFormUnowned.FieldCount recorded 4 samples, mean = 0.0 (flags = 0x41)
0  ----O                                                                     (4 = 100.0%)
1  ... 

Histogram: Autofill.FormForest.GetBrowserFormOfRendererForm.Duration recorded 1 samples, mean = 0.0 (flags = 0x41)
0  -O                                                                        (1 = 100.0%)
1  ... 

Histogram: Autofill.FormForest.UpdateTreeOfRendererForm.Duration recorded 1 samples, mean = 11.0 (flags = 0x41)
0  ... 
9  -O                                                                        (1 = 100.0%) {0.0%}
12 ... 

Histogram: Autofill.FormForest.UpdateTreeOfRendererForm.Visits recorded 1 samples, mean = 2.0 (flags = 0x41)
0  ... 
2  -O                                                                        (1 = 100.0%) {0.0%}
3  ... 

Histogram: Autofill.Funnel.ParsedAsType.Address recorded 6 samples, mean = 0.0 (flags = 0x41)
0  ------O                                                                   (6 = 100.0%)
1  ... 

Histogram: Autofill.Funnel.ParsedAsType.CreditCard recorded 6 samples, mean = 0.0 (flags = 0x41)
0  ------O                                                                   (6 = 100.0%)
1  ... 

Histogram: Autofill.Funnel.ParsedAsType.VirtualCard.StandaloneCvc recorded 6 samples, mean = 0.0 (flags = 0x41)
0  ------O                                                                   (6 = 100.0%)
1  ... 

Histogram: Autofill.IsEnabled.PageLoad recorded 1 samples, mean = 1.0 (flags = 0x41)
0  O                                                                         (0 = 0.0%)
1  -O                                                                        (1 = 100.0%) {0.0%}
2  O                                                                         (0 = 0.0%) {100.0%}

Histogram: Autofill.IsEnabled.PageLoad.SignedOut recorded 1 samples, mean = 1.0 (flags = 0x41)
0  O                                                                         (0 = 0.0%)
1  -O                                                                        (1 = 100.0%) {0.0%}
2  O                                                                         (0 = 0.0%) {100.0%}

Histogram: Autofill.IsEnabled.Startup recorded 1 samples, mean = 1.0 (flags = 0x41)
0  O                                                                         (0 = 0.0%)
1  -O                                                                        (1 = 100.0%) {0.0%}
2  O                                                                         (0 = 0.0%) {100.0%}

Histogram: Autofill.Leipzig.Duplication.NumberOfLocalSupersetProfilesOnStartup recorded 1 samples, mean = 0.0 (flags = 0x41)
0  -O                                                                        (1 = 100.0%)
1  ... 

Histogram: Autofill.NumberOfDriversPerFactory recorded 1 samples, mean = 3.0 (flags = 0x41)
0  ... 
3  -O                                                                        (1 = 100.0%) {0.0%}
4  ... 

Histogram: Autofill.Offer.StoredOfferCount2.CardLinkedOffer recorded 1 samples, mean = 0.0 (flags = 0x41)
0  -O                                                                        (1 = 100.0%)
1  ... 

Histogram: Autofill.Offer.StoredOfferCount2.GPayPromoCodeOffer recorded 1 samples, mean = 0.0 (flags = 0x41)
0  -O                                                                        (1 = 100.0%)
1  ... 

Histogram: Autofill.PaymentMethods.CvcStorageIsEnabled.Startup recorded 1 samples, mean = 0.0 (flags = 0x41)
0  -O                                                                        (1 = 100.0%)
1  ... 

Histogram: Autofill.StoredCreditCardCount recorded 1 samples, mean = 0.0 (flags = 0x41)
0  -O                                                                        (1 = 100.0%)
1  ... 

Histogram: Autofill.StoredCreditCardCount.Local recorded 1 samples, mean = 0.0 (flags = 0x41)
0  -O                                                                        (1 = 100.0%)
1  ... 

Histogram: Autofill.StoredCreditCardCount.Local.WithInvalidCardNumber recorded 1 samples, mean = 0.0 (flags = 0x41)
0  -O                                                                        (1 = 100.0%)
1  ... 

Histogram: Autofill.StoredCreditCardCount.Local.WithNickname recorded 1 samples, mean = 0.0 (flags = 0x41)
0  -O                                                                        (1 = 100.0%)
1  ... 

Histogram: Autofill.StoredCreditCardCount.Server recorded 1 samples, mean = 0.0 (flags = 0x41)
0  -O                                                                        (1 = 100.0%)
1  ... 

Histogram: Autofill.StoredCreditCardCount.Server.Masked recorded 1 samples, mean = 0.0 (flags = 0x41)
0  -O                                                                        (1 = 100.0%)
1  ... 

Histogram: Autofill.StoredCreditCardCount.Server.Masked.WithNickname recorded 1 samples, mean = 0.0 (flags = 0x41)
0  -O                                                                        (1 = 100.0%)
1  ... 

Histogram: Autofill.StoredCreditCardCount.Server.Unmasked recorded 1 samples, mean = 0.0 (flags = 0x41)
0  -O                                                                        (1 = 100.0%)
1  ... 

Histogram: Autofill.StoredCreditCardCount.Server.WithCardArtImage recorded 1 samples, mean = 0.0 (flags = 0x41)
0  -O                                                                        (1 = 100.0%)
1  ... 

Histogram: Autofill.StoredCreditCardCount.Server.WithVirtualCardMetadata recorded 1 samples, mean = 0.0 (flags = 0x41)
0  -O                                                                        (1 = 100.0%)
1  ... 

Histogram: Autofill.StoredIbanCount recorded 1 samples, mean = 0.0 (flags = 0x41)
0  -O                                                                        (1 = 100.0%)
1  ... 

Histogram: Autofill.StoredProfileCount.AccountChrome recorded 1 samples, mean = 0.0 (flags = 0x41)
0  -O                                                                        (1 = 100.0%)
1  ... 

Histogram: Autofill.StoredProfileCount.AccountNonChrome recorded 1 samples, mean = 0.0 (flags = 0x41)
0  -O                                                                        (1 = 100.0%)
1  ... 

Histogram: Autofill.StoredProfileCount.Legacy recorded 1 samples, mean = 0.0 (flags = 0x41)
0  -O                                                                        (1 = 100.0%)
1  ... 

Histogram: Autofill.StoredProfileCount.Total recorded 1 samples, mean = 0.0 (flags = 0x41)
0  -O                                                                        (1 = 100.0%)
1  ... 

Histogram: Autofill.SubmissionDetectionSource.FormTracker recorded 2 samples, mean = 3.0 (flags = 0x41)
0  ... 
3  --O                                                                       (2 = 100.0%) {0.0%}
4  ... 

Histogram: Autofill.Timing.ParseFormsAsync recorded 1 samples, mean = 4.0 (flags = 0x41)
0  ... 
4  -O                                                                        (1 = 100.0%) {0.0%}
5  ... 

Histogram: Autofill.Timing.ParseFormsAsync.RunHeuristics recorded 1 samples, mean = 0.0 (flags = 0x41)
0  -O                                                                        (1 = 100.0%)
1  ... 

Histogram: Autofill.Timing.ParseFormsAsync.UpdateCache recorded 1 samples, mean = 0.0 (flags = 0x41)
0  -O                                                                        (1 = 100.0%)
1  ... 

Histogram: Autofill.TimingInterval.ExtractFormData.GetFormDataFromUnownedInputElements.AutofillAgentReset recorded 2 samples, mean = 4268530.5 (flags = 0x41)
0        ... 
2901002  -O                                                                        (1 = 50.0%) {0.0%}
3386332  ... 
5386095  -O                                                                        (1 = 50.0%) {50.0%}
6287174  ... 

Histogram: Autofill.TimingInterval.ExtractFormData.GetFormDataFromUnownedInputElements.DOMContentLoaded recorded 2 samples, mean = 134063808.0 (flags = 0x41)
0         ... 
2129046   -O                                                                        (1 = 50.0%) {0.0%}
2485230   ... 
10000000  -O                                                                        (1 = 50.0%) {50.0%}

Histogram: Autofill.TimingInterval.ExtractFormData.UpdateFormCache.AutofillAgentReset recorded 4 samples, mean = 2136003.2 (flags = 0x41)
0        ... 
107      -O                                                                        (1 = 25.0%) {0.0%}
125      ... 
5961     -O                                                                        (1 = 25.0%) {25.0%}
6958     ... 
2901002  -O                                                                        (1 = 25.0%) {50.0%}
3386332  ... 
5386095  -O                                                                        (1 = 25.0%) {75.0%}
6287174  ... 

Histogram: Autofill.TimingInterval.ExtractFormData.UpdateFormCache.DOMContentLoaded recorded 4 samples, mean = 577551.8 (flags = 0x41)
0        ... 
5        -O                                                                        (1 = 25.0%) {0.0%}
6        ... 
9        -O                                                                        (1 = 25.0%) {25.0%}
11       ... 
5107     -O                                                                        (1 = 25.0%) {50.0%}
5961     ... 
2129046  -O                                                                        (1 = 25.0%) {75.0%}
2485230  ... 

Histogram: Autofill.TimingInterval.UpdateFormCache.UpdateFormCache.AutofillAgentReset recorded 4 samples, mean = 2136336.2 (flags = 0x41)
0        ... 
107      -O                                                                        (1 = 25.0%) {0.0%}
125      ... 
8122     -O                                                                        (1 = 25.0%) {25.0%}
9481     ... 
2901002  -O                                                                        (1 = 25.0%) {50.0%}
3386332  ... 
5386095  -O                                                                        (1 = 25.0%) {75.0%}
6287174  ... 

Histogram: Autofill.TimingInterval.UpdateFormCache.UpdateFormCache.DOMContentLoaded recorded 4 samples, mean = 577884.8 (flags = 0x41)
0        ... 
11       -O                                                                        (1 = 25.0%) {0.0%}
13       -O                                                                        (1 = 25.0%) {25.0%}
15       ... 
5961     -O                                                                        (1 = 25.0%) {50.0%}
6958     ... 
2129046  -O                                                                        (1 = 25.0%) {75.0%}
2485230  ... 

Histogram: Autofill.TimingPrecise.ExtractFormData recorded 6 samples, mean = 1148.8 (flags = 0x41)
0     ... 
3     -O                                                                        (1 = 16.7%) {0.0%}
4     -O                                                                        (1 = 16.7%) {16.7%}
5     ... 
7     -O                                                                        (1 = 16.7%) {33.3%}
8     ... 
148   -O                                                                        (1 = 16.7%) {50.0%}
168   ... 
2545  -O                                                                        (1 = 16.7%) {66.7%}
2898  ... 
3758  -O                                                                        (1 = 16.7%) {83.3%}
4279  ... 

Histogram: Autofill.TimingPrecise.ExtractFormData.GetFormDataFromUnownedInputElements recorded 2 samples, mean = 1377.0 (flags = 0x41)
0     ... 
3     -O                                                                        (1 = 50.0%) {0.0%}
4     ... 
2545  -O                                                                        (1 = 50.0%) {50.0%}
2898  ... 

Histogram: Autofill.TimingPrecise.ExtractFormData.UpdateFormCache recorded 4 samples, mean = 1034.8 (flags = 0x41)
0     ... 
4     -O                                                                        (1 = 25.0%) {0.0%}
5     ... 
7     -O                                                                        (1 = 25.0%) {25.0%}
8     ... 
148   -O                                                                        (1 = 25.0%) {50.0%}
168   ... 
3758  -O                                                                        (1 = 25.0%) {75.0%}
4279  ... 

Histogram: Autofill.TimingPrecise.InferLabelForElement recorded 6 samples, mean = 0.0 (flags = 0x41)
0  ------O                                                                   (6 = 100.0%)
1  ... 

Histogram: Autofill.TimingPrecise.UpdateFormCache recorded 4 samples, mean = 1371.2 (flags = 0x41)
0     ... 
11    -O                                                                        (1 = 25.0%) {0.0%}
13    -O                                                                        (1 = 25.0%) {25.0%}
15    ... 
168   -O                                                                        (1 = 25.0%) {50.0%}
191   ... 
4872  -O                                                                        (1 = 25.0%) {75.0%}
5548  ... 

Histogram: Autofill.TimingPrecise.UpdateFormCache.UpdateFormCache recorded 4 samples, mean = 1371.2 (flags = 0x41)
0     ... 
11    -O                                                                        (1 = 25.0%) {0.0%}
13    -O                                                                        (1 = 25.0%) {25.0%}
15    ... 
168   -O                                                                        (1 = 25.0%) {50.0%}
191   ... 
4872  -O                                                                        (1 = 25.0%) {75.0%}
5548  ... 

Histogram: Autofill.VirtualCardUsageData.StoredUsageDataCount recorded 1 samples, mean = 0.0 (flags = 0x41)
0  -O                                                                        (1 = 100.0%)
1  ... 

Histogram: Blink.CSSStyleSheetResource.ParseTime recorded 7 samples, mean = 4387.9 (flags = 0x41)
0      ... 
40     -O                                                                        (1 = 14.3%) {0.0%}
55     -O                                                                        (1 = 14.3%) {14.3%}
76     ... 
146    -O                                                                        (1 = 14.3%) {28.6%}
203    ... 
2786   -O                                                                        (1 = 14.3%) {42.9%}
3865   O                                                                         (0 = 0.0%) {57.1%}
5362   -O                                                                        (1 = 14.3%) {57.1%}
7439   -O                                                                        (1 = 14.3%) {71.4%}
10321  -O                                                                        (1 = 14.3%) {85.7%}
14319  ... 

Histogram: Blink.CommitDocumentLoaderTime recorded 7 samples, mean = 56.0 (flags = 0x41)
0    --O                                                                       (2 = 28.6%)
1    -O                                                                        (1 = 14.3%) {28.6%}
2    -O                                                                        (1 = 14.3%) {42.9%}
3    ... 
10   -O                                                                        (1 = 14.3%) {57.1%}
12   ... 
40   -O                                                                        (1 = 14.3%) {71.4%}
48   ... 
318  -O                                                                        (1 = 14.3%) {85.7%}
378  ... 

Histogram: Blink.CookiesTime recorded 21 samples, mean = 6.5 (flags = 0x41)
0    --------------------O                                                     (20 = 95.2%)
1    ... 
135  -O                                                                        (1 = 4.8%) {95.2%}
160  ... 

Histogram: Blink.CullRect.UpdateTime recorded 17 samples, mean = 90.6 (flags = 0x41)
0     --O                                                                       (2 = 11.8%)
1     ------O                                                                   (6 = 35.3%) {11.8%}
2     O                                                                         (0 = 0.0%) {47.1%}
3     -O                                                                        (1 = 5.9%) {47.1%}
4     --O                                                                       (2 = 11.8%) {52.9%}
6     -O                                                                        (1 = 5.9%) {64.7%}
8     -O                                                                        (1 = 5.9%) {70.6%}
11    --O                                                                       (2 = 11.8%) {76.5%}
15    -O                                                                        (1 = 5.9%) {88.2%}
21    ... 
1447  -O                                                                        (1 = 5.9%) {94.1%}
2008  ... 

Histogram: Blink.DocumentLoader.CommitNavigationToStartLoadingResponse.Time.OutermostMainFrame.NewNavigation.IsHTTPOrHTTPS recorded 1 samples, mean = 15.0 (flags = 0x41)
0   ... 
14  -O                                                                        (1 = 100.0%) {0.0%}
17  ... 

Histogram: Blink.DocumentLoader.CreateParserPostCommit.Time.OutermostMainFrame.NewNavigation.IsHTTPOrHTTPS recorded 1 samples, mean = 27.0 (flags = 0x41)
0   ... 
24  -O                                                                        (1 = 100.0%) {0.0%}
29  ... 

Histogram: Blink.Experimental.Cookies.CacheLookupResult2 recorded 21 samples, mean = 0.9 (flags = 0x41)
0  --O                                                                       (2 = 9.5%)
1  -------------------O                                                      (19 = 90.5%) {9.5%}
2  ... 

Histogram: Blink.Experimental.Cookies.FirstCookieRequest recorded 2 samples, mean = 1.0 (flags = 0x41)
0  O                                                                         (0 = 0.0%)
1  --O                                                                       (2 = 100.0%) {0.0%}
2  ... 

Histogram: Blink.Fetch.RequestResourceTime2 recorded 124 samples, mean = 281.9 (flags = 0x41)
0      ... 
8      ---O                                                                      (3 = 2.4%) {0.0%}
11     -------------------------------------------O                              (43 = 34.7%) {2.4%}
15     --------------------O                                                     (20 = 16.1%) {37.1%}
21     ---------O                                                                (9 = 7.3%) {53.2%}
29     -------O                                                                  (7 = 5.6%) {60.5%}
40     ----------O                                                               (10 = 8.1%) {66.1%}
55     -----------O                                                              (11 = 8.9%) {74.2%}
76     ------O                                                                   (6 = 4.8%) {83.1%}
105    --O                                                                       (2 = 1.6%) {87.9%}
146    ----O                                                                     (4 = 3.2%) {89.5%}
203    -O                                                                        (1 = 0.8%) {92.7%}
282    ---O                                                                      (3 = 2.4%) {93.5%}
391    -O                                                                        (1 = 0.8%) {96.0%}
542    ... 
1043   -O                                                                        (1 = 0.8%) {96.8%}
1447   -O                                                                        (1 = 0.8%) {97.6%}
2008   O                                                                         (0 = 0.0%) {98.4%}
2786   -O                                                                        (1 = 0.8%) {98.4%}
3865   ... 
19866  -O                                                                        (1 = 0.8%) {99.2%}
27562  ... 

Histogram: Blink.Fetch.RequestResourceTime2.Preload recorded 39 samples, mean = 162.5 (flags = 0x41)
0     ... 
8     -O                                                                        (1 = 2.6%) {0.0%}
11    -----O                                                                    (5 = 12.8%) {2.6%}
15    ---------------O                                                          (15 = 38.5%) {15.4%}
21    -----O                                                                    (5 = 12.8%) {53.8%}
29    --O                                                                       (2 = 5.1%) {66.7%}
40    -O                                                                        (1 = 2.6%) {71.8%}
55    ----O                                                                     (4 = 10.3%) {74.4%}
76    ---O                                                                      (3 = 7.7%) {84.6%}
105   -O                                                                        (1 = 2.6%) {92.3%}
146   ... 
1447  -O                                                                        (1 = 2.6%) {94.9%}
2008  O                                                                         (0 = 0.0%) {97.4%}
2786  -O                                                                        (1 = 2.6%) {97.4%}
3865  ... 

Histogram: Blink.FetchQueuedPreloadsTime.MainFrame.Initial recorded 1 samples, mean = 3.0 (flags = 0x41)
0  ... 
3  -O                                                                        (1 = 100.0%) {0.0%}
4  ... 

Histogram: Blink.Fonts.DecodeTime recorded 5 samples, mean = 8281.8 (flags = 0x41)
0      ... 
2786   -O                                                                        (1 = 20.0%) {0.0%}
3865   --O                                                                       (2 = 40.0%) {20.0%}
5362   -O                                                                        (1 = 20.0%) {60.0%}
7439   ... 
19866  -O                                                                        (1 = 20.0%) {80.0%}
27562  ... 

Histogram: Blink.Fonts.VariableFontsRatio recorded 5 samples, mean = 1.2 (flags = 0x41)
0  O                                                                         (0 = 0.0%)
1  ----O                                                                     (4 = 80.0%) {0.0%}
2  -O                                                                        (1 = 20.0%) {80.0%}
3  ... 

Histogram: Blink.ForcedStyleAndLayout.UpdateTime.PreFCP recorded 2 samples, mean = 11.0 (flags = 0x41)
0   ... 
8   -O                                                                        (1 = 50.0%) {0.0%}
11  -O                                                                        (1 = 50.0%) {50.0%}
15  ... 

Histogram: Blink.HTMLFastPathParser.AbortedParseSize recorded 17 samples, mean = 1.6 (flags = 0x41)
0  ---O                                                                      (3 = 17.6%)
1  O                                                                         (0 = 0.0%) {17.6%}
2  --------------O                                                           (14 = 82.4%) {17.6%}
3  ... 

Histogram: Blink.HTMLFastPathParser.AbortedParseTime2 recorded 17 samples, mean = 2.3 (flags = 0x41)
0   -----O                                                                    (5 = 29.4%)
1   --------O                                                                 (8 = 47.1%) {29.4%}
2   --O                                                                       (2 = 11.8%) {76.5%}
3   O                                                                         (0 = 0.0%) {88.2%}
4   -O                                                                        (1 = 5.9%) {88.2%}
5   ... 
23  -O                                                                        (1 = 5.9%) {94.1%}
25  ... 

Histogram: Blink.HTMLFastPathParser.ParseResult recorded 33 samples, mean = 8.0 (flags = 0x41)
0   ----------------O                                                         (16 = 48.5%)
1   ... 
4   ---O                                                                      (3 = 9.1%) {48.5%}
5   ... 
18  --------------O                                                           (14 = 42.4%) {57.6%}
19  ... 

Histogram: Blink.HTMLFastPathParser.SuccessfulParseSize recorded 16 samples, mean = 309.8 (flags = 0x41)
0    ... 
146  --O                                                                       (2 = 12.5%) {0.0%}
203  ------O                                                                   (6 = 37.5%) {12.5%}
282  ----O                                                                     (4 = 25.0%) {50.0%}
391  ----O                                                                     (4 = 25.0%) {75.0%}
542  ... 

Histogram: Blink.HTMLFastPathParser.SuccessfulParseTime2 recorded 16 samples, mean = 39.9 (flags = 0x41)
0    O                                                                         (0 = 0.0%)
1    ------O                                                                   (6 = 37.5%) {0.0%}
2    -O                                                                        (1 = 6.2%) {37.5%}
3    ----O                                                                     (4 = 25.0%) {43.8%}
4    -O                                                                        (1 = 6.2%) {68.8%}
5    ... 
7    -O                                                                        (1 = 6.2%) {75.0%}
8    O                                                                         (0 = 0.0%) {81.2%}
9    -O                                                                        (1 = 6.2%) {81.2%}
10   ... 
19   -O                                                                        (1 = 6.2%) {87.5%}
21   ... 
558  -O                                                                        (1 = 6.2%) {93.8%}
603  ... 

Histogram: Blink.HTMLFastPathParser.TotalParseTime2 recorded 33 samples, mean = 32.5 (flags = 0x41)
0    O                                                                         (0 = 0.0%)
1    -O                                                                        (1 = 3.0%) {0.0%}
2    ------O                                                                   (6 = 18.2%) {3.0%}
3    -O                                                                        (1 = 3.0%) {21.2%}
4    ---O                                                                      (3 = 9.1%) {24.2%}
5    ... 
7    -O                                                                        (1 = 3.0%) {33.3%}
8    -O                                                                        (1 = 3.0%) {36.4%}
9    -O                                                                        (1 = 3.0%) {39.4%}
10   O                                                                         (0 = 0.0%) {42.4%}
11   -O                                                                        (1 = 3.0%) {42.4%}
12   --O                                                                       (2 = 6.1%) {45.5%}
13   -O                                                                        (1 = 3.0%) {51.5%}
14   -O                                                                        (1 = 3.0%) {54.5%}
15   -O                                                                        (1 = 3.0%) {57.6%}
16   ... 
19   --O                                                                       (2 = 6.1%) {60.6%}
21   --O                                                                       (2 = 6.1%) {66.7%}
23   -O                                                                        (1 = 3.0%) {72.7%}
25   --O                                                                       (2 = 6.1%) {75.8%}
27   -O                                                                        (1 = 3.0%) {81.8%}
29   O                                                                         (0 = 0.0%) {84.8%}
31   --O                                                                       (2 = 6.1%) {84.8%}
34   ... 
50   -O                                                                        (1 = 3.0%) {90.9%}
54   O                                                                         (0 = 0.0%) {93.9%}
58   -O                                                                        (1 = 3.0%) {93.9%}
63   ... 
558  -O                                                                        (1 = 3.0%) {97.0%}
603  ... 

Histogram: Blink.HTMLParsing.ChunkCount4 recorded 1 samples, mean = 2.0 (flags = 0x41)
0  ... 
2  -O                                                                        (1 = 100.0%) {0.0%}
3  ... 

Histogram: Blink.HTMLParsing.InputCharacterCount4 recorded 1 samples, mean = 159204.0 (flags = 0x41)
0       ... 
141691  -O                                                                        (1 = 100.0%) {0.0%}
196583  ... 

Histogram: Blink.HTMLParsing.ParsingTimeMax4 recorded 1 samples, mean = 15518.0 (flags = 0x41)
0      ... 
15306  -O                                                                        (1 = 100.0%) {0.0%}
15542  ... 

Histogram: Blink.HTMLParsing.ParsingTimeMin4 recorded 1 samples, mean = 1841.0 (flags = 0x41)
0     ... 
1724  -O                                                                        (1 = 100.0%) {0.0%}
1963  ... 

Histogram: Blink.HTMLParsing.ParsingTimeTotal4 recorded 1 samples, mean = 17359.0 (flags = 0x41)
0      ... 
17302  -O                                                                        (1 = 100.0%) {0.0%}
17569  ... 

Histogram: Blink.HTMLParsing.PreloadRequestCount recorded 1 samples, mean = 32.0 (flags = 0x41)
0   ... 
29  -O                                                                        (1 = 100.0%) {0.0%}
33  ... 

Histogram: Blink.HTMLParsing.TimeToDeferredPumpTokenizer4 recorded 1 samples, mean = 1854.0 (flags = 0x41)
0     ... 
1724  -O                                                                        (1 = 100.0%) {0.0%}
1963  ... 

Histogram: Blink.HTMLParsing.TokensParsedAverage4 recorded 1 samples, mean = 63.0 (flags = 0x41)
0   ... 
49  -O                                                                        (1 = 100.0%) {0.0%}
65  ... 

Histogram: Blink.HTMLParsing.TokensParsedMax4 recorded 1 samples, mean = 108.0 (flags = 0x41)
0   ... 
86  -O                                                                        (1 = 100.0%) {0.0%}
113 ... 

Histogram: Blink.HTMLParsing.TokensParsedMin4 recorded 1 samples, mean = 18.0 (flags = 0x41)
0   ... 
17  -O                                                                        (1 = 100.0%) {0.0%}
20  ... 

Histogram: Blink.HTMLParsing.TokensParsedTotal4 recorded 1 samples, mean = 126.0 (flags = 0x41)
0    ... 
105  -O                                                                        (1 = 100.0%) {0.0%}
146  ... 

Histogram: Blink.HTMLParsing.YieldedTimeAverage4 recorded 1 samples, mean = 999.0 (flags = 0x41)
0    ... 
932  -O                                                                        (1 = 100.0%) {0.0%}
1088 ... 

Histogram: Blink.HTMLParsing.YieldedTimeMax4 recorded 1 samples, mean = 1862.0 (flags = 0x41)
0     ... 
1847  -O                                                                        (1 = 100.0%) {0.0%}
1876  ... 

Histogram: Blink.HTMLParsing.YieldedTimeMin4 recorded 1 samples, mean = 136.0 (flags = 0x41)
0    ... 
125  -O                                                                        (1 = 100.0%) {0.0%}
146  ... 

Histogram: Blink.History.VisitedLinks.IsLinkStyledAsVisited recorded 60 samples, mean = 0.0 (flags = 0x41)
0  ------------------------------------------------------------O             (60 = 100.0%)
1  ... 

Histogram: Blink.JavascriptDocumentUpdate.UpdateTime.PreFCP recorded 1 samples, mean = 9.0 (flags = 0x41)
0  ... 
8  -O                                                                        (1 = 100.0%) {0.0%}
11 ... 

Histogram: Blink.Layout.InlineNode.ShapeText.MaxTime.InOutermostMainFrame3 recorded 1 samples, mean = 17885.0 (flags = 0x41)
0      ... 
14319  -O                                                                        (1 = 100.0%) {0.0%}
19866  ... 

Histogram: Blink.Layout.InlineNode.ShapeText.TotalTime.InOutermostMainFrame3 recorded 1 samples, mean = 23441.0 (flags = 0x41)
0      ... 
19866  -O                                                                        (1 = 100.0%) {0.0%}
27562  ... 

Histogram: Blink.Layout.SVGImage.Count.InOutermostMainFrame recorded 1 samples, mean = 0.0 (flags = 0x41)
0  -O                                                                        (1 = 100.0%)
1  ... 

Histogram: Blink.Layout.SVGImage.TotalTime.InOutermostMainFrame recorded 1 samples, mean = 0.0 (flags = 0x41)
0  -O                                                                        (1 = 100.0%)
1  ... 

Histogram: Blink.MainFrame.UpdateTime.PreFCP recorded 17 samples, mean = 14058.2 (flags = 0x41)
0       ... 
76      --O                                                                       (2 = 11.8%) {0.0%}
105     --O                                                                       (2 = 11.8%) {11.8%}
146     O                                                                         (0 = 0.0%) {23.5%}
203     -O                                                                        (1 = 5.9%) {23.5%}
282     ... 
752     --O                                                                       (2 = 11.8%) {29.4%}
1043    O                                                                         (0 = 0.0%) {41.2%}
1447    ---O                                                                      (3 = 17.6%) {41.2%}
2008    -O                                                                        (1 = 5.9%) {58.8%}
2786    O                                                                         (0 = 0.0%) {64.7%}
3865    -O                                                                        (1 = 5.9%) {64.7%}
5362    -O                                                                        (1 = 5.9%) {70.6%}
7439    -O                                                                        (1 = 5.9%) {76.5%}
10321   -O                                                                        (1 = 5.9%) {82.4%}
14319   ... 
53055   -O                                                                        (1 = 5.9%) {88.2%}
73609   O                                                                         (0 = 0.0%) {94.1%}
102126  -O                                                                        (1 = 5.9%) {94.1%}
141691  ... 

Histogram: Blink.MemoryCache.RevalidationPolicy.AsyncScript recorded 48 samples, mean = 1.6 (flags = 0x41)
0  -----------------------O                                                  (23 = 47.9%)
1  ... 
3  -------------------------O                                                (25 = 52.1%) {47.9%}
4  ... 

Histogram: Blink.MemoryCache.RevalidationPolicy.CSSStyleSheet recorded 7 samples, mean = 0.0 (flags = 0x41)
0  -------O                                                                  (7 = 100.0%)
1  ... 

Histogram: Blink.MemoryCache.RevalidationPolicy.Dead.CSSStyleSheet recorded 1 samples, mean = 0.0 (flags = 0x41)
0  -O                                                                        (1 = 100.0%)
1  ... 

Histogram: Blink.MemoryCache.RevalidationPolicy.Dead.Font recorded 2 samples, mean = 0.0 (flags = 0x41)
0  --O                                                                       (2 = 100.0%)
1  ... 

Histogram: Blink.MemoryCache.RevalidationPolicy.Dead.Script recorded 22 samples, mean = 0.0 (flags = 0x41)
0  ----------------------O                                                   (22 = 100.0%)
1  ... 

Histogram: Blink.MemoryCache.RevalidationPolicy.Font recorded 23 samples, mean = 4.0 (flags = 0x41)
0  -O                                                                        (1 = 4.3%)
1  ... 
4  ------------------O                                                       (18 = 78.3%) {4.3%}
5  ----O                                                                     (4 = 17.4%) {82.6%}
6  O                                                                         (0 = 0.0%) {100.0%}

Histogram: Blink.MemoryCache.RevalidationPolicy.Image recorded 26 samples, mean = 4.0 (flags = 0x41)
0  ... 
3  -O                                                                        (1 = 3.8%) {0.0%}
4  -------------------------O                                                (25 = 96.2%) {3.8%}
5  ... 

Histogram: Blink.MemoryCache.RevalidationPolicy.Manifest recorded 1 samples, mean = 3.0 (flags = 0x41)
0  ... 
3  -O                                                                        (1 = 100.0%) {0.0%}
4  ... 

Histogram: Blink.MemoryCache.RevalidationPolicy.Preload.CSSStyleSheet recorded 13 samples, mean = 1.6 (flags = 0x41)
0  ------O                                                                   (6 = 46.2%)
1  ... 
3  -------O                                                                  (7 = 53.8%) {46.2%}
4  ... 

Histogram: Blink.MemoryCache.RevalidationPolicy.Preload.Font recorded 2 samples, mean = 1.5 (flags = 0x41)
0  -O                                                                        (1 = 50.0%)
1  ... 
3  -O                                                                        (1 = 50.0%) {50.0%}
4  ... 

Histogram: Blink.MemoryCache.RevalidationPolicy.Preload.Script recorded 24 samples, mean = 2.8 (flags = 0x41)
0  --O                                                                       (2 = 8.3%)
1  ... 
3  ----------------------O                                                   (22 = 91.7%) {8.3%}
4  ... 

Histogram: Blink.MemoryCache.RevalidationPolicy.Raw recorded 6 samples, mean = 3.0 (flags = 0x41)
0  ... 
3  ------O                                                                   (6 = 100.0%) {0.0%}
4  ... 

Histogram: Blink.MemoryCache.RevalidationPolicy.Script recorded 26 samples, mean = 0.5 (flags = 0x41)
0  ----------------------O                                                   (22 = 84.6%)
1  ... 
3  ----O                                                                     (4 = 15.4%) {84.6%}
4  ... 

Histogram: Blink.PreloadRequestStartDuration recorded 39 samples, mean = 220.8 (flags = 0x41)
0     ... 
11    ------O                                                                   (6 = 15.4%) {0.0%}
15    ---------------O                                                          (15 = 38.5%) {15.4%}
21    -----O                                                                    (5 = 12.8%) {53.8%}
29    --O                                                                       (2 = 5.1%) {66.7%}
40    O                                                                         (0 = 0.0%) {71.8%}
55    -----O                                                                    (5 = 12.8%) {71.8%}
76    --O                                                                       (2 = 5.1%) {84.6%}
105   -O                                                                        (1 = 2.6%) {89.7%}
146   ... 
752   -O                                                                        (1 = 2.6%) {92.3%}
1043  ... 
2008  -O                                                                        (1 = 2.6%) {94.9%}
2786  O                                                                         (0 = 0.0%) {97.4%}
3865  -O                                                                        (1 = 2.6%) {97.4%}
5362  ... 

Histogram: Blink.PreloadRequestWaitTime recorded 30 samples, mean = 6.3 (flags = 0x41)
0  ... 
4  ---O                                                                      (3 = 10.0%) {0.0%}
5  ----O                                                                     (4 = 13.3%) {10.0%}
6  ----O                                                                     (4 = 13.3%) {23.3%}
7  -------------------O                                                      (19 = 63.3%) {36.7%}
8  ... 

Histogram: Blink.PrepareToStopParsingTime recorded 24 samples, mean = 4.2 (flags = 0x41)
0   ---------------------O                                                    (21 = 87.5%)
1   ... 
8   -O                                                                        (1 = 4.2%) {87.5%}
10  ... 
24  -O                                                                        (1 = 4.2%) {91.7%}
29  ... 
57  -O                                                                        (1 = 4.2%) {95.8%}
68  ... 

Histogram: Blink.PumpTokenizerTime recorded 49 samples, mean = 3.1 (flags = 0x41)
0   ------------------------------------------O                               (42 = 85.7%)
1   -O                                                                        (1 = 2.0%) {85.7%}
2   ... 
12  -O                                                                        (1 = 2.0%) {87.8%}
14  -O                                                                        (1 = 2.0%) {89.8%}
17  --O                                                                       (2 = 4.1%) {91.8%}
20  ... 
29  -O                                                                        (1 = 2.0%) {95.9%}
34  ... 
57  -O                                                                        (1 = 2.0%) {98.0%}
68  ... 

Histogram: Blink.ResourceRequest.BackgroundResourceFetchSupportStatus recorded 46 samples, mean = 0.1 (flags = 0x41)
0  --------------------------------------------O                             (44 = 95.7%)
1  O                                                                         (0 = 0.0%) {95.7%}
2  --O                                                                       (2 = 4.3%) {95.7%}
3  ... 

Histogram: Blink.ResourceRequest.CompletionDelay2 recorded 46 samples, mean = 58.0 (flags = 0x41)
0    ---------O                                                                (9 = 19.6%)
1    -O                                                                        (1 = 2.2%) {19.6%}
2    -O                                                                        (1 = 2.2%) {21.7%}
3    -O                                                                        (1 = 2.2%) {23.9%}
4    ----O                                                                     (4 = 8.7%) {26.1%}
5    -O                                                                        (1 = 2.2%) {34.8%}
6    O                                                                         (0 = 0.0%) {37.0%}
7    ------------O                                                             (12 = 26.1%) {37.0%}
8    O                                                                         (0 = 0.0%) {63.0%}
10   --O                                                                       (2 = 4.3%) {63.0%}
12   -O                                                                        (1 = 2.2%) {67.4%}
14   --O                                                                       (2 = 4.3%) {69.6%}
17   ---O                                                                      (3 = 6.5%) {73.9%}
20   --O                                                                       (2 = 4.3%) {80.4%}
24   ... 
40   -O                                                                        (1 = 2.2%) {84.8%}
48   --O                                                                       (2 = 4.3%) {87.0%}
57   ... 
449  ---O                                                                      (3 = 6.5%) {91.3%}
533  ... 
752  -O                                                                        (1 = 2.2%) {97.8%}
894  ... 

Histogram: Blink.ResourceRequest.RedirectDelay2 recorded 2 samples, mean = 181.5 (flags = 0x41)
0    -O                                                                        (1 = 50.0%)
1    ... 
318  -O                                                                        (1 = 50.0%) {50.0%}
378  ... 

Histogram: Blink.ResourceRequest.ResponseDelay2 recorded 46 samples, mean = 125.6 (flags = 0x41)
0    ---------O                                                                (9 = 19.6%)
1    ------O                                                                   (6 = 13.0%) {19.6%}
2    ... 
5    -O                                                                        (1 = 2.2%) {32.6%}
6    ... 
20   -O                                                                        (1 = 2.2%) {34.8%}
24   -O                                                                        (1 = 2.2%) {37.0%}
29   ... 
40   -O                                                                        (1 = 2.2%) {39.1%}
48   -----O                                                                    (5 = 10.9%) {41.3%}
57   --O                                                                       (2 = 4.3%) {52.2%}
68   -O                                                                        (1 = 2.2%) {56.5%}
81   ... 
160  ------O                                                                   (6 = 13.0%) {58.7%}
190  ---------O                                                                (9 = 19.6%) {71.7%}
226  -O                                                                        (1 = 2.2%) {91.3%}
268  ... 
449  --O                                                                       (2 = 4.3%) {93.5%}
533  ... 
894  -O                                                                        (1 = 2.2%) {97.8%}
1062 ... 

Histogram: Blink.ResourceRequest.StartDelay2 recorded 46 samples, mean = 1472.1 (flags = 0x41)
0     ... 
81    -O                                                                        (1 = 2.2%) {0.0%}
96    -O                                                                        (1 = 2.2%) {2.2%}
114   ... 
226   ----O                                                                     (4 = 8.7%) {4.3%}
268   -O                                                                        (1 = 2.2%) {13.0%}
318   -O                                                                        (1 = 2.2%) {15.2%}
378   ... 
533   -O                                                                        (1 = 2.2%) {17.4%}
633   ... 
1062  ----O                                                                     (4 = 8.7%) {19.6%}
1262  --O                                                                       (2 = 4.3%) {28.3%}
1500  O                                                                         (0 = 0.0%) {32.6%}
1782  -------------------------------O                                          (31 = 67.4%) {32.6%}
2117  ... 

Histogram: Blink.ScanAndPreloadTime.MainFrame.Initial recorded 1 samples, mean = 9.0 (flags = 0x41)
0  ... 
8  -O                                                                        (1 = 100.0%) {0.0%}
10 ... 

Histogram: Blink.ScanAndPreloadTime.MainFrame.NonInitial recorded 1 samples, mean = 0.0 (flags = 0x41)
0  -O                                                                        (1 = 100.0%)
1  ... 

Histogram: Blink.ScanAndPreloadTime2.MainFrame.Initial recorded 1 samples, mean = 9817.0 (flags = 0x41)
0     ... 
7439  -O                                                                        (1 = 100.0%) {0.0%}
10321 ... 

Histogram: Blink.ScanAndPreloadTime2.MainFrame.NonInitial recorded 1 samples, mean = 14.0 (flags = 0x41)
0   ... 
11  -O                                                                        (1 = 100.0%) {0.0%}
15  ... 

Histogram: Blink.ScanAndPreloadTime2.Preload.MainFrame.Initial recorded 1 samples, mean = 3142.0 (flags = 0x41)
0     ... 
2786  -O                                                                        (1 = 100.0%) {0.0%}
3865  ... 

Histogram: Blink.ScanAndPreloadTime2.Preload.MainFrame.NonInitial recorded 1 samples, mean = 1.0 (flags = 0x41)
0  O                                                                         (0 = 0.0%)
1  -O                                                                        (1 = 100.0%) {0.0%}
2  ... 

Histogram: Blink.ScanAndPreloadTime2.Scan.MainFrame.Initial recorded 1 samples, mean = 6665.0 (flags = 0x41)
0     ... 
5362  -O                                                                        (1 = 100.0%) {0.0%}
7439  ... 

Histogram: Blink.ScanAndPreloadTime2.Scan.MainFrame.NonInitial recorded 1 samples, mean = 0.0 (flags = 0x41)
0  -O                                                                        (1 = 100.0%)
1  ... 

Histogram: Blink.Script.AsyncScript.FromReadyToStartExecution.Time recorded 26 samples, mean = 2.4 (flags = 0x41)
0   -------------------O                                                      (19 = 73.1%)
1   -O                                                                        (1 = 3.8%) {73.1%}
2   ---O                                                                      (3 = 11.5%) {76.9%}
3   ... 
10  -O                                                                        (1 = 3.8%) {88.5%}
13  O                                                                         (0 = 0.0%) {92.3%}
16  -O                                                                        (1 = 3.8%) {92.3%}
20  O                                                                         (0 = 0.0%) {96.2%}
25  -O                                                                        (1 = 3.8%) {96.2%}
32  ... 

Histogram: Blink.Script.SchedulingType recorded 42 samples, mean = 5.3 (flags = 0x41)
0  ... 
3  -O                                                                        (1 = 2.4%) {0.0%}
4  O                                                                         (0 = 0.0%) {2.4%}
5  -------------------------O                                                (25 = 59.5%) {2.4%}
6  ----------------O                                                         (16 = 38.1%) {61.9%}
7  ... 

Histogram: Blink.UseCounter.AnimatedCSSProperties recorded 1 samples, mean = 1.0 (flags = 0x41)
0  O                                                                         (0 = 0.0%)
1  -O                                                                        (1 = 100.0%) {0.0%}
2  ... 

Histogram: Blink.UseCounter.CSSProperties recorded 96 samples, mean = 275.0 (flags = 0x41)
0    O                                                                         (0 = 0.0%)
1    -O                                                                        (1 = 1.0%) {0.0%}
2    -O                                                                        (1 = 1.0%) {1.0%}
3    -O                                                                        (1 = 1.0%) {2.1%}
4    -O                                                                        (1 = 1.0%) {3.1%}
5    -O                                                                        (1 = 1.0%) {4.2%}
6    -O                                                                        (1 = 1.0%) {5.2%}
7    -O                                                                        (1 = 1.0%) {6.2%}
8    -O                                                                        (1 = 1.0%) {7.3%}
9    O                                                                         (0 = 0.0%) {8.3%}
10   -O                                                                        (1 = 1.0%) {8.3%}
11   ... 
14   -O                                                                        (1 = 1.0%) {9.4%}
15   ... 
20   -O                                                                        (1 = 1.0%) {10.4%}
21   -O                                                                        (1 = 1.0%) {11.5%}
22   ... 
24   -O                                                                        (1 = 1.0%) {12.5%}
25   ... 
34   -O                                                                        (1 = 1.0%) {13.5%}
35   ... 
42   -O                                                                        (1 = 1.0%) {14.6%}
43   ... 
53   -O                                                                        (1 = 1.0%) {15.6%}
54   ... 
59   -O                                                                        (1 = 1.0%) {16.7%}
60   ... 
66   -O                                                                        (1 = 1.0%) {17.7%}
67   ... 
69   -O                                                                        (1 = 1.0%) {18.8%}
70   ... 
72   -O                                                                        (1 = 1.0%) {19.8%}
73   O                                                                         (0 = 0.0%) {20.8%}
74   -O                                                                        (1 = 1.0%) {20.8%}
75   ... 
77   -O                                                                        (1 = 1.0%) {21.9%}
78   ... 
81   -O                                                                        (1 = 1.0%) {22.9%}
82   ... 
84   -O                                                                        (1 = 1.0%) {24.0%}
85   ... 
89   -O                                                                        (1 = 1.0%) {25.0%}
90   ... 
95   -O                                                                        (1 = 1.0%) {26.0%}
96   -O                                                                        (1 = 1.0%) {27.1%}
97   -O                                                                        (1 = 1.0%) {28.1%}
98   -O                                                                        (1 = 1.0%) {29.2%}
99   O                                                                         (0 = 0.0%) {30.2%}
100  -O                                                                        (1 = 1.0%) {30.2%}
101  ... 
105  -O                                                                        (1 = 1.0%) {31.2%}
106  -O                                                                        (1 = 1.0%) {32.3%}
107  -O                                                                        (1 = 1.0%) {33.3%}
108  O                                                                         (0 = 0.0%) {34.4%}
109  -O                                                                        (1 = 1.0%) {34.4%}
110  ... 
118  -O                                                                        (1 = 1.0%) {35.4%}
119  -O                                                                        (1 = 1.0%) {36.5%}
120  ... 
124  -O                                                                        (1 = 1.0%) {37.5%}
125  ... 
127  -O                                                                        (1 = 1.0%) {38.5%}
128  -O                                                                        (1 = 1.0%) {39.6%}
129  -O                                                                        (1 = 1.0%) {40.6%}
130  ... 
143  -O                                                                        (1 = 1.0%) {41.7%}
144  ... 
150  -O                                                                        (1 = 1.0%) {42.7%}
151  O                                                                         (0 = 0.0%) {43.8%}
152  -O                                                                        (1 = 1.0%) {43.8%}
153  -O                                                                        (1 = 1.0%) {44.8%}
154  -O                                                                        (1 = 1.0%) {45.8%}
155  O                                                                         (0 = 0.0%) {46.9%}
156  -O                                                                        (1 = 1.0%) {46.9%}
157  -O                                                                        (1 = 1.0%) {47.9%}
158  O                                                                         (0 = 0.0%) {49.0%}
159  -O                                                                        (1 = 1.0%) {49.0%}
160  O                                                                         (0 = 0.0%) {50.0%}
161  -O                                                                        (1 = 1.0%) {50.0%}
162  ... 
164  -O                                                                        (1 = 1.0%) {51.0%}
165  -O                                                                        (1 = 1.0%) {52.1%}
166  ... 
175  -O                                                                        (1 = 1.0%) {53.1%}
176  ... 
231  -O                                                                        (1 = 1.0%) {54.2%}
232  -O                                                                        (1 = 1.0%) {55.2%}
233  O                                                                         (0 = 0.0%) {56.2%}
234  -O                                                                        (1 = 1.0%) {56.2%}
235  -O                                                                        (1 = 1.0%) {57.3%}
236  O                                                                         (0 = 0.0%) {58.3%}
237  -O                                                                        (1 = 1.0%) {58.3%}
238  -O                                                                        (1 = 1.0%) {59.4%}
239  -O                                                                        (1 = 1.0%) {60.4%}
240  -O                                                                        (1 = 1.0%) {61.5%}
241  O                                                                         (0 = 0.0%) {62.5%}
242  -O                                                                        (1 = 1.0%) {62.5%}
243  ... 
303  -O                                                                        (1 = 1.0%) {63.5%}
304  ... 
369  -O                                                                        (1 = 1.0%) {64.6%}
370  -O                                                                        (1 = 1.0%) {65.6%}
371  ... 
415  -O                                                                        (1 = 1.0%) {66.7%}
416  ... 
432  -O                                                                        (1 = 1.0%) {67.7%}
433  -O                                                                        (1 = 1.0%) {68.8%}
434  ... 
437  -O                                                                        (1 = 1.0%) {69.8%}
438  ... 
446  -O                                                                        (1 = 1.0%) {70.8%}
447  ... 
508  -O                                                                        (1 = 1.0%) {71.9%}
509  ... 
514  -O                                                                        (1 = 1.0%) {72.9%}
515  -O                                                                        (1 = 1.0%) {74.0%}
516  -O                                                                        (1 = 1.0%) {75.0%}
517  ... 
537  -O                                                                        (1 = 1.0%) {76.0%}
538  ... 
549  -O                                                                        (1 = 1.0%) {77.1%}
550  ... 
563  -O                                                                        (1 = 1.0%) {78.1%}
564  ... 
591  -O                                                                        (1 = 1.0%) {79.2%}
592  -O                                                                        (1 = 1.0%) {80.2%}
593  O                                                                         (0 = 0.0%) {81.2%}
594  -O                                                                        (1 = 1.0%) {81.2%}
595  -O                                                                        (1 = 1.0%) {82.3%}
596  ... 
598  -O                                                                        (1 = 1.0%) {83.3%}
599  -O                                                                        (1 = 1.0%) {84.4%}
600  ... 
618  -O                                                                        (1 = 1.0%) {85.4%}
619  -O                                                                        (1 = 1.0%) {86.5%}
620  -O                                                                        (1 = 1.0%) {87.5%}
621  -O                                                                        (1 = 1.0%) {88.5%}
622  ... 
636  -O                                                                        (1 = 1.0%) {89.6%}
637  ... 
657  -O                                                                        (1 = 1.0%) {90.6%}
658  -O                                                                        (1 = 1.0%) {91.7%}
659  ... 
662  -O                                                                        (1 = 1.0%) {92.7%}
663  ... 
672  -O                                                                        (1 = 1.0%) {93.8%}
673  -O                                                                        (1 = 1.0%) {94.8%}
674  O                                                                         (0 = 0.0%) {95.8%}
675  -O                                                                        (1 = 1.0%) {95.8%}
676  ... 
696  -O                                                                        (1 = 1.0%) {96.9%}
697  ... 
746  -O                                                                        (1 = 1.0%) {97.9%}
747  ... 
770  -O                                                                        (1 = 1.0%) {99.0%}
771  ... 

Histogram: Blink.UseCounter.Features recorded 180 samples, mean = 2238.6 (flags = 0x41)
0     ... 
13    -O                                                                        (1 = 0.6%) {0.0%}
14    ... 
16    -O                                                                        (1 = 0.6%) {0.6%}
17    ... 
52    -O                                                                        (1 = 0.6%) {1.1%}
53    ... 
69    -O                                                                        (1 = 0.6%) {1.7%}
70    ... 
123   -O                                                                        (1 = 0.6%) {2.2%}
124   -O                                                                        (1 = 0.6%) {2.8%}
125   -O                                                                        (1 = 0.6%) {3.3%}
126   ... 
138   -O                                                                        (1 = 0.6%) {3.9%}
139   ... 
240   -O                                                                        (1 = 0.6%) {4.4%}
241   ... 
250   -O                                                                        (1 = 0.6%) {5.0%}
251   ... 
429   -O                                                                        (1 = 0.6%) {5.6%}
430   -O                                                                        (1 = 0.6%) {6.1%}
431   -O                                                                        (1 = 0.6%) {6.7%}
432   -O                                                                        (1 = 0.6%) {7.2%}
433   ... 
469   -O                                                                        (1 = 0.6%) {7.8%}
470   ... 
494   -O                                                                        (1 = 0.6%) {8.3%}
495   ... 
522   -O                                                                        (1 = 0.6%) {8.9%}
523   -O                                                                        (1 = 0.6%) {9.4%}
524   -O                                                                        (1 = 0.6%) {10.0%}
525   ... 
540   -O                                                                        (1 = 0.6%) {10.6%}
541   ... 
587   -O                                                                        (1 = 0.6%) {11.1%}
588   -O                                                                        (1 = 0.6%) {11.7%}
589   ... 
675   -O                                                                        (1 = 0.6%) {12.2%}
676   ... 
710   -O                                                                        (1 = 0.6%) {12.8%}
711   -O                                                                        (1 = 0.6%) {13.3%}
712   -O                                                                        (1 = 0.6%) {13.9%}
713   ... 
717   -O                                                                        (1 = 0.6%) {14.4%}
718   ... 
730   -O                                                                        (1 = 0.6%) {15.0%}
731   ... 
744   -O                                                                        (1 = 0.6%) {15.6%}
745   ... 
780   -O                                                                        (1 = 0.6%) {16.1%}
781   -O                                                                        (1 = 0.6%) {16.7%}
782   ... 
786   -O                                                                        (1 = 0.6%) {17.2%}
787   -O                                                                        (1 = 0.6%) {17.8%}
788   ... 
804   -O                                                                        (1 = 0.6%) {18.3%}
805   ... 
900   -O                                                                        (1 = 0.6%) {18.9%}
901   -O                                                                        (1 = 0.6%) {19.4%}
902   ... 
907   -O                                                                        (1 = 0.6%) {20.0%}
908   ... 
954   -O                                                                        (1 = 0.6%) {20.6%}
955   ... 
970   -O                                                                        (1 = 0.6%) {21.1%}
971   O                                                                         (0 = 0.0%) {21.7%}
972   -O                                                                        (1 = 0.6%) {21.7%}
973   -O                                                                        (1 = 0.6%) {22.2%}
974   ... 
976   -O                                                                        (1 = 0.6%) {22.8%}
977   ... 
1023  -O                                                                        (1 = 0.6%) {23.3%}
1024  ... 
1069  -O                                                                        (1 = 0.6%) {23.9%}
1070  -O                                                                        (1 = 0.6%) {24.4%}
1071  ... 
1075  -O                                                                        (1 = 0.6%) {25.0%}
1076  -O                                                                        (1 = 0.6%) {25.6%}
1077  ... 
1124  -O                                                                        (1 = 0.6%) {26.1%}
1125  ... 
1302  -O                                                                        (1 = 0.6%) {26.7%}
1303  ... 
1347  -O                                                                        (1 = 0.6%) {27.2%}
1348  ... 
1351  -O                                                                        (1 = 0.6%) {27.8%}
1352  ... 
1354  -O                                                                        (1 = 0.6%) {28.3%}
1355  ... 
1368  -O                                                                        (1 = 0.6%) {28.9%}
1369  ... 
1417  -O                                                                        (1 = 0.6%) {29.4%}
1418  ... 
1441  -O                                                                        (1 = 0.6%) {30.0%}
1442  ... 
1458  -O                                                                        (1 = 0.6%) {30.6%}
1459  -O                                                                        (1 = 0.6%) {31.1%}
1460  ... 
1462  -O                                                                        (1 = 0.6%) {31.7%}
1463  -O                                                                        (1 = 0.6%) {32.2%}
1464  ... 
1467  -O                                                                        (1 = 0.6%) {32.8%}
1468  ... 
1502  -O                                                                        (1 = 0.6%) {33.3%}
1503  ... 
1692  -O                                                                        (1 = 0.6%) {33.9%}
1693  -O                                                                        (1 = 0.6%) {34.4%}
1694  ... 
1827  -O                                                                        (1 = 0.6%) {35.0%}
1828  ... 
2013  -O                                                                        (1 = 0.6%) {35.6%}
2014  ... 
2077  -O                                                                        (1 = 0.6%) {36.1%}
2078  ... 
2094  -O                                                                        (1 = 0.6%) {36.7%}
2095  O                                                                         (0 = 0.0%) {37.2%}
2096  -O                                                                        (1 = 0.6%) {37.2%}
2097  ... 
2100  -O                                                                        (1 = 0.6%) {37.8%}
2101  ... 
2112  -O                                                                        (1 = 0.6%) {38.3%}
2113  ... 
2121  -O                                                                        (1 = 0.6%) {38.9%}
2122  ... 
2157  -O                                                                        (1 = 0.6%) {39.4%}
2158  ... 
2188  -O                                                                        (1 = 0.6%) {40.0%}
2189  ... 
2191  -O                                                                        (1 = 0.6%) {40.6%}
2192  ... 
2195  -O                                                                        (1 = 0.6%) {41.1%}
2196  ... 
2203  -O                                                                        (1 = 0.6%) {41.7%}
2204  -O                                                                        (1 = 0.6%) {42.2%}
2205  ... 
2217  -O                                                                        (1 = 0.6%) {42.8%}
2218  ... 
2226  -O                                                                        (1 = 0.6%) {43.3%}
2227  O                                                                         (0 = 0.0%) {43.9%}
2228  -O                                                                        (1 = 0.6%) {43.9%}
2229  -O                                                                        (1 = 0.6%) {44.4%}
2230  ... 
2236  -O                                                                        (1 = 0.6%) {45.0%}
2237  ... 
2298  -O                                                                        (1 = 0.6%) {45.6%}
2299  ... 
2314  -O                                                                        (1 = 0.6%) {46.1%}
2315  ... 
2319  -O                                                                        (1 = 0.6%) {46.7%}
2320  ... 
2322  -O                                                                        (1 = 0.6%) {47.2%}
2323  ... 
2347  -O                                                                        (1 = 0.6%) {47.8%}
2348  ... 
2355  -O                                                                        (1 = 0.6%) {48.3%}
2356  ... 
2361  -O                                                                        (1 = 0.6%) {48.9%}
2362  ... 
2387  -O                                                                        (1 = 0.6%) {49.4%}
2388  -O                                                                        (1 = 0.6%) {50.0%}
2389  ... 
2399  -O                                                                        (1 = 0.6%) {50.6%}
2400  ... 
2413  -O                                                                        (1 = 0.6%) {51.1%}
2414  ... 
2429  -O                                                                        (1 = 0.6%) {51.7%}
2430  O                                                                         (0 = 0.0%) {52.2%}
2431  -O                                                                        (1 = 0.6%) {52.2%}
2432  ... 
2487  -O                                                                        (1 = 0.6%) {52.8%}
2488  ... 
2518  -O                                                                        (1 = 0.6%) {53.3%}
2519  ... 
2598  -O                                                                        (1 = 0.6%) {53.9%}
2599  ... 
2618  -O                                                                        (1 = 0.6%) {54.4%}
2619  ... 
2654  -O                                                                        (1 = 0.6%) {55.0%}
2655  -O                                                                        (1 = 0.6%) {55.6%}
2656  -O                                                                        (1 = 0.6%) {56.1%}
2657  -O                                                                        (1 = 0.6%) {56.7%}
2658  -O                                                                        (1 = 0.6%) {57.2%}
2659  -O                                                                        (1 = 0.6%) {57.8%}
2660  -O                                                                        (1 = 0.6%) {58.3%}
2661  -O                                                                        (1 = 0.6%) {58.9%}
2662  -O                                                                        (1 = 0.6%) {59.4%}
2663  -O                                                                        (1 = 0.6%) {60.0%}
2664  ... 
2699  -O                                                                        (1 = 0.6%) {60.6%}
2700  -O                                                                        (1 = 0.6%) {61.1%}
2701  -O                                                                        (1 = 0.6%) {61.7%}
2702  -O                                                                        (1 = 0.6%) {62.2%}
2703  -O                                                                        (1 = 0.6%) {62.8%}
2704  -O                                                                        (1 = 0.6%) {63.3%}
2705  -O                                                                        (1 = 0.6%) {63.9%}
2706  -O                                                                        (1 = 0.6%) {64.4%}
2707  -O                                                                        (1 = 0.6%) {65.0%}
2708  ... 
2710  -O                                                                        (1 = 0.6%) {65.6%}
2711  -O                                                                        (1 = 0.6%) {66.1%}
2712  ... 
2714  -O                                                                        (1 = 0.6%) {66.7%}
2715  -O                                                                        (1 = 0.6%) {67.2%}
2716  -O                                                                        (1 = 0.6%) {67.8%}
2717  ... 
2723  -O                                                                        (1 = 0.6%) {68.3%}
2724  ... 
2738  -O                                                                        (1 = 0.6%) {68.9%}
2739  ... 
2769  -O                                                                        (1 = 0.6%) {69.4%}
2770  ... 
2789  -O                                                                        (1 = 0.6%) {70.0%}
2790  -O                                                                        (1 = 0.6%) {70.6%}
2791  -O                                                                        (1 = 0.6%) {71.1%}
2792  -O                                                                        (1 = 0.6%) {71.7%}
2793  ... 
2841  -O                                                                        (1 = 0.6%) {72.2%}
2842  ... 
2903  -O                                                                        (1 = 0.6%) {72.8%}
2904  -O                                                                        (1 = 0.6%) {73.3%}
2905  ... 
2927  -O                                                                        (1 = 0.6%) {73.9%}
2928  ... 
2935  -O                                                                        (1 = 0.6%) {74.4%}
2936  ... 
3004  -O                                                                        (1 = 0.6%) {75.0%}
3005  ... 
3019  -O                                                                        (1 = 0.6%) {75.6%}
3020  -O                                                                        (1 = 0.6%) {76.1%}
3021  ... 
3028  -O                                                                        (1 = 0.6%) {76.7%}
3029  ... 
3066  -O                                                                        (1 = 0.6%) {77.2%}
3067  ... 
3116  -O                                                                        (1 = 0.6%) {77.8%}
3117  ... 
3157  -O                                                                        (1 = 0.6%) {78.3%}
3158  ... 
3189  -O                                                                        (1 = 0.6%) {78.9%}
3190  ... 
3198  -O                                                                        (1 = 0.6%) {79.4%}
3199  ... 
3254  -O                                                                        (1 = 0.6%) {80.0%}
3255  ... 
3273  -O                                                                        (1 = 0.6%) {80.6%}
3274  O                                                                         (0 = 0.0%) {81.1%}
3275  -O                                                                        (1 = 0.6%) {81.1%}
3276  ... 
3279  -O                                                                        (1 = 0.6%) {81.7%}
3280  ... 
3307  -O                                                                        (1 = 0.6%) {82.2%}
3308  -O                                                                        (1 = 0.6%) {82.8%}
3309  ... 
3349  -O                                                                        (1 = 0.6%) {83.3%}
3350  ... 
3359  -O                                                                        (1 = 0.6%) {83.9%}
3360  ... 
3409  -O                                                                        (1 = 0.6%) {84.4%}
3410  ... 
3444  -O                                                                        (1 = 0.6%) {85.0%}
3445  ... 
3698  -O                                                                        (1 = 0.6%) {85.6%}
3699  ... 
3789  -O                                                                        (1 = 0.6%) {86.1%}
3790  -O                                                                        (1 = 0.6%) {86.7%}
3791  ... 
3803  -O                                                                        (1 = 0.6%) {87.2%}
3804  ... 
3870  -O                                                                        (1 = 0.6%) {87.8%}
3871  ... 
3945  -O                                                                        (1 = 0.6%) {88.3%}
3946  ... 
3973  -O                                                                        (1 = 0.6%) {88.9%}
3974  ... 
4007  -O                                                                        (1 = 0.6%) {89.4%}
4008  ... 
4079  -O                                                                        (1 = 0.6%) {90.0%}
4080  ... 
4113  -O                                                                        (1 = 0.6%) {90.6%}
4114  ... 
4161  -O                                                                        (1 = 0.6%) {91.1%}
4162  ... 
4177  -O                                                                        (1 = 0.6%) {91.7%}
4178  ... 
4194  -O                                                                        (1 = 0.6%) {92.2%}
4195  O                                                                         (0 = 0.0%) {92.8%}
4196  -O                                                                        (1 = 0.6%) {92.8%}
4197  ... 
4240  -O                                                                        (1 = 0.6%) {93.3%}
4241  O                                                                         (0 = 0.0%) {93.9%}
4242  -O                                                                        (1 = 0.6%) {93.9%}
4243  ... 
4307  -O                                                                        (1 = 0.6%) {94.4%}
4308  ... 
4317  -O                                                                        (1 = 0.6%) {95.0%}
4318  ... 
4372  -O                                                                        (1 = 0.6%) {95.6%}
4373  ... 
4379  -O                                                                        (1 = 0.6%) {96.1%}
4380  ... 
4419  -O                                                                        (1 = 0.6%) {96.7%}
4420  ... 
4561  -O                                                                        (1 = 0.6%) {97.2%}
4562  ... 
4673  -O                                                                        (1 = 0.6%) {97.8%}
4674  ... 
4743  -O                                                                        (1 = 0.6%) {98.3%}
4744  ... 
4961  -O                                                                        (1 = 0.6%) {98.9%}
4962  ... 
4994  -O                                                                        (1 = 0.6%) {99.4%}
4995  ... 

Histogram: Blink.UseCounter.MainFrame.Features recorded 180 samples, mean = 2238.6 (flags = 0x41)
0     ... 
13    -O                                                                        (1 = 0.6%) {0.0%}
14    ... 
16    -O                                                                        (1 = 0.6%) {0.6%}
17    ... 
52    -O                                                                        (1 = 0.6%) {1.1%}
53    ... 
69    -O                                                                        (1 = 0.6%) {1.7%}
70    ... 
123   -O                                                                        (1 = 0.6%) {2.2%}
124   -O                                                                        (1 = 0.6%) {2.8%}
125   -O                                                                        (1 = 0.6%) {3.3%}
126   ... 
138   -O                                                                        (1 = 0.6%) {3.9%}
139   ... 
240   -O                                                                        (1 = 0.6%) {4.4%}
241   ... 
250   -O                                                                        (1 = 0.6%) {5.0%}
251   ... 
429   -O                                                                        (1 = 0.6%) {5.6%}
430   -O                                                                        (1 = 0.6%) {6.1%}
431   -O                                                                        (1 = 0.6%) {6.7%}
432   -O                                                                        (1 = 0.6%) {7.2%}
433   ... 
469   -O                                                                        (1 = 0.6%) {7.8%}
470   ... 
494   -O                                                                        (1 = 0.6%) {8.3%}
495   ... 
522   -O                                                                        (1 = 0.6%) {8.9%}
523   -O                                                                        (1 = 0.6%) {9.4%}
524   -O                                                                        (1 = 0.6%) {10.0%}
525   ... 
540   -O                                                                        (1 = 0.6%) {10.6%}
541   ... 
587   -O                                                                        (1 = 0.6%) {11.1%}
588   -O                                                                        (1 = 0.6%) {11.7%}
589   ... 
675   -O                                                                        (1 = 0.6%) {12.2%}
676   ... 
710   -O                                                                        (1 = 0.6%) {12.8%}
711   -O                                                                        (1 = 0.6%) {13.3%}
712   -O                                                                        (1 = 0.6%) {13.9%}
713   ... 
717   -O                                                                        (1 = 0.6%) {14.4%}
718   ... 
730   -O                                                                        (1 = 0.6%) {15.0%}
731   ... 
744   -O                                                                        (1 = 0.6%) {15.6%}
745   ... 
780   -O                                                                        (1 = 0.6%) {16.1%}
781   -O                                                                        (1 = 0.6%) {16.7%}
782   ... 
786   -O                                                                        (1 = 0.6%) {17.2%}
787   -O                                                                        (1 = 0.6%) {17.8%}
788   ... 
804   -O                                                                        (1 = 0.6%) {18.3%}
805   ... 
900   -O                                                                        (1 = 0.6%) {18.9%}
901   -O                                                                        (1 = 0.6%) {19.4%}
902   ... 
907   -O                                                                        (1 = 0.6%) {20.0%}
908   ... 
954   -O                                                                        (1 = 0.6%) {20.6%}
955   ... 
970   -O                                                                        (1 = 0.6%) {21.1%}
971   O                                                                         (0 = 0.0%) {21.7%}
972   -O                                                                        (1 = 0.6%) {21.7%}
973   -O                                                                        (1 = 0.6%) {22.2%}
974   ... 
976   -O                                                                        (1 = 0.6%) {22.8%}
977   ... 
1023  -O                                                                        (1 = 0.6%) {23.3%}
1024  ... 
1069  -O                                                                        (1 = 0.6%) {23.9%}
1070  -O                                                                        (1 = 0.6%) {24.4%}
1071  ... 
1075  -O                                                                        (1 = 0.6%) {25.0%}
1076  -O                                                                        (1 = 0.6%) {25.6%}
1077  ... 
1124  -O                                                                        (1 = 0.6%) {26.1%}
1125  ... 
1302  -O                                                                        (1 = 0.6%) {26.7%}
1303  ... 
1347  -O                                                                        (1 = 0.6%) {27.2%}
1348  ... 
1351  -O                                                                        (1 = 0.6%) {27.8%}
1352  ... 
1354  -O                                                                        (1 = 0.6%) {28.3%}
1355  ... 
1368  -O                                                                        (1 = 0.6%) {28.9%}
1369  ... 
1417  -O                                                                        (1 = 0.6%) {29.4%}
1418  ... 
1441  -O                                                                        (1 = 0.6%) {30.0%}
1442  ... 
1458  -O                                                                        (1 = 0.6%) {30.6%}
1459  -O                                                                        (1 = 0.6%) {31.1%}
1460  ... 
1462  -O                                                                        (1 = 0.6%) {31.7%}
1463  -O                                                                        (1 = 0.6%) {32.2%}
1464  ... 
1467  -O                                                                        (1 = 0.6%) {32.8%}
1468  ... 
1502  -O                                                                        (1 = 0.6%) {33.3%}
1503  ... 
1692  -O                                                                        (1 = 0.6%) {33.9%}
1693  -O                                                                        (1 = 0.6%) {34.4%}
1694  ... 
1827  -O                                                                        (1 = 0.6%) {35.0%}
1828  ... 
2013  -O                                                                        (1 = 0.6%) {35.6%}
2014  ... 
2077  -O                                                                        (1 = 0.6%) {36.1%}
2078  ... 
2094  -O                                                                        (1 = 0.6%) {36.7%}
2095  O                                                                         (0 = 0.0%) {37.2%}
2096  -O                                                                        (1 = 0.6%) {37.2%}
2097  ... 
2100  -O                                                                        (1 = 0.6%) {37.8%}
2101  ... 
2112  -O                                                                        (1 = 0.6%) {38.3%}
2113  ... 
2121  -O                                                                        (1 = 0.6%) {38.9%}
2122  ... 
2157  -O                                                                        (1 = 0.6%) {39.4%}
2158  ... 
2188  -O                                                                        (1 = 0.6%) {40.0%}
2189  ... 
2191  -O                                                                        (1 = 0.6%) {40.6%}
2192  ... 
2195  -O                                                                        (1 = 0.6%) {41.1%}
2196  ... 
2203  -O                                                                        (1 = 0.6%) {41.7%}
2204  -O                                                                        (1 = 0.6%) {42.2%}
2205  ... 
2217  -O                                                                        (1 = 0.6%) {42.8%}
2218  ... 
2226  -O                                                                        (1 = 0.6%) {43.3%}
2227  O                                                                         (0 = 0.0%) {43.9%}
2228  -O                                                                        (1 = 0.6%) {43.9%}
2229  -O                                                                        (1 = 0.6%) {44.4%}
2230  ... 
2236  -O                                                                        (1 = 0.6%) {45.0%}
2237  ... 
2298  -O                                                                        (1 = 0.6%) {45.6%}
2299  ... 
2314  -O                                                                        (1 = 0.6%) {46.1%}
2315  ... 
2319  -O                                                                        (1 = 0.6%) {46.7%}
2320  ... 
2322  -O                                                                        (1 = 0.6%) {47.2%}
2323  ... 
2347  -O                                                                        (1 = 0.6%) {47.8%}
2348  ... 
2355  -O                                                                        (1 = 0.6%) {48.3%}
2356  ... 
2361  -O                                                                        (1 = 0.6%) {48.9%}
2362  ... 
2387  -O                                                                        (1 = 0.6%) {49.4%}
2388  -O                                                                        (1 = 0.6%) {50.0%}
2389  ... 
2399  -O                                                                        (1 = 0.6%) {50.6%}
2400  ... 
2413  -O                                                                        (1 = 0.6%) {51.1%}
2414  ... 
2429  -O                                                                        (1 = 0.6%) {51.7%}
2430  O                                                                         (0 = 0.0%) {52.2%}
2431  -O                                                                        (1 = 0.6%) {52.2%}
2432  ... 
2487  -O                                                                        (1 = 0.6%) {52.8%}
2488  ... 
2518  -O                                                                        (1 = 0.6%) {53.3%}
2519  ... 
2598  -O                                                                        (1 = 0.6%) {53.9%}
2599  ... 
2618  -O                                                                        (1 = 0.6%) {54.4%}
2619  ... 
2654  -O                                                                        (1 = 0.6%) {55.0%}
2655  -O                                                                        (1 = 0.6%) {55.6%}
2656  -O                                                                        (1 = 0.6%) {56.1%}
2657  -O                                                                        (1 = 0.6%) {56.7%}
2658  -O                                                                        (1 = 0.6%) {57.2%}
2659  -O                                                                        (1 = 0.6%) {57.8%}
2660  -O                                                                        (1 = 0.6%) {58.3%}
2661  -O                                                                        (1 = 0.6%) {58.9%}
2662  -O                                                                        (1 = 0.6%) {59.4%}
2663  -O                                                                        (1 = 0.6%) {60.0%}
2664  ... 
2699  -O                                                                        (1 = 0.6%) {60.6%}
2700  -O                                                                        (1 = 0.6%) {61.1%}
2701  -O                                                                        (1 = 0.6%) {61.7%}
2702  -O                                                                        (1 = 0.6%) {62.2%}
2703  -O                                                                        (1 = 0.6%) {62.8%}
2704  -O                                                                        (1 = 0.6%) {63.3%}
2705  -O                                                                        (1 = 0.6%) {63.9%}
2706  -O                                                                        (1 = 0.6%) {64.4%}
2707  -O                                                                        (1 = 0.6%) {65.0%}
2708  ... 
2710  -O                                                                        (1 = 0.6%) {65.6%}
2711  -O                                                                        (1 = 0.6%) {66.1%}
2712  ... 
2714  -O                                                                        (1 = 0.6%) {66.7%}
2715  -O                                                                        (1 = 0.6%) {67.2%}
2716  -O                                                                        (1 = 0.6%) {67.8%}
2717  ... 
2723  -O                                                                        (1 = 0.6%) {68.3%}
2724  ... 
2738  -O                                                                        (1 = 0.6%) {68.9%}
2739  ... 
2769  -O                                                                        (1 = 0.6%) {69.4%}
2770  ... 
2789  -O                                                                        (1 = 0.6%) {70.0%}
2790  -O                                                                        (1 = 0.6%) {70.6%}
2791  -O                                                                        (1 = 0.6%) {71.1%}
2792  -O                                                                        (1 = 0.6%) {71.7%}
2793  ... 
2841  -O                                                                        (1 = 0.6%) {72.2%}
2842  ... 
2903  -O                                                                        (1 = 0.6%) {72.8%}
2904  -O                                                                        (1 = 0.6%) {73.3%}
2905  ... 
2927  -O                                                                        (1 = 0.6%) {73.9%}
2928  ... 
2935  -O                                                                        (1 = 0.6%) {74.4%}
2936  ... 
3004  -O                                                                        (1 = 0.6%) {75.0%}
3005  ... 
3019  -O                                                                        (1 = 0.6%) {75.6%}
3020  -O                                                                        (1 = 0.6%) {76.1%}
3021  ... 
3028  -O                                                                        (1 = 0.6%) {76.7%}
3029  ... 
3066  -O                                                                        (1 = 0.6%) {77.2%}
3067  ... 
3116  -O                                                                        (1 = 0.6%) {77.8%}
3117  ... 
3157  -O                                                                        (1 = 0.6%) {78.3%}
3158  ... 
3189  -O                                                                        (1 = 0.6%) {78.9%}
3190  ... 
3198  -O                                                                        (1 = 0.6%) {79.4%}
3199  ... 
3254  -O                                                                        (1 = 0.6%) {80.0%}
3255  ... 
3273  -O                                                                        (1 = 0.6%) {80.6%}
3274  O                                                                         (0 = 0.0%) {81.1%}
3275  -O                                                                        (1 = 0.6%) {81.1%}
3276  ... 
3279  -O                                                                        (1 = 0.6%) {81.7%}
3280  ... 
3307  -O                                                                        (1 = 0.6%) {82.2%}
3308  -O                                                                        (1 = 0.6%) {82.8%}
3309  ... 
3349  -O                                                                        (1 = 0.6%) {83.3%}
3350  ... 
3359  -O                                                                        (1 = 0.6%) {83.9%}
3360  ... 
3409  -O                                                                        (1 = 0.6%) {84.4%}
3410  ... 
3444  -O                                                                        (1 = 0.6%) {85.0%}
3445  ... 
3698  -O                                                                        (1 = 0.6%) {85.6%}
3699  ... 
3789  -O                                                                        (1 = 0.6%) {86.1%}
3790  -O                                                                        (1 = 0.6%) {86.7%}
3791  ... 
3803  -O                                                                        (1 = 0.6%) {87.2%}
3804  ... 
3870  -O                                                                        (1 = 0.6%) {87.8%}
3871  ... 
3945  -O                                                                        (1 = 0.6%) {88.3%}
3946  ... 
3973  -O                                                                        (1 = 0.6%) {88.9%}
3974  ... 
4007  -O                                                                        (1 = 0.6%) {89.4%}
4008  ... 
4079  -O                                                                        (1 = 0.6%) {90.0%}
4080  ... 
4113  -O                                                                        (1 = 0.6%) {90.6%}
4114  ... 
4161  -O                                                                        (1 = 0.6%) {91.1%}
4162  ... 
4177  -O                                                                        (1 = 0.6%) {91.7%}
4178  ... 
4194  -O                                                                        (1 = 0.6%) {92.2%}
4195  O                                                                         (0 = 0.0%) {92.8%}
4196  -O                                                                        (1 = 0.6%) {92.8%}
4197  ... 
4240  -O                                                                        (1 = 0.6%) {93.3%}
4241  O                                                                         (0 = 0.0%) {93.9%}
4242  -O                                                                        (1 = 0.6%) {93.9%}
4243  ... 
4307  -O                                                                        (1 = 0.6%) {94.4%}
4308  ... 
4317  -O                                                                        (1 = 0.6%) {95.0%}
4318  ... 
4372  -O                                                                        (1 = 0.6%) {95.6%}
4373  ... 
4379  -O                                                                        (1 = 0.6%) {96.1%}
4380  ... 
4419  -O                                                                        (1 = 0.6%) {96.7%}
4420  ... 
4561  -O                                                                        (1 = 0.6%) {97.2%}
4562  ... 
4673  -O                                                                        (1 = 0.6%) {97.8%}
4674  ... 
4743  -O                                                                        (1 = 0.6%) {98.3%}
4744  ... 
4961  -O                                                                        (1 = 0.6%) {98.9%}
4962  ... 
4994  -O                                                                        (1 = 0.6%) {99.4%}
4995  ... 

Histogram: Blink.UseCounter.PermissionsPolicy.Allow2 recorded 0 samples (flags = 0x41)
0 ... 

Histogram: Blink.UseCounter.PermissionsPolicy.Header2 recorded 0 samples (flags = 0x41)
0 ... 

Histogram: Blink.UseCounter.PermissionsPolicy.Violation.Enforce recorded 0 samples (flags = 0x41)
0 ... 

Histogram: Blink.UseCounter.WebDXFeatures recorded 15 samples, mean = 37.7 (flags = 0x41)
0   ... 
5   -O                                                                        (1 = 6.7%) {0.0%}
6   ... 
8   -O                                                                        (1 = 6.7%) {6.7%}
9   -O                                                                        (1 = 6.7%) {13.3%}
10  O                                                                         (0 = 0.0%) {20.0%}
11  -O                                                                        (1 = 6.7%) {20.0%}
12  ... 
27  -O                                                                        (1 = 6.7%) {26.7%}
28  -O                                                                        (1 = 6.7%) {33.3%}
29  -O                                                                        (1 = 6.7%) {40.0%}
30  ... 
38  -O                                                                        (1 = 6.7%) {46.7%}
39  -O                                                                        (1 = 6.7%) {53.3%}
40  ... 
45  -O                                                                        (1 = 6.7%) {60.0%}
46  -O                                                                        (1 = 6.7%) {66.7%}
47  ... 
58  -O                                                                        (1 = 6.7%) {73.3%}
59  ... 
68  -O                                                                        (1 = 6.7%) {80.0%}
69  ... 
71  -O                                                                        (1 = 6.7%) {86.7%}
72  ... 
83  -O                                                                        (1 = 6.7%) {93.3%}
84  ... 

Histogram: Blink.UserDrivenDocumentUpdate.UpdateTime.PreFCP recorded 1 samples, mean = 13.0 (flags = 0x41)
0   ... 
11  -O                                                                        (1 = 100.0%) {0.0%}
15  ... 

Histogram: Bookmarks.BookmarkBar.Shown recorded 1 samples, mean = 0.0 (flags = 0x41)
0  -O                                                                        (1 = 100.0%)
1  ... 

Histogram: Bookmarks.Count.OnProfileLoad3 recorded 1 samples, mean = 0.0 (flags = 0x41)
0  -O                                                                        (1 = 100.0%)
1  ... 

Histogram: Bookmarks.Storage.TimeToLoadAtStartup2 recorded 1 samples, mean = 7075.0 (flags = 0x41)
0     ... 
5961  -O                                                                        (1 = 100.0%) {0.0%}
7083  ... 

Histogram: Bookmarks.Times.OnProfileLoad.TimeSinceAdded3 recorded 1 samples, mean = 0.0 (flags = 0x41)
0  -O                                                                        (1 = 100.0%)
1  ... 

Histogram: Bookmarks.Utilization.OnProfileLoad.PercentageUsed recorded 1 samples, mean = 0.0 (flags = 0x41)
0  -O                                                                        (1 = 100.0%)
1  ... 

Histogram: Bookmarks.Utilization.OnProfileLoad.TotalUnused recorded 1 samples, mean = 0.0 (flags = 0x41)
0  -O                                                                        (1 = 100.0%)
1  ... 

Histogram: Bookmarks.Utilization.OnProfileLoad.TotalUsed recorded 1 samples, mean = 0.0 (flags = 0x41)
0  -O                                                                        (1 = 100.0%)
1  ... 

Histogram: BrotliFilter.CompressionPercent recorded 33 samples, mean = 35.6 (flags = 0x41)
0    ... 
10   --O                                                                       (2 = 6.1%) {0.0%}
11   --O                                                                       (2 = 6.1%) {6.1%}
12   -O                                                                        (1 = 3.0%) {12.1%}
13   O                                                                         (0 = 0.0%) {15.2%}
14   -O                                                                        (1 = 3.0%) {15.2%}
15   O                                                                         (0 = 0.0%) {18.2%}
16   -O                                                                        (1 = 3.0%) {18.2%}
17   O                                                                         (0 = 0.0%) {21.2%}
18   -O                                                                        (1 = 3.0%) {21.2%}
19   ... 
22   -O                                                                        (1 = 3.0%) {24.2%}
23   -O                                                                        (1 = 3.0%) {27.3%}
24   -O                                                                        (1 = 3.0%) {30.3%}
25   -O                                                                        (1 = 3.0%) {33.3%}
26   -O                                                                        (1 = 3.0%) {36.4%}
27   O                                                                         (0 = 0.0%) {39.4%}
28   -O                                                                        (1 = 3.0%) {39.4%}
29   ----O                                                                     (4 = 12.1%) {42.4%}
30   -O                                                                        (1 = 3.0%) {54.5%}
31   O                                                                         (0 = 0.0%) {57.6%}
32   --O                                                                       (2 = 6.1%) {57.6%}
33   O                                                                         (0 = 0.0%) {63.6%}
34   -O                                                                        (1 = 3.0%) {63.6%}
35   ... 
38   --O                                                                       (2 = 6.1%) {66.7%}
39   -O                                                                        (1 = 3.0%) {72.7%}
40   ... 
43   --O                                                                       (2 = 6.1%) {75.8%}
44   O                                                                         (0 = 0.0%) {81.8%}
45   -O                                                                        (1 = 3.0%) {81.8%}
46   O                                                                         (0 = 0.0%) {84.8%}
47   --O                                                                       (2 = 6.1%) {84.8%}
48   ... 
84   -O                                                                        (1 = 3.0%) {90.9%}
85   ... 
101  --O                                                                       (2 = 6.1%) {93.9%}

Histogram: BrotliFilter.Status recorded 33 samples, mean = 1.0 (flags = 0x41)
0  O                                                                         (0 = 0.0%)
1  ---------------------------------O                                        (33 = 100.0%) {0.0%}
2  ... 

Histogram: BrotliFilter.UsedMemoryKB recorded 33 samples, mean = 219.6 (flags = 0x41)
0    ... 
16   --O                                                                       (2 = 6.1%) {0.0%}
20   O                                                                         (0 = 0.0%) {6.1%}
25   ---O                                                                      (3 = 9.1%) {6.1%}
31   ------O                                                                   (6 = 18.2%) {15.2%}
39   O                                                                         (0 = 0.0%) {33.3%}
49   --O                                                                       (2 = 6.1%) {33.3%}
61   -O                                                                        (1 = 3.0%) {39.4%}
76   ---O                                                                      (3 = 9.1%) {42.4%}
95   O                                                                         (0 = 0.0%) {51.5%}
119  ----O                                                                     (4 = 12.1%) {51.5%}
149  O                                                                         (0 = 0.0%) {63.6%}
187  -O                                                                        (1 = 3.0%) {63.6%}
234  -O                                                                        (1 = 3.0%) {66.7%}
293  O                                                                         (0 = 0.0%) {69.7%}
367  ------O                                                                   (6 = 18.2%) {69.7%}
460  O                                                                         (0 = 0.0%) {87.9%}
576  -O                                                                        (1 = 3.0%) {87.9%}
722  ---O                                                                      (3 = 9.1%) {90.9%}
905  ... 

Histogram: Browser.ERP.RequestPayloadSizePerHour recorded 5 samples, mean = 0.0 (flags = 0x41)
0  -----O                                                                    (5 = 100.0%)
1  ... 

Histogram: Browser.ERP.ResponsePayloadSizePerHour recorded 5 samples, mean = 0.0 (flags = 0x41)
0  -----O                                                                    (5 = 100.0%)
1  ... 

Histogram: Browser.MainThreadsCongestion.RunningOnly recorded 601 samples, mean = 0.0 (flags = 0x41)
0   ------------------------------------------------------------------------O (600 = 99.8%)
1   ... 
23  O                                                                         (1 = 0.2%) {99.8%}
26  ... 

Histogram: Browser.MainThreadsCongestion.RunningOnly.Initial recorded 1 samples, mean = 25.0 (flags = 0x41)
0   ... 
23  -O                                                                        (1 = 100.0%) {0.0%}
26  ... 

Histogram: Browser.Responsiveness.IOJanksTotalPerMinute recorded 304 samples, mean = 0.0 (flags = 0x41)
0  ------------------------------------------------------------------------O (304 = 100.0%)
1  ... 

Histogram: Browser.Responsiveness.IOJankyIntervalsPerMinute recorded 304 samples, mean = 0.0 (flags = 0x41)
0  ------------------------------------------------------------------------O (304 = 100.0%)
1  ... 

Histogram: BrowserRenderProcessHost.Cleanup.DelayReason recorded 12 samples, mean = 6.8 (flags = 0x41)
0  ---O                                                                      (3 = 25.0%)
1  ... 
9  ---------O                                                                (9 = 75.0%) {25.0%}
10 ... 

Histogram: BrowserRenderProcessHost.Cleanup.Total recorded 12 samples, mean = 1.0 (flags = 0x41)
0  O                                                                         (0 = 0.0%)
1  ------------O                                                             (12 = 100.0%) {0.0%}
2  O                                                                         (0 = 0.0%) {100.0%}

Histogram: BrowserRenderProcessHost.ExistingRendererIsInitializedAndNotDead recorded 1 samples, mean = 1.0 (flags = 0x41)
0  O                                                                         (0 = 0.0%)
1  -O                                                                        (1 = 100.0%) {0.0%}
2  O                                                                         (0 = 0.0%) {100.0%}

Histogram: BrowserRenderProcessHost.FastShutdownIfPossible.DelayReason recorded 1 samples, mean = 4.0 (flags = 0x41)
0  ... 
4  -O                                                                        (1 = 100.0%) {0.0%}
5  ... 

Histogram: BrowserRenderProcessHost.FastShutdownIfPossible.Total recorded 1 samples, mean = 1.0 (flags = 0x41)
0  O                                                                         (0 = 0.0%)
1  -O                                                                        (1 = 100.0%) {0.0%}
2  O                                                                         (0 = 0.0%) {100.0%}

Histogram: BrowserRenderProcessHost.SpareProcessEvictedOtherSpare recorded 2 samples, mean = 0.0 (flags = 0x41)
0  --O                                                                       (2 = 100.0%)
1  ... 

Histogram: BrowserRenderProcessHost.SpareProcessMaybeTakeAction recorded 2 samples, mean = 2.0 (flags = 0x41)
0  -O                                                                        (1 = 50.0%)
1  ... 
4  -O                                                                        (1 = 50.0%) {50.0%}
5  ... 

Histogram: BrowserRenderProcessHost.SpareProcessStartupTime recorded 2 samples, mean = 4212.0 (flags = 0x41)
0     ... 
318   -O                                                                        (1 = 50.0%) {0.0%}
378   ... 
7083  -O                                                                        (1 = 50.0%) {50.0%}
8416  ... 

Histogram: BrowserSwitcher.ExternalGreylistSize recorded 1 samples, mean = 0.0 (flags = 0x41)
0  -O                                                                        (1 = 100.0%)
1  ... 

Histogram: BrowserSwitcher.ExternalSitelistSize recorded 1 samples, mean = 0.0 (flags = 0x41)
0  -O                                                                        (1 = 100.0%)
1  ... 

Histogram: BrowserSwitcher.IeemSitelistSize recorded 1 samples, mean = 0.0 (flags = 0x41)
0  -O                                                                        (1 = 100.0%)
1  ... 

Histogram: BrowsingTopics.BrowsingTopicsState.LoadFinishStatus recorded 1 samples, mean = 1.0 (flags = 0x41)
0  O                                                                         (0 = 0.0%)
1  -O                                                                        (1 = 100.0%) {0.0%}
2  O                                                                         (0 = 0.0%) {100.0%}

Histogram: BrowsingTopics.SiteDataStorage.FileSize.KB recorded 1 samples, mean = 28.0 (flags = 0x41)
0   ... 
28  -O                                                                        (1 = 100.0%) {0.0%}
37  ... 

Histogram: BrowsingTopics.SiteDataStorage.InitStatus recorded 1 samples, mean = 1.0 (flags = 0x41)
0  O                                                                         (0 = 0.0%)
1  -O                                                                        (1 = 100.0%) {0.0%}
2  O                                                                         (0 = 0.0%) {100.0%}

Histogram: CPU.Experimental.CpuEstimationTaskMigrated recorded 60 samples, mean = 0.0 (flags = 0x41)
0  -----------------------------------------------------------O              (59 = 98.3%)
1  -O                                                                        (1 = 1.7%) {98.3%}
2  O                                                                         (0 = 0.0%) {100.0%}

Histogram: CPU.Experimental.CpuEstimationTaskQueuedTime.Performance recorded 60 samples, mean = 10.1 (flags = 0x41)
0   ... 
4   --O                                                                       (2 = 3.3%) {0.0%}
5   -----O                                                                    (5 = 8.3%) {3.3%}
7   ---------------O                                                          (15 = 25.0%) {11.7%}
9   -------------------O                                                      (19 = 31.7%) {36.7%}
12  -----------------O                                                        (17 = 28.3%) {68.3%}
16  O                                                                         (0 = 0.0%) {96.7%}
21  -O                                                                        (1 = 1.7%) {96.7%}
28  -O                                                                        (1 = 1.7%) {98.3%}
37  ... 

Histogram: CPU.Experimental.CpuEstimationTaskThreadTime.Performance recorded 60 samples, mean = 107.9 (flags = 0x41)
0    ... 
86   ------------------------------------------O                               (42 = 70.0%) {0.0%}
113  ------------------O                                                       (18 = 30.0%) {70.0%}
149  ... 

Histogram: CPU.Experimental.CpuEstimationTaskTotalTime.Performance recorded 60 samples, mean = 121.0 (flags = 0x41)
0    ... 
86   ------------------O                                                       (18 = 30.0%) {0.0%}
113  ----------------------------------------O                                 (40 = 66.7%) {30.0%}
149  -O                                                                        (1 = 1.7%) {96.7%}
196  -O                                                                        (1 = 1.7%) {98.3%}
258  ... 

Histogram: CPU.Experimental.CpuEstimationTaskWallTime.Performance recorded 60 samples, mean = 110.9 (flags = 0x41)
0    ... 
86   --------------------------------------O                                   (38 = 63.3%) {0.0%}
113  ---------------------O                                                    (21 = 35.0%) {63.3%}
149  -O                                                                        (1 = 1.7%) {98.3%}
196  ... 

Histogram: CPU.Experimental.CpuEstimationThreadTimePercent.Performance recorded 60 samples, mean = 97.5 (flags = 0x41)
0    ... 
69   -O                                                                        (1 = 1.7%) {0.0%}
70   ... 
92   -O                                                                        (1 = 1.7%) {1.7%}
93   ... 
96   --O                                                                       (2 = 3.3%) {3.3%}
97   --------O                                                                 (8 = 13.3%) {6.7%}
98   --------------------------------O                                         (32 = 53.3%) {20.0%}
99   ---------------O                                                          (15 = 25.0%) {73.3%}
100  -O                                                                        (1 = 1.7%) {98.3%}
101  O                                                                         (0 = 0.0%) {100.0%}

Histogram: CPU.Experimental.EstimatedFrequencyAsPercentOfLimit.Performance recorded 59 samples, mean = 126.2 (flags = 0x41)
0    ... 
78   -O                                                                        (1 = 1.7%) {0.0%}
79   ... 
101  ----------------------------------------------------------O               (58 = 98.3%) {1.7%}

Histogram: CPU.Experimental.EstimatedFrequencyAsPercentOfMax.Performance recorded 59 samples, mean = 126.2 (flags = 0x41)
0    ... 
78   -O                                                                        (1 = 1.7%) {0.0%}
79   ... 
101  ----------------------------------------------------------O               (58 = 98.3%) {1.7%}

Histogram: CertificateType2.BR.Intermediate.ECDSA recorded 4 samples, mean = 320.0 (flags = 0x41)
0    ... 
256  --O                                                                       (2 = 50.0%) {0.0%}
257  ... 
384  --O                                                                       (2 = 50.0%) {50.0%}
385  ... 

Histogram: CertificateType2.BR.Intermediate.RSA recorded 15 samples, mean = 2048.0 (flags = 0x41)
0     ... 
2048  ---------------O                                                          (15 = 100.0%) {0.0%}
2049  ... 

Histogram: CertificateType2.BR.Leaf.ECDSA recorded 16 samples, mean = 256.0 (flags = 0x41)
0    ... 
256  ----------------O                                                         (16 = 100.0%) {0.0%}
257  ... 

Histogram: CertificateType2.BR.Leaf.RSA recorded 2 samples, mean = 2048.0 (flags = 0x41)
0     ... 
2048  --O                                                                       (2 = 100.0%) {0.0%}
2049  ... 

Histogram: CertificateType2.BR.Root.ECDSA recorded 3 samples, mean = 384.0 (flags = 0x41)
0    ... 
384  ---O                                                                      (3 = 100.0%) {0.0%}
385  ... 

Histogram: CertificateType2.BR.Root.RSA recorded 15 samples, mean = 3822.9 (flags = 0x41)
0     ... 
2048  --O                                                                       (2 = 13.3%) {0.0%}
2049  ... 
4096  -------------O                                                            (13 = 86.7%) {13.3%}
4097  ... 

Histogram: ChildProcess.Launched.UtilityProcessHash recorded 4 samples (flags = 0x41)
-2043041185 -O                                                                        (1 = 25.0%)
-1468742076 -O                                                                        (1 = 25.0%)
331504207   -O                                                                        (1 = 25.0%)
1411170475  -O                                                                        (1 = 25.0%)

Histogram: ChildProcess.ProcessLifetime.Utility recorded 4 samples, mean = 9119692.0 (flags = 0x41)
0        ... 
989      -O                                                                        (1 = 25.0%) {0.0%}
1340     ... 
4516     -O                                                                        (1 = 25.0%) {25.0%}
6118     ... 
3600000  --O                                                                       (2 = 50.0%) {50.0%}

Histogram: Chrome.ProcessSingleton.NotifyResult recorded 1 samples, mean = 0.0 (flags = 0x41)
0  -O                                                                        (1 = 100.0%)
1  ... 

Histogram: Chrome.ProcessSingleton.TimeToCreate recorded 1 samples, mean = 2.0 (flags = 0x41)
0  -O                                                                        (1 = 100.0%)
10 ... 

Histogram: Chrome.SystemNetworkContextManager.NetworkSandboxState recorded 4 samples, mean = 0.0 (flags = 0x41)
0  ----O                                                                     (4 = 100.0%)
1  ... 

Histogram: ChromeElf.Beacon.RetryAttemptsBeforeSuccess recorded 1 samples, mean = 1.0 (flags = 0x41)
0  O                                                                         (0 = 0.0%)
1  -O                                                                        (1 = 100.0%) {0.0%}
2  ... 

Histogram: ChromeElf.Beacon.SetupStatus recorded 1 samples, mean = 3.0 (flags = 0x41)
0  ... 
3  -O                                                                        (1 = 100.0%) {0.0%}
4  ... 

Histogram: ChromeElf.ExtensionPoint.EnableState recorded 1 samples, mean = 1.0 (flags = 0x41)
0  O                                                                         (0 = 0.0%)
1  -O                                                                        (1 = 100.0%) {0.0%}
2  O                                                                         (0 = 0.0%) {100.0%}

Histogram: ClientHints.CriticalCHRestart recorded 1 samples, mean = 0.0 (flags = 0x41)
0  -O                                                                        (1 = 100.0%)
1  ... 

Histogram: ClientHints.FetchLatency_PrefRead recorded 5 samples, mean = 8.8 (flags = 0x41)
0   ... 
3   -O                                                                        (1 = 20.0%) {0.0%}
4   O                                                                         (0 = 0.0%) {20.0%}
6   --O                                                                       (2 = 40.0%) {20.0%}
8   -O                                                                        (1 = 20.0%) {60.0%}
11  O                                                                         (0 = 0.0%) {80.0%}
15  -O                                                                        (1 = 20.0%) {80.0%}
21  ... 

Histogram: ClientHints.FetchLatency_PrerenderHost recorded 5 samples, mean = 161.6 (flags = 0x41)
0    ---O                                                                      (3 = 60.0%)
1    -O                                                                        (1 = 20.0%) {60.0%}
2    ... 
752  -O                                                                        (1 = 20.0%) {80.0%}
1043 ... 

Histogram: ClientHints.FetchLatency_Total recorded 5 samples, mean = 170.4 (flags = 0x41)
0    ... 
3    -O                                                                        (1 = 20.0%) {0.0%}
4    O                                                                         (0 = 0.0%) {20.0%}
6    -O                                                                        (1 = 20.0%) {20.0%}
8    --O                                                                       (2 = 40.0%) {40.0%}
11   ... 
752  -O                                                                        (1 = 20.0%) {80.0%}
1043 ... 

Histogram: Commerce.PDPNavigation.ShoppingList.IneligibilityReason recorded 6 samples, mean = 4.0 (flags = 0x41)
0  ... 
3  --O                                                                       (2 = 33.3%) {0.0%}
4  --O                                                                       (2 = 33.3%) {33.3%}
5  --O                                                                       (2 = 33.3%) {66.7%}
6  ... 

Histogram: Compositing.Browser.CompositorFrame.Quads recorded 3 samples, mean = 1.0 (flags = 0x41)
0  O                                                                         (0 = 0.0%)
1  ---O                                                                      (3 = 100.0%) {0.0%}
2  ... 

Histogram: Compositing.Browser.LayerTreeImpl.CalculateDrawPropertiesUs recorded 3 samples, mean = 852.3 (flags = 0x41)
0     ... 
7     --O                                                                       (2 = 66.7%) {0.0%}
9     ... 
2336  -O                                                                        (1 = 33.3%) {66.7%}
3077  ... 

Histogram: Compositing.Browser.LayersUpdateTime recorded 3 samples, mean = 2983.0 (flags = 0x41)
0     ... 
6     -O                                                                        (1 = 33.3%) {0.0%}
8     ... 
15    -O                                                                        (1 = 33.3%) {33.3%}
21    ... 
7439  -O                                                                        (1 = 33.3%) {66.7%}
10321 ... 

Histogram: Compositing.ColorGamut recorded 7 samples, mean = 0.0 (flags = 0x41)
0  -------O                                                                  (7 = 100.0%)
1  ... 

Histogram: Compositing.DidMainThreadBlockDuringCommit recorded 11 samples, mean = 0.1 (flags = 0x41)
0  ----------O                                                               (10 = 90.9%)
1  -O                                                                        (1 = 9.1%) {90.9%}
2  O                                                                         (0 = 0.0%) {100.0%}

Histogram: Compositing.DirectRenderer.OverlayProcessingUs recorded 7 samples, mean = 0.1 (flags = 0x41)
0  -------O                                                                  (7 = 100.0%)
5  ... 

Histogram: Compositing.DirectRenderer.PartialSwap.ExtraDamage recorded 7 samples, mean = 0.0 (flags = 0x41)
0  -------O                                                                  (7 = 100.0%)
1  ... 

Histogram: Compositing.DirectRenderer.PartialSwap.FrameBufferDamage recorded 7 samples, mean = 0.0 (flags = 0x41)
0  -------O                                                                  (7 = 100.0%)
1  ... 

Histogram: Compositing.DirectRenderer.PartialSwap.RootDamage recorded 7 samples, mean = 100.0 (flags = 0x41)
0    ... 
100  -------O                                                                  (7 = 100.0%) {0.0%}
101  O                                                                         (0 = 0.0%) {100.0%}

Histogram: Compositing.DirectRenderer.PartialSwap.TotalDamage recorded 7 samples, mean = 100.0 (flags = 0x41)
0    ... 
100  -------O                                                                  (7 = 100.0%) {0.0%}
101  O                                                                         (0 = 0.0%) {100.0%}

Histogram: Compositing.DirectRenderer.SkipAllNonRootRenderPassesPerFrame recorded 5 samples, mean = 0.0 (flags = 0x41)
0  -----O                                                                    (5 = 100.0%)
1  ... 

Histogram: Compositing.DirectRenderer.SkipNonRootRenderPass recorded 5 samples, mean = 0.0 (flags = 0x41)
0  -----O                                                                    (5 = 100.0%)
1  ... 

Histogram: Compositing.DirectRenderer.TotalPixelsRendered recorded 7 samples, mean = 1.7 (flags = 0x41)
0  O                                                                         (0 = 0.0%)
1  --O                                                                       (2 = 28.6%) {0.0%}
2  -----O                                                                    (5 = 71.4%) {28.6%}
3  ... 

Histogram: Compositing.Display.Draw.Occlusion.Calculation.Time recorded 7 samples, mean = 4.0 (flags = 0x41)
0  O                                                                         (0 = 0.0%)
1  -O                                                                        (1 = 14.3%) {0.0%}
2  -O                                                                        (1 = 14.3%) {14.3%}
3  --O                                                                       (2 = 28.6%) {28.6%}
4  -O                                                                        (1 = 14.3%) {57.1%}
5  ... 
7  -O                                                                        (1 = 14.3%) {71.4%}
8  -O                                                                        (1 = 14.3%) {85.7%}
9  ... 

Histogram: Compositing.Display.Draw.Quads recorded 7 samples, mean = 2.4 (flags = 0x41)
0  O                                                                         (0 = 0.0%)
1  --O                                                                       (2 = 28.6%) {0.0%}
2  O                                                                         (0 = 0.0%) {28.6%}
3  -----O                                                                    (5 = 71.4%) {28.6%}
4  ... 

Histogram: Compositing.Display.DrawToSwapUs recorded 7 samples, mean = 22243.1 (flags = 0x41)
0      ... 
227    -O                                                                        (1 = 14.3%) {0.0%}
275    ... 
404    -O                                                                        (1 = 14.3%) {14.3%}
490    ... 
720    -O                                                                        (1 = 14.3%) {28.6%}
873    -O                                                                        (1 = 14.3%) {42.9%}
1059   ... 
1888   -O                                                                        (1 = 14.3%) {57.1%}
2289   ... 
28046  -O                                                                        (1 = 14.3%) {71.4%}
34007  ... 
50000  -O                                                                        (1 = 14.3%) {85.7%}

Histogram: Compositing.Display.FlattenedRenderPassCount recorded 7 samples, mean = 1.7 (flags = 0x41)
0  O                                                                         (0 = 0.0%)
1  --O                                                                       (2 = 28.6%) {0.0%}
2  -----O                                                                    (5 = 71.4%) {28.6%}
3  ... 

Histogram: Compositing.Display.PendingSwaps recorded 7 samples, mean = 1.0 (flags = 0x41)
0  O                                                                         (0 = 0.0%)
1  -------O                                                                  (7 = 100.0%) {0.0%}
2  ... 

Histogram: Compositing.Display.VizDependencyResolvedToGpuStartedDrawUs recorded 7 samples, mean = 36.1 (flags = 0x41)
0   ... 
10  -O                                                                        (1 = 14.3%) {0.0%}
12  --O                                                                       (2 = 28.6%) {14.3%}
15  -O                                                                        (1 = 14.3%) {42.9%}
18  ... 
40  -O                                                                        (1 = 14.3%) {57.1%}
49  ... 
72  --O                                                                       (2 = 28.6%) {71.4%}
87  ... 

Histogram: Compositing.Display.VizScheduledDrawToDependencyResolvedUs recorded 7 samples, mean = 2.0 (flags = 0x41)
0  -------O                                                                  (7 = 100.0%)
5  ... 

Histogram: Compositing.Display.VizScheduledDrawToGpuStartedDrawUs recorded 7 samples, mean = 38.1 (flags = 0x41)
0   ... 
12  -O                                                                        (1 = 14.3%) {0.0%}
15  --O                                                                       (2 = 28.6%) {14.3%}
18  -O                                                                        (1 = 14.3%) {42.9%}
22  ... 
40  -O                                                                        (1 = 14.3%) {57.1%}
49  ... 
72  --O                                                                       (2 = 28.6%) {71.4%}
87  ... 

Histogram: Compositing.MainThreadBlockedDuringCommitTime recorded 1 samples, mean = 3.0 (flags = 0x41)
0  ... 
3  -O                                                                        (1 = 100.0%) {0.0%}
4  ... 

Histogram: Compositing.Renderer.CompositorFrame.Quads recorded 4 samples, mean = 2.0 (flags = 0x41)
0  ... 
2  ----O                                                                     (4 = 100.0%) {0.0%}
3  ... 

Histogram: Compositing.Renderer.LayersUpdateTime recorded 7 samples, mean = 232.9 (flags = 0x41)
0     ... 
6     -O                                                                        (1 = 14.3%) {0.0%}
8     O                                                                         (0 = 0.0%) {14.3%}
11    -O                                                                        (1 = 14.3%) {14.3%}
15    ---O                                                                      (3 = 42.9%) {28.6%}
21    -O                                                                        (1 = 14.3%) {71.4%}
29    ... 
1447  -O                                                                        (1 = 14.3%) {85.7%}
2008  ... 

Histogram: Compositing.Renderer.NumRenderSurfaces recorded 11 samples, mean = 1.0 (flags = 0x41)
0  O                                                                         (0 = 0.0%)
1  -----------O                                                              (11 = 100.0%) {0.0%}
2  ... 

Histogram: Compositing.SurfaceAggregator.AggregateUs recorded 7 samples, mean = 5634.7 (flags = 0x41)
0      ... 
16     -O                                                                        (1 = 14.3%) {0.0%}
21     -O                                                                        (1 = 14.3%) {14.3%}
28     ... 
65     -O                                                                        (1 = 14.3%) {28.6%}
86     ... 
340    -O                                                                        (1 = 14.3%) {42.9%}
448    -O                                                                        (1 = 14.3%) {57.1%}
590    ... 
5338   -O                                                                        (1 = 14.3%) {71.4%}
7031   ... 
27864  -O                                                                        (1 = 14.3%) {85.7%}
36699  ... 

Histogram: Compositing.SurfaceAggregator.CopiedSurfaceCount recorded 7 samples, mean = 1.7 (flags = 0x41)
0  O                                                                         (0 = 0.0%)
1  --O                                                                       (2 = 28.6%) {0.0%}
2  -----O                                                                    (5 = 71.4%) {28.6%}
3  ... 

Histogram: Compositing.SurfaceAggregator.CopyUs recorded 7 samples, mean = 203.6 (flags = 0x41)
0     -O                                                                        (1 = 14.3%)
5     O                                                                         (0 = 0.0%) {14.3%}
6     -O                                                                        (1 = 14.3%) {14.3%}
7     O                                                                         (0 = 0.0%) {28.6%}
8     -O                                                                        (1 = 14.3%) {28.6%}
9     --O                                                                       (2 = 28.6%) {42.9%}
11    ... 
21    -O                                                                        (1 = 14.3%) {71.4%}
25    ... 
1286  -O                                                                        (1 = 14.3%) {85.7%}
1506  ... 

Histogram: Compositing.SurfaceAggregator.HasCopyRequestsPerFrame recorded 7 samples, mean = 0.6 (flags = 0x41)
0  ---O                                                                      (3 = 42.9%)
1  ----O                                                                     (4 = 57.1%) {42.9%}
2  O                                                                         (0 = 0.0%) {100.0%}

Histogram: Compositing.SurfaceAggregator.HasPixelMovingBackdropFiltersPerFrame recorded 7 samples, mean = 0.0 (flags = 0x41)
0  -------O                                                                  (7 = 100.0%)
1  ... 

Histogram: Compositing.SurfaceAggregator.HasPixelMovingFiltersPerFrame recorded 7 samples, mean = 0.0 (flags = 0x41)
0  -------O                                                                  (7 = 100.0%)
1  ... 

Histogram: Compositing.SurfaceAggregator.HasUnembeddedRenderPassesPerFrame recorded 7 samples, mean = 0.0 (flags = 0x41)
0  -------O                                                                  (7 = 100.0%)
1  ... 

Histogram: Compositing.SurfaceAggregator.PrewalkUs recorded 7 samples, mean = 4827.0 (flags = 0x41)
0      ... 
9      --O                                                                       (2 = 28.6%) {0.0%}
11     ... 
55     -O                                                                        (1 = 14.3%) {28.6%}
64     ... 
311    -O                                                                        (1 = 14.3%) {42.9%}
364    ... 
499    -O                                                                        (1 = 14.3%) {57.1%}
584    ... 
1286   -O                                                                        (1 = 14.3%) {71.4%}
1506   ... 
10000  -O                                                                        (1 = 14.3%) {85.7%}

Histogram: Compositing.SurfaceAggregator.PrewalkedSurfaceCount recorded 7 samples, mean = 1.7 (flags = 0x41)
0  O                                                                         (0 = 0.0%)
1  --O                                                                       (2 = 28.6%) {0.0%}
2  -----O                                                                    (5 = 71.4%) {28.6%}
3  ... 

Histogram: Compositing.SurfaceManager.MarkForDestructionToDestroy recorded 1 samples, mean = 803.0 (flags = 0x41)
0    ... 
752  -O                                                                        (1 = 100.0%) {0.0%}
894  ... 

Histogram: Content.Classification.OpenGraph recorded 1 samples, mean = 4.0 (flags = 0x41)
0  ... 
4  -O                                                                        (1 = 100.0%) {0.0%}
5  ... 

Histogram: ContentSettings.AllowStorageAccessSync recorded 4 samples, mean = 0.0 (flags = 0x41)
0  ----O                                                                     (4 = 100.0%)
1  ... 

Histogram: ContentSettings.GetContentSetting.Network.Duration recorded 398 samples, mean = 0.3 (flags = 0x41)
0  ------------------------------------------------------------------------O (298 = 74.9%)
1  --------------------O                                                     (82 = 20.6%) {74.9%}
2  ----O                                                                     (16 = 4.0%) {95.5%}
3  O                                                                         (1 = 0.3%) {99.5%}
4  O                                                                         (1 = 0.3%) {99.7%}
5  ... 

Histogram: ContentSettings.GetCookieSettingInternal.Duration recorded 127 samples, mean = 11.9 (flags = 0x41)
0     --------O                                                                 (8 = 6.3%)
1     --------------------------------------------------------------------O     (68 = 53.5%) {6.3%}
2     ------------O                                                             (12 = 9.4%) {59.8%}
3     -------O                                                                  (7 = 5.5%) {69.3%}
4     ----O                                                                     (4 = 3.1%) {74.8%}
5     --------O                                                                 (8 = 6.3%) {78.0%}
7     -------O                                                                  (7 = 5.5%) {84.3%}
9     O                                                                         (0 = 0.0%) {89.8%}
12    ------O                                                                   (6 = 4.7%) {89.8%}
16    ---O                                                                      (3 = 2.4%) {94.5%}
21    --O                                                                       (2 = 1.6%) {96.9%}
28    -O                                                                        (1 = 0.8%) {98.4%}
37    ... 
1023  -O                                                                        (1 = 0.8%) {99.2%}
1347  ... 

Histogram: ContentSettings.NumberOfExceptions recorded 1 samples, mean = 4.0 (flags = 0x41)
0  ... 
4  -O                                                                        (1 = 100.0%) {0.0%}
5  ... 

Histogram: ContentSettings.Popups.StrongBlockerActions recorded 1 samples, mean = 0.0 (flags = 0x41)
0  -O                                                                        (1 = 100.0%)
1  ... 

Histogram: ContentSettings.RegularProfile.DefaultAutoVerifySetting recorded 1 samples, mean = 1.0 (flags = 0x41)
0  O                                                                         (0 = 0.0%)
1  -O                                                                        (1 = 100.0%) {0.0%}
2  ... 

Histogram: ContentSettings.RegularProfile.DefaultAutoplaySetting recorded 1 samples, mean = 1.0 (flags = 0x41)
0  O                                                                         (0 = 0.0%)
1  -O                                                                        (1 = 100.0%) {0.0%}
2  ... 

Histogram: ContentSettings.RegularProfile.DefaultBackgroundSyncSetting recorded 1 samples, mean = 1.0 (flags = 0x41)
0  O                                                                         (0 = 0.0%)
1  -O                                                                        (1 = 100.0%) {0.0%}
2  ... 

Histogram: ContentSettings.RegularProfile.DefaultCookiesSetting recorded 1 samples, mean = 1.0 (flags = 0x41)
0  O                                                                         (0 = 0.0%)
1  -O                                                                        (1 = 100.0%) {0.0%}
2  ... 

Histogram: ContentSettings.RegularProfile.DefaultIdleDetectionSetting recorded 1 samples, mean = 3.0 (flags = 0x41)
0  ... 
3  -O                                                                        (1 = 100.0%) {0.0%}
4  ... 

Histogram: ContentSettings.RegularProfile.DefaultImagesSetting recorded 1 samples, mean = 1.0 (flags = 0x41)
0  O                                                                         (0 = 0.0%)
1  -O                                                                        (1 = 100.0%) {0.0%}
2  ... 

Histogram: ContentSettings.RegularProfile.DefaultJavaScriptSetting recorded 1 samples, mean = 1.0 (flags = 0x41)
0  O                                                                         (0 = 0.0%)
1  -O                                                                        (1 = 100.0%) {0.0%}
2  ... 

Histogram: ContentSettings.RegularProfile.DefaultLocationSetting recorded 1 samples, mean = 3.0 (flags = 0x41)
0  ... 
3  -O                                                                        (1 = 100.0%) {0.0%}
4  ... 

Histogram: ContentSettings.RegularProfile.DefaultMIDISysExSetting recorded 1 samples, mean = 3.0 (flags = 0x41)
0  ... 
3  -O                                                                        (1 = 100.0%) {0.0%}
4  ... 

Histogram: ContentSettings.RegularProfile.DefaultMediaStreamCameraSetting recorded 1 samples, mean = 3.0 (flags = 0x41)
0  ... 
3  -O                                                                        (1 = 100.0%) {0.0%}
4  ... 

Histogram: ContentSettings.RegularProfile.DefaultMediaStreamMicSetting recorded 1 samples, mean = 3.0 (flags = 0x41)
0  ... 
3  -O                                                                        (1 = 100.0%) {0.0%}
4  ... 

Histogram: ContentSettings.RegularProfile.DefaultNotificationsSetting recorded 1 samples, mean = 3.0 (flags = 0x41)
0  ... 
3  -O                                                                        (1 = 100.0%) {0.0%}
4  ... 

Histogram: ContentSettings.RegularProfile.DefaultPopupsSetting recorded 1 samples, mean = 2.0 (flags = 0x41)
0  ... 
2  -O                                                                        (1 = 100.0%) {0.0%}
3  ... 

Histogram: ContentSettings.RegularProfile.DefaultSoundSetting recorded 1 samples, mean = 1.0 (flags = 0x41)
0  O                                                                         (0 = 0.0%)
1  -O                                                                        (1 = 100.0%) {0.0%}
2  ... 

Histogram: ContentSettings.RegularProfile.DefaultStorageAccessSetting recorded 1 samples, mean = 3.0 (flags = 0x41)
0  ... 
3  -O                                                                        (1 = 100.0%) {0.0%}
4  ... 

Histogram: ContentSettings.RegularProfile.DefaultSubresourceFilterSetting recorded 1 samples, mean = 2.0 (flags = 0x41)
0  ... 
2  -O                                                                        (1 = 100.0%) {0.0%}
3  ... 

Histogram: ContentSettings.RegularProfile.DefaultUsbGuardSetting recorded 1 samples, mean = 3.0 (flags = 0x41)
0  ... 
3  -O                                                                        (1 = 100.0%) {0.0%}
4  ... 

Histogram: ContentSettings.RegularProfile.DefaultWebBluetoothGuardSetting recorded 1 samples, mean = 3.0 (flags = 0x41)
0  ... 
3  -O                                                                        (1 = 100.0%) {0.0%}
4  ... 

Histogram: ContentSettings.RegularProfile.Exceptions.3pcd-heuristics-grants recorded 1 samples, mean = 0.0 (flags = 0x41)
0  -O                                                                        (1 = 100.0%)
1  ... 

Histogram: ContentSettings.RegularProfile.Exceptions.3pcd-support recorded 1 samples, mean = 0.0 (flags = 0x41)
0  -O                                                                        (1 = 100.0%)
1  ... 

Histogram: ContentSettings.RegularProfile.Exceptions.abusive-notification-permissions recorded 1 samples, mean = 0.0 (flags = 0x41)
0  -O                                                                        (1 = 100.0%)
1  ... 

Histogram: ContentSettings.RegularProfile.Exceptions.access-to-get-all-screens-media-in-session recorded 1 samples, mean = 0.0 (flags = 0x41)
0  -O                                                                        (1 = 100.0%)
1  ... 

Histogram: ContentSettings.RegularProfile.Exceptions.accessibility-events recorded 1 samples, mean = 0.0 (flags = 0x41)
0  -O                                                                        (1 = 100.0%)
1  ... 

Histogram: ContentSettings.RegularProfile.Exceptions.anti-abuse recorded 1 samples, mean = 0.0 (flags = 0x41)
0  -O                                                                        (1 = 100.0%)
1  ... 

Histogram: ContentSettings.RegularProfile.Exceptions.app-banner recorded 1 samples, mean = 0.0 (flags = 0x41)
0  -O                                                                        (1 = 100.0%)
1  ... 

Histogram: ContentSettings.RegularProfile.Exceptions.ar recorded 1 samples, mean = 0.0 (flags = 0x41)
0  -O                                                                        (1 = 100.0%)
1  ... 

Histogram: ContentSettings.RegularProfile.Exceptions.auto-picture-in-picture recorded 1 samples, mean = 0.0 (flags = 0x41)
0  -O                                                                        (1 = 100.0%)
1  ... 

Histogram: ContentSettings.RegularProfile.Exceptions.auto-select-certificate recorded 1 samples, mean = 0.0 (flags = 0x41)
0  -O                                                                        (1 = 100.0%)
1  ... 

Histogram: ContentSettings.RegularProfile.Exceptions.automatic-downloads recorded 1 samples, mean = 0.0 (flags = 0x41)
0  -O                                                                        (1 = 100.0%)
1  ... 

Histogram: ContentSettings.RegularProfile.Exceptions.automatic-fullscreen recorded 1 samples, mean = 0.0 (flags = 0x41)
0  -O                                                                        (1 = 100.0%)
1  ... 

Histogram: ContentSettings.RegularProfile.Exceptions.autoplay recorded 1 samples, mean = 0.0 (flags = 0x41)
0  -O                                                                        (1 = 100.0%)
1  ... 

Histogram: ContentSettings.RegularProfile.Exceptions.background-sync recorded 1 samples, mean = 0.0 (flags = 0x41)
0  -O                                                                        (1 = 100.0%)
1  ... 

Histogram: ContentSettings.RegularProfile.Exceptions.bluetooth-chooser-data recorded 1 samples, mean = 0.0 (flags = 0x41)
0  -O                                                                        (1 = 100.0%)
1  ... 

Histogram: ContentSettings.RegularProfile.Exceptions.bluetooth-guard recorded 1 samples, mean = 0.0 (flags = 0x41)
0  -O                                                                        (1 = 100.0%)
1  ... 

Histogram: ContentSettings.RegularProfile.Exceptions.bluetooth-scanning recorded 1 samples, mean = 0.0 (flags = 0x41)
0  -O                                                                        (1 = 100.0%)
1  ... 

Histogram: ContentSettings.RegularProfile.Exceptions.camera-pan-tilt-zoom recorded 1 samples, mean = 0.0 (flags = 0x41)
0  -O                                                                        (1 = 100.0%)
1  ... 

Histogram: ContentSettings.RegularProfile.Exceptions.captured-surface-control recorded 1 samples, mean = 0.0 (flags = 0x41)
0  -O                                                                        (1 = 100.0%)
1  ... 

Histogram: ContentSettings.RegularProfile.Exceptions.client-hints recorded 1 samples, mean = 1.0 (flags = 0x41)
0  O                                                                         (0 = 0.0%)
1  -O                                                                        (1 = 100.0%) {0.0%}
2  ... 

Histogram: ContentSettings.RegularProfile.Exceptions.clipboard recorded 1 samples, mean = 0.0 (flags = 0x41)
0  -O                                                                        (1 = 100.0%)
1  ... 

Histogram: ContentSettings.RegularProfile.Exceptions.cookie-controls-metadata recorded 1 samples, mean = 0.0 (flags = 0x41)
0  -O                                                                        (1 = 100.0%)
1  ... 

Histogram: ContentSettings.RegularProfile.Exceptions.cookies recorded 1 samples, mean = 0.0 (flags = 0x41)
0  -O                                                                        (1 = 100.0%)
1  ... 

Histogram: ContentSettings.RegularProfile.Exceptions.cookies.Allow recorded 1 samples, mean = 0.0 (flags = 0x41)
0  -O                                                                        (1 = 100.0%)
1  ... 

Histogram: ContentSettings.RegularProfile.Exceptions.cookies.AllowThirdParty recorded 1 samples, mean = 0.0 (flags = 0x41)
0  -O                                                                        (1 = 100.0%)
1  ... 

Histogram: ContentSettings.RegularProfile.Exceptions.cookies.Block recorded 1 samples, mean = 0.0 (flags = 0x41)
0  -O                                                                        (1 = 100.0%)
1  ... 

Histogram: ContentSettings.RegularProfile.Exceptions.cookies.DomainWildcardAllowThirdParty recorded 1 samples, mean = 0.0 (flags = 0x41)
0  -O                                                                        (1 = 100.0%)
1  ... 

Histogram: ContentSettings.RegularProfile.Exceptions.cookies.SessionOnly recorded 1 samples, mean = 0.0 (flags = 0x41)
0  -O                                                                        (1 = 100.0%)
1  ... 

Histogram: ContentSettings.RegularProfile.Exceptions.cookies.TemporaryAllowThirdParty recorded 1 samples, mean = 0.0 (flags = 0x41)
0  -O                                                                        (1 = 100.0%)
1  ... 

Histogram: ContentSettings.RegularProfile.Exceptions.direct-sockets recorded 1 samples, mean = 0.0 (flags = 0x41)
0  -O                                                                        (1 = 100.0%)
1  ... 

Histogram: ContentSettings.RegularProfile.Exceptions.display-media-system-audio recorded 1 samples, mean = 0.0 (flags = 0x41)
0  -O                                                                        (1 = 100.0%)
1  ... 

Histogram: ContentSettings.RegularProfile.Exceptions.durable-storage recorded 1 samples, mean = 0.0 (flags = 0x41)
0  -O                                                                        (1 = 100.0%)
1  ... 

Histogram: ContentSettings.RegularProfile.Exceptions.fedcm-idp-registration recorded 1 samples, mean = 0.0 (flags = 0x41)
0  -O                                                                        (1 = 100.0%)
1  ... 

Histogram: ContentSettings.RegularProfile.Exceptions.fedcm-idp-signin recorded 1 samples, mean = 1.0 (flags = 0x41)
0  O                                                                         (0 = 0.0%)
1  -O                                                                        (1 = 100.0%) {0.0%}
2  ... 

Histogram: ContentSettings.RegularProfile.Exceptions.fedcm-share recorded 1 samples, mean = 0.0 (flags = 0x41)
0  -O                                                                        (1 = 100.0%)
1  ... 

Histogram: ContentSettings.RegularProfile.Exceptions.file-system-access-chooser-data recorded 1 samples, mean = 0.0 (flags = 0x41)
0  -O                                                                        (1 = 100.0%)
1  ... 

Histogram: ContentSettings.RegularProfile.Exceptions.file-system-access-extended-permission recorded 1 samples, mean = 0.0 (flags = 0x41)
0  -O                                                                        (1 = 100.0%)
1  ... 

Histogram: ContentSettings.RegularProfile.Exceptions.file-system-access-restore-permission recorded 1 samples, mean = 0.0 (flags = 0x41)
0  -O                                                                        (1 = 100.0%)
1  ... 

Histogram: ContentSettings.RegularProfile.Exceptions.file-system-last-picked-directory recorded 1 samples, mean = 0.0 (flags = 0x41)
0  -O                                                                        (1 = 100.0%)
1  ... 

Histogram: ContentSettings.RegularProfile.Exceptions.file-system-read-guard recorded 1 samples, mean = 0.0 (flags = 0x41)
0  -O                                                                        (1 = 100.0%)
1  ... 

Histogram: ContentSettings.RegularProfile.Exceptions.file-system-write-guard recorded 1 samples, mean = 0.0 (flags = 0x41)
0  -O                                                                        (1 = 100.0%)
1  ... 

Histogram: ContentSettings.RegularProfile.Exceptions.formfill-metadata recorded 1 samples, mean = 0.0 (flags = 0x41)
0  -O                                                                        (1 = 100.0%)
1  ... 

Histogram: ContentSettings.RegularProfile.Exceptions.geolocation recorded 1 samples, mean = 0.0 (flags = 0x41)
0  -O                                                                        (1 = 100.0%)
1  ... 

Histogram: ContentSettings.RegularProfile.Exceptions.hid-chooser-data recorded 1 samples, mean = 0.0 (flags = 0x41)
0  -O                                                                        (1 = 100.0%)
1  ... 

Histogram: ContentSettings.RegularProfile.Exceptions.hid-guard recorded 1 samples, mean = 0.0 (flags = 0x41)
0  -O                                                                        (1 = 100.0%)
1  ... 

Histogram: ContentSettings.RegularProfile.Exceptions.http-allowed recorded 1 samples, mean = 0.0 (flags = 0x41)
0  -O                                                                        (1 = 100.0%)
1  ... 

Histogram: ContentSettings.RegularProfile.Exceptions.https-enforced recorded 1 samples, mean = 0.0 (flags = 0x41)
0  -O                                                                        (1 = 100.0%)
1  ... 

Histogram: ContentSettings.RegularProfile.Exceptions.idle-detection recorded 1 samples, mean = 0.0 (flags = 0x41)
0  -O                                                                        (1 = 100.0%)
1  ... 

Histogram: ContentSettings.RegularProfile.Exceptions.images recorded 1 samples, mean = 0.0 (flags = 0x41)
0  -O                                                                        (1 = 100.0%)
1  ... 

Histogram: ContentSettings.RegularProfile.Exceptions.important-site-info recorded 1 samples, mean = 0.0 (flags = 0x41)
0  -O                                                                        (1 = 100.0%)
1  ... 

Histogram: ContentSettings.RegularProfile.Exceptions.insecure-private-network recorded 1 samples, mean = 0.0 (flags = 0x41)
0  -O                                                                        (1 = 100.0%)
1  ... 

Histogram: ContentSettings.RegularProfile.Exceptions.intent-picker-auto-display recorded 1 samples, mean = 0.0 (flags = 0x41)
0  -O                                                                        (1 = 100.0%)
1  ... 

Histogram: ContentSettings.RegularProfile.Exceptions.javascript recorded 1 samples, mean = 0.0 (flags = 0x41)
0  -O                                                                        (1 = 100.0%)
1  ... 

Histogram: ContentSettings.RegularProfile.Exceptions.javascript-jit recorded 1 samples, mean = 0.0 (flags = 0x41)
0  -O                                                                        (1 = 100.0%)
1  ... 

Histogram: ContentSettings.RegularProfile.Exceptions.javascript-optimizer recorded 1 samples, mean = 0.0 (flags = 0x41)
0  -O                                                                        (1 = 100.0%)
1  ... 

Histogram: ContentSettings.RegularProfile.Exceptions.keyboard-lock recorded 1 samples, mean = 0.0 (flags = 0x41)
0  -O                                                                        (1 = 100.0%)
1  ... 

Histogram: ContentSettings.RegularProfile.Exceptions.legacy-cookie-access recorded 1 samples, mean = 0.0 (flags = 0x41)
0  -O                                                                        (1 = 100.0%)
1  ... 

Histogram: ContentSettings.RegularProfile.Exceptions.local-fonts recorded 1 samples, mean = 0.0 (flags = 0x41)
0  -O                                                                        (1 = 100.0%)
1  ... 

Histogram: ContentSettings.RegularProfile.Exceptions.media-engagement recorded 1 samples, mean = 1.0 (flags = 0x41)
0  O                                                                         (0 = 0.0%)
1  -O                                                                        (1 = 100.0%) {0.0%}
2  ... 

Histogram: ContentSettings.RegularProfile.Exceptions.media-stream-camera recorded 1 samples, mean = 0.0 (flags = 0x41)
0  -O                                                                        (1 = 100.0%)
1  ... 

Histogram: ContentSettings.RegularProfile.Exceptions.media-stream-mic recorded 1 samples, mean = 0.0 (flags = 0x41)
0  -O                                                                        (1 = 100.0%)
1  ... 

Histogram: ContentSettings.RegularProfile.Exceptions.midi-sysex recorded 1 samples, mean = 0.0 (flags = 0x41)
0  -O                                                                        (1 = 100.0%)
1  ... 

Histogram: ContentSettings.RegularProfile.Exceptions.mixed-script recorded 1 samples, mean = 0.0 (flags = 0x41)
0  -O                                                                        (1 = 100.0%)
1  ... 

Histogram: ContentSettings.RegularProfile.Exceptions.nfc-devices recorded 1 samples, mean = 0.0 (flags = 0x41)
0  -O                                                                        (1 = 100.0%)
1  ... 

Histogram: ContentSettings.RegularProfile.Exceptions.notification-interactions recorded 1 samples, mean = 0.0 (flags = 0x41)
0  -O                                                                        (1 = 100.0%)
1  ... 

Histogram: ContentSettings.RegularProfile.Exceptions.notification-permission-review recorded 1 samples, mean = 0.0 (flags = 0x41)
0  -O                                                                        (1 = 100.0%)
1  ... 

Histogram: ContentSettings.RegularProfile.Exceptions.notifications recorded 1 samples, mean = 0.0 (flags = 0x41)
0  -O                                                                        (1 = 100.0%)
1  ... 

Histogram: ContentSettings.RegularProfile.Exceptions.password-protection recorded 1 samples, mean = 0.0 (flags = 0x41)
0  -O                                                                        (1 = 100.0%)
1  ... 

Histogram: ContentSettings.RegularProfile.Exceptions.payment-handler recorded 1 samples, mean = 0.0 (flags = 0x41)
0  -O                                                                        (1 = 100.0%)
1  ... 

Histogram: ContentSettings.RegularProfile.Exceptions.permission-autoblocking-data recorded 1 samples, mean = 0.0 (flags = 0x41)
0  -O                                                                        (1 = 100.0%)
1  ... 

Histogram: ContentSettings.RegularProfile.Exceptions.permission-autorevocation-data recorded 1 samples, mean = 0.0 (flags = 0x41)
0  -O                                                                        (1 = 100.0%)
1  ... 

Histogram: ContentSettings.RegularProfile.Exceptions.pointer-lock recorded 1 samples, mean = 0.0 (flags = 0x41)
0  -O                                                                        (1 = 100.0%)
1  ... 

Histogram: ContentSettings.RegularProfile.Exceptions.popups recorded 1 samples, mean = 0.0 (flags = 0x41)
0  -O                                                                        (1 = 100.0%)
1  ... 

Histogram: ContentSettings.RegularProfile.Exceptions.popups.Allow recorded 1 samples, mean = 0.0 (flags = 0x41)
0  -O                                                                        (1 = 100.0%)
1  ... 

Histogram: ContentSettings.RegularProfile.Exceptions.popups.Block recorded 1 samples, mean = 0.0 (flags = 0x41)
0  -O                                                                        (1 = 100.0%)
1  ... 

Histogram: ContentSettings.RegularProfile.Exceptions.private-network-chooser-data recorded 1 samples, mean = 0.0 (flags = 0x41)
0  -O                                                                        (1 = 100.0%)
1  ... 

Histogram: ContentSettings.RegularProfile.Exceptions.private-network-guard recorded 1 samples, mean = 0.0 (flags = 0x41)
0  -O                                                                        (1 = 100.0%)
1  ... 

Histogram: ContentSettings.RegularProfile.Exceptions.protected-media-identifier recorded 1 samples, mean = 0.0 (flags = 0x41)
0  -O                                                                        (1 = 100.0%)
1  ... 

Histogram: ContentSettings.RegularProfile.Exceptions.protocol-handler recorded 1 samples, mean = 0.0 (flags = 0x41)
0  -O                                                                        (1 = 100.0%)
1  ... 

Histogram: ContentSettings.RegularProfile.Exceptions.reduced-accept-language recorded 1 samples, mean = 0.0 (flags = 0x41)
0  -O                                                                        (1 = 100.0%)
1  ... 

Histogram: ContentSettings.RegularProfile.Exceptions.safe-browsing-url-check-data recorded 1 samples, mean = 0.0 (flags = 0x41)
0  -O                                                                        (1 = 100.0%)
1  ... 

Histogram: ContentSettings.RegularProfile.Exceptions.sensors recorded 1 samples, mean = 0.0 (flags = 0x41)
0  -O                                                                        (1 = 100.0%)
1  ... 

Histogram: ContentSettings.RegularProfile.Exceptions.serial-chooser-data recorded 1 samples, mean = 0.0 (flags = 0x41)
0  -O                                                                        (1 = 100.0%)
1  ... 

Histogram: ContentSettings.RegularProfile.Exceptions.serial-guard recorded 1 samples, mean = 0.0 (flags = 0x41)
0  -O                                                                        (1 = 100.0%)
1  ... 

Histogram: ContentSettings.RegularProfile.Exceptions.site-engagement recorded 1 samples, mean = 1.0 (flags = 0x41)
0  O                                                                         (0 = 0.0%)
1  -O                                                                        (1 = 100.0%) {0.0%}
2  ... 

Histogram: ContentSettings.RegularProfile.Exceptions.sound recorded 1 samples, mean = 0.0 (flags = 0x41)
0  -O                                                                        (1 = 100.0%)
1  ... 

Histogram: ContentSettings.RegularProfile.Exceptions.speaker-selection recorded 1 samples, mean = 0.0 (flags = 0x41)
0  -O                                                                        (1 = 100.0%)
1  ... 

Histogram: ContentSettings.RegularProfile.Exceptions.ssl-cert-decisions recorded 1 samples, mean = 0.0 (flags = 0x41)
0  -O                                                                        (1 = 100.0%)
1  ... 

Histogram: ContentSettings.RegularProfile.Exceptions.storage-access recorded 1 samples, mean = 0.0 (flags = 0x41)
0  -O                                                                        (1 = 100.0%)
1  ... 

Histogram: ContentSettings.RegularProfile.Exceptions.storage-access-header-origin-trial recorded 1 samples, mean = 0.0 (flags = 0x41)
0  -O                                                                        (1 = 100.0%)
1  ... 

Histogram: ContentSettings.RegularProfile.Exceptions.storage-access.Allow recorded 1 samples, mean = 0.0 (flags = 0x41)
0  -O                                                                        (1 = 100.0%)
1  ... 

Histogram: ContentSettings.RegularProfile.Exceptions.storage-access.Ask recorded 1 samples, mean = 0.0 (flags = 0x41)
0  -O                                                                        (1 = 100.0%)
1  ... 

Histogram: ContentSettings.RegularProfile.Exceptions.storage-access.Block recorded 1 samples, mean = 0.0 (flags = 0x41)
0  -O                                                                        (1 = 100.0%)
1  ... 

Histogram: ContentSettings.RegularProfile.Exceptions.storage-access.MaxRequester recorded 1 samples, mean = 0.0 (flags = 0x41)
0  -O                                                                        (1 = 100.0%)
1  ... 

Histogram: ContentSettings.RegularProfile.Exceptions.storage-access.MaxTopLevel recorded 1 samples, mean = 0.0 (flags = 0x41)
0  -O                                                                        (1 = 100.0%)
1  ... 

Histogram: ContentSettings.RegularProfile.Exceptions.subresource-filter recorded 1 samples, mean = 0.0 (flags = 0x41)
0  -O                                                                        (1 = 100.0%)
1  ... 

Histogram: ContentSettings.RegularProfile.Exceptions.subresource-filter-data recorded 1 samples, mean = 0.0 (flags = 0x41)
0  -O                                                                        (1 = 100.0%)
1  ... 

Histogram: ContentSettings.RegularProfile.Exceptions.subresource-filter.Allow recorded 1 samples, mean = 0.0 (flags = 0x41)
0  -O                                                                        (1 = 100.0%)
1  ... 

Histogram: ContentSettings.RegularProfile.Exceptions.subresource-filter.Block recorded 1 samples, mean = 0.0 (flags = 0x41)
0  -O                                                                        (1 = 100.0%)
1  ... 

Histogram: ContentSettings.RegularProfile.Exceptions.third-party-storage-partitioning recorded 1 samples, mean = 0.0 (flags = 0x41)
0  -O                                                                        (1 = 100.0%)
1  ... 

Histogram: ContentSettings.RegularProfile.Exceptions.top-level-3pcd-origin-trial recorded 1 samples, mean = 0.0 (flags = 0x41)
0  -O                                                                        (1 = 100.0%)
1  ... 

Histogram: ContentSettings.RegularProfile.Exceptions.top-level-3pcd-support recorded 1 samples, mean = 0.0 (flags = 0x41)
0  -O                                                                        (1 = 100.0%)
1  ... 

Histogram: ContentSettings.RegularProfile.Exceptions.top-level-storage-access recorded 1 samples, mean = 0.0 (flags = 0x41)
0  -O                                                                        (1 = 100.0%)
1  ... 

Histogram: ContentSettings.RegularProfile.Exceptions.tracking-protection recorded 1 samples, mean = 0.0 (flags = 0x41)
0  -O                                                                        (1 = 100.0%)
1  ... 

Histogram: ContentSettings.RegularProfile.Exceptions.tracking-protection.Allow recorded 1 samples, mean = 0.0 (flags = 0x41)
0  -O                                                                        (1 = 100.0%)
1  ... 

Histogram: ContentSettings.RegularProfile.Exceptions.tracking-protection.Block recorded 1 samples, mean = 0.0 (flags = 0x41)
0  -O                                                                        (1 = 100.0%)
1  ... 

Histogram: ContentSettings.RegularProfile.Exceptions.unused-site-permissions recorded 1 samples, mean = 0.0 (flags = 0x41)
0  -O                                                                        (1 = 100.0%)
1  ... 

Histogram: ContentSettings.RegularProfile.Exceptions.usb-chooser-data recorded 1 samples, mean = 0.0 (flags = 0x41)
0  -O                                                                        (1 = 100.0%)
1  ... 

Histogram: ContentSettings.RegularProfile.Exceptions.usb-guard recorded 1 samples, mean = 0.0 (flags = 0x41)
0  -O                                                                        (1 = 100.0%)
1  ... 

Histogram: ContentSettings.RegularProfile.Exceptions.vr recorded 1 samples, mean = 0.0 (flags = 0x41)
0  -O                                                                        (1 = 100.0%)
1  ... 

Histogram: ContentSettings.RegularProfile.Exceptions.webid-api recorded 1 samples, mean = 0.0 (flags = 0x41)
0  -O                                                                        (1 = 100.0%)
1  ... 

Histogram: ContentSettings.RegularProfile.Exceptions.webid-auto-reauthn recorded 1 samples, mean = 0.0 (flags = 0x41)
0  -O                                                                        (1 = 100.0%)
1  ... 

Histogram: ContentSettings.RegularProfile.Exceptions.window-placement recorded 1 samples, mean = 0.0 (flags = 0x41)
0  -O                                                                        (1 = 100.0%)
1  ... 

Histogram: Conversions.DelayOnAttestationsLoaded recorded 1 samples, mean = 300000.0 (flags = 0x41)
0       ... 
300000  -O                                                                        (1 = 100.0%) {0.0%}

Histogram: Cookie.ClockSkew.AddMinutes recorded 6 samples, mean = 0.0 (flags = 0x41)
0  ------O                                                                   (6 = 100.0%)
1  ... 

Histogram: Cookie.ClockSkew.AddMinutes12To24Hours recorded 6 samples, mean = 0.0 (flags = 0x41)
0  ------O                                                                   (6 = 100.0%)
720... 

Histogram: Cookie.ClockSkew.ExpiredWithoutSkew recorded 6 samples, mean = 0.0 (flags = 0x41)
0  ------O                                                                   (6 = 100.0%)
1  ... 

Histogram: Cookie.CookiePrefix recorded 7 samples, mean = 0.0 (flags = 0x41)
0  -------O                                                                  (7 = 100.0%)
1  ... 

Histogram: Cookie.CookieSchemeRequestScheme recorded 74 samples, mean = 2.0 (flags = 0x41)
0  ... 
2  ------------------------------------------------------------------------O (74 = 100.0%) {0.0%}
3  ... 

Histogram: Cookie.CookieSourceScheme recorded 7 samples, mean = 0.0 (flags = 0x41)
0  -------O                                                                  (7 = 100.0%)
1  ... 

Histogram: Cookie.CookieSourceSchemeName recorded 7 samples, mean = 14.0 (flags = 0x41)
0   ... 
14  -------O                                                                  (7 = 100.0%) {0.0%}
15  ... 

Histogram: Cookie.CrossSiteRedirectType.Read recorded 118 samples, mean = 1.0 (flags = 0x41)
0  O                                                                         (0 = 0.0%)
1  ------------------------------------------------------------------------O (118 = 100.0%) {0.0%}
2  ... 

Histogram: Cookie.CrossSiteRedirectType.Write recorded 7 samples, mean = 1.0 (flags = 0x41)
0  O                                                                         (0 = 0.0%)
1  -------O                                                                  (7 = 100.0%) {0.0%}
2  ... 

Histogram: Cookie.DaysSinceRefreshForRetrieval recorded 4 samples, mean = 0.0 (flags = 0x41)
0  ----O                                                                     (4 = 100.0%)
1  ... 

Histogram: Cookie.DomainHasNonASCII recorded 7 samples, mean = 0.0 (flags = 0x41)
0  -------O                                                                  (7 = 100.0%)
1  ... 

Histogram: Cookie.DomainSet recorded 7 samples, mean = 1.0 (flags = 0x41)
0  O                                                                         (0 = 0.0%)
1  -------O                                                                  (7 = 100.0%) {0.0%}
2  O                                                                         (0 = 0.0%) {100.0%}

Histogram: Cookie.DoubleUnderscorePrefixedName recorded 7 samples, mean = 0.7 (flags = 0x41)
0  --O                                                                       (2 = 28.6%)
1  -----O                                                                    (5 = 71.4%) {28.6%}
2  O                                                                         (0 = 0.0%) {100.0%}

Histogram: Cookie.ExpirationDuration400DaysLTE recorded 6 samples, mean = 60.8 (flags = 0x41)
0    -----O                                                                    (5 = 83.3%)
1    ... 
364  -O                                                                        (1 = 16.7%) {83.3%}
400  O                                                                         (0 = 0.0%) {100.0%}

Histogram: Cookie.ExpirationDurationMinutesSecure recorded 6 samples, mean = 87625.0 (flags = 0x41)
0       ... 
26      -----O                                                                    (5 = 83.3%) {0.0%}
36      ... 
429766  -O                                                                        (1 = 16.7%) {83.3%}
587706  ... 

Histogram: Cookie.FirstPartyPartitioned.HasCrossSiteAncestor recorded 44 samples, mean = 0.0 (flags = 0x41)
0  --------------------------------------------O                             (44 = 100.0%)
1  ... 

Histogram: Cookie.FirstPartySets.Browser.DelayedQueriesCount recorded 1 samples, mean = 2.0 (flags = 0x41)
0  ... 
2  -O                                                                        (1 = 100.0%) {0.0%}
3  ... 

Histogram: Cookie.FirstPartySets.Browser.MostDelayedQueryDelta recorded 1 samples, mean = 1144.0 (flags = 0x41)
0     ... 
1062  -O                                                                        (1 = 100.0%) {0.0%}
1262  ... 

Histogram: Cookie.FirstPartySets.ComponentSetsNonfatalErrors recorded 1 samples, mean = 0.0 (flags = 0x41)
0  -O                                                                        (1 = 100.0%)
1  ... 

Histogram: Cookie.FirstPartySets.ComponentSetsParsedSuccessfully recorded 1 samples, mean = 0.0 (flags = 0x41)
0  -O                                                                        (1 = 100.0%)
1  ... 

Histogram: Cookie.FirstPartySets.ContextDelayedQueriesCount recorded 1 samples, mean = 0.0 (flags = 0x41)
0  -O                                                                        (1 = 100.0%)
1  ... 

Histogram: Cookie.FirstPartySets.ContextMostDelayedQueryDelta recorded 1 samples, mean = 0.0 (flags = 0x41)
0  -O                                                                        (1 = 100.0%)
1  ... 

Histogram: Cookie.FirstPartySets.EnqueueingDelay.ContextConfig2 recorded 1 samples, mean = 326.0 (flags = 0x41)
0    ... 
318  -O                                                                        (1 = 100.0%) {0.0%}
378  ... 

Histogram: Cookie.FirstPartySets.InitializationDuration.ContextReadyToServeQueries2 recorded 1 samples, mean = 4944.0 (flags = 0x41)
0     ... 
4222  -O                                                                        (1 = 100.0%) {0.0%}
5017  ... 

Histogram: Cookie.FirstPartySets.InitializationDuration.ReadCommandLineSet2 recorded 1 samples, mean = 1179.0 (flags = 0x41)
0     ... 
1062  -O                                                                        (1 = 100.0%) {0.0%}
1262  ... 

Histogram: Cookie.FirstPartySets.InitializationDuration.ReadComponentSets2 recorded 1 samples, mean = 35.0 (flags = 0x41)
0   ... 
34  -O                                                                        (1 = 100.0%) {0.0%}
40  ... 

Histogram: Cookie.FirstPartySets.InitializationDuration.ReadyToServeQueries2 recorded 1 samples, mean = 1091.0 (flags = 0x41)
0     ... 
1062  -O                                                                        (1 = 100.0%) {0.0%}
1262  ... 

Histogram: Cookie.FirstPartySets.Network.DelayedQueriesCount recorded 1 samples, mean = 0.0 (flags = 0x41)
0  -O                                                                        (1 = 100.0%)
1  ... 

Histogram: Cookie.FirstPartySets.Network.MostDelayedQueryDelta recorded 1 samples, mean = 0.0 (flags = 0x41)
0  -O                                                                        (1 = 100.0%)
1  ... 

Histogram: Cookie.FirstPartySets.ProcessedEntireComponent recorded 1 samples, mean = 1.0 (flags = 0x41)
0  O                                                                         (0 = 0.0%)
1  -O                                                                        (1 = 100.0%) {0.0%}
2  O                                                                         (0 = 0.0%) {100.0%}

Histogram: Cookie.FromStorageWithValidLength recorded 79 samples, mean = 1.0 (flags = 0x41)
0  O                                                                         (0 = 0.0%)
1  ------------------------------------------------------------------------O (79 = 100.0%) {0.0%}
2  O                                                                         (0 = 0.0%) {100.0%}

Histogram: Cookie.HasNonASCII.Name recorded 7 samples, mean = 0.0 (flags = 0x41)
0  -------O                                                                  (7 = 100.0%)
1  ... 

Histogram: Cookie.HasNonASCII.Value recorded 7 samples, mean = 0.0 (flags = 0x41)
0  -------O                                                                  (7 = 100.0%)
1  ... 

Histogram: Cookie.IncludedRequestEffectiveSameSite recorded 120 samples, mean = 0.0 (flags = 0x41)
0  ------------------------------------------------------------------------O (120 = 100.0%)
1  ... 

Histogram: Cookie.IncludedResponseEffectiveSameSite recorded 7 samples, mean = 0.0 (flags = 0x41)
0  -------O                                                                  (7 = 100.0%)
1  ... 

Histogram: Cookie.IsPartitionedValid recorded 1 samples, mean = 1.0 (flags = 0x41)
0  O                                                                         (0 = 0.0%)
1  -O                                                                        (1 = 100.0%) {0.0%}
2  O                                                                         (0 = 0.0%) {100.0%}

Histogram: Cookie.NameOrValueHtab recorded 7 samples, mean = 0.0 (flags = 0x41)
0  -------O                                                                  (7 = 100.0%)
1  ... 

Histogram: Cookie.OnCookiesAccessed.BatchSize recorded 8 samples, mean = 1.4 (flags = 0x41)
0  O                                                                         (0 = 0.0%)
1  -----O                                                                    (5 = 62.5%) {0.0%}
2  ---O                                                                      (3 = 37.5%) {62.5%}
3  ... 

Histogram: Cookie.OnCookiesAccessed.TotalAccesses recorded 8 samples, mean = 2.4 (flags = 0x41)
0  O                                                                         (0 = 0.0%)
1  -O                                                                        (1 = 12.5%) {0.0%}
2  ----O                                                                     (4 = 50.0%) {12.5%}
3  --O                                                                       (2 = 25.0%) {62.5%}
4  -O                                                                        (1 = 12.5%) {87.5%}
5  ... 

Histogram: Cookie.PartitionedCookiesInRequest recorded 38 samples, mean = 1.0 (flags = 0x41)
0  O                                                                         (0 = 0.0%)
1  --------------------------------------O                                   (38 = 100.0%) {0.0%}
2  ... 

Histogram: Cookie.Port.Read.RemoteHost recorded 114 samples, mean = 7.0 (flags = 0x41)
0  ... 
7  ------------------------------------------------------------------------O (114 = 100.0%) {0.0%}
8  ... 

Histogram: Cookie.Port.ReadDiffersFromSet.DomainSet recorded 114 samples, mean = 4.0 (flags = 0x41)
0  ... 
4  ------------------------------------------------------------------------O (114 = 100.0%) {0.0%}
5  O                                                                         (0 = 0.0%) {100.0%}

Histogram: Cookie.Port.ReadDiffersFromSet.RemoteHost recorded 114 samples, mean = 4.0 (flags = 0x41)
0  ... 
4  ------------------------------------------------------------------------O (114 = 100.0%) {0.0%}
5  O                                                                         (0 = 0.0%) {100.0%}

Histogram: Cookie.Port.Set.RemoteHost recorded 7 samples, mean = 7.0 (flags = 0x41)
0  ... 
7  -------O                                                                  (7 = 100.0%) {0.0%}
8  ... 

Histogram: Cookie.RequestSameSiteContext recorded 124 samples, mean = 3.0 (flags = 0x41)
0  -O                                                                        (2 = 1.6%)
1  ... 
3  ------------------------------------------------------------------------O (122 = 98.4%) {1.6%}
4  O                                                                         (0 = 0.0%) {100.0%}

Histogram: Cookie.SameSiteAttributeValue recorded 7 samples, mean = 5.0 (flags = 0x41)
0  ... 
5  -------O                                                                  (7 = 100.0%) {0.0%}
6  ... 

Histogram: Cookie.SameSiteNoneSizeBytes recorded 7 samples, mean = 212.3 (flags = 0x41)
0    ... 
40   -O                                                                        (1 = 14.3%) {0.0%}
48   ... 
190  -----O                                                                    (5 = 71.4%) {14.3%}
226  ... 
378  -O                                                                        (1 = 14.3%) {85.7%}
449  ... 

Histogram: Cookie.SameSiteNoneSizeBytes.Partitioned recorded 1 samples, mean = 417.0 (flags = 0x41)
0    ... 
378  -O                                                                        (1 = 100.0%) {0.0%}
449  ... 

Histogram: Cookie.SameSiteNoneSizeBytes.Unpartitioned recorded 6 samples, mean = 178.2 (flags = 0x41)
0    ... 
40   -O                                                                        (1 = 16.7%) {0.0%}
48   ... 
190  -----O                                                                    (5 = 83.3%) {16.7%}
226  ... 

Histogram: Cookie.SessionAgeInHoursLTEOneWeek2 recorded 1 samples, mean = 9.0 (flags = 0x41)
0  ... 
9  -O                                                                        (1 = 100.0%) {0.0%}
10 ... 

Histogram: Cookie.SessionAgeSinceLastUpdateInHoursLTEOneWeek recorded 1 samples, mean = 9.0 (flags = 0x41)
0  ... 
9  -O                                                                        (1 = 100.0%) {0.0%}
10 ... 

Histogram: Cookie.SourceType recorded 11 samples, mean = 1.0 (flags = 0x41)
0  O                                                                         (0 = 0.0%)
1  -----------O                                                              (11 = 100.0%) {0.0%}
2  ... 

Histogram: Cookie.TimeBlockedOnLoad recorded 2 samples, mean = 1280.5 (flags = 0x41)
0     ... 
6     -O                                                                        (1 = 50.0%) {0.0%}
7     ... 
2391  -O                                                                        (1 = 50.0%) {50.0%}
2964  ... 

Histogram: Cookie.TimeInitializeDB recorded 2 samples, mean = 4.5 (flags = 0x41)
0  ... 
4  -O                                                                        (1 = 50.0%) {0.0%}
5  -O                                                                        (1 = 50.0%) {50.0%}
6  ... 

Histogram: Cookie.TimeOpsBlockedDueToGlobalOp recorded 2 samples, mean = 3.0 (flags = 0x41)
0  -O                                                                        (1 = 50.0%)
1  ... 
6  -O                                                                        (1 = 50.0%) {50.0%}
7  ... 

Histogram: Cookie.Type2 recorded 11 samples, mean = 12.2 (flags = 0x41)
0   ... 
4   --O                                                                       (2 = 18.2%) {0.0%}
5   ... 
14  ---------O                                                                (9 = 81.8%) {18.2%}
15  ... 

Histogram: Crypto.TPMDuration.MessageSigningECDSA recorded 1 samples, mean = 79.0 (flags = 0x41)
0   ... 
66  -O                                                                        (1 = 100.0%) {0.0%}
84  ... 

Histogram: Crypto.TPMDuration.NewKeyCreationECDSA recorded 1 samples, mean = 470.0 (flags = 0x41)
0    ... 
452  -O                                                                        (1 = 100.0%) {0.0%}
574  ... 

Histogram: Crypto.TPMDuration.Virtual.MessageSigningECDSA recorded 1 samples, mean = 0.0 (flags = 0x41)
0  -O                                                                        (1 = 100.0%)
1  ... 

Histogram: Crypto.TPMDuration.Virtual.NewKeyCreationECDSA recorded 1 samples, mean = 134.0 (flags = 0x41)
0    ... 
107  -O                                                                        (1 = 100.0%) {0.0%}
136  ... 

Histogram: Crypto.TPMDuration.Virtual.WrappedKeyCreationECDSA recorded 1 samples, mean = 1.0 (flags = 0x41)
0  O                                                                         (0 = 0.0%)
1  -O                                                                        (1 = 100.0%) {0.0%}
2  ... 

Histogram: Crypto.TPMDuration.WrappedKeyCreationECDSA recorded 1 samples, mean = 78.0 (flags = 0x41)
0   ... 
66  -O                                                                        (1 = 100.0%) {0.0%}
84  ... 

Histogram: Crypto.TPMOperation.MessageSigningECDSA recorded 1 samples, mean = 1.0 (flags = 0x41)
0  O                                                                         (0 = 0.0%)
1  -O                                                                        (1 = 100.0%) {0.0%}
2  O                                                                         (0 = 0.0%) {100.0%}

Histogram: Crypto.TPMOperation.MessageVerifyECDSA recorded 1 samples, mean = 1.0 (flags = 0x41)
0  O                                                                         (0 = 0.0%)
1  -O                                                                        (1 = 100.0%) {0.0%}
2  O                                                                         (0 = 0.0%) {100.0%}

Histogram: Crypto.TPMOperation.NewKeyCreationECDSA recorded 1 samples, mean = 1.0 (flags = 0x41)
0  O                                                                         (0 = 0.0%)
1  -O                                                                        (1 = 100.0%) {0.0%}
2  O                                                                         (0 = 0.0%) {100.0%}

Histogram: Crypto.TPMOperation.Virtual.MessageSigningECDSA recorded 1 samples, mean = 1.0 (flags = 0x41)
0  O                                                                         (0 = 0.0%)
1  -O                                                                        (1 = 100.0%) {0.0%}
2  O                                                                         (0 = 0.0%) {100.0%}

Histogram: Crypto.TPMOperation.Virtual.MessageVerifyECDSA recorded 1 samples, mean = 1.0 (flags = 0x41)
0  O                                                                         (0 = 0.0%)
1  -O                                                                        (1 = 100.0%) {0.0%}
2  O                                                                         (0 = 0.0%) {100.0%}

Histogram: Crypto.TPMOperation.Virtual.NewKeyCreationECDSA recorded 1 samples, mean = 1.0 (flags = 0x41)
0  O                                                                         (0 = 0.0%)
1  -O                                                                        (1 = 100.0%) {0.0%}
2  O                                                                         (0 = 0.0%) {100.0%}

Histogram: Crypto.TPMOperation.Virtual.WrappedKeyCreationECDSA recorded 1 samples, mean = 1.0 (flags = 0x41)
0  O                                                                         (0 = 0.0%)
1  -O                                                                        (1 = 100.0%) {0.0%}
2  O                                                                         (0 = 0.0%) {100.0%}

Histogram: Crypto.TPMOperation.WrappedKeyCreationECDSA recorded 1 samples, mean = 1.0 (flags = 0x41)
0  O                                                                         (0 = 0.0%)
1  -O                                                                        (1 = 100.0%) {0.0%}
2  O                                                                         (0 = 0.0%) {100.0%}

Histogram: Crypto.TPMSupport2 recorded 1 samples, mean = 2.0 (flags = 0x41)
0  ... 
2  -O                                                                        (1 = 100.0%) {0.0%}
3  O                                                                         (0 = 0.0%) {100.0%}

Histogram: Crypto.TPMSupportType recorded 1 samples, mean = 3.0 (flags = 0x41)
0  ... 
3  -O                                                                        (1 = 100.0%) {0.0%}
4  O                                                                         (0 = 0.0%) {100.0%}

Histogram: Crypto.VirtualKeySupport recorded 1 samples, mean = 2.0 (flags = 0x41)
0  ... 
2  -O                                                                        (1 = 100.0%) {0.0%}
3  O                                                                         (0 = 0.0%) {100.0%}

Histogram: DOMStorage.CommitMeasuredDelay recorded 4 samples, mean = 3730.5 (flags = 0x41)
0     ... 
28    -O                                                                        (1 = 25.0%) {0.0%}
32    ... 
4249  -O                                                                        (1 = 25.0%) {25.0%}
4904  --O                                                                       (2 = 50.0%) {50.0%}
5660  ... 

Histogram: DOMStorage.CommitSizeBytes recorded 2 samples, mean = 7612.5 (flags = 0x41)
0     ... 
7433  --O                                                                       (2 = 100.0%) {0.0%}
8380  ... 

Histogram: DataUse.BytesReceived3.Delegate recorded 126 samples, mean = 2146.2 (flags = 0x41)
0      ... 
297    -O                                                                        (1 = 0.8%) {0.0%}
383    -O                                                                        (2 = 1.6%) {0.8%}
494    -O                                                                        (2 = 1.6%) {2.4%}
637    -O                                                                        (1 = 0.8%) {4.0%}
821    -O                                                                        (1 = 0.8%) {4.8%}
1059   ------------------------------------------------------------------------O (110 = 87.3%) {5.6%}
1366   -O                                                                        (2 = 1.6%) {92.9%}
1761   ... 
2928   ---O                                                                      (4 = 3.2%) {94.4%}
3776   ... 
10441  -O                                                                        (1 = 0.8%) {97.6%}
13464  O                                                                         (0 = 0.0%) {98.4%}
17362  -O                                                                        (1 = 0.8%) {98.4%}
22388  ... 
79817  -O                                                                        (1 = 0.8%) {99.2%}
102923 ... 

Histogram: DataUse.BytesSent3.Delegate recorded 127 samples, mean = 1183.6 (flags = 0x41)
0      ... 
196    -O                                                                        (1 = 0.8%) {0.0%}
258    -O                                                                        (1 = 0.8%) {0.8%}
340    -O                                                                        (2 = 1.6%) {1.6%}
448    -O                                                                        (2 = 1.6%) {3.1%}
590    --O                                                                       (3 = 2.4%) {4.7%}
777    --O                                                                       (3 = 2.4%) {7.1%}
1023   ------------------------------------------------------------------------O (114 = 89.8%) {9.4%}
1347   ... 
16063  -O                                                                        (1 = 0.8%) {99.2%}
21156  ... 

Histogram: DefaultBrowser.State recorded 1 samples, mean = 0.0 (flags = 0x41)
0  -O                                                                        (1 = 100.0%)
1  ... 

Histogram: DiskCache.0.Error recorded 1 samples, mean = 0.0 (flags = 0x41)
0  -O                                                                        (1 = 100.0%)
1  ... 

Histogram: DiskCache.0.TotalIOTimeRead recorded 100 samples, mean = 58.8 (flags = 0x41)
0    ----------------------------------------------O                           (46 = 46.0%)
1    ------O                                                                   (6 = 6.0%) {46.0%}
2    ... 
6    -O                                                                        (1 = 1.0%) {52.0%}
7    -O                                                                        (1 = 1.0%) {53.0%}
8    O                                                                         (0 = 0.0%) {54.0%}
10   -O                                                                        (1 = 1.0%) {54.0%}
12   O                                                                         (0 = 0.0%) {55.0%}
14   -O                                                                        (1 = 1.0%) {55.0%}
17   -O                                                                        (1 = 1.0%) {56.0%}
20   -O                                                                        (1 = 1.0%) {57.0%}
24   ... 
40   ----O                                                                     (4 = 4.0%) {58.0%}
48   -O                                                                        (1 = 1.0%) {62.0%}
57   ------O                                                                   (6 = 6.0%) {63.0%}
68   ----O                                                                     (4 = 4.0%) {69.0%}
81   -O                                                                        (1 = 1.0%) {73.0%}
96   ... 
135  ----O                                                                     (4 = 4.0%) {74.0%}
160  --------O                                                                 (8 = 8.0%) {78.0%}
190  -------------O                                                            (13 = 13.0%) {86.0%}
226  -O                                                                        (1 = 1.0%) {99.0%}
268  ... 

Histogram: DiskCache.0.TotalIOTimeWrite recorded 18 samples, mean = 5.9 (flags = 0x41)
0   ----------------O                                                         (16 = 88.9%)
1   ... 
48  --O                                                                       (2 = 11.1%) {88.9%}
57  ... 

Histogram: Download.Database.IsAvailable recorded 1 samples, mean = 1.0 (flags = 0x41)
0  O                                                                         (0 = 0.0%)
1  -O                                                                        (1 = 100.0%) {0.0%}
2  O                                                                         (0 = 0.0%) {100.0%}

Histogram: Download.Service.Db.Operation.Success recorded 1 samples, mean = 0.0 (flags = 0x41)
0  -O                                                                        (1 = 100.0%)
1  ... 

Histogram: Download.Service.Db.Records recorded 1 samples, mean = 0.0 (flags = 0x41)
0  -O                                                                        (1 = 100.0%)
1  ... 

Histogram: Download.Service.Db.Records.Active recorded 1 samples, mean = 0.0 (flags = 0x41)
0  -O                                                                        (1 = 100.0%)
1  ... 

Histogram: Download.Service.Db.Records.Available recorded 1 samples, mean = 0.0 (flags = 0x41)
0  -O                                                                        (1 = 100.0%)
1  ... 

Histogram: Download.Service.Db.Records.Complete recorded 1 samples, mean = 0.0 (flags = 0x41)
0  -O                                                                        (1 = 100.0%)
1  ... 

Histogram: Download.Service.Db.Records.New recorded 1 samples, mean = 0.0 (flags = 0x41)
0  -O                                                                        (1 = 100.0%)
1  ... 

Histogram: Download.Service.Db.Records.Paused recorded 1 samples, mean = 0.0 (flags = 0x41)
0  -O                                                                        (1 = 100.0%)
1  ... 

Histogram: Download.Service.Files.CleanUp.External recorded 3 samples, mean = 0.0 (flags = 0x41)
0  ---O                                                                      (3 = 100.0%)
1  ... 

Histogram: Download.Service.Files.CleanUp.External.Orphaned recorded 1 samples, mean = 0.0 (flags = 0x41)
0  -O                                                                        (1 = 100.0%)
1  ... 

Histogram: Download.Service.Files.CleanUp.External.Timeout recorded 1 samples, mean = 0.0 (flags = 0x41)
0  -O                                                                        (1 = 100.0%)
1  ... 

Histogram: Download.Service.Files.CleanUp.External.Unknown recorded 1 samples, mean = 0.0 (flags = 0x41)
0  -O                                                                        (1 = 100.0%)
1  ... 

Histogram: Download.Service.Files.CleanUp.Failure recorded 3 samples, mean = 0.0 (flags = 0x41)
0  ---O                                                                      (3 = 100.0%)
1  ... 

Histogram: Download.Service.Files.CleanUp.Failure.Orphaned recorded 1 samples, mean = 0.0 (flags = 0x41)
0  -O                                                                        (1 = 100.0%)
1  ... 

Histogram: Download.Service.Files.CleanUp.Failure.Timeout recorded 1 samples, mean = 0.0 (flags = 0x41)
0  -O                                                                        (1 = 100.0%)
1  ... 

Histogram: Download.Service.Files.CleanUp.Failure.Unknown recorded 1 samples, mean = 0.0 (flags = 0x41)
0  -O                                                                        (1 = 100.0%)
1  ... 

Histogram: Download.Service.Files.CleanUp.Success recorded 3 samples, mean = 0.0 (flags = 0x41)
0  ---O                                                                      (3 = 100.0%)
1  ... 

Histogram: Download.Service.Files.CleanUp.Success.Orphaned recorded 1 samples, mean = 0.0 (flags = 0x41)
0  -O                                                                        (1 = 100.0%)
1  ... 

Histogram: Download.Service.Files.CleanUp.Success.Timeout recorded 1 samples, mean = 0.0 (flags = 0x41)
0  -O                                                                        (1 = 100.0%)
1  ... 

Histogram: Download.Service.Files.CleanUp.Success.Unknown recorded 1 samples, mean = 0.0 (flags = 0x41)
0  -O                                                                        (1 = 100.0%)
1  ... 

Histogram: Download.Service.StartUpStatus.Initialization recorded 1 samples, mean = 0.0 (flags = 0x41)
0  -O                                                                        (1 = 100.0%)
1  ... 

Histogram: Enterprise.TimeToFirstPolicyLoad.Profile.Unmanaged recorded 1 samples, mean = 0.0 (flags = 0x41)
0  -O                                                                        (1 = 100.0%)
1  ... 

Histogram: EnterpriseCheck.AzureADJoinStatusCheckTime recorded 1 samples, mean = 3.0 (flags = 0x41)
0  ... 
3  -O                                                                        (1 = 100.0%) {0.0%}
4  ... 

Histogram: Event.GestureCreated recorded 2 samples, mean = 12.0 (flags = 0x41)
0   ... 
12  --O                                                                       (2 = 100.0%) {0.0%}
13  ... 

Histogram: Extension.Toolbar.BrowserActionsCount2 recorded 1 samples, mean = 0.0 (flags = 0x41)
0  -O                                                                        (1 = 100.0%)
1  ... 

Histogram: ExtensionToolbarModel.BrowserActionsCount recorded 1 samples, mean = 0.0 (flags = 0x41)
0  -O                                                                        (1 = 100.0%)
1  ... 

Histogram: Extensions.AppLocation2 recorded 1 samples, mean = 5.0 (flags = 0x41)
0  ... 
5  -O                                                                        (1 = 100.0%) {0.0%}
6  ... 

Histogram: Extensions.CorruptExtensionTotalDisables recorded 1 samples, mean = 0.0 (flags = 0x41)
0  -O                                                                        (1 = 100.0%)
1  ... 

Histogram: Extensions.CorruptExtensionTotalDisables2 recorded 1 samples, mean = 0.0 (flags = 0x41)
0  -O                                                                        (1 = 100.0%)
1  ... 

Histogram: Extensions.Database.Open.State recorded 1 samples, mean = 0.0 (flags = 0x41)
0  -O                                                                        (1 = 100.0%)
1  ... 

Histogram: Extensions.DeveloperModeEnabled recorded 2 samples, mean = 0.0 (flags = 0x41)
0  --O                                                                       (2 = 100.0%)
1  ... 

Histogram: Extensions.DidCreateScriptContext_Unspecified recorded 1 samples, mean = 7.0 (flags = 0x41)
0  ... 
7  -O                                                                        (1 = 100.0%) {0.0%}
8  ... 

Histogram: Extensions.DidCreateScriptContext_WebPage recorded 3 samples, mean = 0.0 (flags = 0x41)
0  ---O                                                                      (3 = 100.0%)
1  ... 

Histogram: Extensions.Disabled recorded 1 samples, mean = 0.0 (flags = 0x41)
0  -O                                                                        (1 = 100.0%)
1  ... 

Histogram: Extensions.Disabled2 recorded 1 samples, mean = 0.0 (flags = 0x41)
0  -O                                                                        (1 = 100.0%)
1  ... 

Histogram: Extensions.DisabledForPermissions recorded 1 samples, mean = 0.0 (flags = 0x41)
0  -O                                                                        (1 = 100.0%)
1  ... 

Histogram: Extensions.DisabledForPermissions2 recorded 1 samples, mean = 0.0 (flags = 0x41)
0  -O                                                                        (1 = 100.0%)
1  ... 

Histogram: Extensions.EventlessEventPages2 recorded 1 samples, mean = 0.0 (flags = 0x41)
0  -O                                                                        (1 = 100.0%)
1  ... 

Histogram: Extensions.ExtensionLocation recorded 1 samples, mean = 5.0 (flags = 0x41)
0  ... 
5  -O                                                                        (1 = 100.0%) {0.0%}
6  ... 

Histogram: Extensions.ExtensionLocation2 recorded 1 samples, mean = 5.0 (flags = 0x41)
0  ... 
5  -O                                                                        (1 = 100.0%) {0.0%}
6  ... 

Histogram: Extensions.ExtensionsWithPageActions recorded 1 samples, mean = 0.0 (flags = 0x41)
0  -O                                                                        (1 = 100.0%)
1  ... 

Histogram: Extensions.HomepageOverrides recorded 1 samples, mean = 0.0 (flags = 0x41)
0  -O                                                                        (1 = 100.0%)
1  ... 

Histogram: Extensions.HomepageOverrides2 recorded 1 samples, mean = 0.0 (flags = 0x41)
0  -O                                                                        (1 = 100.0%)
1  ... 

Histogram: Extensions.InjectEnd_ScriptCount recorded 3 samples, mean = 0.0 (flags = 0x41)
0  ---O                                                                      (3 = 100.0%)
1  ... 

Histogram: Extensions.InjectIdle_ScriptCount recorded 3 samples, mean = 0.0 (flags = 0x41)
0  ---O                                                                      (3 = 100.0%)
1  ... 

Histogram: Extensions.InjectStart_CssCount recorded 5 samples, mean = 0.0 (flags = 0x41)
0  -----O                                                                    (5 = 100.0%)
1  ... 

Histogram: Extensions.InjectStart_ScriptCount recorded 5 samples, mean = 0.0 (flags = 0x41)
0  -----O                                                                    (5 = 100.0%)
1  ... 

Histogram: Extensions.LoadAll recorded 1 samples, mean = 2.0 (flags = 0x41)
0  ... 
2  -O                                                                        (1 = 100.0%) {0.0%}
3  ... 

Histogram: Extensions.LoadAll2 recorded 1 samples, mean = 2.0 (flags = 0x41)
0  ... 
2  -O                                                                        (1 = 100.0%) {0.0%}
3  ... 

Histogram: Extensions.LoadAllComponentTime recorded 1 samples, mean = 12.0 (flags = 0x41)
0   ... 
12  -O                                                                        (1 = 100.0%) {0.0%}
14  ... 

Histogram: Extensions.LoadAllComponentTime.User recorded 1 samples, mean = 12.0 (flags = 0x41)
0   ... 
12  -O                                                                        (1 = 100.0%) {0.0%}
14  ... 

Histogram: Extensions.LoadAllTime2 recorded 1 samples, mean = 0.0 (flags = 0x41)
0  -O                                                                        (1 = 100.0%)
1  ... 

Histogram: Extensions.LoadAllTime2.User recorded 1 samples, mean = 0.0 (flags = 0x41)
0  -O                                                                        (1 = 100.0%)
1  ... 

Histogram: Extensions.LoadApp recorded 1 samples, mean = 0.0 (flags = 0x41)
0  -O                                                                        (1 = 100.0%)
1  ... 

Histogram: Extensions.LoadApp2 recorded 1 samples, mean = 0.0 (flags = 0x41)
0  -O                                                                        (1 = 100.0%)
1  ... 

Histogram: Extensions.LoadAppExternal recorded 1 samples, mean = 0.0 (flags = 0x41)
0  -O                                                                        (1 = 100.0%)
1  ... 

Histogram: Extensions.LoadAppExternal2 recorded 1 samples, mean = 0.0 (flags = 0x41)
0  -O                                                                        (1 = 100.0%)
1  ... 

Histogram: Extensions.LoadAppUser recorded 1 samples, mean = 0.0 (flags = 0x41)
0  -O                                                                        (1 = 100.0%)
1  ... 

Histogram: Extensions.LoadAppUser2 recorded 1 samples, mean = 0.0 (flags = 0x41)
0  -O                                                                        (1 = 100.0%)
1  ... 

Histogram: Extensions.LoadBrowserAction recorded 1 samples, mean = 0.0 (flags = 0x41)
0  -O                                                                        (1 = 100.0%)
1  ... 

Histogram: Extensions.LoadBrowserAction2 recorded 1 samples, mean = 0.0 (flags = 0x41)
0  -O                                                                        (1 = 100.0%)
1  ... 

Histogram: Extensions.LoadExtension recorded 1 samples, mean = 0.0 (flags = 0x41)
0  -O                                                                        (1 = 100.0%)
1  ... 

Histogram: Extensions.LoadExtension2 recorded 1 samples, mean = 0.0 (flags = 0x41)
0  -O                                                                        (1 = 100.0%)
1  ... 

Histogram: Extensions.LoadExtensionExternal recorded 1 samples, mean = 0.0 (flags = 0x41)
0  -O                                                                        (1 = 100.0%)
1  ... 

Histogram: Extensions.LoadExtensionExternal2 recorded 1 samples, mean = 0.0 (flags = 0x41)
0  -O                                                                        (1 = 100.0%)
1  ... 

Histogram: Extensions.LoadExtensionUser2 recorded 1 samples, mean = 0.0 (flags = 0x41)
0  -O                                                                        (1 = 100.0%)
1  ... 

Histogram: Extensions.LoadHostedApp recorded 1 samples, mean = 0.0 (flags = 0x41)
0  -O                                                                        (1 = 100.0%)
1  ... 

Histogram: Extensions.LoadHostedApp2 recorded 1 samples, mean = 0.0 (flags = 0x41)
0  -O                                                                        (1 = 100.0%)
1  ... 

Histogram: Extensions.LoadNoExtensionAction recorded 1 samples, mean = 0.0 (flags = 0x41)
0  -O                                                                        (1 = 100.0%)
1  ... 

Histogram: Extensions.LoadNoExtensionAction2 recorded 1 samples, mean = 0.0 (flags = 0x41)
0  -O                                                                        (1 = 100.0%)
1  ... 

Histogram: Extensions.LoadOffStoreItems recorded 1 samples, mean = 0.0 (flags = 0x41)
0  -O                                                                        (1 = 100.0%)
1  ... 

Histogram: Extensions.LoadOffStoreItems2 recorded 1 samples, mean = 0.0 (flags = 0x41)
0  -O                                                                        (1 = 100.0%)
1  ... 

Histogram: Extensions.LoadPackagedApp recorded 1 samples, mean = 0.0 (flags = 0x41)
0  -O                                                                        (1 = 100.0%)
1  ... 

Histogram: Extensions.LoadPackagedApp2 recorded 1 samples, mean = 0.0 (flags = 0x41)
0  -O                                                                        (1 = 100.0%)
1  ... 

Histogram: Extensions.LoadPlatformApp recorded 1 samples, mean = 0.0 (flags = 0x41)
0  -O                                                                        (1 = 100.0%)
1  ... 

Histogram: Extensions.LoadPlatformApp2 recorded 1 samples, mean = 0.0 (flags = 0x41)
0  -O                                                                        (1 = 100.0%)
1  ... 

Histogram: Extensions.LoadTheme recorded 1 samples, mean = 0.0 (flags = 0x41)
0  -O                                                                        (1 = 100.0%)
1  ... 

Histogram: Extensions.LoadTheme2 recorded 1 samples, mean = 0.0 (flags = 0x41)
0  -O                                                                        (1 = 100.0%)
1  ... 

Histogram: Extensions.LoadUserScript recorded 1 samples, mean = 0.0 (flags = 0x41)
0  -O                                                                        (1 = 100.0%)
1  ... 

Histogram: Extensions.LoadUserScript2 recorded 1 samples, mean = 0.0 (flags = 0x41)
0  -O                                                                        (1 = 100.0%)
1  ... 

Histogram: Extensions.Management_Refresh recorded 1 samples, mean = 1.0 (flags = 0x41)
0  O                                                                         (0 = 0.0%)
1  -O                                                                        (1 = 100.0%) {0.0%}
2  ... 

Histogram: Extensions.ManifestVersion2Count.Component recorded 1 samples, mean = 1.0 (flags = 0x41)
0  O                                                                         (0 = 0.0%)
1  -O                                                                        (1 = 100.0%) {0.0%}
2  ... 

Histogram: Extensions.ManifestVersion2Count.External recorded 1 samples, mean = 0.0 (flags = 0x41)
0  -O                                                                        (1 = 100.0%)
1  ... 

Histogram: Extensions.ManifestVersion2Count.Internal recorded 1 samples, mean = 0.0 (flags = 0x41)
0  -O                                                                        (1 = 100.0%)
1  ... 

Histogram: Extensions.ManifestVersion2Count.Policy recorded 1 samples, mean = 0.0 (flags = 0x41)
0  -O                                                                        (1 = 100.0%)
1  ... 

Histogram: Extensions.ManifestVersion2Count.Unpacked recorded 1 samples, mean = 0.0 (flags = 0x41)
0  -O                                                                        (1 = 100.0%)
1  ... 

Histogram: Extensions.ManifestVersion3Count.Component recorded 1 samples, mean = 0.0 (flags = 0x41)
0  -O                                                                        (1 = 100.0%)
1  ... 

Histogram: Extensions.ManifestVersion3Count.External recorded 1 samples, mean = 0.0 (flags = 0x41)
0  -O                                                                        (1 = 100.0%)
1  ... 

Histogram: Extensions.ManifestVersion3Count.Internal recorded 1 samples, mean = 0.0 (flags = 0x41)
0  -O                                                                        (1 = 100.0%)
1  ... 

Histogram: Extensions.ManifestVersion3Count.Policy recorded 1 samples, mean = 0.0 (flags = 0x41)
0  -O                                                                        (1 = 100.0%)
1  ... 

Histogram: Extensions.ManifestVersion3Count.Unpacked recorded 1 samples, mean = 0.0 (flags = 0x41)
0  -O                                                                        (1 = 100.0%)
1  ... 

Histogram: Extensions.ManifestVersionByLocation.Component recorded 1 samples, mean = 2.0 (flags = 0x41)
0  ... 
2  -O                                                                        (1 = 100.0%) {0.0%}
3  ... 

Histogram: Extensions.ManifestVersionPopulationSplit.Component recorded 1 samples, mean = 1.0 (flags = 0x41)
0  O                                                                         (0 = 0.0%)
1  -O                                                                        (1 = 100.0%) {0.0%}
2  ... 

Histogram: Extensions.ManifestVersionPopulationSplit.External recorded 1 samples, mean = 0.0 (flags = 0x41)
0  -O                                                                        (1 = 100.0%)
1  ... 

Histogram: Extensions.ManifestVersionPopulationSplit.Internal recorded 1 samples, mean = 0.0 (flags = 0x41)
0  -O                                                                        (1 = 100.0%)
1  ... 

Histogram: Extensions.ManifestVersionPopulationSplit.InternalAndExternal recorded 1 samples, mean = 0.0 (flags = 0x41)
0  -O                                                                        (1 = 100.0%)
1  ... 

Histogram: Extensions.ManifestVersionPopulationSplit.Unpacked recorded 1 samples, mean = 0.0 (flags = 0x41)
0  -O                                                                        (1 = 100.0%)
1  ... 

Histogram: Extensions.NewTabPageOverrides recorded 1 samples, mean = 0.0 (flags = 0x41)
0  -O                                                                        (1 = 100.0%)
1  ... 

Histogram: Extensions.NewTabPageOverrides2 recorded 1 samples, mean = 0.0 (flags = 0x41)
0  -O                                                                        (1 = 100.0%)
1  ... 

Histogram: Extensions.NonWebStoreNewTabPageOverrides recorded 1 samples, mean = 0.0 (flags = 0x41)
0  -O                                                                        (1 = 100.0%)
1  ... 

Histogram: Extensions.NonWebStoreNewTabPageOverrides2 recorded 1 samples, mean = 0.0 (flags = 0x41)
0  -O                                                                        (1 = 100.0%)
1  ... 

Histogram: Extensions.NonWebstoreLocation recorded 2 samples, mean = 5.0 (flags = 0x41)
0  ... 
5  --O                                                                       (2 = 100.0%) {0.0%}
6  ... 

Histogram: Extensions.NonWebstoreLocation2 recorded 2 samples, mean = 5.0 (flags = 0x41)
0  ... 
5  --O                                                                       (2 = 100.0%) {0.0%}
6  ... 

Histogram: Extensions.NonWebstoreLocationWithDeveloperModeOff.Enabled3 recorded 2 samples, mean = 5.0 (flags = 0x41)
0  ... 
5  --O                                                                       (2 = 100.0%) {0.0%}
6  ... 

Histogram: Extensions.NotAllowlistedDisabled recorded 1 samples, mean = 0.0 (flags = 0x41)
0  -O                                                                        (1 = 100.0%)
1  ... 

Histogram: Extensions.NotAllowlistedDisabled2 recorded 1 samples, mean = 0.0 (flags = 0x41)
0  -O                                                                        (1 = 100.0%)
1  ... 

Histogram: Extensions.NotAllowlistedEnabled recorded 1 samples, mean = 0.0 (flags = 0x41)
0  -O                                                                        (1 = 100.0%)
1  ... 

Histogram: Extensions.NotAllowlistedEnabled2 recorded 1 samples, mean = 0.0 (flags = 0x41)
0  -O                                                                        (1 = 100.0%)
1  ... 

Histogram: Extensions.ProcessManagerStartupHostsTime2 recorded 1 samples, mean = 0.0 (flags = 0x41)
0  -O                                                                        (1 = 100.0%)
1  ... 

Histogram: Extensions.SearchEngineOverrides recorded 1 samples, mean = 0.0 (flags = 0x41)
0  -O                                                                        (1 = 100.0%)
1  ... 

Histogram: Extensions.SearchEngineOverrides2 recorded 1 samples, mean = 0.0 (flags = 0x41)
0  -O                                                                        (1 = 100.0%)
1  ... 

Histogram: Extensions.StartupPagesOverrides recorded 1 samples, mean = 0.0 (flags = 0x41)
0  -O                                                                        (1 = 100.0%)
1  ... 

Histogram: Extensions.StartupPagesOverrides2 recorded 1 samples, mean = 0.0 (flags = 0x41)
0  -O                                                                        (1 = 100.0%)
1  ... 

Histogram: Extensions.WebRequestBlockingCount recorded 1 samples, mean = 0.0 (flags = 0x41)
0  -O                                                                        (1 = 100.0%)
1  ... 

Histogram: Extensions.WebRequestBlockingCount2 recorded 1 samples, mean = 0.0 (flags = 0x41)
0  -O                                                                        (1 = 100.0%)
1  ... 

Histogram: Extensions.WebRequestCount recorded 1 samples, mean = 0.0 (flags = 0x41)
0  -O                                                                        (1 = 100.0%)
1  ... 

Histogram: Extensions.WebRequestCount2 recorded 1 samples, mean = 0.0 (flags = 0x41)
0  -O                                                                        (1 = 100.0%)
1  ... 

Histogram: FetchKeepAlive.Renderer.Total.ReceivedResponse recorded 1 samples, mean = 1.0 (flags = 0x41)
0  O                                                                         (0 = 0.0%)
1  -O                                                                        (1 = 100.0%) {0.0%}
2  O                                                                         (0 = 0.0%) {100.0%}

Histogram: FetchKeepAlive.Renderer.Total.Started recorded 1 samples, mean = 1.0 (flags = 0x41)
0  O                                                                         (0 = 0.0%)
1  -O                                                                        (1 = 100.0%) {0.0%}
2  O                                                                         (0 = 0.0%) {100.0%}

Histogram: FetchKeepAlive.Requests2.Network recorded 2 samples, mean = 0.5 (flags = 0x41)
0  -O                                                                        (1 = 50.0%)
1  -O                                                                        (1 = 50.0%) {50.0%}
2  O                                                                         (0 = 0.0%) {100.0%}

Histogram: FetchKeepAlive.Requests2.SentToService.Renderer recorded 1 samples, mean = 2.0 (flags = 0x41)
0  ... 
2  -O                                                                        (1 = 100.0%) {0.0%}
3  ... 

Histogram: FetchKeepAlive.Requests2.Started.IsContextDetached.Renderer recorded 1 samples, mean = 0.0 (flags = 0x41)
0  -O                                                                        (1 = 100.0%)
1  ... 

Histogram: FetchKeepAlive.Requests2.Started.Renderer recorded 1 samples, mean = 1.0 (flags = 0x41)
0  O                                                                         (0 = 0.0%)
1  -O                                                                        (1 = 100.0%) {0.0%}
2  ... 

Histogram: FetchKeepAlive.Requests2.Succeeded.IsContextDetached.Renderer recorded 1 samples, mean = 0.0 (flags = 0x41)
0  -O                                                                        (1 = 100.0%)
1  ... 

Histogram: FetchKeepAlive.Requests2.Succeeded.Renderer recorded 1 samples, mean = 1.0 (flags = 0x41)
0  O                                                                         (0 = 0.0%)
1  -O                                                                        (1 = 100.0%) {0.0%}
2  ... 

Histogram: FetchKeepAlive.Requests2.Total.Renderer recorded 1 samples, mean = 1.0 (flags = 0x41)
0  O                                                                         (0 = 0.0%)
1  -O                                                                        (1 = 100.0%) {0.0%}
2  ... 

Histogram: FirstPartySets.Database.InitStatus recorded 1 samples, mean = 1.0 (flags = 0x41)
0  O                                                                         (0 = 0.0%)
1  -O                                                                        (1 = 100.0%) {0.0%}
2  ... 

Histogram: FirstPartySets.Database.TransactionFailed recorded 7 samples, mean = 0.0 (flags = 0x41)
0  -------O                                                                  (7 = 100.0%)
1  ... 

Histogram: FirstPartySets.Initialization.ClearSiteDataOutcome recorded 1 samples, mean = 1.0 (flags = 0x41)
0  O                                                                         (0 = 0.0%)
1  -O                                                                        (1 = 100.0%) {0.0%}
2  O                                                                         (0 = 0.0%) {100.0%}

Histogram: FirstPartySets.Initialization.SitesToClear.Count recorded 1 samples, mean = 0.0 (flags = 0x41)
0  -O                                                                        (1 = 100.0%)
1  ... 

Histogram: GPU.ANGLE.D3DShaderBlobSizeKB recorded 4 samples, mean = 0.5 (flags = 0x41)
0  ----O                                                                     (4 = 100.0%)
1000... 

Histogram: GPU.ANGLE.D3DShaderCompilationTimeUs recorded 4 samples, mean = 14140.5 (flags = 0x41)
0      ... 
3077   -O                                                                        (1 = 25.0%) {0.0%}
4053   ... 
7031   -O                                                                        (1 = 25.0%) {25.0%}
9260   ... 
21156  --O                                                                       (2 = 50.0%) {50.0%}
27864  ... 

Histogram: GPU.BlocklistFeatureTestResults.Accelerated2dCanvas recorded 1 samples, mean = 0.0 (flags = 0x41)
0  -O                                                                        (1 = 100.0%)
1  ... 

Histogram: GPU.BlocklistFeatureTestResults.GpuCompositing recorded 1 samples, mean = 0.0 (flags = 0x41)
0  -O                                                                        (1 = 100.0%)
1  ... 

Histogram: GPU.BlocklistFeatureTestResults.GpuRasterization recorded 1 samples, mean = 0.0 (flags = 0x41)
0  -O                                                                        (1 = 100.0%)
1  ... 

Histogram: GPU.BlocklistFeatureTestResults.Webgl recorded 1 samples, mean = 0.0 (flags = 0x41)
0  -O                                                                        (1 = 100.0%)
1  ... 

Histogram: GPU.BlocklistFeatureTestResults.Webgl2 recorded 1 samples, mean = 0.0 (flags = 0x41)
0  -O                                                                        (1 = 100.0%)
1  ... 

Histogram: GPU.BlocklistFeatureTestResults.Webgpu recorded 1 samples, mean = 2.0 (flags = 0x41)
0  ... 
2  -O                                                                        (1 = 100.0%) {0.0%}
3  ... 

Histogram: GPU.BlocklistTestResultsPerEntry recorded 1 samples, mean = 0.0 (flags = 0x41)
0  -O                                                                        (1 = 100.0%)
1  ... 

Histogram: GPU.CanvasOopRaster.OopRasterAndGpuAcceleration recorded 1 samples, mean = 0.0 (flags = 0x41)
0  -O                                                                        (1 = 100.0%)
1  ... 

Histogram: GPU.CompositingMode recorded 60 samples, mean = 1.0 (flags = 0x41)
0  O                                                                         (0 = 0.0%)
1  ------------------------------------------------------------O             (60 = 100.0%) {0.0%}
2  ... 

Histogram: GPU.D3D12FeatureLevel recorded 1 samples, mean = 2.0 (flags = 0x41)
0  ... 
2  -O                                                                        (1 = 100.0%) {0.0%}
3  ... 

Histogram: GPU.D3D12HighestShaderModel2 recorded 1 samples, mean = 9.0 (flags = 0x41)
0  ... 
9  -O                                                                        (1 = 100.0%) {0.0%}
10 O                                                                         (0 = 0.0%) {100.0%}

Histogram: GPU.DriverBugTestResultsPerEntry recorded 8 samples (flags = 0x41)
0    -O                                                                        (1 = 12.5%)
17   -O                                                                        (1 = 12.5%)
165  -O                                                                        (1 = 12.5%)
206  -O                                                                        (1 = 12.5%)
256  -O                                                                        (1 = 12.5%)
315  -O                                                                        (1 = 12.5%)
426  -O                                                                        (1 = 12.5%)
430  -O                                                                        (1 = 12.5%)

Histogram: GPU.EstablishGpuChannelSyncTime recorded 2 samples, mean = 1134.5 (flags = 0x41)
0     ... 
894   -O                                                                        (1 = 50.0%) {0.0%}
1062  O                                                                         (0 = 0.0%) {50.0%}
1262  -O                                                                        (1 = 50.0%) {50.0%}
1500  ... 

Histogram: GPU.EstablishGpuChannelSyncTime.FirstRun recorded 2 samples, mean = 1134.5 (flags = 0x41)
0     ... 
894   -O                                                                        (1 = 50.0%) {0.0%}
1062  O                                                                         (0 = 0.0%) {50.0%}
1262  -O                                                                        (1 = 50.0%) {50.0%}
1500  ... 

Histogram: GPU.GPUProcessLaunchTime recorded 2 samples, mean = 4011.0 (flags = 0x41)
0     ... 
17    -O                                                                        (1 = 50.0%) {0.0%}
20    ... 
7083  -O                                                                        (1 = 50.0%) {50.0%}
8416  ... 

Histogram: GPU.GPUProcessTerminationStatus2 recorded 1 samples, mean = 4.0 (flags = 0x41)
0  ... 
4  -O                                                                        (1 = 100.0%) {0.0%}
5  ... 

Histogram: GPU.HardwareAccelerationModeEnabled recorded 1 samples, mean = 1.0 (flags = 0x41)
0  O                                                                         (0 = 0.0%)
1  -O                                                                        (1 = 100.0%) {0.0%}
2  O                                                                         (0 = 0.0%) {100.0%}

Histogram: GPU.ProcessLifetimeEvents.HardwareAccelerated recorded 1 samples, mean = 0.0 (flags = 0x41)
0  -O                                                                        (1 = 100.0%)
1  ... 

Histogram: GPU.RasterDecoder.TimeToFlush recorded 2 samples, mean = 1069.0 (flags = 0x41)
0     ... 
100   -O                                                                        (1 = 50.0%) {0.0%}
114   ... 
1963  -O                                                                        (1 = 50.0%) {50.0%}
2235  ... 

Histogram: GPU.SharedImage.BackingType recorded 5 samples, mean = 6.0 (flags = 0x41)
0   ... 
2   ---O                                                                      (3 = 60.0%) {0.0%}
3   ... 
12  --O                                                                       (2 = 40.0%) {60.0%}
13  ... 

Histogram: GPU.SharedImage.ContentConsumed recorded 18 samples, mean = 0.4 (flags = 0x41)
0  -----------O                                                              (11 = 61.1%)
1  -------O                                                                  (7 = 38.9%) {61.1%}
2  O                                                                         (0 = 0.0%) {100.0%}

Histogram: GPU.SkiaBackendType recorded 1 samples, mean = 2.0 (flags = 0x41)
0  ... 
2  -O                                                                        (1 = 100.0%) {0.0%}
3  ... 

Histogram: GPU.SupportsDX12 recorded 1 samples, mean = 1.0 (flags = 0x41)
0  O                                                                         (0 = 0.0%)
1  -O                                                                        (1 = 100.0%) {0.0%}
2  O                                                                         (0 = 0.0%) {100.0%}

Histogram: GPU.WatchdogThread.Event recorded 1 samples, mean = 0.0 (flags = 0x41)
0  -O                                                                        (1 = 100.0%)
1  ... 

Histogram: GPU.WatchdogThread.Event.main recorded 1 samples, mean = 0.0 (flags = 0x41)
0  -O                                                                        (1 = 100.0%)
1  ... 

Histogram: GPU.WatchdogThread.Timeout recorded 911 samples, mean = 0.0 (flags = 0x41)
0  ------------------------------------------------------------------------O (911 = 100.0%)
1  ... 

Histogram: GPU.WatchdogThread.Timeout.Normal recorded 911 samples, mean = 0.0 (flags = 0x41)
0  ------------------------------------------------------------------------O (911 = 100.0%)
1  ... 

Histogram: GPU.WatchdogThread.Timeout.Normal.main recorded 911 samples, mean = 0.0 (flags = 0x41)
0  ------------------------------------------------------------------------O (911 = 100.0%)
1  ... 

Histogram: GPU.WatchdogThread.Timeout.main recorded 911 samples, mean = 0.0 (flags = 0x41)
0  ------------------------------------------------------------------------O (911 = 100.0%)
1  ... 

Histogram: Gaia.AuthFetcher.ListAccounts.NetErrorCodes recorded 1 samples (flags = 0x41)
0  -O                                                                        (1 = 100.0%)

Histogram: Gpu.FenceHandle.CloneCountsPerSubmit recorded 7 samples, mean = 0.0 (flags = 0x41)
0  -------O                                                                  (7 = 100.0%)
1  ... 

Histogram: Gpu.GrCompileShaderUs recorded 4 samples, mean = 14835.0 (flags = 0x41)
0      ... 
149    -O                                                                        (1 = 25.0%) {0.0%}
196    ... 
4053   -O                                                                        (1 = 25.0%) {25.0%}
5338   O                                                                         (0 = 0.0%) {50.0%}
7031   -O                                                                        (1 = 25.0%) {50.0%}
9260   ... 
36699  -O                                                                        (1 = 25.0%) {75.0%}
48336  ... 

Histogram: Gpu.GrLinkProgramUs recorded 2 samples, mean = 19863.5 (flags = 0x41)
0      ... 
9260   -O                                                                        (1 = 50.0%) {0.0%}
12196  ... 
27864  -O                                                                        (1 = 50.0%) {50.0%}
36699  ... 

Histogram: Gpu.PassthroughProgramCacheLoadHitInCache recorded 2 samples, mean = 0.0 (flags = 0x41)
0  --O                                                                       (2 = 100.0%)
1  ... 

Histogram: Gpu.Rasterization.Raster.MSAASampleCountLog2 recorded 2 samples, mean = 0.0 (flags = 0x41)
0  --O                                                                       (2 = 100.0%)
1  ... 

Histogram: HangWatcher.IsThreadHung.BrowserProcess.IOThread.Normal recorded 1824 samples, mean = 0.0 (flags = 0x41)
0  ------------------------------------------------------------------------O (1824 = 100.0%)
1  ... 

Histogram: HangWatcher.IsThreadHung.BrowserProcess.UIThread.Normal recorded 1824 samples, mean = 0.0 (flags = 0x41)
0  ------------------------------------------------------------------------O (1824 = 100.0%)
1  ... 

Histogram: HangWatcher.IsThreadHung.RendererProcess.IOThread recorded 1821 samples, mean = 0.0 (flags = 0x41)
0  ------------------------------------------------------------------------O (1821 = 100.0%)
1  ... 

Histogram: HangWatcher.IsThreadHung.RendererProcess.IOThread.BestEffort recorded 1823 samples, mean = 0.0 (flags = 0x41)
0  ------------------------------------------------------------------------O (1823 = 100.0%)
1  ... 

Histogram: HangWatcher.IsThreadHung.RendererProcess.MainThread recorded 1821 samples, mean = 0.0 (flags = 0x41)
0  ------------------------------------------------------------------------O (1821 = 100.0%)
1  ... 

Histogram: HangWatcher.IsThreadHung.RendererProcess.MainThread.BestEffort recorded 1823 samples, mean = 0.0 (flags = 0x41)
0  ------------------------------------------------------------------------O (1823 = 100.0%)
1  ... 

Histogram: HangWatcher.IsThreadHung.UtilityProcess.IOThread recorded 3644 samples, mean = 0.0 (flags = 0x41)
0  ------------------------------------------------------------------------O (3644 = 100.0%)
1  ... 

Histogram: HangWatcher.IsThreadHung.UtilityProcess.MainThread recorded 3645 samples, mean = 0.0 (flags = 0x41)
0  ------------------------------------------------------------------------O (3645 = 100.0%)
1  ... 

Histogram: HangWatcher.SleepDrift.BrowserProcess recorded 9113 samples, mean = 6.1 (flags = 0x41)
0   ------------------------------------------------------------------------O (2051 = 22.5%)
1   ----------------------O                                                   (619 = 6.8%) {22.5%}
2   ----------------O                                                         (456 = 5.0%) {29.3%}
3   ---------------O                                                          (432 = 4.7%) {34.3%}
4   ---------------O                                                          (434 = 4.8%) {39.0%}
5   ----------------O                                                         (445 = 4.9%) {43.8%}
6   ----------------O                                                         (449 = 4.9%) {48.7%}
7   ----------------O                                                         (466 = 5.1%) {53.6%}
8   ----------------------------------O                                       (980 = 10.8%) {58.7%}
10  ---------------------------------O                                        (953 = 10.5%) {69.5%}
12  ----------------------------------O                                       (960 = 10.5%) {79.9%}
14  -----------------------------O                                            (834 = 9.2%) {90.5%}
17  -O                                                                        (18 = 0.2%) {99.6%}
20  O                                                                         (11 = 0.1%) {99.8%}
24  O                                                                         (4 = 0.0%) {99.9%}
29  ... 
48  O                                                                         (1 = 0.0%) {100.0%}
57  ... 

Histogram: Hardware.Display.Count.OnStartup recorded 1 samples, mean = 2.0 (flags = 0x41)
0  ... 
2  -O                                                                        (1 = 100.0%) {0.0%}
3  ... 

Histogram: Hardware.Display.SupportsHDR recorded 2 samples, mean = 0.0 (flags = 0x41)
0  --O                                                                       (2 = 100.0%)
1  ... 

Histogram: HeapProfiling.InProcess.Enabled recorded 1 samples, mean = 0.0 (flags = 0x41)
0  -O                                                                        (1 = 100.0%)
1  ... 

Histogram: HeapProfiling.InProcess.Enabled.Browser recorded 1 samples, mean = 0.0 (flags = 0x41)
0  -O                                                                        (1 = 100.0%)
1  ... 

Histogram: Histogram.TooManyBuckets.1000 recorded 4 samples (flags = 0x41)
-2140283801 --O                                                                       (2 = 50.0%)
1721222685  --O                                                                       (2 = 50.0%)

Histogram: History.Backend.TransactionCommitSuccess recorded 3 samples, mean = 1.0 (flags = 0x41)
0  O                                                                         (0 = 0.0%)
1  ---O                                                                      (3 = 100.0%) {0.0%}
2  O                                                                         (0 = 0.0%) {100.0%}

Histogram: History.ClearBrowsingData.TaskQueueAtShutdown recorded 1 samples, mean = 0.0 (flags = 0x41)
0  -O                                                                        (1 = 100.0%)
1  ... 

Histogram: History.Clusters.ContextClusterer.VisitProcessingLatency.CleanUpTimer recorded 30 samples, mean = 0.0 (flags = 0x41)
0  ------------------------------O                                           (30 = 100.0%)
1  ... 

Histogram: History.Clusters.ContextClusterer.VisitProcessingLatency.UrlVisited recorded 4 samples, mean = 0.0 (flags = 0x41)
0  ----O                                                                     (4 = 100.0%)
1  ... 

Histogram: History.Clusters.JourneysEligibleAndEnabledAtSessionStart recorded 1 samples, mean = 1.0 (flags = 0x41)
0  O                                                                         (0 = 0.0%)
1  -O                                                                        (1 = 100.0%) {0.0%}
2  O                                                                         (0 = 0.0%) {100.0%}

Histogram: History.Clusters.KeywordCache.LoadCachesFromPrefs.Latency recorded 1 samples, mean = 0.0 (flags = 0x41)
0  -O                                                                        (1 = 100.0%)
1  ... 

Histogram: History.InMemoryDBItemCount recorded 1 samples, mean = 2.0 (flags = 0x41)
0  ... 
2  -O                                                                        (1 = 100.0%) {0.0%}
3  ... 

Histogram: History.TopSites.QueryFromHistoryTime recorded 1 samples, mean = 330.0 (flags = 0x41)
0    ... 
318  -O                                                                        (1 = 100.0%) {0.0%}
378  ... 

Histogram: History.VisitedLinks.HashTableLengthOnReaderInit recorded 3 samples, mean = 16381.0 (flags = 0x41)
0      ... 
14319  ---O                                                                      (3 = 100.0%) {0.0%}
19866  ... 

Histogram: History.VisitedLinks.HashTableSizeOnTableCreate recorded 2 samples, mean = 0.0 (flags = 0x41)
0  --O                                                                       (2 = 100.0%)
1  ... 

Histogram: History.VisitedLinks.HashTableUsageOnLinkAdded recorded 4 samples, mean = 3.8 (flags = 0x41)
0  -O                                                                        (1 = 25.0%)
1  ... 
4  ---O                                                                      (3 = 75.0%) {25.0%}
6  ... 

Histogram: History.VisitedLinks.TryToAddFingerprint recorded 5 samples, mean = 0.8 (flags = 0x41)
0  -O                                                                        (1 = 20.0%)
1  ----O                                                                     (4 = 80.0%) {20.0%}
2  ... 

Histogram: History.VisitedLinks.VisitLoggedFromMainFrame recorded 3 samples, mean = 1.0 (flags = 0x41)
0  O                                                                         (0 = 0.0%)
1  ---O                                                                      (3 = 100.0%) {0.0%}
2  O                                                                         (0 = 0.0%) {100.0%}

Histogram: History.VisitedLinks.VisitLoggedFromTransition recorded 3 samples, mean = 1.7 (flags = 0x41)
0  O                                                                         (0 = 0.0%)
1  -O                                                                        (1 = 33.3%) {0.0%}
2  --O                                                                       (2 = 66.7%) {33.3%}
3  ... 

Histogram: HttpCache.AccessToDone2 recorded 48 samples, mean = 231.7 (flags = 0x41)
0     O                                                                         (0 = 0.0%)
1     -O                                                                        (1 = 2.1%) {0.0%}
2     ... 
8     -O                                                                        (1 = 2.1%) {2.1%}
9     -O                                                                        (1 = 2.1%) {4.2%}
10    ... 
37    -O                                                                        (1 = 2.1%) {6.2%}
41    ... 
49    -O                                                                        (1 = 2.1%) {8.3%}
54    ... 
71    -O                                                                        (1 = 2.1%) {10.4%}
78    ------O                                                                   (6 = 12.5%) {12.5%}
85    --O                                                                       (2 = 4.2%) {25.0%}
93    O                                                                         (0 = 0.0%) {29.2%}
102   -O                                                                        (1 = 2.1%) {29.2%}
112   ... 
148   ---O                                                                      (3 = 6.2%) {31.2%}
162   ----O                                                                     (4 = 8.3%) {37.5%}
177   -O                                                                        (1 = 2.1%) {45.8%}
194   -----O                                                                    (5 = 10.4%) {47.9%}
212   --O                                                                       (2 = 4.2%) {58.3%}
232   -----------O                                                              (11 = 22.9%) {62.5%}
254   -O                                                                        (1 = 2.1%) {85.4%}
278   O                                                                         (0 = 0.0%) {87.5%}
304   -O                                                                        (1 = 2.1%) {87.5%}
333   O                                                                         (0 = 0.0%) {89.6%}
364   -O                                                                        (1 = 2.1%) {89.6%}
398   ... 
625   -O                                                                        (1 = 2.1%) {91.7%}
684   -O                                                                        (1 = 2.1%) {93.8%}
748   ... 
979   -O                                                                        (1 = 2.1%) {95.8%}
1071  ... 
1403  -O                                                                        (1 = 2.1%) {97.9%}
1535  ... 

Histogram: HttpCache.AccessToDone2.SentRequest recorded 12 samples, mean = 407.9 (flags = 0x41)
0     ... 
37    -O                                                                        (1 = 8.3%) {0.0%}
41    ... 
49    -O                                                                        (1 = 8.3%) {8.3%}
54    ... 
78    -O                                                                        (1 = 8.3%) {16.7%}
85    --O                                                                       (2 = 16.7%) {25.0%}
93    O                                                                         (0 = 0.0%) {41.7%}
102   -O                                                                        (1 = 8.3%) {41.7%}
112   ... 
254   -O                                                                        (1 = 8.3%) {50.0%}
278   ... 
364   -O                                                                        (1 = 8.3%) {58.3%}
398   ... 
625   -O                                                                        (1 = 8.3%) {66.7%}
684   -O                                                                        (1 = 8.3%) {75.0%}
748   ... 
979   -O                                                                        (1 = 8.3%) {83.3%}
1071  ... 
1403  -O                                                                        (1 = 8.3%) {91.7%}
1535  ... 

Histogram: HttpCache.AccessToDone2.Used recorded 36 samples, mean = 172.9 (flags = 0x41)
0    O                                                                         (0 = 0.0%)
1    -O                                                                        (1 = 2.8%) {0.0%}
2    ... 
8    -O                                                                        (1 = 2.8%) {2.8%}
9    -O                                                                        (1 = 2.8%) {5.6%}
10   ... 
75   -O                                                                        (1 = 2.8%) {8.3%}
80   -----O                                                                    (5 = 13.9%) {11.1%}
85   ... 
151  --O                                                                       (2 = 5.6%) {25.0%}
161  ---O                                                                      (3 = 8.3%) {30.6%}
172  --O                                                                       (2 = 5.6%) {38.9%}
183  -O                                                                        (1 = 2.8%) {44.4%}
195  ----O                                                                     (4 = 11.1%) {47.2%}
208  -O                                                                        (1 = 2.8%) {58.3%}
222  ----------O                                                               (10 = 27.8%) {61.1%}
237  ---O                                                                      (3 = 8.3%) {88.9%}
253  ... 
307  -O                                                                        (1 = 2.8%) {97.2%}
327  ... 

Histogram: HttpCache.AddTransactionToEntry recorded 48 samples, mean = 0.0 (flags = 0x41)
0  ------------------------------------------------O                         (48 = 100.0%)
1  ... 

Histogram: HttpCache.BeforeSend recorded 12 samples, mean = 20.5 (flags = 0x41)
0    -----O                                                                    (5 = 41.7%)
1    -O                                                                        (1 = 8.3%) {41.7%}
2    --O                                                                       (2 = 16.7%) {50.0%}
3    ---O                                                                      (3 = 25.0%) {66.7%}
4    ... 
226  -O                                                                        (1 = 8.3%) {91.7%}
268  ... 

Histogram: HttpCache.BeforeSend.CantConditionalize recorded 4 samples, mean = 1.5 (flags = 0x41)
0  --O                                                                       (2 = 50.0%)
1  ... 
3  --O                                                                       (2 = 50.0%) {50.0%}
4  ... 

Histogram: HttpCache.BeforeSend.NotCached recorded 5 samples, mean = 1.0 (flags = 0x41)
0  --O                                                                       (2 = 40.0%)
1  -O                                                                        (1 = 20.0%) {40.0%}
2  --O                                                                       (2 = 40.0%) {60.0%}
3  ... 

Histogram: HttpCache.BeforeSend.Updated recorded 1 samples, mean = 232.0 (flags = 0x41)
0    ... 
226  -O                                                                        (1 = 100.0%) {0.0%}
268  ... 

Histogram: HttpCache.BeforeSend.Validated recorded 2 samples, mean = 1.5 (flags = 0x41)
0  -O                                                                        (1 = 50.0%)
1  ... 
3  -O                                                                        (1 = 50.0%) {50.0%}
4  ... 

Histogram: HttpCache.CreateDiskEntry recorded 5 samples, mean = 1.0 (flags = 0x41)
0  --O                                                                       (2 = 40.0%)
1  -O                                                                        (1 = 20.0%) {40.0%}
2  --O                                                                       (2 = 40.0%) {60.0%}
3  ... 

Histogram: HttpCache.HardReset recorded 1 samples, mean = 0.0 (flags = 0x40)
0  -O                                                                        (1 = 100.0%)
1  ... 

Histogram: HttpCache.IsNoStore recorded 48 samples, mean = 0.1 (flags = 0x41)
0  -------------------------------------------O                              (43 = 89.6%)
1  -----O                                                                    (5 = 10.4%) {89.6%}
2  O                                                                         (0 = 0.0%) {100.0%}

Histogram: HttpCache.IsNoStore.MainFrameHTML recorded 1 samples, mean = 1.0 (flags = 0x41)
0  O                                                                         (0 = 0.0%)
1  -O                                                                        (1 = 100.0%) {0.0%}
2  O                                                                         (0 = 0.0%) {100.0%}

Histogram: HttpCache.MaxFileSizeOnInit recorded 1 samples, mean = 40960.0 (flags = 0x41)
0      ... 
37526  -O                                                                        (1 = 100.0%) {0.0%}
42713  ... 

Histogram: HttpCache.OpenDiskEntry recorded 43 samples, mean = 4.0 (flags = 0x41)
0    -----------------------------------O                                      (35 = 81.4%)
1    ---O                                                                      (3 = 7.0%) {81.4%}
2    --O                                                                       (2 = 4.7%) {88.4%}
3    -O                                                                        (1 = 2.3%) {93.0%}
4    O                                                                         (0 = 0.0%) {95.3%}
5    -O                                                                        (1 = 2.3%) {95.3%}
6    ... 
135  -O                                                                        (1 = 2.3%) {97.7%}
160  ... 

Histogram: HttpCache.Pattern recorded 48 samples, mean = 3.2 (flags = 0x41)
0  ... 
2  -----O                                                                    (5 = 10.4%) {0.0%}
3  ------------------------------------O                                     (36 = 75.0%) {10.4%}
4  --O                                                                       (2 = 4.2%) {85.4%}
5  -O                                                                        (1 = 2.1%) {89.6%}
6  ----O                                                                     (4 = 8.3%) {91.7%}
7  O                                                                         (0 = 0.0%) {100.0%}

Histogram: HttpCache.Pattern.CSS recorded 7 samples, mean = 3.1 (flags = 0x41)
0  ... 
3  ------O                                                                   (6 = 85.7%) {0.0%}
4  -O                                                                        (1 = 14.3%) {85.7%}
5  ... 

Histogram: HttpCache.Pattern.CSSThirdParty recorded 7 samples, mean = 3.1 (flags = 0x41)
0  ... 
3  ------O                                                                   (6 = 85.7%) {0.0%}
4  -O                                                                        (1 = 14.3%) {85.7%}
5  ... 

Histogram: HttpCache.Pattern.Font recorded 5 samples, mean = 3.0 (flags = 0x41)
0  ... 
3  -----O                                                                    (5 = 100.0%) {0.0%}
4  ... 

Histogram: HttpCache.Pattern.FontThirdParty recorded 5 samples, mean = 3.0 (flags = 0x41)
0  ... 
3  -----O                                                                    (5 = 100.0%) {0.0%}
4  ... 

Histogram: HttpCache.Pattern.Image recorded 1 samples, mean = 2.0 (flags = 0x41)
0  ... 
2  -O                                                                        (1 = 100.0%) {0.0%}
3  ... 

Histogram: HttpCache.Pattern.JavaScript recorded 26 samples, mean = 3.2 (flags = 0x41)
0  ... 
3  ------------------------O                                                 (24 = 92.3%) {0.0%}
4  O                                                                         (0 = 0.0%) {92.3%}
5  -O                                                                        (1 = 3.8%) {92.3%}
6  -O                                                                        (1 = 3.8%) {96.2%}
7  O                                                                         (0 = 0.0%) {100.0%}

Histogram: HttpCache.Pattern.JavaScriptThirdParty recorded 25 samples, mean = 3.1 (flags = 0x41)
0  ... 
3  ------------------------O                                                 (24 = 96.0%) {0.0%}
4  O                                                                         (0 = 0.0%) {96.0%}
5  -O                                                                        (1 = 4.0%) {96.0%}
6  ... 

Histogram: HttpCache.Pattern.MainFrameHTML recorded 1 samples, mean = 2.0 (flags = 0x41)
0  ... 
2  -O                                                                        (1 = 100.0%) {0.0%}
3  ... 

Histogram: HttpCache.Pattern.NonTinyImage recorded 1 samples, mean = 2.0 (flags = 0x41)
0  ... 
2  -O                                                                        (1 = 100.0%) {0.0%}
3  ... 

Histogram: HttpCache.TotalDiskCacheTimePerTransaction.Read recorded 7 samples, mean = 11.0 (flags = 0x41)
0   ---O                                                                      (3 = 42.9%)
1   ---O                                                                      (3 = 42.9%) {42.9%}
2   ... 
68  -O                                                                        (1 = 14.3%) {85.7%}
81  ... 

Histogram: HttpCache.TotalDiskCacheTimePerTransaction.Write recorded 7 samples, mean = 15.7 (flags = 0x41)
0   ----O                                                                     (4 = 57.1%)
1   -O                                                                        (1 = 14.3%) {57.1%}
2   ... 
48  --O                                                                       (2 = 28.6%) {71.4%}
57  ... 

Histogram: ImageDecoder.Png.UiGfxIntoSkBitmap recorded 1 samples, mean = 9302.0 (flags = 0x41)
0     ... 
9260  -O                                                                        (1 = 100.0%) {0.0%}
12196 ... 

Histogram: ImportantFile.FileReplaceRetryCount recorded 126 samples, mean = 0.0 (flags = 0x41)
0  ------------------------------------------------------------------------O (126 = 100.0%)
1  ... 

Histogram: ImportantFile.SerializationDuration recorded 112 samples, mean = 0.0 (flags = 0x41)
0  ------------------------------------------------------------------------O (112 = 100.0%)
1  ... 

Histogram: ImportantFile.SerializationDuration.Local_State recorded 5 samples, mean = 0.0 (flags = 0x41)
0  -----O                                                                    (5 = 100.0%)
1  ... 

Histogram: ImportantFile.SerializationDuration.Preferences recorded 4 samples, mean = 0.0 (flags = 0x41)
0  ----O                                                                     (4 = 100.0%)
1  ... 

Histogram: ImportantFile.SerializationDuration.TransportSecurityPersister recorded 2 samples, mean = 0.0 (flags = 0x41)
0  --O                                                                       (2 = 100.0%)
1  ... 

Histogram: ImportantFile.WriteDuration recorded 112 samples, mean = 21.0 (flags = 0x41)
0    ... 
14   ---------------------------------O                                        (33 = 29.5%) {0.0%}
17   -------------------------------------------------O                        (49 = 43.7%) {29.5%}
20   ------------------O                                                       (18 = 16.1%) {73.2%}
24   -----O                                                                    (5 = 4.5%) {89.3%}
29   --O                                                                       (2 = 1.8%) {93.7%}
34   --O                                                                       (2 = 1.8%) {95.5%}
40   ... 
68   -O                                                                        (1 = 0.9%) {97.3%}
81   -O                                                                        (1 = 0.9%) {98.2%}
96   ... 
160  -O                                                                        (1 = 0.9%) {99.1%}
190  ... 

Histogram: ImportantFile.WriteDuration.Local_State recorded 5 samples, mean = 26.4 (flags = 0x41)
0   ... 
12  -O                                                                        (1 = 20.0%) {0.0%}
14  -O                                                                        (1 = 20.0%) {20.0%}
17  O                                                                         (0 = 0.0%) {40.0%}
20  --O                                                                       (2 = 40.0%) {40.0%}
24  ... 
57  -O                                                                        (1 = 20.0%) {80.0%}
68  ... 

Histogram: ImportantFile.WriteDuration.Preferences recorded 4 samples, mean = 44.8 (flags = 0x41)
0   ... 
20  --O                                                                       (2 = 50.0%) {0.0%}
24  ... 
57  -O                                                                        (1 = 25.0%) {50.0%}
68  -O                                                                        (1 = 25.0%) {75.0%}
81  ... 

Histogram: ImportantFile.WriteDuration.SCTAuditing recorded 2 samples, mean = 190.5 (flags = 0x41)
0    ... 
81   -O                                                                        (1 = 50.0%) {0.0%}
96   ... 
268  -O                                                                        (1 = 50.0%) {50.0%}
318  ... 

Histogram: ImportantFile.WriteDuration.TransportSecurityPersister recorded 2 samples, mean = 24.0 (flags = 0x41)
0   ... 
20  -O                                                                        (1 = 50.0%) {0.0%}
24  -O                                                                        (1 = 50.0%) {50.0%}
29  ... 

Histogram: ImportantFile.WriteDuration.TrustedVault recorded 1 samples, mean = 14.0 (flags = 0x41)
0   ... 
14  -O                                                                        (1 = 100.0%) {0.0%}
17  ... 

Histogram: InProductHelp.Config.ParsingEvent recorded 68 samples, mean = 6.4 (flags = 0x41)
0   -----------------------------O                                            (29 = 42.6%)
1   O                                                                         (0 = 0.0%) {42.6%}
2   ---------O                                                                (9 = 13.2%) {42.6%}
3   ... 
14  ------------------------------O                                           (30 = 44.1%) {55.9%}
15  ... 

Histogram: InProductHelp.Db.Init.AvailabilityStore recorded 1 samples, mean = 1.0 (flags = 0x41)
0  O                                                                         (0 = 0.0%)
1  -O                                                                        (1 = 100.0%) {0.0%}
2  O                                                                         (0 = 0.0%) {100.0%}

Histogram: InProductHelp.Db.Init.EventStore recorded 1 samples, mean = 1.0 (flags = 0x41)
0  O                                                                         (0 = 0.0%)
1  -O                                                                        (1 = 100.0%) {0.0%}
2  O                                                                         (0 = 0.0%) {100.0%}

Histogram: InProductHelp.Db.Load.AvailabilityStore recorded 1 samples, mean = 1.0 (flags = 0x41)
0  O                                                                         (0 = 0.0%)
1  -O                                                                        (1 = 100.0%) {0.0%}
2  O                                                                         (0 = 0.0%) {100.0%}

Histogram: InProductHelp.Db.Load.EventStore recorded 1 samples, mean = 1.0 (flags = 0x41)
0  O                                                                         (0 = 0.0%)
1  -O                                                                        (1 = 100.0%) {0.0%}
2  O                                                                         (0 = 0.0%) {100.0%}

Histogram: InProductHelp.Db.TotalEvents recorded 1 samples, mean = 0.0 (flags = 0x41)
0  -O                                                                        (1 = 100.0%)
1  ... 

Histogram: InProductHelp.Db.Update.AvailabilityStore recorded 1 samples, mean = 1.0 (flags = 0x41)
0  O                                                                         (0 = 0.0%)
1  -O                                                                        (1 = 100.0%) {0.0%}
2  O                                                                         (0 = 0.0%) {100.0%}

Histogram: IndexedDB.ContextShutdownDuration recorded 1 samples, mean = 6.0 (flags = 0x41)
0  ... 
6  -O                                                                        (1 = 100.0%) {0.0%}
7  ... 

Histogram: Input.Digitizer.MaxTouchPointsSupportedBySystemAtStartup recorded 1 samples, mean = 0.0 (flags = 0x41)
0  -O                                                                        (1 = 100.0%)
1  ... 

Histogram: Input.PointerTypePrimary recorded 1 samples, mean = 2.0 (flags = 0x41)
0  ... 
2  -O                                                                        (1 = 100.0%) {0.0%}
3  O                                                                         (0 = 0.0%) {100.0%}

Histogram: Input.PointerTypesAll recorded 1 samples, mean = 2.0 (flags = 0x41)
0  ... 
2  -O                                                                        (1 = 100.0%) {0.0%}
3  ... 

Histogram: LanguageDetection.TFLiteModel.WasModelAvailableForDetection recorded 1 samples, mean = 0.0 (flags = 0x41)
0  -O                                                                        (1 = 100.0%)
1  ... 

Histogram: LanguageDetection.TFLiteModel.WasModelRequestDeferred recorded 2 samples, mean = 1.0 (flags = 0x41)
0  O                                                                         (0 = 0.0%)
1  --O                                                                       (2 = 100.0%) {0.0%}
2  O                                                                         (0 = 0.0%) {100.0%}

Histogram: LanguageDetection.TFLiteModel.WasModelUnavailableDueToDeferredLoad recorded 1 samples, mean = 0.0 (flags = 0x41)
0  -O                                                                        (1 = 100.0%)
1  ... 

Histogram: LanguageUsage.AcceptLanguage recorded 1 samples (flags = 0x41)
25966  -O                                                                        (1 = 100.0%)

Histogram: LanguageUsage.AcceptLanguage.Count recorded 1 samples, mean = 1.0 (flags = 0x41)
0  O                                                                         (0 = 0.0%)
1  -O                                                                        (1 = 100.0%) {0.0%}
2  ... 

Histogram: LanguageUsage.AcceptLanguageAndContentLanguageUsage recorded 1 samples, mean = 0.0 (flags = 0x41)
0  -O                                                                        (1 = 100.0%)
1  ... 

Histogram: LanguageUsage.AcceptLanguageAndXmlHtmlLangUsage recorded 1 samples, mean = 7.0 (flags = 0x41)
0  ... 
7  -O                                                                        (1 = 100.0%) {0.0%}
8  O                                                                         (0 = 0.0%) {100.0%}

Histogram: LevelDB.ApproximateMemTableMemoryUse.BudgetManager recorded 0 samples (flags = 0x41)
0 ... 

Histogram: LevelDB.ApproximateMemTableMemoryUse.CartDatabase recorded 0 samples (flags = 0x41)
0 ... 

Histogram: LevelDB.ApproximateMemTableMemoryUse.ClientCertificatesDatabase recorded 0 samples (flags = 0x41)
0 ... 

Histogram: LevelDB.ApproximateMemTableMemoryUse.CommerceParcelTrackingDatabase recorded 0 samples (flags = 0x41)
0 ... 

Histogram: LevelDB.ApproximateMemTableMemoryUse.CommerceSubscriptionDatabase recorded 0 samples (flags = 0x41)
0 ... 

Histogram: LevelDB.ApproximateMemTableMemoryUse.CouponDatabase recorded 0 samples (flags = 0x41)
0 ... 

Histogram: LevelDB.ApproximateMemTableMemoryUse.DiscountsDatabase recorded 0 samples (flags = 0x41)
0 ... 

Histogram: LevelDB.ApproximateMemTableMemoryUse.DownloadDB recorded 0 samples (flags = 0x41)
0 ... 

Histogram: LevelDB.ApproximateMemTableMemoryUse.DownloadService recorded 0 samples (flags = 0x41)
0 ... 

Histogram: LevelDB.ApproximateMemTableMemoryUse.FeatureEngagementTrackerAvailabilityStore recorded 0 samples (flags = 0x41)
0 ... 

Histogram: LevelDB.ApproximateMemTableMemoryUse.FeatureEngagementTrackerEventStore recorded 0 samples (flags = 0x41)
0 ... 

Histogram: LevelDB.ApproximateMemTableMemoryUse.Metadata recorded 1 samples, mean = 4104.0 (flags = 0x41)
0  O                                                                         (0 = 0.0%)
1  -O                                                                        (1 = 100.0%) {0.0%}
270601... 

Histogram: LevelDB.ApproximateMemTableMemoryUse.PersistentOriginTrials recorded 0 samples (flags = 0x41)
0 ... 

Histogram: LevelDB.ApproximateMemTableMemoryUse.PreviewsHintCacheStore recorded 0 samples (flags = 0x41)
0 ... 

Histogram: LevelDB.ApproximateMemTableMemoryUse.SegmentInfoDatabase recorded 0 samples (flags = 0x41)
0 ... 

Histogram: LevelDB.ApproximateMemTableMemoryUse.SharedProtoDB recorded 1 samples, mean = 151848.0 (flags = 0x41)
0  O                                                                         (0 = 0.0%)
1  -O                                                                        (1 = 100.0%) {0.0%}
270601... 

Histogram: LevelDB.ApproximateMemTableMemoryUse.SignalDatabase recorded 0 samples (flags = 0x41)
0 ... 

Histogram: LevelDB.ApproximateMemTableMemoryUse.SignalStorageConfigDatabase recorded 0 samples (flags = 0x41)
0 ... 

Histogram: LevelDB.ApproximateMemTableMemoryUse.StrikeService recorded 0 samples (flags = 0x41)
0 ... 

Histogram: LevelDBEnv.DeleteTableBackupFile recorded 0 samples (flags = 0x41)
0 ... 

Histogram: LevelDBEnv.SyncResult recorded 43 samples, mean = 0.0 (flags = 0x41)
0  -------------------------------------------O                              (43 = 100.0%)
1  ... 

Histogram: LevelDBWrapper.CommitDelay recorded 2 samples, mean = 5000.0 (flags = 0x41)
0     ... 
4516  --O                                                                       (2 = 100.0%) {0.0%}
6118  ... 

Histogram: LoadingPredictor.PreconnectCount recorded 1 samples, mean = 1.0 (flags = 0x41)
0  O                                                                         (0 = 0.0%)
1  -O                                                                        (1 = 100.0%) {0.0%}
2  ... 

Histogram: LoadingPredictor.PreconnectHitsPercentage recorded 1 samples, mean = 100.0 (flags = 0x41)
0    ... 
100  -O                                                                        (1 = 100.0%) {0.0%}
101  O                                                                         (0 = 0.0%) {100.0%}

Histogram: LoadingPredictor.PreconnectLearningCount.Navigation recorded 1 samples, mean = 3.0 (flags = 0x41)
0  ... 
3  -O                                                                        (1 = 100.0%) {0.0%}
4  ... 

Histogram: LoadingPredictor.PreconnectLearningPrecision.Navigation recorded 1 samples, mean = 100.0 (flags = 0x41)
0    ... 
100  -O                                                                        (1 = 100.0%) {0.0%}

Histogram: LoadingPredictor.PreconnectLearningRecall.Navigation recorded 1 samples, mean = 100.0 (flags = 0x41)
0    ... 
100  -O                                                                        (1 = 100.0%) {0.0%}

Histogram: LoadingPredictor.PreconnectLearningRedirectStatus.Navigation recorded 1 samples, mean = 2.0 (flags = 0x41)
0  ... 
2  -O                                                                        (1 = 100.0%) {0.0%}
3  ... 

Histogram: LoadingPredictor.PredictorDatabaseFileSize recorded 1 samples, mean = 44.0 (flags = 0x41)
0   ... 
37  -O                                                                        (1 = 100.0%) {0.0%}
49  ... 

Histogram: LoadingPredictor.PreresolveCount recorded 1 samples, mean = 1.0 (flags = 0x41)
0  O                                                                         (0 = 0.0%)
1  -O                                                                        (1 = 100.0%) {0.0%}
2  ... 

Histogram: LoadingPredictor.PreresolveHitsPercentage recorded 1 samples, mean = 100.0 (flags = 0x41)
0    ... 
100  -O                                                                        (1 = 100.0%) {0.0%}
101  O                                                                         (0 = 0.0%) {100.0%}

Histogram: LocalStorage.MojoSizeInKB recorded 1 samples, mean = 14.0 (flags = 0x41)
0   ... 
13  -O                                                                        (1 = 100.0%) {0.0%}
15  ... 

Histogram: LocalStorage.MojoTimeToPrime recorded 1 samples, mean = 1.0 (flags = 0x41)
0  O                                                                         (0 = 0.0%)
1  -O                                                                        (1 = 100.0%) {0.0%}
2  ... 

Histogram: LocalStorage.MojoTimeToPrimeForUnder100KB recorded 1 samples, mean = 1.0 (flags = 0x41)
0  O                                                                         (0 = 0.0%)
1  -O                                                                        (1 = 100.0%) {0.0%}
2  ... 

Histogram: LocalStorage.RendererAreaCacheHit recorded 2 samples, mean = 1.0 (flags = 0x41)
0  -O                                                                        (1 = 50.0%)
1  O                                                                         (0 = 0.0%) {50.0%}
2  -O                                                                        (1 = 50.0%) {50.0%}
3  O                                                                         (0 = 0.0%) {100.0%}

Histogram: LocalStorageContext.ShutDown.MaybeDroppedChanges recorded 1 samples, mean = 0.0 (flags = 0x40)
0  -O                                                                        (1 = 100.0%)
1  ... 

Histogram: MPArch.ChildProcessLaunchFirst recorded 1 samples, mean = 16.0 (flags = 0x41)
0   ... 
14  -O                                                                        (1 = 100.0%) {0.0%}
17  ... 

Histogram: MPArch.ChildProcessLaunchSubsequent recorded 8 samples, mean = 3.9 (flags = 0x41)
0  ... 
3  ---O                                                                      (3 = 37.5%) {0.0%}
4  ---O                                                                      (3 = 37.5%) {37.5%}
5  --O                                                                       (2 = 25.0%) {75.0%}
6  ... 

Histogram: ManagedUsers.BlockedIframeCount recorded 1 samples, mean = 0.0 (flags = 0x41)
0  -O                                                                        (1 = 100.0%)
1  ... 

Histogram: Manifest.HasProperty.description recorded 1 samples, mean = 0.0 (flags = 0x41)
0  -O                                                                        (1 = 100.0%)
1  ... 

Histogram: Manifest.HasProperty.display recorded 1 samples, mean = 1.0 (flags = 0x41)
0  O                                                                         (0 = 0.0%)
1  -O                                                                        (1 = 100.0%) {0.0%}
2  O                                                                         (0 = 0.0%) {100.0%}

Histogram: Manifest.HasProperty.gcm_sender_id recorded 1 samples, mean = 0.0 (flags = 0x41)
0  -O                                                                        (1 = 100.0%)
1  ... 

Histogram: Manifest.HasProperty.icons recorded 1 samples, mean = 1.0 (flags = 0x41)
0  O                                                                         (0 = 0.0%)
1  -O                                                                        (1 = 100.0%) {0.0%}
2  O                                                                         (0 = 0.0%) {100.0%}

Histogram: Manifest.HasProperty.name recorded 1 samples, mean = 1.0 (flags = 0x41)
0  O                                                                         (0 = 0.0%)
1  -O                                                                        (1 = 100.0%) {0.0%}
2  O                                                                         (0 = 0.0%) {100.0%}

Histogram: Manifest.HasProperty.orientation recorded 1 samples, mean = 0.0 (flags = 0x41)
0  -O                                                                        (1 = 100.0%)
1  ... 

Histogram: Manifest.HasProperty.protocol_handlers recorded 1 samples, mean = 0.0 (flags = 0x41)
0  -O                                                                        (1 = 100.0%)
1  ... 

Histogram: Manifest.HasProperty.screenshots recorded 1 samples, mean = 0.0 (flags = 0x41)
0  -O                                                                        (1 = 100.0%)
1  ... 

Histogram: Manifest.HasProperty.share_target recorded 1 samples, mean = 0.0 (flags = 0x41)
0  -O                                                                        (1 = 100.0%)
1  ... 

Histogram: Manifest.HasProperty.short_name recorded 1 samples, mean = 1.0 (flags = 0x41)
0  O                                                                         (0 = 0.0%)
1  -O                                                                        (1 = 100.0%) {0.0%}
2  O                                                                         (0 = 0.0%) {100.0%}

Histogram: Manifest.HasProperty.start_url recorded 1 samples, mean = 1.0 (flags = 0x41)
0  O                                                                         (0 = 0.0%)
1  -O                                                                        (1 = 100.0%) {0.0%}
2  O                                                                         (0 = 0.0%) {100.0%}

Histogram: Manifest.ParseIdResult recorded 1 samples, mean = 1.0 (flags = 0x41)
0  O                                                                         (0 = 0.0%)
1  -O                                                                        (1 = 100.0%) {0.0%}
2  ... 

Histogram: Media.GPU.VideoDecoderType recorded 1 samples, mean = 11.0 (flags = 0x41)
0   ... 
11  -O                                                                        (1 = 100.0%) {0.0%}
12  ... 

Histogram: Media.MediaHistory.DatabaseExists recorded 1 samples, mean = 0.0 (flags = 0x41)
0  -O                                                                        (1 = 100.0%)
1  ... 

Histogram: MediaRouter.Cast.Channel.ConnectResult recorded 1 samples, mean = 0.0 (flags = 0x41)
0  -O                                                                        (1 = 100.0%)
1  ... 

Histogram: MediaRouter.Cast.Channel.Error recorded 4 samples, mean = 2.0 (flags = 0x41)
0  ... 
2  ----O                                                                     (4 = 100.0%) {0.0%}
3  ... 

Histogram: MediaRouter.Cast.Discovery.ConnectedDevicesCount recorded 1 samples, mean = 0.0 (flags = 0x41)
0  -O                                                                        (1 = 100.0%)
1  ... 

Histogram: MediaRouter.Cast.Discovery.KnownDevicesCount recorded 1 samples, mean = 0.0 (flags = 0x41)
0  -O                                                                        (1 = 100.0%)
1  ... 

Histogram: MediaRouter.Cast.Mdns.Channel.Open_Failure recorded 4 samples, mean = 2947.0 (flags = 0x41)
0     ... 
2516  --O                                                                       (2 = 50.0%) {0.0%}
2990  --O                                                                       (2 = 50.0%) {50.0%}
3553  ... 

Histogram: MediaRouter.Dial.AvailableDevicesCount recorded 1 samples, mean = 0.0 (flags = 0x41)
0  -O                                                                        (1 = 100.0%)
1  ... 

Histogram: MediaRouter.Dial.DeviceDescriptionParsingResult recorded 1 samples, mean = 0.0 (flags = 0x41)
0  -O                                                                        (1 = 100.0%)
1  ... 

Histogram: MediaRouter.Dial.KnownDevicesCount recorded 1 samples, mean = 0.0 (flags = 0x41)
0  -O                                                                        (1 = 100.0%)
1  ... 

Histogram: Memory.Discardable.FreelistSize.Foreground recorded 4 samples, mean = 0.0 (flags = 0x41)
0  ----O                                                                     (4 = 100.0%)
1  ... 

Histogram: Memory.Discardable.Size.Foreground recorded 4 samples, mean = 0.0 (flags = 0x41)
0  ----O                                                                     (4 = 100.0%)
1  ... 

Histogram: Memory.Discardable.VirtualSize.Foreground recorded 4 samples, mean = 0.0 (flags = 0x41)
0  ----O                                                                     (4 = 100.0%)
1  ... 

Histogram: Memory.Experimental.AvailableMemoryMB recorded 151 samples, mean = 5531.4 (flags = 0x41)
0     ... 
3617  --O                                                                       (2 = 1.3%) {0.0%}
3994  -----O                                                                    (5 = 3.3%) {1.3%}
4410  -----------------------------------------O                                (41 = 27.2%) {4.6%}
4869  -------------------------------O                                          (31 = 20.5%) {31.8%}
5376  -------------------------O                                                (25 = 16.6%) {52.3%}
5936  -----------------O                                                        (17 = 11.3%) {68.9%}
6554  ------------------------------O                                           (30 = 19.9%) {80.1%}
7237  ... 

Histogram: Memory.Experimental.AvailableMemoryPercent recorded 151 samples, mean = 33.6 (flags = 0x41)
0   ... 
23  -O                                                                        (1 = 0.7%) {0.0%}
24  -O                                                                        (1 = 0.7%) {0.7%}
25  -O                                                                        (1 = 0.7%) {1.3%}
26  --O                                                                       (2 = 1.3%) {2.0%}
27  ------------O                                                             (12 = 7.9%) {3.3%}
28  --------------O                                                           (14 = 9.3%) {11.3%}
29  -----------------O                                                        (17 = 11.3%) {20.5%}
30  ----O                                                                     (4 = 2.6%) {31.8%}
31  -----------------O                                                        (17 = 11.3%) {34.4%}
32  ---------O                                                                (9 = 6.0%) {45.7%}
33  ----O                                                                     (4 = 2.6%) {51.7%}
34  ---------O                                                                (9 = 6.0%) {54.3%}
35  ---O                                                                      (3 = 2.0%) {60.3%}
36  -------------O                                                            (13 = 8.6%) {62.3%}
37  O                                                                         (0 = 0.0%) {70.9%}
38  ----O                                                                     (4 = 2.6%) {70.9%}
39  ------O                                                                   (6 = 4.0%) {73.5%}
40  -----------O                                                              (11 = 7.3%) {77.5%}
41  ----O                                                                     (4 = 2.6%) {84.8%}
42  -------------O                                                            (13 = 8.6%) {87.4%}
43  ------O                                                                   (6 = 4.0%) {96.0%}
44  ... 

Histogram: Memory.Experimental.Renderer.HighestPrivateMemoryFootprint.0to2min recorded 1 samples, mean = 83.0 (flags = 0x41)
0   ... 
75  -O                                                                        (1 = 100.0%) {0.0%}
84  ... 

Histogram: Memory.Experimental.Renderer.HighestPrivateMemoryFootprint.2to4min recorded 1 samples, mean = 64.0 (flags = 0x41)
0   ... 
60  -O                                                                        (1 = 100.0%) {0.0%}
67  ... 

Histogram: Memory.Experimental.Renderer.HighestPrivateMemoryFootprint.4to8min recorded 1 samples, mean = 64.0 (flags = 0x41)
0   ... 
60  -O                                                                        (1 = 100.0%) {0.0%}
67  ... 

Histogram: Memory.Experimental.Renderer.HighestPrivateMemoryFootprint.8to16min recorded 1 samples, mean = 64.0 (flags = 0x41)
0   ... 
60  -O                                                                        (1 = 100.0%) {0.0%}
67  ... 

Histogram: Memory.GPU.PeakMemoryAllocationSource2.PageLoad.SharedContextState recorded 1 samples, mean = 0.0 (flags = 0x41)
0  -O                                                                        (1 = 100.0%)
1  ... 

Histogram: Memory.GPU.PeakMemoryAllocationSource2.PageLoad.SharedImageStub recorded 1 samples, mean = 0.0 (flags = 0x41)
0  -O                                                                        (1 = 100.0%)
1  ... 

Histogram: Memory.GPU.PeakMemoryAllocationSource2.PageLoad.Skia recorded 1 samples, mean = 0.0 (flags = 0x41)
0  -O                                                                        (1 = 100.0%)
1  ... 

Histogram: Memory.GPU.PeakMemoryUsage2.PageLoad recorded 1 samples, mean = 0.0 (flags = 0x41)
0  -O                                                                        (1 = 100.0%)
1  ... 

Histogram: Memory.ParkableString.Compression.Latency recorded 18 samples, mean = 5805.4 (flags = 0x41)
0      ---O                                                                      (3 = 16.7%)
500    O                                                                         (0 = 0.0%) {16.7%}
540    -O                                                                        (1 = 5.6%) {16.7%}
584    ... 
1004   --O                                                                       (2 = 11.1%) {22.2%}
1085   ... 
2018   -O                                                                        (1 = 5.6%) {33.3%}
2181   ... 
2752   -O                                                                        (1 = 5.6%) {38.9%}
2974   O                                                                         (0 = 0.0%) {44.4%}
3214   --O                                                                       (2 = 11.1%) {44.4%}
3473   -O                                                                        (1 = 5.6%) {55.6%}
3753   --O                                                                       (2 = 11.1%) {61.1%}
4056   -O                                                                        (1 = 5.6%) {72.2%}
4383   ... 
14032  -O                                                                        (1 = 5.6%) {77.8%}
15164  O                                                                         (0 = 0.0%) {83.3%}
16387  -O                                                                        (1 = 5.6%) {83.3%}
17709  O                                                                         (0 = 0.0%) {88.9%}
19137  -O                                                                        (1 = 5.6%) {88.9%}
20681  O                                                                         (0 = 0.0%) {94.4%}
22349  -O                                                                        (1 = 5.6%) {94.4%}
24152  ... 

Histogram: Memory.ParkableString.Compression.SizeKb recorded 18 samples, mean = 275.4 (flags = 0x41)
0    ... 
14   -O                                                                        (1 = 5.6%) {0.0%}
16   ... 
20   -O                                                                        (1 = 5.6%) {5.6%}
23   ... 
29   --O                                                                       (2 = 11.1%) {11.1%}
33   ... 
60   -O                                                                        (1 = 5.6%) {22.2%}
67   O                                                                         (0 = 0.0%) {27.8%}
75   -O                                                                        (1 = 5.6%) {27.8%}
84   -O                                                                        (1 = 5.6%) {33.3%}
95   O                                                                         (0 = 0.0%) {38.9%}
107  -O                                                                        (1 = 5.6%) {38.9%}
120  O                                                                         (0 = 0.0%) {44.4%}
135  -O                                                                        (1 = 5.6%) {44.4%}
152  O                                                                         (0 = 0.0%) {50.0%}
171  --O                                                                       (2 = 11.1%) {50.0%}
192  -O                                                                        (1 = 5.6%) {61.1%}
216  ... 
307  -O                                                                        (1 = 5.6%) {66.7%}
345  O                                                                         (0 = 0.0%) {72.2%}
388  -O                                                                        (1 = 5.6%) {72.2%}
437  ... 
623  -O                                                                        (1 = 5.6%) {77.8%}
701  -O                                                                        (1 = 5.6%) {83.3%}
789  --O                                                                       (2 = 11.1%) {88.9%}
888  ... 

Histogram: Memory.ParkableString.Decompression.Latency recorded 3 samples, mean = 787.7 (flags = 0x41)
0     -O                                                                        (1 = 33.3%)
500   ... 
929   -O                                                                        (1 = 33.3%) {33.3%}
1004  ... 
1268  -O                                                                        (1 = 33.3%) {66.7%}
1370  ... 

Histogram: Memory.ParkableString.Decompression.ThroughputMBps recorded 3 samples, mean = 177.0 (flags = 0x41)
0    ... 
107  -O                                                                        (1 = 33.3%) {0.0%}
120  O                                                                         (0 = 0.0%) {33.3%}
135  -O                                                                        (1 = 33.3%) {33.3%}
152  ... 
273  -O                                                                        (1 = 33.3%) {66.7%}
307  ... 

Histogram: Memory.ParkableString.DiskReadTime.5min recorded 1 samples, mean = 0.0 (flags = 0x41)
0  -O                                                                        (1 = 100.0%)
1  ... 

Histogram: Memory.ParkableString.DiskWriteTime.5min recorded 1 samples, mean = 18.0 (flags = 0x41)
0   ... 
17  -O                                                                        (1 = 100.0%) {0.0%}
20  ... 

Histogram: Memory.ParkableString.OnDiskSizeKb.5min recorded 1 samples, mean = 977.0 (flags = 0x41)
0    ... 
896  -O                                                                        (1 = 100.0%) {0.0%}
1122 ... 

Histogram: Memory.ParkableString.Read.Latency recorded 3 samples, mean = 296.3 (flags = 0x41)
0    --O                                                                       (2 = 66.7%)
500  ... 
737  -O                                                                        (1 = 33.3%) {66.7%}
796  ... 

Histogram: Memory.ParkableString.TotalParkingThreadTime.5min recorded 1 samples, mean = 89.0 (flags = 0x41)
0   ... 
81  -O                                                                        (1 = 100.0%) {0.0%}
96  ... 

Histogram: Memory.ParkableString.TotalUnparkingTime.5min recorded 1 samples, mean = 0.0 (flags = 0x41)
0  -O                                                                        (1 = 100.0%)
1  ... 

Histogram: Memory.PartitionAlloc.MemoryReclaim recorded 18033 samples, mean = 211.2 (flags = 0x41)
0     ... 
37    O                                                                         (1 = 0.0%) {0.0%}
49    ---------------------------O                                              (1371 = 7.6%) {0.0%}
65    ------------------------------------------------------------------------O (3640 = 20.2%) {7.6%}
86    ----------------------------------------------------O                     (2642 = 14.7%) {27.8%}
113   ------------------O                                                       (931 = 5.2%) {42.4%}
149   ---------------------------O                                              (1356 = 7.5%) {47.6%}
196   --------------------------------------------------O                       (2537 = 14.1%) {55.1%}
258   -------------------O                                                      (971 = 5.4%) {69.2%}
340   ------------------------------------------------------------------------O (3651 = 20.2%) {74.6%}
448   --------------O                                                           (726 = 4.0%) {94.8%}
590   ---O                                                                      (130 = 0.7%) {98.9%}
777   -O                                                                        (39 = 0.2%) {99.6%}
1023  O                                                                         (12 = 0.1%) {99.8%}
1347  O                                                                         (8 = 0.0%) {99.9%}
1774  O                                                                         (5 = 0.0%) {99.9%}
2336  O                                                                         (4 = 0.0%) {99.9%}
3077  O                                                                         (7 = 0.0%) {100.0%}
4053  O                                                                         (1 = 0.0%) {100.0%}
5338  O                                                                         (1 = 0.0%) {100.0%}
7031  ... 

Histogram: Memory.PartitionAlloc.PartitionRoot.ExtrasSize recorded 1 samples, mean = 4.0 (flags = 0x41)
0  ... 
4  -O                                                                        (1 = 100.0%) {0.0%}
5  ... 

Histogram: Memory.PartitionAlloc.PeriodicPurge recorded 1885 samples, mean = 21.6 (flags = 0x41)
0     ... 
3     --O                                                                       (12 = 0.6%) {0.0%}
4     ---------O                                                                (47 = 2.5%) {0.6%}
5     ---------------O                                                          (76 = 4.0%) {3.1%}
7     --------------------O                                                     (101 = 5.4%) {7.2%}
9     -----------------------------------------------------------------O        (320 = 17.0%) {12.5%}
12    ----------------------------------------------------------------O         (318 = 16.9%) {29.5%}
16    ------------------------------------------------------------------------O (357 = 18.9%) {46.4%}
21    --------------------------------------------------------O                 (279 = 14.8%) {65.3%}
28    -------------------------------------O                                    (185 = 9.8%) {80.1%}
37    ------------------------O                                                 (119 = 6.3%) {89.9%}
49    ---------O                                                                (43 = 2.3%) {96.2%}
65    ---O                                                                      (17 = 0.9%) {98.5%}
86    -O                                                                        (3 = 0.2%) {99.4%}
113   O                                                                         (2 = 0.1%) {99.6%}
149   O                                                                         (2 = 0.1%) {99.7%}
196   O                                                                         (2 = 0.1%) {99.8%}
258   ... 
1023  O                                                                         (1 = 0.1%) {99.9%}
1347  O                                                                         (0 = 0.0%) {99.9%}
1774  O                                                                         (1 = 0.1%) {99.9%}
2336  ... 

Histogram: Memory.PressureLevel2 recorded 18245 samples, mean = 0.0 (flags = 0x41)
0  ------------------------------------------------------------------------O (18245 = 100.0%)
1  ... 

Histogram: Mojo.Channel.WriteReceiveMessageProcessType recorded 11 samples, mean = 2.8 (flags = 0x41)
0   -------O                                                                  (7 = 63.6%)
1   ... 
6   --O                                                                       (2 = 18.2%) {63.6%}
7   ... 
9   -O                                                                        (1 = 9.1%) {81.8%}
10  -O                                                                        (1 = 9.1%) {90.9%}
11  ... 

Histogram: NQE.ContentObserver.NetworkQualityMeaningfullyChanged recorded 8 samples, mean = 0.4 (flags = 0x40)
0  -----O                                                                    (5 = 62.5%)
1  ---O                                                                      (3 = 37.5%) {62.5%}
2  O                                                                         (0 = 0.0%) {100.0%}

Histogram: NQE.RTT.Error.Absolute recorded 7 samples, mean = 25.1 (flags = 0x41)
0   ... 
2   -O                                                                        (1 = 14.3%) {0.0%}
3   ... 
6   -O                                                                        (1 = 14.3%) {14.3%}
7   ... 
17  -O                                                                        (1 = 14.3%) {28.6%}
20  O                                                                         (0 = 0.0%) {42.9%}
24  -O                                                                        (1 = 14.3%) {42.9%}
29  O                                                                         (0 = 0.0%) {57.1%}
34  -O                                                                        (1 = 14.3%) {57.1%}
40  --O                                                                       (2 = 28.6%) {71.4%}
48  ... 

Histogram: NQE.RTT.Error.IsZero recorded 7 samples, mean = 0.0 (flags = 0x41)
0  -------O                                                                  (7 = 100.0%)
1  ... 

Histogram: NQE.RTT.Error.Negative recorded 4 samples, mean = 27.0 (flags = 0x41)
0   ... 
2   -O                                                                        (1 = 25.0%) {0.0%}
3   ... 
24  -O                                                                        (1 = 25.0%) {25.0%}
29  O                                                                         (0 = 0.0%) {50.0%}
34  -O                                                                        (1 = 25.0%) {50.0%}
40  -O                                                                        (1 = 25.0%) {75.0%}
48  ... 

Histogram: NQE.RTT.Error.Positive recorded 3 samples, mean = 22.7 (flags = 0x41)
0   ... 
6   -O                                                                        (1 = 33.3%) {0.0%}
7   ... 
17  -O                                                                        (1 = 33.3%) {33.3%}
20  ... 
40  -O                                                                        (1 = 33.3%) {66.7%}
48  ... 

Histogram: NQE.RenderThreadNotified recorded 9 samples, mean = 1.0 (flags = 0x40)
0  O                                                                         (0 = 0.0%)
1  ---------O                                                                (9 = 100.0%) {0.0%}
2  O                                                                         (0 = 0.0%) {100.0%}

Histogram: Navigation.BeginNavigationImpl.MainFrame recorded 2 samples, mean = 4.0 (flags = 0x41)
0  -O                                                                        (1 = 50.0%)
1  ... 
8  -O                                                                        (1 = 50.0%) {50.0%}
10 ... 

Histogram: Navigation.BrowserInitiatedSessionHistoryCount recorded 1 samples, mean = 0.0 (flags = 0x41)
0  -O                                                                        (1 = 100.0%)
1  ... 

Histogram: Navigation.CommitRenderFrame recorded 1 samples, mean = 84.0 (flags = 0x41)
0   ... 
81  -O                                                                        (1 = 100.0%) {0.0%}
96  ... 

Histogram: Navigation.CommitToCompositorCreation recorded 1 samples, mean = 1947.0 (flags = 0x41)
0     ... 
1821  -O                                                                        (1 = 100.0%) {0.0%}
2370  ... 

Histogram: Navigation.CompositorRequestedBeforeCommit2 recorded 1 samples, mean = 0.0 (flags = 0x41)
0  -O                                                                        (1 = 100.0%)
1  ... 

Histogram: Navigation.CompositorRequestedBeforeSwapRFH2 recorded 1 samples, mean = 0.0 (flags = 0x41)
0  -O                                                                        (1 = 100.0%)
1  ... 

Histogram: Navigation.CreateSpeculativeRFH recorded 1 samples, mean = 2.0 (flags = 0x41)
0  ... 
2  -O                                                                        (1 = 100.0%) {0.0%}
3  ... 

Histogram: Navigation.DidCommitSameDocumentNavigation.Duration recorded 1 samples, mean = 0.0 (flags = 0x41)
0  -O                                                                        (1 = 100.0%)
1  ... 

Histogram: Navigation.DidStartLoading.MainFrame recorded 3 samples, mean = 1.7 (flags = 0x41)
0  --O                                                                       (2 = 66.7%)
1  ... 
5  -O                                                                        (1 = 33.3%) {66.7%}
6  ... 

Histogram: Navigation.DidStartLoading.Subframe recorded 2 samples, mean = 0.0 (flags = 0x41)
0  --O                                                                       (2 = 100.0%)
1  ... 

Histogram: Navigation.EarlyRenderFrameHostSwapType recorded 6 samples, mean = 0.0 (flags = 0x41)
0  ------O                                                                   (6 = 100.0%)
1  ... 

Histogram: Navigation.EngagementTime.HTTPS recorded 1 samples, mean = 18236992.0 (flags = 0x41)
0        ... 
3600000  -O                                                                        (1 = 100.0%) {0.0%}

Histogram: Navigation.GetFrameHostForNavigation recorded 4 samples, mean = 48.5 (flags = 0x41)
0    --O                                                                       (2 = 50.0%)
1    O                                                                         (0 = 0.0%) {50.0%}
2    -O                                                                        (1 = 25.0%) {50.0%}
3    ... 
190  -O                                                                        (1 = 25.0%) {75.0%}
226  ... 

Histogram: Navigation.GetFrameHostForNavigationTime.InDidCreateNavigationRequest.IsHTTPOrHTTPS recorded 3 samples, mean = 64137.3 (flags = 0x41)
0       ... 
76      --O                                                                       (2 = 66.7%) {0.0%}
105     ... 
141691  -O                                                                        (1 = 33.3%) {66.7%}
196583  ... 

Histogram: Navigation.IsGuest recorded 1 samples, mean = 0.0 (flags = 0x41)
0  -O                                                                        (1 = 100.0%)
1  ... 

Histogram: Navigation.IsLockedProcess recorded 1 samples, mean = 1.0 (flags = 0x41)
0  O                                                                         (0 = 0.0%)
1  -O                                                                        (1 = 100.0%) {0.0%}
2  O                                                                         (0 = 0.0%) {100.0%}

Histogram: Navigation.IsLockedProcess.HTTPOrHTTPS recorded 1 samples, mean = 1.0 (flags = 0x41)
0  O                                                                         (0 = 0.0%)
1  -O                                                                        (1 = 100.0%) {0.0%}
2  O                                                                         (0 = 0.0%) {100.0%}

Histogram: Navigation.IsProcessBackgrounded.OnCommit recorded 1 samples, mean = 0.0 (flags = 0x41)
0  -O                                                                        (1 = 100.0%)
1  ... 

Histogram: Navigation.IsProcessBackgrounded.OnDOMContentLoaded recorded 1 samples, mean = 0.0 (flags = 0x41)
0  -O                                                                        (1 = 100.0%)
1  ... 

Histogram: Navigation.IsSameBrowsingInstance recorded 1 samples, mean = 0.0 (flags = 0x41)
0  -O                                                                        (1 = 100.0%)
1  ... 

Histogram: Navigation.IsSameSiteInstance recorded 1 samples, mean = 0.0 (flags = 0x41)
0  -O                                                                        (1 = 100.0%)
1  ... 

Histogram: Navigation.IsSameSiteInstance.MainFrame recorded 1 samples, mean = 0.0 (flags = 0x41)
0  -O                                                                        (1 = 100.0%)
1  ... 

Histogram: Navigation.LoaderCreateToRequestStart.MainFrame recorded 1 samples, mean = 4.0 (flags = 0x41)
0  ... 
4  -O                                                                        (1 = 100.0%) {0.0%}
5  ... 

Histogram: Navigation.MainFrame.FrameCount recorded 1 samples, mean = 2.0 (flags = 0x41)
0  ... 
2  -O                                                                        (1 = 100.0%) {0.0%}
3  ... 

Histogram: Navigation.MainFrame.MaxFrameCount recorded 3 samples, mean = 2.0 (flags = 0x41)
0  O                                                                         (0 = 0.0%)
1  -O                                                                        (1 = 33.3%) {0.0%}
2  -O                                                                        (1 = 33.3%) {33.3%}
3  -O                                                                        (1 = 33.3%) {66.7%}
4  ... 

Histogram: Navigation.MainFrame.NewNavigation.IgnoreRestore.IsHTTPOrHTTPS.BeginNavigationToLoaderStart.Time2 recorded 1 samples, mean = 7.0 (flags = 0x41)
0  ... 
7  -O                                                                        (1 = 100.0%) {0.0%}
8  ... 

Histogram: Navigation.MainFrame.NewNavigation.IgnoreRestore.IsHTTPOrHTTPS.FetchStart.Time2 recorded 1 samples, mean = 0.0 (flags = 0x41)
0  -O                                                                        (1 = 100.0%)
1  ... 

Histogram: Navigation.MainFrame.NewNavigation.IgnoreRestore.IsHTTPOrHTTPS.LoaderStartToFetchStart.Time2 recorded 1 samples, mean = 5594.0 (flags = 0x41)
0     ... 
5017  -O                                                                        (1 = 100.0%) {0.0%}
5961  ... 

Histogram: Navigation.MainFrame.NewNavigation.IgnoreRestore.IsHTTPOrHTTPS.LoaderStartToReceiveResponse.Time2 recorded 1 samples, mean = 8578.0 (flags = 0x41)
0     ... 
8416  -O                                                                        (1 = 100.0%) {0.0%}
10000 O                                                                         (0 = 0.0%) {100.0%}

Histogram: Navigation.MainFrame.NewNavigation.IgnoreRestore.IsHTTPOrHTTPS.NavigationStartToBeginNavigation.Time2 recorded 1 samples, mean = 5553.0 (flags = 0x41)
0     ... 
5017  -O                                                                        (1 = 100.0%) {0.0%}
5961  ... 

Histogram: Navigation.MainFrame.NewNavigation.IgnoreRestore.IsHTTPOrHTTPS.ReceiveHeaders.Time2 recorded 1 samples, mean = 2807.0 (flags = 0x41)
0     ... 
2516  -O                                                                        (1 = 100.0%) {0.0%}
2990  ... 

Histogram: Navigation.MainFrame.NewNavigation.IgnoreRestore.IsHTTPOrHTTPS.ReceiveHeadersToReceiveResponse.Time2 recorded 1 samples, mean = 176.0 (flags = 0x41)
0    ... 
160  -O                                                                        (1 = 100.0%) {0.0%}
190  ... 

Histogram: Navigation.MainFrame.NewNavigation.IgnoreRestore.IsHTTPOrHTTPS.ReceiveResponseToCommitNavigation.Time2 recorded 1 samples, mean = 60.0 (flags = 0x41)
0   ... 
57  -O                                                                        (1 = 100.0%) {0.0%}
68  ... 

Histogram: Navigation.MainFrame.RendererInitiated.InitiatorFramePresentAtStart recorded 1 samples, mean = 0.0 (flags = 0x41)
0  -O                                                                        (1 = 100.0%)
1  ... 

Histogram: Navigation.MainFrame.SiteEngagementLevel recorded 1 samples, mean = 3.0 (flags = 0x41)
0  ... 
3  -O                                                                        (1 = 100.0%) {0.0%}
4  ... 

Histogram: Navigation.MainFrame.ThirdPartyCookieBlockingEnabled recorded 2 samples, mean = 0.0 (flags = 0x41)
0  --O                                                                       (2 = 100.0%)
1  ... 

Histogram: Navigation.MainFrameHasRTLDomain2 recorded 2 samples, mean = 0.0 (flags = 0x41)
0  --O                                                                       (2 = 100.0%)
1  ... 

Histogram: Navigation.MainFrameHasRTLDomainDifferentPage2 recorded 1 samples, mean = 0.0 (flags = 0x41)
0  -O                                                                        (1 = 100.0%)
1  ... 

Histogram: Navigation.MainFrameProfileType2 recorded 2 samples, mean = 0.0 (flags = 0x41)
0  --O                                                                       (2 = 100.0%)
1  ... 

Histogram: Navigation.MainFrameScheme2 recorded 2 samples, mean = 2.0 (flags = 0x41)
0  ... 
2  --O                                                                       (2 = 100.0%) {0.0%}
3  ... 

Histogram: Navigation.MainFrameSchemeDifferentPage2 recorded 1 samples, mean = 2.0 (flags = 0x41)
0  ... 
2  -O                                                                        (1 = 100.0%) {0.0%}
3  ... 

Histogram: Navigation.OnBeforeUnloadOverheadTime recorded 2 samples, mean = 2781.5 (flags = 0x41)
0     ... 
10    -O                                                                        (1 = 50.0%) {0.0%}
12    ... 
5017  -O                                                                        (1 = 50.0%) {50.0%}
5961  ... 

Histogram: Navigation.OnBeforeUnloadTotalTime recorded 2 samples, mean = 0.0 (flags = 0x41)
0  --O                                                                       (2 = 100.0%)
1  ... 

Histogram: Navigation.OriginAgentCluster.Result recorded 1 samples, mean = 9.0 (flags = 0x41)
0  ... 
9  -O                                                                        (1 = 100.0%) {0.0%}
10 O                                                                         (0 = 0.0%) {100.0%}

Histogram: Navigation.PendingCommit.DidBlockGetFrameHostForNavigation.Regular recorded 1 samples, mean = 0.0 (flags = 0x41)
0  -O                                                                        (1 = 100.0%)
1  ... 

Histogram: Navigation.PendingCommit.Duration.Regular recorded 1 samples, mean = 322.0 (flags = 0x41)
0    ... 
318  -O                                                                        (1 = 100.0%) {0.0%}
378  ... 

Histogram: Navigation.Preconnect.PreresolveJobQueueLength recorded 16 samples, mean = 0.5 (flags = 0x41)
0  --------O                                                                 (8 = 50.0%)
1  --------O                                                                 (8 = 50.0%) {50.0%}
2  ... 

Histogram: Navigation.Preconnect.PreresolveJobQueueingTime recorded 8 samples, mean = 0.0 (flags = 0x41)
0  --------O                                                                 (8 = 100.0%)
1  ... 

Histogram: Navigation.Preconnect.ProxyLookupCallbackQueueingTime recorded 8 samples, mean = 778.1 (flags = 0x41)
0     O                                                                         (0 = 0.0%)
1     -O                                                                        (1 = 12.5%) {0.0%}
2     -O                                                                        (1 = 12.5%) {12.5%}
3     -O                                                                        (1 = 12.5%) {25.0%}
4     ... 
318   --O                                                                       (2 = 25.0%) {37.5%}
378   ... 
633   -O                                                                        (1 = 12.5%) {62.5%}
752   ... 
2117  --O                                                                       (2 = 25.0%) {75.0%}
2516  ... 

Histogram: Navigation.Preconnect.ProxyLookupLatency recorded 8 samples, mean = 1668.1 (flags = 0x41)
0     O                                                                         (0 = 0.0%)
1     -O                                                                        (1 = 12.5%) {0.0%}
2     -O                                                                        (1 = 12.5%) {12.5%}
3     -O                                                                        (1 = 12.5%) {25.0%}
4     ... 
318   --O                                                                       (2 = 25.0%) {37.5%}
378   ... 
633   -O                                                                        (1 = 12.5%) {62.5%}
752   ... 
2990  -O                                                                        (1 = 12.5%) {75.0%}
3553  ... 
8416  -O                                                                        (1 = 12.5%) {87.5%}
10000 O                                                                         (0 = 0.0%) {100.0%}

Histogram: Navigation.Preconnect.ResolveHostCallbackQueueingTime recorded 8 samples, mean = 424.2 (flags = 0x41)
0     -O                                                                        (1 = 12.5%)
1     ... 
268   -O                                                                        (1 = 12.5%) {12.5%}
318   ---O                                                                      (3 = 37.5%) {25.0%}
378   --O                                                                       (2 = 25.0%) {62.5%}
449   ... 
1262  -O                                                                        (1 = 12.5%) {87.5%}
1500  ... 

Histogram: Navigation.Preconnect.ResolveHostLatency recorded 8 samples, mean = 429.0 (flags = 0x41)
0     -O                                                                        (1 = 12.5%)
1     ... 
318   ----O                                                                     (4 = 50.0%) {12.5%}
378   --O                                                                       (2 = 25.0%) {62.5%}
449   ... 
1262  -O                                                                        (1 = 12.5%) {87.5%}
1500  ... 

Histogram: Navigation.ProcessNavigationThrottlesTime.WillStartRequest.MainFrame recorded 2 samples, mean = 13.5 (flags = 0x41)
0   ... 
7   -O                                                                        (1 = 50.0%) {0.0%}
8   ... 
20  -O                                                                        (1 = 50.0%) {50.0%}
24  ... 

Histogram: Navigation.QueueTime.OnReceiveRedirect.MainFrame recorded 1 samples, mean = 311.0 (flags = 0x41)
0    ... 
268  -O                                                                        (1 = 100.0%) {0.0%}
318  ... 

Histogram: Navigation.QueueTime.OnReceiveResponse.MainFrame recorded 1 samples, mean = 64.0 (flags = 0x41)
0   ... 
57  -O                                                                        (1 = 100.0%) {0.0%}
68  ... 

Histogram: Navigation.ReadyToCommitUntilCommit2 recorded 1 samples, mean = 319.0 (flags = 0x41)
0    ... 
280  -O                                                                        (1 = 100.0%) {0.0%}
356  ... 

Histogram: Navigation.ReadyToCommitUntilCommit2.ForegroundProcessPriority recorded 1 samples, mean = 319.0 (flags = 0x41)
0    ... 
280  -O                                                                        (1 = 100.0%) {0.0%}
356  ... 

Histogram: Navigation.ReadyToCommitUntilCommit2.NewNavigation recorded 1 samples, mean = 319.0 (flags = 0x41)
0    ... 
280  -O                                                                        (1 = 100.0%) {0.0%}
356  ... 

Histogram: Navigation.RegisterNavigationThrottlesTime.MainFrame recorded 2 samples, mean = 4.5 (flags = 0x41)
0  -O                                                                        (1 = 50.0%)
1  ... 
8  -O                                                                        (1 = 50.0%) {50.0%}
10 ... 

Histogram: Navigation.RenderFrameDelete recorded 1 samples, mean = 1.0 (flags = 0x41)
0  O                                                                         (0 = 0.0%)
1  -O                                                                        (1 = 100.0%) {0.0%}
2  ... 

Histogram: Navigation.RenderFrameHostConstructor recorded 4 samples, mean = 0.8 (flags = 0x41)
0  ---O                                                                      (3 = 75.0%)
1  ... 
3  -O                                                                        (1 = 25.0%) {75.0%}
4  ... 

Histogram: Navigation.RenderFrameHostDestructor recorded 4 samples, mean = 52.8 (flags = 0x41)
0    --O                                                                       (2 = 50.0%)
1    ... 
8    -O                                                                        (1 = 25.0%) {50.0%}
10   ... 
190  -O                                                                        (1 = 25.0%) {75.0%}
226  ... 

Histogram: Navigation.RenderViewHostConstructor recorded 2 samples, mean = 1.0 (flags = 0x41)
0  -O                                                                        (1 = 50.0%)
1  O                                                                         (0 = 0.0%) {50.0%}
2  -O                                                                        (1 = 50.0%) {50.0%}
3  ... 

Histogram: Navigation.RenderViewHostDestructor recorded 2 samples, mean = 0.5 (flags = 0x41)
0  -O                                                                        (1 = 50.0%)
1  -O                                                                        (1 = 50.0%) {50.0%}
2  ... 

Histogram: Navigation.RenderWidgetHostConstructor recorded 2 samples, mean = 3.0 (flags = 0x41)
0  -O                                                                        (1 = 50.0%)
1  ... 
6  -O                                                                        (1 = 50.0%) {50.0%}
7  ... 

Histogram: Navigation.RenderWidgetHostDestructor recorded 2 samples, mean = 0.0 (flags = 0x41)
0  --O                                                                       (2 = 100.0%)
1  ... 

Histogram: Navigation.RendererCommitDelay.MainFrame recorded 1 samples, mean = 9.0 (flags = 0x41)
0  ... 
8  -O                                                                        (1 = 100.0%) {0.0%}
10 ... 

Histogram: Navigation.RendererCommitQueueTime.MainFrame recorded 1 samples, mean = 6.0 (flags = 0x41)
0  ... 
6  -O                                                                        (1 = 100.0%) {0.0%}
7  ... 

Histogram: Navigation.RendererDidNavigateTime.MainFrame recorded 1 samples, mean = 0.0 (flags = 0x41)
0  -O                                                                        (1 = 100.0%)
1  ... 

Histogram: Navigation.RendererDidNavigateTime.Subframe recorded 2 samples, mean = 0.0 (flags = 0x41)
0  --O                                                                       (2 = 100.0%)
1  ... 

Histogram: Navigation.RequiresDedicatedProcess recorded 1 samples, mean = 1.0 (flags = 0x41)
0  O                                                                         (0 = 0.0%)
1  -O                                                                        (1 = 100.0%) {0.0%}
2  O                                                                         (0 = 0.0%) {100.0%}

Histogram: Navigation.RequiresDedicatedProcess.HTTPOrHTTPS recorded 1 samples, mean = 1.0 (flags = 0x41)
0  O                                                                         (0 = 0.0%)
1  -O                                                                        (1 = 100.0%) {0.0%}
2  O                                                                         (0 = 0.0%) {100.0%}

Histogram: Navigation.SameDocumentNavigationWithScreenshot recorded 1 samples, mean = 0.0 (flags = 0x41)
0  -O                                                                        (1 = 100.0%)
1  ... 

Histogram: Navigation.SendCommitNavigationTime.MainFrame recorded 1 samples, mean = 3.0 (flags = 0x41)
0  ... 
3  -O                                                                        (1 = 100.0%) {0.0%}
4  ... 

Histogram: Navigation.StartToCommit recorded 3 samples, mean = 4834.7 (flags = 0x41)
0      --O                                                                       (2 = 66.7%)
1      ... 
12916  -O                                                                        (1 = 33.3%) {66.7%}
16411  ... 

Histogram: Navigation.StartToCommit.CrossProcess recorded 1 samples, mean = 14504.0 (flags = 0x41)
0      ... 
12916  -O                                                                        (1 = 100.0%) {0.0%}
16411  ... 

Histogram: Navigation.StartToCommit.CrossProcess.ForegroundProcessPriority recorded 1 samples, mean = 14504.0 (flags = 0x41)
0      ... 
12916  -O                                                                        (1 = 100.0%) {0.0%}
16411  ... 

Histogram: Navigation.StartToCommit.CrossProcess.MainFrame recorded 1 samples, mean = 14504.0 (flags = 0x41)
0      ... 
12916  -O                                                                        (1 = 100.0%) {0.0%}
16411  ... 

Histogram: Navigation.StartToCommit.CrossProcess.MainFrame.ForegroundProcessPriority recorded 1 samples, mean = 14504.0 (flags = 0x41)
0      ... 
12916  -O                                                                        (1 = 100.0%) {0.0%}
16411  ... 

Histogram: Navigation.StartToCommit.CrossProcess.MainFrame.NewNavigation recorded 1 samples, mean = 14504.0 (flags = 0x41)
0      ... 
12916  -O                                                                        (1 = 100.0%) {0.0%}
16411  ... 

Histogram: Navigation.StartToCommit.CrossProcess.NewNavigation recorded 1 samples, mean = 14504.0 (flags = 0x41)
0      ... 
12916  -O                                                                        (1 = 100.0%) {0.0%}
16411  ... 

Histogram: Navigation.StartToCommit.ForegroundProcessPriority recorded 3 samples, mean = 4834.7 (flags = 0x41)
0      --O                                                                       (2 = 66.7%)
1      ... 
12916  -O                                                                        (1 = 33.3%) {66.7%}
16411  ... 

Histogram: Navigation.StartToCommit.MainFrame recorded 1 samples, mean = 14504.0 (flags = 0x41)
0      ... 
12916  -O                                                                        (1 = 100.0%) {0.0%}
16411  ... 

Histogram: Navigation.StartToCommit.MainFrame.ForegroundProcessPriority recorded 1 samples, mean = 14504.0 (flags = 0x41)
0      ... 
12916  -O                                                                        (1 = 100.0%) {0.0%}
16411  ... 

Histogram: Navigation.StartToCommit.MainFrame.NewNavigation recorded 1 samples, mean = 14504.0 (flags = 0x41)
0      ... 
12916  -O                                                                        (1 = 100.0%) {0.0%}
16411  ... 

Histogram: Navigation.StartToCommit.NewNavigation recorded 3 samples, mean = 4834.7 (flags = 0x41)
0      --O                                                                       (2 = 66.7%)
1      ... 
12916  -O                                                                        (1 = 33.3%) {66.7%}
16411  ... 

Histogram: Navigation.StartToCommit.SameProcess recorded 2 samples, mean = 0.0 (flags = 0x41)
0  --O                                                                       (2 = 100.0%)
1  ... 

Histogram: Navigation.StartToCommit.SameProcess.ForegroundProcessPriority recorded 2 samples, mean = 0.0 (flags = 0x41)
0  --O                                                                       (2 = 100.0%)
1  ... 

Histogram: Navigation.StartToCommit.SameProcess.NewNavigation recorded 2 samples, mean = 0.0 (flags = 0x41)
0  --O                                                                       (2 = 100.0%)
1  ... 

Histogram: Navigation.StartToCommit.SameProcess.Subframe recorded 2 samples, mean = 0.0 (flags = 0x41)
0  --O                                                                       (2 = 100.0%)
1  ... 

Histogram: Navigation.StartToCommit.SameProcess.Subframe.ForegroundProcessPriority recorded 2 samples, mean = 0.0 (flags = 0x41)
0  --O                                                                       (2 = 100.0%)
1  ... 

Histogram: Navigation.StartToCommit.SameProcess.Subframe.NewNavigation recorded 2 samples, mean = 0.0 (flags = 0x41)
0  --O                                                                       (2 = 100.0%)
1  ... 

Histogram: Navigation.StartToCommit.Subframe recorded 2 samples, mean = 0.0 (flags = 0x41)
0  --O                                                                       (2 = 100.0%)
1  ... 

Histogram: Navigation.StartToCommit.Subframe.ForegroundProcessPriority recorded 2 samples, mean = 0.0 (flags = 0x41)
0  --O                                                                       (2 = 100.0%)
1  ... 

Histogram: Navigation.StartToCommit.Subframe.NewNavigation recorded 2 samples, mean = 0.0 (flags = 0x41)
0  --O                                                                       (2 = 100.0%)
1  ... 

Histogram: Navigation.SuddenTerminationDisabler.AllOrigins recorded 1 samples, mean = 13.0 (flags = 0x41)
0   ... 
13  -O                                                                        (1 = 100.0%) {0.0%}
14  ... 

Histogram: Navigation.SuddenTerminationDisabler.SameOrigin recorded 1 samples, mean = 13.0 (flags = 0x41)
0   ... 
13  -O                                                                        (1 = 100.0%) {0.0%}
14  ... 

Histogram: Navigation.SwapRFHToCompositorCreation recorded 1 samples, mean = 1643.0 (flags = 0x41)
0     ... 
1399  -O                                                                        (1 = 100.0%) {0.0%}
1821  ... 

Histogram: Navigation.ThrottleCount recorded 2 samples, mean = 20.0 (flags = 0x41)
0   ... 
20  --O                                                                       (2 = 100.0%) {0.0%}
21  ... 

Histogram: Navigation.ThrottleEventDurationTime.WillProcessResponse recorded 1 samples, mean = 39.0 (flags = 0x41)
0   ... 
34  -O                                                                        (1 = 100.0%) {0.0%}
40  ... 

Histogram: Navigation.ThrottleEventDurationTime.WillRedirectRequest recorded 1 samples, mean = 0.0 (flags = 0x41)
0  -O                                                                        (1 = 100.0%)
1  ... 

Histogram: Navigation.ThrottleEventDurationTime.WillStartRequest recorded 2 samples, mean = 9.5 (flags = 0x41)
0   ... 
3   -O                                                                        (1 = 50.0%) {0.0%}
4   ... 
14  -O                                                                        (1 = 50.0%) {50.0%}
17  ... 

Histogram: Navigation.ThrottleEventExecutionTime.WillProcessResponse recorded 1 samples, mean = 39.0 (flags = 0x41)
0   ... 
34  -O                                                                        (1 = 100.0%) {0.0%}
40  ... 

Histogram: Navigation.ThrottleEventExecutionTime.WillRedirectRequest recorded 1 samples, mean = 0.0 (flags = 0x41)
0  -O                                                                        (1 = 100.0%)
1  ... 

Histogram: Navigation.ThrottleEventExecutionTime.WillStartRequest recorded 2 samples, mean = 9.5 (flags = 0x41)
0   ... 
3   -O                                                                        (1 = 50.0%) {0.0%}
4   ... 
14  -O                                                                        (1 = 50.0%) {50.0%}
17  ... 

Histogram: Navigation.ThrottleExecutionTime.WillProcessResponse recorded 20 samples, mean = 1.9 (flags = 0x41)
0   ------------------O                                                       (18 = 90.0%)
1   -O                                                                        (1 = 5.0%) {90.0%}
2   ... 
34  -O                                                                        (1 = 5.0%) {95.0%}
40  ... 

Histogram: Navigation.ThrottleExecutionTime.WillRedirectRequest recorded 20 samples, mean = 0.0 (flags = 0x41)
0  --------------------O                                                     (20 = 100.0%)
1  ... 

Histogram: Navigation.ThrottleExecutionTime.WillStartRequest recorded 40 samples, mean = 0.4 (flags = 0x41)
0   ------------------------------------O                                     (36 = 90.0%)
1   O                                                                         (0 = 0.0%) {90.0%}
2   ---O                                                                      (3 = 7.5%) {90.0%}
3   ... 
10  -O                                                                        (1 = 2.5%) {97.5%}
12  ... 

Histogram: Navigation.ThrottleTotalDeferCount recorded 5 samples, mean = 0.0 (flags = 0x41)
0  -----O                                                                    (5 = 100.0%)
1  ... 

Histogram: Navigation.ThrottleTotalDeferCount.Request recorded 5 samples, mean = 0.0 (flags = 0x41)
0  -----O                                                                    (5 = 100.0%)
1  ... 

Histogram: Navigation.ThrottleTotalDeferTime recorded 5 samples, mean = 0.0 (flags = 0x41)
0  -----O                                                                    (5 = 100.0%)
1  ... 

Histogram: Navigation.ThrottleTotalDeferTime.Request recorded 5 samples, mean = 0.0 (flags = 0x41)
0  -----O                                                                    (5 = 100.0%)
1  ... 

Histogram: Navigation.Throttles.PolicyBlocklist.DeferDurationTime recorded 2 samples, mean = 0.0 (flags = 0x41)
0  --O                                                                       (2 = 100.0%)
1  ... 

Histogram: Navigation.Throttles.PolicyBlocklist.RequestThrottleAction recorded 2 samples, mean = 2.5 (flags = 0x41)
0  O                                                                         (0 = 0.0%)
1  -O                                                                        (1 = 50.0%) {0.0%}
2  ... 
4  -O                                                                        (1 = 50.0%) {50.0%}
5  ... 

Histogram: Navigation.Throttles.PolicyBlocklist.RequestToResponseTime recorded 1 samples, mean = 0.0 (flags = 0x41)
0  -O                                                                        (1 = 100.0%)
1  ... 

Histogram: Navigation.TimeToReadyToCommit2 recorded 1 samples, mean = 14184.0 (flags = 0x41)
0      ... 
12916  -O                                                                        (1 = 100.0%) {0.0%}
16411  ... 

Histogram: Navigation.TimeToReadyToCommit2.CrossProcess recorded 1 samples, mean = 14184.0 (flags = 0x41)
0      ... 
12916  -O                                                                        (1 = 100.0%) {0.0%}
16411  ... 

Histogram: Navigation.TimeToReadyToCommit2.CrossProcess.NewNavigation recorded 1 samples, mean = 14184.0 (flags = 0x41)
0      ... 
12916  -O                                                                        (1 = 100.0%) {0.0%}
16411  ... 

Histogram: Navigation.TimeToReadyToCommit2.MainFrame recorded 1 samples, mean = 14184.0 (flags = 0x41)
0      ... 
12916  -O                                                                        (1 = 100.0%) {0.0%}
16411  ... 

Histogram: Navigation.TimeToReadyToCommit2.MainFrame.NewNavigation recorded 1 samples, mean = 14184.0 (flags = 0x41)
0      ... 
12916  -O                                                                        (1 = 100.0%) {0.0%}
16411  ... 

Histogram: Navigation.TimeToReadyToCommit2.NewNavigation recorded 1 samples, mean = 14184.0 (flags = 0x41)
0      ... 
12916  -O                                                                        (1 = 100.0%) {0.0%}
16411  ... 

Histogram: Navigation.Unload recorded 1 samples, mean = 0.0 (flags = 0x41)
0  -O                                                                        (1 = 100.0%)
1  ... 

Histogram: Navigation.UserAgentStringType recorded 4 samples, mean = 1.0 (flags = 0x41)
0  O                                                                         (0 = 0.0%)
1  ----O                                                                     (4 = 100.0%) {0.0%}
2  ... 

Histogram: Navigation.WillStartRequestToLoaderStart.MainFrame recorded 2 samples, mean = 14.5 (flags = 0x41)
0   ... 
3   -O                                                                        (1 = 50.0%) {0.0%}
4   ... 
24  -O                                                                        (1 = 50.0%) {50.0%}
29  ... 

Histogram: NavigationPredictor.SearchEnginePreconnector.IsBrowserAppLikelyInForeground recorded 301 samples, mean = 0.0 (flags = 0x41)
0  ------------------------------------------------------------------------O (298 = 99.0%)
1  -O                                                                        (3 = 1.0%) {99.0%}
2  O                                                                         (0 = 0.0%) {100.0%}

Histogram: NavigationSuggestion.GetDomainInfoDelayBeforeAllowingNavigation recorded 1 samples, mean = 0.0 (flags = 0x41)
0  -O                                                                        (1 = 100.0%)
1  ... 

Histogram: NavigationSuggestion.IsLookalikeUrlDelayBeforeAllowingNavigation recorded 1 samples, mean = 0.0 (flags = 0x41)
0  -O                                                                        (1 = 100.0%)
1  ... 

Histogram: NavigationSuggestion.PerformChecksDelayBeforeAllowingNavigation recorded 1 samples, mean = 0.0 (flags = 0x41)
0  -O                                                                        (1 = 100.0%)
1  ... 

Histogram: Net.AlternateProtocolUsage recorded 127 samples, mean = 1.2 (flags = 0x41)
0  ----O                                                                     (6 = 4.7%)
1  ------------------------------------------------------------------------O (114 = 89.8%) {4.7%}
2  -O                                                                        (1 = 0.8%) {94.5%}
3  ... 
7  ----O                                                                     (6 = 4.7%) {95.3%}
8  O                                                                         (0 = 0.0%) {100.0%}

Histogram: Net.AlternateProtocolUsageGoogle recorded 112 samples, mean = 1.0 (flags = 0x41)
0  O                                                                         (0 = 0.0%)
1  ------------------------------------------------------------------------O (111 = 99.1%) {0.0%}
2  -O                                                                        (1 = 0.9%) {99.1%}
3  ... 

Histogram: Net.AlternativeServiceTypeForRequest recorded 137 samples, mean = 0.9 (flags = 0x41)
0  ------O                                                                   (11 = 8.0%)
1  ------------------------------------------------------------------------O (126 = 92.0%) {8.0%}
2  ... 

Histogram: Net.CertVerifier.PathBuilderIterationCount recorded 18 samples, mean = 2.1 (flags = 0x41)
0  ... 
2  -----------------O                                                        (17 = 94.4%) {0.0%}
3  -O                                                                        (1 = 5.6%) {94.4%}
4  ... 

Histogram: Net.CertVerifier_First_Job_Latency recorded 1 samples, mean = 4650.0 (flags = 0x41)
0     ... 
4175  -O                                                                        (1 = 100.0%) {0.0%}
4727  ... 

Histogram: Net.CertVerifier_Job_Latency recorded 18 samples, mean = 1058.7 (flags = 0x41)
0     ... 
10    -O                                                                        (1 = 5.6%) {0.0%}
11    O                                                                         (0 = 0.0%) {5.6%}
12    -O                                                                        (1 = 5.6%) {5.6%}
14    -O                                                                        (1 = 5.6%) {11.1%}
16    ... 
26    -O                                                                        (1 = 5.6%) {16.7%}
29    ... 
239   -O                                                                        (1 = 5.6%) {22.2%}
271   ... 
572   ------O                                                                   (6 = 33.3%) {27.8%}
648   -O                                                                        (1 = 5.6%) {61.1%}
734   ... 
941   -O                                                                        (1 = 5.6%) {66.7%}
1065  ... 
1365  -O                                                                        (1 = 5.6%) {72.2%}
1546  O                                                                         (0 = 0.0%) {77.8%}
1750  -O                                                                        (1 = 5.6%) {77.8%}
1981  O                                                                         (0 = 0.0%) {83.3%}
2243  -O                                                                        (1 = 5.6%) {83.3%}
2540  -O                                                                        (1 = 5.6%) {88.9%}
2876  ... 
4175  -O                                                                        (1 = 5.6%) {94.4%}
4727  ... 

Histogram: Net.Certificate.TrustAnchor.Request recorded 125 samples (flags = 0x41)
210  ---O                                                                      (4 = 3.2%)
483  ------------------------------------------------------------------------O (111 = 88.8%)
486  ------O                                                                   (9 = 7.2%)
535  -O                                                                        (1 = 0.8%)

Histogram: Net.Certificate.TrustAnchor.Verify recorded 18 samples (flags = 0x41)
210  --O                                                                       (2 = 11.1%)
483  -------------O                                                            (13 = 72.2%)
486  --O                                                                       (2 = 11.1%)
535  -O                                                                        (1 = 5.6%)

Histogram: Net.ConnectionInfo.MainFrame recorded 1 samples, mean = 40.0 (flags = 0x41)
0   ... 
40  -O                                                                        (1 = 100.0%) {0.0%}
41  ... 

Histogram: Net.ConnectionInfo.SubResource recorded 11 samples, mean = 26.6 (flags = 0x41)
0   O                                                                         (0 = 0.0%)
1   -O                                                                        (1 = 9.1%) {0.0%}
2   ... 
4   ---O                                                                      (3 = 27.3%) {9.1%}
5   ... 
40  -------O                                                                  (7 = 63.6%) {36.4%}
41  ... 

Histogram: Net.ContentEncodingType recorded 159 samples, mean = 0.2 (flags = 0x41)
0  ------------------------------------------------------------------------O (123 = 77.4%)
1  -------------------O                                                      (33 = 20.8%) {77.4%}
2  --O                                                                       (3 = 1.9%) {98.1%}
3  ... 

Histogram: Net.Cors.AccessCheckResult recorded 9 samples, mean = 0.0 (flags = 0x41)
0  ---------O                                                                (9 = 100.0%)
1  ... 

Histogram: Net.CountOfQuicServerInfos recorded 1 samples, mean = 0.0 (flags = 0x41)
0  -O                                                                        (1 = 100.0%)
1  ... 

Histogram: Net.DNS.DnsConfig.DnsClientCapability recorded 147 samples, mean = 1.0 (flags = 0x41)
0  O                                                                         (0 = 0.0%)
1  ------------------------------------------------------------------------O (147 = 100.0%) {0.0%}
2  ... 

Histogram: Net.DNS.DnsConfig.SecureDnsMode recorded 1 samples, mean = 4.0 (flags = 0x41)
0  ... 
4  -O                                                                        (1 = 100.0%) {0.0%}
5  ... 

Histogram: Net.DNS.DnsConfig.Windows.Compatibility recorded 26 samples, mean = 0.0 (flags = 0x41)
0  --------------------------O                                               (26 = 100.0%)
1  ... 

Histogram: Net.DNS.DnsConfig.Windows.ReadSystemSettings0 recorded 16 samples, mean = 0.0 (flags = 0x41)
0  ----------------O                                                         (16 = 100.0%)
1  ... 

Histogram: Net.DNS.DnsHosts.Count recorded 1 samples, mean = 0.0 (flags = 0x41)
0  -O                                                                        (1 = 100.0%)
1  ... 

Histogram: Net.DNS.DnsHosts.EstimateMemoryUsage recorded 1 samples, mean = 0.0 (flags = 0x41)
0  -O                                                                        (1 = 100.0%)
1000... 

Histogram: Net.DNS.DnsHosts.FileSize recorded 1 samples, mean = 824.0 (flags = 0x41)
0    ... 
737  -O                                                                        (1 = 100.0%) {0.0%}
1065 ... 

Histogram: Net.DNS.DnsTask.SuccessTime recorded 96 samples, mean = 21.4 (flags = 0x41)
0   ... 
16  ------------O                                                             (12 = 12.5%) {0.0%}
18  ---------------------------------O                                        (33 = 34.4%) {12.5%}
21  -----------------------------O                                            (29 = 30.2%) {46.9%}
24  ----------------O                                                         (16 = 16.7%) {77.1%}
28  ----O                                                                     (4 = 4.2%) {93.8%}
32  --O                                                                       (2 = 2.1%) {97.9%}
37  ... 

Histogram: Net.DNS.DnsTask.SvcbHttpsTransactionError recorded 61 samples, mean = 0.0 (flags = 0x41)
0  -------------------------------------------------------------O            (61 = 100.0%)
1  ... 

Histogram: Net.DNS.DnsTransaction.AttemptType recorded 192 samples, mean = 0.0 (flags = 0x41)
0  ------------------------------------------------------------------------O (192 = 100.0%)
1  ... 

Histogram: Net.DNS.DnsTransaction.Insecure.Other.SuccessTime recorded 157 samples, mean = 18.6 (flags = 0x41)
0   ... 
13  ---------------------O                                                    (24 = 15.3%) {0.0%}
16  ------------------------------------------------------------------------O (84 = 53.5%) {15.3%}
20  ----------------------------------O                                       (40 = 25.5%) {68.8%}
25  --------O                                                                 (9 = 5.7%) {94.3%}
32  ... 

Histogram: Net.DNS.H3SupportedGoogleHost.TaskTypeMetadataAvailability2 recorded 1 samples, mean = 3.0 (flags = 0x41)
0  ... 
3  -O                                                                        (1 = 100.0%) {0.0%}
4  ... 

Histogram: Net.DNS.HTTPSSVC.RecordHttps.Insecure.ExpectNoerror.DnsRcode recorded 96 samples, mean = 1.9 (flags = 0x41)
0  -----------------------------------O                                      (35 = 36.5%)
1  ... 
3  -------------------------------------------------------------O            (61 = 63.5%) {36.5%}
4  ... 

Histogram: Net.DNS.HTTPSSVC.RecordHttps.Insecure.ExpectNoerror.Parsable recorded 3 samples, mean = 1.0 (flags = 0x41)
0  O                                                                         (0 = 0.0%)
1  ---O                                                                      (3 = 100.0%) {0.0%}
2  O                                                                         (0 = 0.0%) {100.0%}

Histogram: Net.DNS.HTTPSSVC.RecordHttps.Insecure.ExpectNoerror.ResolveTimeAddress recorded 96 samples, mean = 17.9 (flags = 0x41)
0   ... 
13  -----------------------O                                                  (23 = 24.0%) {0.0%}
16  ----------------------------------------------------O                     (52 = 54.2%) {24.0%}
20  -----------------O                                                        (17 = 17.7%) {78.1%}
25  ----O                                                                     (4 = 4.2%) {95.8%}
32  ... 

Histogram: Net.DNS.HTTPSSVC.RecordHttps.Insecure.ExpectNoerror.ResolveTimeExperimental recorded 96 samples, mean = 21.3 (flags = 0x41)
0   ... 
13  -O                                                                        (1 = 1.0%) {0.0%}
16  ----------------------------O                                             (28 = 29.2%) {1.0%}
20  ----------------------------------------------------O                     (52 = 54.2%) {30.2%}
25  -------------O                                                            (13 = 13.5%) {84.4%}
32  --O                                                                       (2 = 2.1%) {97.9%}
41  ... 

Histogram: Net.DNS.HTTPSSVC.RecordHttps.Insecure.ExpectNoerror.ResolveTimeRatio recorded 96 samples, mean = 11.5 (flags = 0x41)
0   ... 
9   ------------------O                                                       (18 = 18.8%) {0.0%}
10  -------------------O                                                      (19 = 19.8%) {18.8%}
11  ------O                                                                   (6 = 6.2%) {38.5%}
12  ------------------O                                                       (18 = 18.8%) {44.8%}
13  -----------------------O                                                  (23 = 24.0%) {63.5%}
14  --------O                                                                 (8 = 8.3%) {87.5%}
15  --O                                                                       (2 = 2.1%) {95.8%}
16  --O                                                                       (2 = 2.1%) {97.9%}
17  ... 

Histogram: Net.DNS.JobQueueTime.PerTransaction recorded 192 samples, mean = 0.0 (flags = 0x41)
0  ------------------------------------------------------------------------O (190 = 99.0%)
1  -O                                                                        (2 = 1.0%) {99.0%}
2  ... 

Histogram: Net.DNS.JobQueueTime.Success recorded 96 samples, mean = 0.0 (flags = 0x41)
0  ------------------------------------------------------------------------O (94 = 97.9%)
1  --O                                                                       (2 = 2.1%) {97.9%}
2  ... 

Histogram: Net.DNS.Request.TotalTime recorded 468 samples, mean = 4.4 (flags = 0x41)
0   ------------------------------------------------------------------------O (372 = 79.5%)
10  ... 
15  --O                                                                       (11 = 2.4%) {79.5%}
18  ---------O                                                                (45 = 9.6%) {81.8%}
22  ------O                                                                   (32 = 6.8%) {91.5%}
27  -O                                                                        (7 = 1.5%) {98.3%}
33  O                                                                         (1 = 0.2%) {99.8%}
41  ... 

Histogram: Net.DNS.Request.TotalTimeAsync recorded 104 samples, mean = 19.8 (flags = 0x41)
0   --------O                                                                 (8 = 7.7%)
10  ... 
15  -----------O                                                              (11 = 10.6%) {7.7%}
18  ---------------------------------------------O                            (45 = 43.3%) {18.3%}
22  --------------------------------O                                         (32 = 30.8%) {61.5%}
27  -------O                                                                  (7 = 6.7%) {92.3%}
33  -O                                                                        (1 = 1.0%) {99.0%}
41  ... 

Histogram: Net.DNS.ResolveCategory recorded 105 samples, mean = 0.1 (flags = 0x41)
0  ------------------------------------------------------------------------O (95 = 90.5%)
1  -------O                                                                  (9 = 8.6%) {90.5%}
2  -O                                                                        (1 = 1.0%) {99.0%}
3  ... 

Histogram: Net.DNS.ResolveError.Fast recorded 9 samples (flags = 0x41)
105  ---------O                                                                (9 = 100.0%)

Histogram: Net.DNS.ResolveFailureTime recorded 9 samples, mean = 0.6 (flags = 0x41)
0  --------O                                                                 (8 = 88.9%)
1  ... 
5  -O                                                                        (1 = 11.1%) {88.9%}
6  ... 

Histogram: Net.DNS.ResolveSuccessTime recorded 95 samples, mean = 21.5 (flags = 0x41)
0   ... 
16  ----------O                                                               (10 = 10.5%) {0.0%}
18  ----------------------------------O                                       (34 = 35.8%) {10.5%}
21  -----------------------------O                                            (29 = 30.5%) {46.3%}
24  ----------------O                                                         (16 = 16.8%) {76.8%}
28  ----O                                                                     (4 = 4.2%) {93.7%}
32  --O                                                                       (2 = 2.1%) {97.9%}
37  ... 

Histogram: Net.DNS.SystemTask.FailureTime recorded 9 samples, mean = 0.6 (flags = 0x41)
0  --------O                                                                 (8 = 88.9%)
1  ... 
5  -O                                                                        (1 = 11.1%) {88.9%}
6  ... 

Histogram: Net.DNS.UpgradeConfig.HasPublicInsecureNameserver recorded 1 samples, mean = 1.0 (flags = 0x41)
0  O                                                                         (0 = 0.0%)
1  -O                                                                        (1 = 100.0%) {0.0%}
2  O                                                                         (0 = 0.0%) {100.0%}

Histogram: Net.DNS.UpgradeConfig.Ineligible.DohSpecified recorded 1 samples, mean = 0.0 (flags = 0x41)
0  -O                                                                        (1 = 100.0%)
1  ... 

Histogram: Net.DNS.UpgradeConfig.Ineligible.UnhandledOptions recorded 1 samples, mean = 0.0 (flags = 0x41)
0  -O                                                                        (1 = 100.0%)
1  ... 

Histogram: Net.DNS.UpgradeConfig.InsecureUpgradeSucceeded recorded 1 samples, mean = 0.0 (flags = 0x41)
0  -O                                                                        (1 = 100.0%)
1  ... 

Histogram: Net.DNS_Resolution_And_TCP_Connection_Latency2 recorded 13 samples, mean = 26.1 (flags = 0x41)
0   ... 
12  -O                                                                        (1 = 7.7%) {0.0%}
14  -O                                                                        (1 = 7.7%) {7.7%}
16  O                                                                         (0 = 0.0%) {15.4%}
18  -O                                                                        (1 = 7.7%) {15.4%}
20  -O                                                                        (1 = 7.7%) {23.1%}
23  -O                                                                        (1 = 7.7%) {30.8%}
26  -----O                                                                    (5 = 38.5%) {38.5%}
29  -O                                                                        (1 = 7.7%) {76.9%}
33  -O                                                                        (1 = 7.7%) {84.6%}
37  ... 
48  -O                                                                        (1 = 7.7%) {92.3%}
54  ... 

Histogram: Net.ErrorCodesForMainFrame4 recorded 2 samples (flags = 0x41)
0  -O                                                                        (1 = 50.0%)
3  -O                                                                        (1 = 50.0%)

Histogram: Net.ErrorCodesForSubresources3 recorded 46 samples (flags = 0x41)
0  ----------------------------------------------O                           (46 = 100.0%)

Histogram: Net.HttpJob.BytesReceived2 recorded 127 samples, mean = 2129.3 (flags = 0x41)
0      -O                                                                        (1 = 0.8%)
1      ... 
237    -O                                                                        (1 = 0.8%) {0.8%}
340    -O                                                                        (2 = 1.6%) {1.6%}
488    --O                                                                       (3 = 2.4%) {3.1%}
700    -O                                                                        (1 = 0.8%) {5.5%}
1004   ------------------------------------------------------------------------O (111 = 87.4%) {6.3%}
1440   -O                                                                        (1 = 0.8%) {93.7%}
2065   O                                                                         (0 = 0.0%) {94.5%}
2961   ---O                                                                      (4 = 3.1%) {94.5%}
4246   ... 
8732   -O                                                                        (1 = 0.8%) {97.6%}
12523  O                                                                         (0 = 0.0%) {98.4%}
17959  -O                                                                        (1 = 0.8%) {98.4%}
25755  ... 
75961  -O                                                                        (1 = 0.8%) {99.2%}
108935 ... 

Histogram: Net.HttpJob.BytesSent2 recorded 127 samples, mean = 1183.6 (flags = 0x41)
0      ... 
165    -O                                                                        (1 = 0.8%) {0.0%}
237    -O                                                                        (1 = 0.8%) {0.8%}
340    ---O                                                                      (4 = 3.1%) {1.6%}
488    -O                                                                        (2 = 1.6%) {4.7%}
700    ---O                                                                      (4 = 3.1%) {6.3%}
1004   ------------------------------------------------------------------------O (114 = 89.8%) {9.4%}
1440   ... 
12523  -O                                                                        (1 = 0.8%) {99.2%}
17959  ... 

Histogram: Net.HttpJob.MainJobWaitTimeWithoutAvailableSpdySession recorded 118 samples, mean = 58.9 (flags = 0x41)
0    ... 
20   -O                                                                        (1 = 0.8%) {0.0%}
24   ... 
34   ---O                                                                      (3 = 2.5%) {0.8%}
40   ---------------------------------------------------------------O          (63 = 53.4%) {3.4%}
48   -----------------------------------O                                      (35 = 29.7%) {56.8%}
57   ----------O                                                               (10 = 8.5%) {86.4%}
68   ... 
135  -O                                                                        (1 = 0.8%) {94.9%}
160  ... 
268  -----O                                                                    (5 = 4.2%) {95.8%}
318  ... 

Histogram: Net.HttpJob.PrefilterBytesRead recorded 162 samples, mean = 9365.0 (flags = 0x41)
0       ---O                                                                      (5 = 3.1%)
1       ... 
13      -O                                                                        (1 = 0.6%) {3.1%}
19      -O                                                                        (1 = 0.6%) {3.7%}
27      O                                                                         (0 = 0.0%) {4.3%}
39      -O                                                                        (1 = 0.6%) {4.3%}
56      -O                                                                        (1 = 0.6%) {4.9%}
80      -O                                                                        (1 = 0.6%) {5.6%}
115     O                                                                         (0 = 0.0%) {6.2%}
165     -O                                                                        (1 = 0.6%) {6.2%}
237     O                                                                         (0 = 0.0%) {6.8%}
340     -O                                                                        (1 = 0.6%) {6.8%}
488     ---O                                                                      (4 = 2.5%) {7.4%}
700     -O                                                                        (2 = 1.2%) {9.9%}
1004    ------------------------------------------------------------------------O (113 = 69.8%) {11.1%}
1440    -O                                                                        (1 = 0.6%) {80.9%}
2065    --O                                                                       (3 = 1.9%) {81.5%}
2961    -O                                                                        (1 = 0.6%) {83.3%}
4246    -O                                                                        (1 = 0.6%) {84.0%}
6089    -O                                                                        (2 = 1.2%) {84.6%}
8732    --O                                                                       (3 = 1.9%) {85.8%}
12523   -O                                                                        (1 = 0.6%) {87.7%}
17959   ---O                                                                      (4 = 2.5%) {88.3%}
25755   --O                                                                       (3 = 1.9%) {90.7%}
36935   ---O                                                                      (4 = 2.5%) {92.6%}
52968   O                                                                         (0 = 0.0%) {95.1%}
75961   ---O                                                                      (5 = 3.1%) {95.1%}
108935  -O                                                                        (2 = 1.2%) {98.1%}
156223  -O                                                                        (1 = 0.6%) {99.4%}
224038  ... 

Histogram: Net.HttpJob.PrefilterBytesRead.Cache recorded 38 samples, mean = 33407.7 (flags = 0x41)
0       -O                                                                        (1 = 2.6%)
1       ... 
165     -O                                                                        (1 = 2.6%) {2.6%}
237     O                                                                         (0 = 0.0%) {5.3%}
340     -O                                                                        (1 = 2.6%) {5.3%}
488     ----O                                                                     (4 = 10.5%) {7.9%}
700     --O                                                                       (2 = 5.3%) {18.4%}
1004    --O                                                                       (2 = 5.3%) {23.7%}
1440    -O                                                                        (1 = 2.6%) {28.9%}
2065    --O                                                                       (2 = 5.3%) {31.6%}
2961    -O                                                                        (1 = 2.6%) {36.8%}
4246    -O                                                                        (1 = 2.6%) {39.5%}
6089    --O                                                                       (2 = 5.3%) {42.1%}
8732    --O                                                                       (2 = 5.3%) {47.4%}
12523   O                                                                         (0 = 0.0%) {52.6%}
17959   ----O                                                                     (4 = 10.5%) {52.6%}
25755   ---O                                                                      (3 = 7.9%) {63.2%}
36935   ----O                                                                     (4 = 10.5%) {71.1%}
52968   O                                                                         (0 = 0.0%) {81.6%}
75961   ----O                                                                     (4 = 10.5%) {81.6%}
108935  --O                                                                       (2 = 5.3%) {92.1%}
156223  -O                                                                        (1 = 2.6%) {97.4%}
224038  ... 

Histogram: Net.HttpJob.PrefilterBytesRead.Net recorded 124 samples, mean = 1997.1 (flags = 0x41)
0      ---O                                                                      (4 = 3.2%)
1      ... 
13     -O                                                                        (1 = 0.8%) {3.2%}
19     -O                                                                        (1 = 0.8%) {4.0%}
27     O                                                                         (0 = 0.0%) {4.8%}
39     -O                                                                        (1 = 0.8%) {4.8%}
56     -O                                                                        (1 = 0.8%) {5.6%}
80     -O                                                                        (1 = 0.8%) {6.5%}
115    ... 
1004   ------------------------------------------------------------------------O (111 = 89.5%) {7.3%}
1440   O                                                                         (0 = 0.0%) {96.8%}
2065   -O                                                                        (1 = 0.8%) {96.8%}
2961   ... 
8732   -O                                                                        (1 = 0.8%) {97.6%}
12523  -O                                                                        (1 = 0.8%) {98.4%}
17959  ... 
75961  -O                                                                        (1 = 0.8%) {99.2%}
108935 ... 

Histogram: Net.HttpJob.ProxyTypeSuccess recorded 127 samples, mean = 1.0 (flags = 0x41)
0  O                                                                         (0 = 0.0%)
1  ------------------------------------------------------------------------O (127 = 100.0%) {0.0%}
2  ... 

Histogram: Net.HttpJob.TotalTime recorded 163 samples, mean = 425.7 (flags = 0x41)
0     -O                                                                        (1 = 0.6%)
1     ... 
3     -O                                                                        (1 = 0.6%) {0.6%}
4     ... 
8     --O                                                                       (2 = 1.2%) {1.2%}
10    ... 
17    -O                                                                        (1 = 0.6%) {2.5%}
20    ... 
29    -O                                                                        (1 = 0.6%) {3.1%}
34    -O                                                                        (1 = 0.6%) {3.7%}
40    O                                                                         (0 = 0.0%) {4.3%}
48    --O                                                                       (2 = 1.2%) {4.3%}
57    O                                                                         (0 = 0.0%) {5.5%}
68    --O                                                                       (2 = 1.2%) {5.5%}
81    -------O                                                                  (7 = 4.3%) {6.7%}
96    -O                                                                        (1 = 0.6%) {11.0%}
114   -O                                                                        (1 = 0.6%) {11.7%}
135   O                                                                         (0 = 0.0%) {12.3%}
160   -------O                                                                  (7 = 4.3%) {12.3%}
190   -------O                                                                  (7 = 4.3%) {16.6%}
226   -------------O                                                            (13 = 8.0%) {20.9%}
268   -----------O                                                              (11 = 6.7%) {28.8%}
318   -----------O                                                              (11 = 6.7%) {35.6%}
378   ----------------------------O                                             (28 = 17.2%) {42.3%}
449   -----------------------------O                                            (29 = 17.8%) {59.5%}
533   -------------------------O                                                (25 = 15.3%) {77.3%}
633   ---O                                                                      (3 = 1.8%) {92.6%}
752   O                                                                         (0 = 0.0%) {94.5%}
894   --O                                                                       (2 = 1.2%) {94.5%}
1062  ----O                                                                     (4 = 2.5%) {95.7%}
1262  -O                                                                        (1 = 0.6%) {98.2%}
1500  ... 
2117  -O                                                                        (1 = 0.6%) {98.8%}
2516  -O                                                                        (1 = 0.6%) {99.4%}
2990  ... 

Histogram: Net.HttpJob.TotalTime.Secure.Quic recorded 110 samples, mean = 506.0 (flags = 0x41)
0     ... 
220   -O                                                                        (1 = 0.9%) {0.0%}
280   ------------O                                                             (12 = 10.9%) {0.9%}
356   ------------------------------------O                                     (36 = 32.7%) {11.8%}
452   ------------------------------------------------O                         (48 = 43.6%) {44.5%}
574   -------O                                                                  (7 = 6.4%) {88.2%}
729   O                                                                         (0 = 0.0%) {94.5%}
926   --O                                                                       (2 = 1.8%) {94.5%}
1177  ---O                                                                      (3 = 2.7%) {96.4%}
1496  O                                                                         (0 = 0.0%) {99.1%}
1901  -O                                                                        (1 = 0.9%) {99.1%}
2415  ... 

Histogram: Net.HttpJob.TotalTime.TLS13.Google recorded 1 samples, mean = 2781.0 (flags = 0x41)
0     ... 
2516  -O                                                                        (1 = 100.0%) {0.0%}
2990  ... 

Histogram: Net.HttpJob.TotalTimeCached recorded 38 samples, mean = 175.6 (flags = 0x41)
0    -O                                                                        (1 = 2.6%)
1    ... 
3    -O                                                                        (1 = 2.6%) {2.6%}
4    ... 
8    --O                                                                       (2 = 5.3%) {5.3%}
10   ... 
68   -O                                                                        (1 = 2.6%) {10.5%}
81   ------O                                                                   (6 = 15.8%) {13.2%}
96   ... 
160  -------O                                                                  (7 = 18.4%) {28.9%}
190  -------O                                                                  (7 = 18.4%) {47.4%}
226  ------------O                                                             (12 = 31.6%) {65.8%}
268  ... 
633  -O                                                                        (1 = 2.6%) {97.4%}
752  ... 

Histogram: Net.HttpJob.TotalTimeCancel recorded 1 samples, mean = 300.0 (flags = 0x41)
0    ... 
268  -O                                                                        (1 = 100.0%) {0.0%}
318  ... 

Histogram: Net.HttpJob.TotalTimeNotCached recorded 124 samples, mean = 503.3 (flags = 0x41)
0     ... 
17    -O                                                                        (1 = 0.8%) {0.0%}
20    ... 
29    -O                                                                        (1 = 0.8%) {0.8%}
34    -O                                                                        (1 = 0.8%) {1.6%}
40    O                                                                         (0 = 0.0%) {2.4%}
48    --O                                                                       (2 = 1.6%) {2.4%}
57    O                                                                         (0 = 0.0%) {4.0%}
68    -O                                                                        (1 = 0.8%) {4.0%}
81    -O                                                                        (1 = 0.8%) {4.8%}
96    -O                                                                        (1 = 0.8%) {5.6%}
114   -O                                                                        (1 = 0.8%) {6.5%}
135   ... 
226   -O                                                                        (1 = 0.8%) {7.3%}
268   ----------O                                                               (10 = 8.1%) {8.1%}
318   -----------O                                                              (11 = 8.9%) {16.1%}
378   ----------------------------O                                             (28 = 22.6%) {25.0%}
449   -----------------------------O                                            (29 = 23.4%) {47.6%}
533   -------------------------O                                                (25 = 20.2%) {71.0%}
633   --O                                                                       (2 = 1.6%) {91.1%}
752   O                                                                         (0 = 0.0%) {92.7%}
894   --O                                                                       (2 = 1.6%) {92.7%}
1062  ----O                                                                     (4 = 3.2%) {94.4%}
1262  -O                                                                        (1 = 0.8%) {97.6%}
1500  ... 
2117  -O                                                                        (1 = 0.8%) {98.4%}
2516  -O                                                                        (1 = 0.8%) {99.2%}
2990  ... 

Histogram: Net.HttpJob.TotalTimeNotCached.Secure.Quic recorded 110 samples, mean = 506.0 (flags = 0x41)
0     ... 
220   -O                                                                        (1 = 0.9%) {0.0%}
280   ------------O                                                             (12 = 10.9%) {0.9%}
356   ------------------------------------O                                     (36 = 32.7%) {11.8%}
452   ------------------------------------------------O                         (48 = 43.6%) {44.5%}
574   -------O                                                                  (7 = 6.4%) {88.2%}
729   O                                                                         (0 = 0.0%) {94.5%}
926   --O                                                                       (2 = 1.8%) {94.5%}
1177  ---O                                                                      (3 = 2.7%) {96.4%}
1496  O                                                                         (0 = 0.0%) {99.1%}
1901  -O                                                                        (1 = 0.9%) {99.1%}
2415  ... 

Histogram: Net.HttpJob.TotalTimeSuccess recorded 162 samples, mean = 426.4 (flags = 0x41)
0     -O                                                                        (1 = 0.6%)
1     ... 
3     -O                                                                        (1 = 0.6%) {0.6%}
4     ... 
8     --O                                                                       (2 = 1.2%) {1.2%}
10    ... 
17    -O                                                                        (1 = 0.6%) {2.5%}
20    ... 
29    -O                                                                        (1 = 0.6%) {3.1%}
34    -O                                                                        (1 = 0.6%) {3.7%}
40    O                                                                         (0 = 0.0%) {4.3%}
48    --O                                                                       (2 = 1.2%) {4.3%}
57    O                                                                         (0 = 0.0%) {5.6%}
68    --O                                                                       (2 = 1.2%) {5.6%}
81    -------O                                                                  (7 = 4.3%) {6.8%}
96    -O                                                                        (1 = 0.6%) {11.1%}
114   -O                                                                        (1 = 0.6%) {11.7%}
135   O                                                                         (0 = 0.0%) {12.3%}
160   -------O                                                                  (7 = 4.3%) {12.3%}
190   -------O                                                                  (7 = 4.3%) {16.7%}
226   -------------O                                                            (13 = 8.0%) {21.0%}
268   ----------O                                                               (10 = 6.2%) {29.0%}
318   -----------O                                                              (11 = 6.8%) {35.2%}
378   ----------------------------O                                             (28 = 17.3%) {42.0%}
449   -----------------------------O                                            (29 = 17.9%) {59.3%}
533   -------------------------O                                                (25 = 15.4%) {77.2%}
633   ---O                                                                      (3 = 1.9%) {92.6%}
752   O                                                                         (0 = 0.0%) {94.4%}
894   --O                                                                       (2 = 1.2%) {94.4%}
1062  ----O                                                                     (4 = 2.5%) {95.7%}
1262  -O                                                                        (1 = 0.6%) {98.1%}
1500  ... 
2117  -O                                                                        (1 = 0.6%) {98.8%}
2516  -O                                                                        (1 = 0.6%) {99.4%}
2990  ... 

Histogram: Net.HttpJob.TotalTimeSuccess.Priority1 recorded 113 samples, mean = 518.7 (flags = 0x41)
0     ... 
48    -O                                                                        (1 = 0.9%) {0.0%}
57    ... 
114   -O                                                                        (1 = 0.9%) {0.9%}
135   ... 
268   ----------O                                                               (10 = 8.8%) {1.8%}
318   -----------O                                                              (11 = 9.7%) {10.6%}
378   ----------------------------O                                             (28 = 24.8%) {20.4%}
449   -----------------------------O                                            (29 = 25.7%) {45.1%}
533   -------------------------O                                                (25 = 22.1%) {70.8%}
633   -O                                                                        (1 = 0.9%) {92.9%}
752   O                                                                         (0 = 0.0%) {93.8%}
894   -O                                                                        (1 = 0.9%) {93.8%}
1062  ----O                                                                     (4 = 3.5%) {94.7%}
1262  ... 
2117  -O                                                                        (1 = 0.9%) {98.2%}
2516  -O                                                                        (1 = 0.9%) {99.1%}
2990  ... 

Histogram: Net.HttpJob.TotalTimeSuccess.Priority2 recorded 29 samples, mean = 242.1 (flags = 0x41)
0     -O                                                                        (1 = 3.4%)
1     ... 
8     -O                                                                        (1 = 3.4%) {3.4%}
10    ... 
17    -O                                                                        (1 = 3.4%) {6.9%}
20    ... 
34    -O                                                                        (1 = 3.4%) {10.3%}
40    ... 
68    --O                                                                       (2 = 6.9%) {13.8%}
81    -O                                                                        (1 = 3.4%) {20.7%}
96    ... 
160   ---O                                                                      (3 = 10.3%) {24.1%}
190   ------O                                                                   (6 = 20.7%) {34.5%}
226   -----------O                                                              (11 = 37.9%) {55.2%}
268   ... 
894   -O                                                                        (1 = 3.4%) {93.1%}
1062  O                                                                         (0 = 0.0%) {96.6%}
1262  -O                                                                        (1 = 3.4%) {96.6%}
1500  ... 

Histogram: Net.HttpJob.TotalTimeSuccess.Priority3 recorded 1 samples, mean = 86.0 (flags = 0x41)
0   ... 
81  -O                                                                        (1 = 100.0%) {0.0%}
96  ... 

Histogram: Net.HttpJob.TotalTimeSuccess.Priority4 recorded 6 samples, mean = 199.7 (flags = 0x41)
0    ... 
29   -O                                                                        (1 = 16.7%) {0.0%}
34   ... 
48   -O                                                                        (1 = 16.7%) {16.7%}
57   ... 
81   -O                                                                        (1 = 16.7%) {33.3%}
96   -O                                                                        (1 = 16.7%) {50.0%}
114  ... 
190  -O                                                                        (1 = 16.7%) {66.7%}
226  ... 
633  -O                                                                        (1 = 16.7%) {83.3%}
752  ... 

Histogram: Net.HttpJob.TotalTimeSuccess.Priority5 recorded 13 samples, mean = 166.5 (flags = 0x41)
0    ... 
3    -O                                                                        (1 = 7.7%) {0.0%}
4    ... 
8    -O                                                                        (1 = 7.7%) {7.7%}
10   ... 
81   ----O                                                                     (4 = 30.8%) {15.4%}
96   ... 
160  ----O                                                                     (4 = 30.8%) {46.2%}
190  O                                                                         (0 = 0.0%) {76.9%}
226  --O                                                                       (2 = 15.4%) {76.9%}
268  ... 
633  -O                                                                        (1 = 7.7%) {92.3%}
752  ... 

Histogram: Net.HttpRequestSSLUpgradeDecision recorded 2 samples, mean = 5.0 (flags = 0x41)
0  ... 
5  --O                                                                       (2 = 100.0%) {0.0%}
6  O                                                                         (0 = 0.0%) {100.0%}

Histogram: Net.HttpRequestStsState recorded 2 samples, mean = 2.0 (flags = 0x41)
0  ... 
2  --O                                                                       (2 = 100.0%) {0.0%}
3  ... 

Histogram: Net.HttpResponseCode recorded 779 samples, mean = 229.6 (flags = 0x41)
0    ... 
200  ------------------------------------------------------------------------O (660 = 84.7%) {0.0%}
201  ... 
204  O                                                                         (2 = 0.3%) {84.7%}
205  ... 
302  O                                                                         (4 = 0.5%) {85.0%}
303  O                                                                         (0 = 0.0%) {85.5%}
304  O                                                                         (2 = 0.3%) {85.5%}
305  ... 
308  O                                                                         (1 = 0.1%) {85.8%}
309  ... 
403  ------------O                                                             (110 = 14.1%) {85.9%}
404  ... 

Histogram: Net.HttpTimeToFirstByte recorded 162 samples, mean = 405.9 (flags = 0x41)
0     --------------------------------O                                         (32 = 19.8%)
10    ... 
15    -O                                                                        (1 = 0.6%) {19.8%}
18    ... 
27    -O                                                                        (1 = 0.6%) {20.4%}
33    -O                                                                        (1 = 0.6%) {21.0%}
41    -O                                                                        (1 = 0.6%) {21.6%}
50    -O                                                                        (1 = 0.6%) {22.2%}
61    -O                                                                        (1 = 0.6%) {22.8%}
75    ---O                                                                      (3 = 1.9%) {23.5%}
92    -O                                                                        (1 = 0.6%) {25.3%}
113   O                                                                         (0 = 0.0%) {25.9%}
139   -O                                                                        (1 = 0.6%) {25.9%}
171   ----O                                                                     (4 = 2.5%) {26.5%}
210   O                                                                         (0 = 0.0%) {29.0%}
258   ----------O                                                               (10 = 6.2%) {29.0%}
317   --------------O                                                           (14 = 8.6%) {35.2%}
389   ---------------------------------O                                        (33 = 20.4%) {43.8%}
477   -------------------------------------------O                              (43 = 26.5%) {64.2%}
585   -------O                                                                  (7 = 4.3%) {90.7%}
718   O                                                                         (0 = 0.0%) {95.1%}
881   -O                                                                        (1 = 0.6%) {95.1%}
1081  ----O                                                                     (4 = 2.5%) {95.7%}
1326  -O                                                                        (1 = 0.6%) {98.1%}
1627  O                                                                         (0 = 0.0%) {98.8%}
1996  -O                                                                        (1 = 0.6%) {98.8%}
2449  ... 
4524  -O                                                                        (1 = 0.6%) {99.4%}
5551  ... 

Histogram: Net.HttpTimeToFirstByte.TLS13.Google recorded 1 samples, mean = 5292.0 (flags = 0x41)
0     ... 
4955  -O                                                                        (1 = 100.0%) {0.0%}
6296  ... 

Histogram: Net.NetworkChangeNotifier.NewConnectionCost recorded 2 samples, mean = 1.0 (flags = 0x41)
0  O                                                                         (0 = 0.0%)
1  --O                                                                       (2 = 100.0%) {0.0%}
2  ... 

Histogram: Net.NumQuicSessionsAtShutdown recorded 3 samples, mean = 0.3 (flags = 0x41)
0  --O                                                                       (2 = 66.7%)
1  -O                                                                        (1 = 33.3%) {66.7%}
2  ... 

Histogram: Net.OnTransferSizeUpdated.Experimental.OverridenBy recorded 142 samples, mean = 3.6 (flags = 0x41)
0   O                                                                         (0 = 0.0%)
1   ------------------------------------------------------------------------O (122 = 85.9%) {0.0%}
2   ... 
11  -----O                                                                    (8 = 5.6%) {85.9%}
12  -O                                                                        (2 = 1.4%) {91.5%}
13  ... 
26  -O                                                                        (2 = 1.4%) {93.0%}
27  O                                                                         (0 = 0.0%) {94.4%}
28  -----O                                                                    (8 = 5.6%) {94.4%}
29  ... 

Histogram: Net.QuicActiveSessions recorded 118 samples, mean = 0.1 (flags = 0x41)
0  ------------------------------------------------------------------------O (113 = 95.8%)
1  -O                                                                        (1 = 0.8%) {95.8%}
2  -O                                                                        (1 = 0.8%) {96.6%}
3  -O                                                                        (1 = 0.8%) {97.5%}
4  -O                                                                        (1 = 0.8%) {98.3%}
5  -O                                                                        (1 = 0.8%) {99.2%}
7  ... 

Histogram: Net.QuicChromiumClientStream.HandleOnCloseConnectionError recorded 120 samples (flags = 0x41)
0  ------------------------------------------------------------------------O (120 = 100.0%)

Histogram: Net.QuicChromiumClientStream.HandleOnCloseNetError recorded 120 samples (flags = 0x41)
100  ------------------------------------------------------------------------O (119 = 99.2%)
356  -O                                                                        (1 = 0.8%)

Histogram: Net.QuicChromiumClientStream.HandleOnCloseStreamError recorded 120 samples (flags = 0x41)
0  ------------------------------------------------------------------------O (119 = 99.2%)
6  -O                                                                        (1 = 0.8%)

Histogram: Net.QuicChromiumClientStream.HeaderDecodingDelay recorded 119 samples, mean = 0.0 (flags = 0x41)
0  ------------------------------------------------------------------------O (119 = 100.0%)
1  ... 

Histogram: Net.QuicChromiumClientStream.HeaderDecodingDelayGoogle recorded 110 samples, mean = 0.0 (flags = 0x41)
0  ------------------------------------------------------------------------O (110 = 100.0%)
1  ... 

Histogram: Net.QuicConnection.WritePacketStatus recorded 1334 samples, mean = 0.0 (flags = 0x41)
0  ------------------------------------------------------------------------O (1334 = 100.0%)
1  ... 

Histogram: Net.QuicCryptoClientConfig.PopulatedFromCanonicalConfig recorded 6 samples, mean = 0.0 (flags = 0x41)
0  ------O                                                                   (6 = 100.0%)
1  ... 

Histogram: Net.QuicDroppedPacketReason recorded 65 samples, mean = 6.0 (flags = 0x41)
0  ... 
6  -----------------------------------------------------------------O        (65 = 100.0%) {0.0%}
7  O                                                                         (0 = 0.0%) {100.0%}

Histogram: Net.QuicHandshakeNotConfirmedNumPacketsReceived recorded 2 samples, mean = 8.0 (flags = 0x41)
0  ... 
7  --O                                                                       (2 = 100.0%) {0.0%}
9  ... 

Histogram: Net.QuicHandshakeState recorded 356 samples, mean = 1.0 (flags = 0x41)
0  ------------------------------------------------------------------------O (119 = 33.4%)
1  -----------------------------------------------------------------------O  (118 = 33.1%) {33.4%}
2  -----------------------------------------------------------------------O  (118 = 33.1%) {66.6%}
3  -O                                                                        (1 = 0.3%) {99.7%}
4  O                                                                         (0 = 0.0%) {100.0%}

Histogram: Net.QuicHttpStream.ProcessResponseHeaderSuccess recorded 119 samples, mean = 1.0 (flags = 0x41)
0  O                                                                         (0 = 0.0%)
1  ------------------------------------------------------------------------O (119 = 100.0%) {0.0%}
2  O                                                                         (0 = 0.0%) {100.0%}

Histogram: Net.QuicSession.AbortedPendingStreamRequests recorded 119 samples, mean = 0.0 (flags = 0x41)
0  ------------------------------------------------------------------------O (119 = 100.0%)
1  ... 

Histogram: Net.QuicSession.AcceptChForOrigin recorded 120 samples, mean = 0.0 (flags = 0x41)
0  ------------------------------------------------------------------------O (119 = 99.2%)
1  -O                                                                        (1 = 0.8%) {99.2%}
2  O                                                                         (0 = 0.0%) {100.0%}

Histogram: Net.QuicSession.AcceptChFrameReceivedViaAlps recorded 115 samples, mean = 1.0 (flags = 0x41)
0  O                                                                         (0 = 0.0%)
1  ------------------------------------------------------------------------O (115 = 100.0%) {0.0%}
2  ... 

Histogram: Net.QuicSession.AsyncRead recorded 1766 samples, mean = 0.7 (flags = 0x41)
0  --------------------------O                                               (472 = 26.7%)
1  ------------------------------------------------------------------------O (1294 = 73.3%) {26.7%}
2  O                                                                         (0 = 0.0%) {100.0%}

Histogram: Net.QuicSession.BlockedFrames.Received recorded 119 samples, mean = 0.0 (flags = 0x41)
0  ------------------------------------------------------------------------O (119 = 100.0%)
1  ... 

Histogram: Net.QuicSession.BlockedFrames.Sent recorded 119 samples, mean = 0.0 (flags = 0x41)
0  ------------------------------------------------------------------------O (119 = 100.0%)
1  ... 

Histogram: Net.QuicSession.CertVerificationResult recorded 119 samples (flags = 0x41)
0  ------------------------------------------------------------------------O (119 = 100.0%)

Histogram: Net.QuicSession.ClientSideMtu recorded 118 samples (flags = 0x41)
1250  ------------------------------------------------------------------------O (118 = 100.0%)

Histogram: Net.QuicSession.CloseAllSessionsError recorded 3 samples (flags = 0x41)
3  ---O                                                                      (3 = 100.0%)

Histogram: Net.QuicSession.CloseSessionOnError recorded 1 samples (flags = 0x41)
3  -O                                                                        (1 = 100.0%)

Histogram: Net.QuicSession.ClosedDuringInitializeSession recorded 119 samples, mean = 0.0 (flags = 0x41)
0  ------------------------------------------------------------------------O (119 = 100.0%)
1  ... 

Histogram: Net.QuicSession.CoalesceStreamFrameStatus recorded 1145 samples, mean = 0.4 (flags = 0x41)
0  ------------------------------------------------------------------------O (698 = 61.0%)
1  ----------------------------------------------O                           (447 = 39.0%) {61.0%}
2  O                                                                         (0 = 0.0%) {100.0%}

Histogram: Net.QuicSession.ConnectRandomPortForHTTPS recorded 118 samples, mean = 0.0 (flags = 0x41)
0  ------------------------------------------------------------------------O (118 = 100.0%)
1  ... 

Histogram: Net.QuicSession.ConnectionClose.HandshakeFailureUnknown.QuicError recorded 1 samples (flags = 0x41)
25  -O                                                                        (1 = 100.0%)

Histogram: Net.QuicSession.ConnectionClose.HandshakeNotConfirmed.Reason recorded 1 samples, mean = 0.0 (flags = 0x41)
0  -O                                                                        (1 = 100.0%)
1  ... 

Histogram: Net.QuicSession.ConnectionClose.NumOpenStreams.HandshakeTimedOut recorded 1 samples, mean = 0.0 (flags = 0x41)
0  -O                                                                        (1 = 100.0%)
1  ... 

Histogram: Net.QuicSession.ConnectionClose.NumOpenStreams.TimedOut recorded 118 samples, mean = 0.0 (flags = 0x41)
0  ------------------------------------------------------------------------O (118 = 100.0%)
1  ... 

Histogram: Net.QuicSession.ConnectionClose.NumTotalStreams.HandshakeTimedOut recorded 1 samples, mean = 0.0 (flags = 0x41)
0  -O                                                                        (1 = 100.0%)
1  ... 

Histogram: Net.QuicSession.ConnectionCloseErrorCodeClient recorded 119 samples (flags = 0x41)
25  ------------------------------------------------------------------------O (118 = 99.2%)
70  -O                                                                        (1 = 0.8%)

Histogram: Net.QuicSession.ConnectionCloseErrorCodeClient.HandshakeConfirmed recorded 118 samples (flags = 0x41)
25  ------------------------------------------------------------------------O (117 = 99.2%)
70  -O                                                                        (1 = 0.8%)

Histogram: Net.QuicSession.ConnectionCloseErrorCodeClient.HandshakeNotConfirmed recorded 1 samples (flags = 0x41)
25  -O                                                                        (1 = 100.0%)

Histogram: Net.QuicSession.ConnectionCloseErrorCodeClientGoogle recorded 115 samples (flags = 0x41)
25  ------------------------------------------------------------------------O (114 = 99.1%)
70  -O                                                                        (1 = 0.9%)

Histogram: Net.QuicSession.ConnectionCloseErrorCodeClientGoogle.HandshakeConfirmed recorded 115 samples (flags = 0x41)
25  ------------------------------------------------------------------------O (114 = 99.1%)
70  -O                                                                        (1 = 0.9%)

Histogram: Net.QuicSession.ConnectionDuration recorded 118 samples, mean = 29315.3 (flags = 0x41)
0      ... 
279    -O                                                                        (1 = 0.8%) {0.0%}
322    ... 
27425  ------------------------------------------------------------------------O (116 = 98.3%) {0.8%}
31655  O                                                                         (0 = 0.0%) {99.2%}
36538  -O                                                                        (1 = 0.8%) {99.2%}
42174  ... 

Histogram: Net.QuicSession.ConnectionFlowControlBlocked recorded 95 samples, mean = 1.0 (flags = 0x41)
0  O                                                                         (0 = 0.0%)
1  ------------------------------------------------------------------------O (95 = 100.0%) {0.0%}
2  O                                                                         (0 = 0.0%) {100.0%}

Histogram: Net.QuicSession.ConnectionIpPooled recorded 118 samples, mean = 0.0 (flags = 0x41)
0  ------------------------------------------------------------------------O (118 = 100.0%)
1  ... 

Histogram: Net.QuicSession.ConnectionTypeFromSelf recorded 119 samples, mean = 1.0 (flags = 0x41)
0  O                                                                         (0 = 0.0%)
1  ------------------------------------------------------------------------O (119 = 100.0%) {0.0%}
2  O                                                                         (0 = 0.0%) {100.0%}

Histogram: Net.QuicSession.CryptoRetransmitCount.HandshakeConfirmed recorded 118 samples, mean = 0.4 (flags = 0x41)
0   ------------------------------------------------------------------------O (109 = 92.4%)
1   ---O                                                                      (4 = 3.4%) {92.4%}
2   ... 
8   -O                                                                        (1 = 0.8%) {95.8%}
9   O                                                                         (0 = 0.0%) {96.6%}
10  ---O                                                                      (4 = 3.4%) {96.6%}
11  ... 

Histogram: Net.QuicSession.CryptoRetransmitCount.HandshakeNotConfirmed recorded 1 samples, mean = 2.0 (flags = 0x41)
0  ... 
2  -O                                                                        (1 = 100.0%) {0.0%}
3  ... 

Histogram: Net.QuicSession.DuplicatePacketsReceived recorded 119 samples, mean = 0.0 (flags = 0x41)
0  ------------------------------------------------------------------------O (119 = 100.0%)
1  ... 

Histogram: Net.QuicSession.EcnMarksObserved recorded 119 samples, mean = 1.0 (flags = 0x41)
0  O                                                                         (0 = 0.0%)
1  ------------------------------------------------------------------------O (119 = 100.0%) {0.0%}
2  ... 

Histogram: Net.QuicSession.EncryptionEstablishedTime recorded 118 samples, mean = 90.6 (flags = 0x41)
0     ------------------------------------------------------------------------O (102 = 86.4%)
1     -O                                                                        (1 = 0.8%) {86.4%}
2     ... 
10    -O                                                                        (1 = 0.8%) {87.3%}
12    -O                                                                        (1 = 0.8%) {88.1%}
14    -O                                                                        (1 = 0.8%) {89.0%}
17    O                                                                         (0 = 0.0%) {89.8%}
20    -O                                                                        (2 = 1.7%) {89.8%}
24    -O                                                                        (1 = 0.8%) {91.5%}
29    ... 
633   ----O                                                                     (5 = 4.2%) {92.4%}
752   ... 
1062  -O                                                                        (1 = 0.8%) {96.6%}
1262  O                                                                         (0 = 0.0%) {97.5%}
1500  -O                                                                        (1 = 0.8%) {97.5%}
1782  -O                                                                        (1 = 0.8%) {98.3%}
2117  O                                                                         (0 = 0.0%) {99.2%}
2516  -O                                                                        (1 = 0.8%) {99.2%}
2990  ... 

Histogram: Net.QuicSession.FinchConfigIsValid recorded 3 samples, mean = 1.0 (flags = 0x41)
0  O                                                                         (0 = 0.0%)
1  ---O                                                                      (3 = 100.0%) {0.0%}
2  O                                                                         (0 = 0.0%) {100.0%}

Histogram: Net.QuicSession.FindMatchingIpSessionResult recorded 238 samples, mean = 2.0 (flags = 0x41)
0  ... 
2  ------------------------------------------------------------------------O (238 = 100.0%) {0.0%}
3  O                                                                         (0 = 0.0%) {100.0%}

Histogram: Net.QuicSession.FindMatchingIpSessionResultGoogle recorded 230 samples, mean = 2.0 (flags = 0x41)
0  ... 
2  ------------------------------------------------------------------------O (230 = 100.0%) {0.0%}
3  O                                                                         (0 = 0.0%) {100.0%}

Histogram: Net.QuicSession.HandshakeConfirmedTime recorded 118 samples, mean = 127.3 (flags = 0x41)
0     ... 
20    --O                                                                       (2 = 1.7%) {0.0%}
24    ... 
34    -----------------------------------------------O                          (47 = 39.8%) {1.7%}
40    ---------------------------------------------------------O                (57 = 48.3%) {41.5%}
48    -O                                                                        (1 = 0.8%) {89.8%}
57    -O                                                                        (1 = 0.8%) {90.7%}
68    ... 
114   -O                                                                        (1 = 0.8%) {91.5%}
135   ... 
633   -----O                                                                    (5 = 4.2%) {92.4%}
752   ... 
1062  -O                                                                        (1 = 0.8%) {96.6%}
1262  O                                                                         (0 = 0.0%) {97.5%}
1500  -O                                                                        (1 = 0.8%) {97.5%}
1782  -O                                                                        (1 = 0.8%) {98.3%}
2117  O                                                                         (0 = 0.0%) {99.2%}
2516  -O                                                                        (1 = 0.8%) {99.2%}
2990  ... 

Histogram: Net.QuicSession.HeaderCompressionRatioQpackReceived recorded 119 samples, mean = 9.8 (flags = 0x41)
0   ... 
5   ------------------------------------------------------------------------O (110 = 92.4%) {0.0%}
6   ... 
63  -O                                                                        (1 = 0.8%) {92.4%}
64  ... 
67  -O                                                                        (1 = 0.8%) {93.3%}
68  -O                                                                        (1 = 0.8%) {94.1%}
69  ---O                                                                      (4 = 3.4%) {95.0%}
70  -O                                                                        (1 = 0.8%) {98.3%}
71  ... 
74  -O                                                                        (1 = 0.8%) {99.2%}
75  ... 

Histogram: Net.QuicSession.HeaderCompressionRatioQpackSent recorded 120 samples, mean = 69.4 (flags = 0x41)
0   ... 
69  ------------------------------------------------------------------------O (111 = 92.5%) {0.0%}
70  -O                                                                        (1 = 0.8%) {92.5%}
71  O                                                                         (0 = 0.0%) {93.3%}
72  -O                                                                        (2 = 1.7%) {93.3%}
73  O                                                                         (0 = 0.0%) {95.0%}
74  -O                                                                        (2 = 1.7%) {95.0%}
75  -O                                                                        (2 = 1.7%) {96.7%}
76  -O                                                                        (2 = 1.7%) {98.3%}
77  ... 

Histogram: Net.QuicSession.HostResolution.HandshakeConfirmedTime recorded 118 samples, mean = 127.6 (flags = 0x41)
0     ... 
20    --O                                                                       (2 = 1.7%) {0.0%}
24    ... 
34    ----------------------------------------O                                 (40 = 33.9%) {1.7%}
40    ----------------------------------------------------------------O         (64 = 54.2%) {35.6%}
48    -O                                                                        (1 = 0.8%) {89.8%}
57    -O                                                                        (1 = 0.8%) {90.7%}
68    ... 
114   -O                                                                        (1 = 0.8%) {91.5%}
135   ... 
633   -----O                                                                    (5 = 4.2%) {92.4%}
752   ... 
1062  -O                                                                        (1 = 0.8%) {96.6%}
1262  O                                                                         (0 = 0.0%) {97.5%}
1500  -O                                                                        (1 = 0.8%) {97.5%}
1782  -O                                                                        (1 = 0.8%) {98.3%}
2117  O                                                                         (0 = 0.0%) {99.2%}
2516  -O                                                                        (1 = 0.8%) {99.2%}
2990  ... 

Histogram: Net.QuicSession.IncorrectConnectionIDsReceived recorded 119 samples, mean = 0.0 (flags = 0x41)
0  ------------------------------------------------------------------------O (119 = 100.0%)
1  ... 

Histogram: Net.QuicSession.InitialRttEsitmateSource recorded 119 samples, mean = 1.0 (flags = 0x41)
0  -O                                                                        (2 = 1.7%)
1  ------------------------------------------------------------------------O (117 = 98.3%) {1.7%}
2  ... 

Histogram: Net.QuicSession.KeyUpdate.PerConnection2 recorded 118 samples, mean = 0.0 (flags = 0x41)
0  ------------------------------------------------------------------------O (118 = 100.0%)
1  ... 

Histogram: Net.QuicSession.KeyUpdate.PotentialPeerKeyUpdateAttemptCount recorded 118 samples, mean = 0.0 (flags = 0x41)
0  ------------------------------------------------------------------------O (118 = 100.0%)
1  ... 

Histogram: Net.QuicSession.MaxConsecutiveRtoWithForwardProgress recorded 118 samples, mean = 0.1 (flags = 0x41)
0  ------------------------------------------------------------------------O (109 = 92.4%)
1  ------O                                                                   (9 = 7.6%) {92.4%}
2  ... 

Histogram: Net.QuicSession.MinRTT recorded 119 samples, mean = 25.5 (flags = 0x41)
0   ... 
10  ---O                                                                      (3 = 2.5%) {0.0%}
12  -O                                                                        (1 = 0.8%) {2.5%}
14  ... 
20  -------------O                                                            (15 = 12.6%) {3.4%}
24  ------------------------------------------------------------------------O (82 = 68.9%) {16.0%}
29  -------------O                                                            (15 = 12.6%) {84.9%}
34  --O                                                                       (2 = 1.7%) {97.5%}
40  O                                                                         (0 = 0.0%) {99.2%}
48  -O                                                                        (1 = 0.8%) {99.2%}
57  ... 

Histogram: Net.QuicSession.MtuProbesSent recorded 118 samples, mean = 0.0 (flags = 0x41)
0  ------------------------------------------------------------------------O (118 = 100.0%)
1  ... 

Histogram: Net.QuicSession.NumDefaultPathDegrading recorded 119 samples, mean = 0.0 (flags = 0x41)
0  ------------------------------------------------------------------------O (119 = 100.0%)
1  ... 

Histogram: Net.QuicSession.NumMigrations recorded 118 samples, mean = 0.0 (flags = 0x41)
0  ------------------------------------------------------------------------O (118 = 100.0%)
1  ... 

Histogram: Net.QuicSession.NumOpenStreams recorded 120 samples, mean = 1.0 (flags = 0x41)
0  O                                                                         (0 = 0.0%)
1  ------------------------------------------------------------------------O (119 = 99.2%) {0.0%}
2  -O                                                                        (1 = 0.8%) {99.2%}
3  ... 

Histogram: Net.QuicSession.NumPingsSent recorded 118 samples, mean = 0.4 (flags = 0x41)
0  ------------------------------------------------------------------------O (109 = 92.4%)
1  ---O                                                                      (4 = 3.4%) {92.4%}
2  ... 
8  -O                                                                        (1 = 0.8%) {95.8%}
9  ---O                                                                      (4 = 3.4%) {96.6%}
10 ... 

Histogram: Net.QuicSession.NumQueuedPacketsBeforeWrite recorded 1675 samples, mean = 0.0 (flags = 0x41)
0  ------------------------------------------------------------------------O (1675 = 100.0%)
1  ... 

Histogram: Net.QuicSession.NumTotalStreams recorded 119 samples, mean = 1.0 (flags = 0x41)
0  ---O                                                                      (5 = 4.2%)
1  ------------------------------------------------------------------------O (113 = 95.0%) {4.2%}
2  ... 
7  -O                                                                        (1 = 0.8%) {99.2%}
9  ... 

Histogram: Net.QuicSession.OutOfOrderGapReceived recorded 8 samples, mean = 12.6 (flags = 0x41)
0   O                                                                         (0 = 0.0%)
1   --O                                                                       (2 = 25.0%) {0.0%}
2   ... 
4   -O                                                                        (1 = 12.5%) {25.0%}
5   ... 
16  ---O                                                                      (3 = 37.5%) {37.5%}
21  --O                                                                       (2 = 25.0%) {75.0%}
28  ... 

Histogram: Net.QuicSession.OutOfOrderLargePacketsReceived recorded 119 samples, mean = 0.0 (flags = 0x41)
0  ------------------------------------------------------------------------O (119 = 100.0%)
1  ... 

Histogram: Net.QuicSession.OutOfOrderPacketsReceived recorded 119 samples, mean = 0.1 (flags = 0x41)
0  ------------------------------------------------------------------------O (111 = 93.3%)
1  -----O                                                                    (8 = 6.7%) {93.3%}
2  ... 

Histogram: Net.QuicSession.PacketGapReceived recorded 46 samples, mean = 1.9 (flags = 0x41)
0  O                                                                         (0 = 0.0%)
1  ---------------------------O                                              (27 = 58.7%) {0.0%}
2  O                                                                         (0 = 0.0%) {58.7%}
3  --------------O                                                           (14 = 30.4%) {58.7%}
4  -----O                                                                    (5 = 10.9%) {89.1%}
5  ... 

Histogram: Net.QuicSession.PacketGapReceivedNearPing recorded 50 samples, mean = 2.3 (flags = 0x41)
0  O                                                                         (0 = 0.0%)
1  ----------------------------O                                             (28 = 56.0%) {0.0%}
2  ---O                                                                      (3 = 6.0%) {56.0%}
3  O                                                                         (0 = 0.0%) {62.0%}
4  --------------O                                                           (14 = 28.0%) {62.0%}
5  -----O                                                                    (5 = 10.0%) {90.0%}
7  ... 

Histogram: Net.QuicSession.PacketLossRate_CONNECTION_ETHERNET recorded 7 samples, mean = 85.4 (flags = 0x41)
0    ... 
10   -O                                                                        (1 = 14.3%) {0.0%}
11   ... 
13   -O                                                                        (1 = 14.3%) {14.3%}
14   ... 
95   --O                                                                       (2 = 28.6%) {28.6%}
102  ... 
118  -O                                                                        (1 = 14.3%) {57.1%}
127  --O                                                                       (2 = 28.6%) {71.4%}
136  ... 

Histogram: Net.QuicSession.PacketWriteTime.Synchronous recorded 1327 samples, mean = 0.0 (flags = 0x41)
0  ------------------------------------------------------------------------O (1326 = 99.9%)
1  O                                                                         (1 = 0.1%) {99.9%}
2  ... 

Histogram: Net.QuicSession.PacketsBeforeEcnTransition recorded 119 samples, mean = 0.0 (flags = 0x41)
0  ------------------------------------------------------------------------O (119 = 100.0%)
1  ... 

Histogram: Net.QuicSession.PreferAesGcm recorded 1 samples, mean = 1.0 (flags = 0x41)
0  O                                                                         (0 = 0.0%)
1  -O                                                                        (1 = 100.0%) {0.0%}
2  O                                                                         (0 = 0.0%) {100.0%}

Histogram: Net.QuicSession.Qpack.HeaderListCountWhenBlockedStreamLimited recorded 9 samples, mean = 3.3 (flags = 0x41)
0  O                                                                         (0 = 0.0%)
1  ---O                                                                      (3 = 33.3%) {0.0%}
2  -O                                                                        (1 = 11.1%) {33.3%}
3  -O                                                                        (1 = 11.1%) {44.4%}
4  -O                                                                        (1 = 11.1%) {55.6%}
5  -O                                                                        (1 = 11.1%) {66.7%}
6  -O                                                                        (1 = 11.1%) {77.8%}
7  -O                                                                        (1 = 11.1%) {88.9%}
8  ... 

Histogram: Net.QuicSession.Qpack.HeaderListCountWhenInsertionNotBlocked recorded 120 samples, mean = 1.2 (flags = 0x41)
0  O                                                                         (0 = 0.0%)
1  ------------------------------------------------------------------------O (114 = 95.0%) {0.0%}
2  -O                                                                        (1 = 0.8%) {95.0%}
3  -O                                                                        (1 = 0.8%) {95.8%}
4  -O                                                                        (1 = 0.8%) {96.7%}
5  -O                                                                        (1 = 0.8%) {97.5%}
6  -O                                                                        (1 = 0.8%) {98.3%}
7  -O                                                                        (1 = 0.8%) {99.2%}
8  ... 

Histogram: Net.QuicSession.Qpack.HeaderListCountWhenNotBlockedStreamLimited recorded 111 samples, mean = 1.0 (flags = 0x41)
0  O                                                                         (0 = 0.0%)
1  ------------------------------------------------------------------------O (111 = 100.0%) {0.0%}
2  ... 

Histogram: Net.QuicSession.QuicVersion recorded 119 samples (flags = 0x41)
80  ------------------------------------------------------------------------O (119 = 100.0%)

Histogram: Net.QuicSession.ReceivedSettings.BlockedStreams recorded 115 samples, mean = 100.0 (flags = 0x41)
0   ... 
95  ------------------------------------------------------------------------O (115 = 100.0%) {0.0%}
107 ... 

Histogram: Net.QuicSession.ReceivedSettings.CountPlusOne recorded 118 samples, mean = 6.9 (flags = 0x41)
0  ... 
3  --O                                                                       (3 = 2.5%) {0.0%}
4  ... 
7  ------------------------------------------------------------------------O (115 = 97.5%) {2.5%}
8  ... 

Histogram: Net.QuicSession.ReceivedSettings.MaxHeaderListSize2 recorded 118 samples, mean = 67202.2 (flags = 0x41)
0       ... 
63662   ------------------------------------------------------------------------O (115 = 97.5%) {0.0%}
83848   O                                                                         (0 = 0.0%) {97.5%}
110434  --O                                                                       (3 = 2.5%) {97.5%}
145450  ... 

Histogram: Net.QuicSession.ReceivedSettings.MaxTableCapacity2 recorded 115 samples, mean = 65536.0 (flags = 0x41)
0      ... 
63662  ------------------------------------------------------------------------O (115 = 100.0%) {0.0%}
83848  ... 

Histogram: Net.QuicSession.ReceivedSettings.ReservedCountPlusOne recorded 118 samples, mean = 2.0 (flags = 0x41)
0  ... 
2  ------------------------------------------------------------------------O (118 = 100.0%) {0.0%}
3  ... 

Histogram: Net.QuicSession.RstStreamErrorCodeClient recorded 1 samples (flags = 0x41)
6  -O                                                                        (1 = 100.0%)

Histogram: Net.QuicSession.RstStreamErrorCodeServer recorded 4 samples (flags = 0x41)
6   -O                                                                        (1 = 25.0%)
20  ---O                                                                      (3 = 75.0%)

Histogram: Net.QuicSession.SendPacketSize.0RTT recorded 112 samples, mean = 79.4 (flags = 0x41)
0   ... 
68  ----------O                                                               (14 = 12.5%) {0.0%}
77  ------------------------------------------------------------------------O (98 = 87.5%) {12.5%}
87  ... 

Histogram: Net.QuicSession.SendPacketSize.ForwardSecure recorded 701 samples, mean = 308.6 (flags = 0x41)
0     ... 
28    ------------------------------------------------------------------------O (214 = 30.5%) {0.0%}
32    -----------O                                                              (33 = 4.7%) {30.5%}
36    ----------------------------------------O                                 (120 = 17.1%) {35.2%}
41    -------------------------O                                                (74 = 10.6%) {52.4%}
47    --O                                                                       (6 = 0.9%) {62.9%}
53    ... 
68    -O                                                                        (3 = 0.4%) {63.8%}
77    -O                                                                        (3 = 0.4%) {64.2%}
87    ... 
128   O                                                                         (1 = 0.1%) {64.6%}
145   ... 
276   -------------------------------------O                                    (111 = 15.8%) {64.8%}
314   ... 
461   O                                                                         (1 = 0.1%) {80.6%}
524   ... 
676   O                                                                         (1 = 0.1%) {80.7%}
768   O                                                                         (1 = 0.1%) {80.9%}
872   -O                                                                        (2 = 0.3%) {81.0%}
991   O                                                                         (1 = 0.1%) {81.3%}
1126  --------------------------------------------O                             (130 = 18.5%) {81.5%}
1279  ... 

Histogram: Net.QuicSession.SendPacketSize.Handshake recorded 141 samples, mean = 85.9 (flags = 0x41)
0    ... 
36   ------O                                                                   (9 = 6.4%) {0.0%}
41   ---O                                                                      (5 = 3.5%) {6.4%}
47   -----O                                                                    (8 = 5.7%) {9.9%}
53   ... 
77   -----O                                                                    (7 = 5.0%) {15.6%}
87   ------------------------------------------------------------------------O (110 = 78.0%) {20.6%}
99   -O                                                                        (1 = 0.7%) {98.6%}
113  ... 
145  -O                                                                        (1 = 0.7%) {99.3%}
165  ... 

Histogram: Net.QuicSession.SendPacketSize.Initial recorded 380 samples, mean = 819.8 (flags = 0x41)
0     ... 
41    O                                                                         (1 = 0.3%) {0.0%}
47    -O                                                                        (4 = 1.1%) {0.3%}
53    O                                                                         (1 = 0.3%) {1.3%}
60    ... 
99    ---------------O                                                          (49 = 12.9%) {1.6%}
113   -------O                                                                  (24 = 6.3%) {14.5%}
128   --O                                                                       (7 = 1.8%) {20.8%}
145   ----------O                                                               (31 = 8.2%) {22.6%}
165   ---O                                                                      (11 = 2.9%) {30.8%}
188   ---O                                                                      (11 = 2.9%) {33.7%}
214   -O                                                                        (3 = 0.8%) {36.6%}
243   ... 
524   -O                                                                        (4 = 1.1%) {37.4%}
595   -O                                                                        (3 = 0.8%) {38.4%}
676   ... 
1126  ------------------------------------------------------------------------O (231 = 60.8%) {39.2%}
1279  ... 

Histogram: Net.QuicSession.ServerSideMtu recorded 118 samples (flags = 0x41)
1200  --O                                                                       (3 = 2.5%)
1250  ------------------------------------------------------------------------O (115 = 97.5%)

Histogram: Net.QuicSession.SmoothedRTT recorded 119 samples, mean = 31.3 (flags = 0x41)
0   ... 
14  -O                                                                        (1 = 0.8%) {0.0%}
17  ---O                                                                      (3 = 2.5%) {0.8%}
20  O                                                                         (0 = 0.0%) {3.4%}
24  ---------------------O                                                    (21 = 17.6%) {3.4%}
29  ----------------------------------------------------------------------O   (70 = 58.8%) {21.0%}
34  ----------------------O                                                   (22 = 18.5%) {79.8%}
40  -O                                                                        (1 = 0.8%) {98.3%}
48  ... 
96  -O                                                                        (1 = 0.8%) {99.2%}
114 ... 

Histogram: Net.QuicSession.StopSendingErrorCodeClient recorded 4 samples (flags = 0x41)
6   -O                                                                        (1 = 25.0%)
20  ---O                                                                      (3 = 75.0%)

Histogram: Net.QuicSession.StreamFlowControlBlocked recorded 95 samples, mean = 1.0 (flags = 0x41)
0  O                                                                         (0 = 0.0%)
1  ------------------------------------------------------------------------O (95 = 100.0%) {0.0%}
2  O                                                                         (0 = 0.0%) {100.0%}

Histogram: Net.QuicSession.StreamFrameDuplicatedShortConnection recorded 113 samples, mean = 0.4 (flags = 0x41)
0   ------------------------------------------------------------------------O (112 = 99.1%)
1   ... 
43  -O                                                                        (1 = 0.9%) {99.1%}
46  ... 

Histogram: Net.QuicSession.TimeFromResolveHostToConfirmConnection recorded 119 samples, mean = 142.7 (flags = 0x41)
0     --------------------O                                                     (20 = 16.8%)
1     ---O                                                                      (3 = 2.5%) {16.8%}
2     ... 
17    --------------------O                                                     (20 = 16.8%) {19.3%}
20    ----------------------------------------O                                 (40 = 33.6%) {36.1%}
24    -----------------O                                                        (17 = 14.3%) {69.7%}
29    ------O                                                                   (6 = 5.0%) {84.0%}
34    --O                                                                       (2 = 1.7%) {89.1%}
40    O                                                                         (0 = 0.0%) {90.8%}
48    -O                                                                        (1 = 0.8%) {90.8%}
57    ... 
633   -----O                                                                    (5 = 4.2%) {91.6%}
752   ... 
1062  -O                                                                        (1 = 0.8%) {95.8%}
1262  O                                                                         (0 = 0.0%) {96.6%}
1500  -O                                                                        (1 = 0.8%) {96.6%}
1782  -O                                                                        (1 = 0.8%) {97.5%}
2117  O                                                                         (0 = 0.0%) {98.3%}
2516  -O                                                                        (1 = 0.8%) {98.3%}
2990  ... 
4222  -O                                                                        (1 = 0.8%) {99.2%}
5017  ... 

Histogram: Net.QuicSession.TooManyOpenStreams recorded 120 samples, mean = 0.0 (flags = 0x41)
0  ------------------------------------------------------------------------O (120 = 100.0%)
1  ... 

Histogram: Net.QuicSession.TooSmallInitialSentPacket recorded 149 samples, mean = 1043.9 (flags = 0x41)
0     ... 
505   ---O                                                                      (3 = 2.0%) {0.0%}
571   ---O                                                                      (4 = 2.7%) {2.0%}
646   ... 
936   -----------------------------------------------O                          (56 = 37.6%) {4.7%}
1060  ------------------------------------------------------------------------O (86 = 57.7%) {42.3%}
1200  O                                                                         (0 = 0.0%) {100.0%}

Histogram: Net.QuicSession.UndecryptablePacketsReceived recorded 119 samples, mean = 0.5 (flags = 0x41)
0  ------------------------------------------------------------------------O (110 = 92.4%)
1  -O                                                                        (1 = 0.8%) {92.4%}
2  O                                                                         (0 = 0.0%) {93.3%}
3  -O                                                                        (2 = 1.7%) {93.3%}
4  O                                                                         (0 = 0.0%) {95.0%}
5  -O                                                                        (1 = 0.8%) {95.0%}
7  O                                                                         (0 = 0.0%) {95.8%}
9  ---O                                                                      (5 = 4.2%) {95.8%}
12 ... 

Histogram: Net.QuicSession.UndecryptablePacketsReceivedWithDecrypter recorded 119 samples, mean = 0.0 (flags = 0x41)
0  ------------------------------------------------------------------------O (119 = 100.0%)
1  ... 

Histogram: Net.QuicSession.ValidConnectionTime recorded 103 samples, mean = 0.0 (flags = 0x41)
0  ------------------------------------------------------------------------O (99 = 96.1%)
1  ---O                                                                      (4 = 3.9%) {96.1%}
2  ... 

Histogram: Net.QuicSession.VerifyProofTime recorded 119 samples, mean = 126.5 (flags = 0x41)
0     ------------------------------------------------------------------------O (105 = 88.2%)
1     ... 
10    -O                                                                        (1 = 0.8%) {88.2%}
12    -O                                                                        (1 = 0.8%) {89.1%}
14    -O                                                                        (1 = 0.8%) {89.9%}
17    ... 
24    -O                                                                        (1 = 0.8%) {90.8%}
29    ... 
633   ---O                                                                      (5 = 4.2%) {91.6%}
752   O                                                                         (0 = 0.0%) {95.8%}
894   -O                                                                        (1 = 0.8%) {95.8%}
1062  O                                                                         (0 = 0.0%) {96.6%}
1262  -O                                                                        (1 = 0.8%) {96.6%}
1500  O                                                                         (0 = 0.0%) {97.5%}
1782  -O                                                                        (1 = 0.8%) {97.5%}
2117  O                                                                         (0 = 0.0%) {98.3%}
2516  -O                                                                        (1 = 0.8%) {98.3%}
2990  ... 
4222  -O                                                                        (1 = 0.8%) {99.2%}
5017  ... 

Histogram: Net.QuicSession.VerifyProofTime.google recorded 3 samples, mean = 655.0 (flags = 0x41)
0     --O                                                                       (2 = 66.7%)
1     ... 
1782  -O                                                                        (1 = 33.3%) {66.7%}
2117  ... 

Histogram: Net.QuicSession.ZeroRttReason recorded 118 samples, mean = 2.2 (flags = 0x41)
0  ... 
2  ------------------------------------------------------------------------O (112 = 94.9%) {0.0%}
3  ... 
5  ----O                                                                     (6 = 5.1%) {94.9%}
6  ... 

Histogram: Net.QuicSession.ZeroRttReasonGoogle recorded 115 samples, mean = 2.1 (flags = 0x41)
0  ... 
2  ------------------------------------------------------------------------O (112 = 97.4%) {0.0%}
3  ... 
5  --O                                                                       (3 = 2.6%) {97.4%}
6  ... 

Histogram: Net.QuicSession.ZeroRttReasonNonGoogle recorded 3 samples, mean = 5.0 (flags = 0x41)
0  ... 
5  ---O                                                                      (3 = 100.0%) {0.0%}
6  ... 

Histogram: Net.QuicSession.ZeroRttState recorded 118 samples, mean = 0.1 (flags = 0x41)
0  ------------------------------------------------------------------------O (112 = 94.9%)
1  O                                                                         (0 = 0.0%) {94.9%}
2  ----O                                                                     (6 = 5.1%) {94.9%}
3  O                                                                         (0 = 0.0%) {100.0%}

Histogram: Net.QuicStreamFactory.DoConnectFailureLocation recorded 1 samples, mean = 5.0 (flags = 0x41)
0  ... 
5  -O                                                                        (1 = 100.0%) {0.0%}
6  O                                                                         (0 = 0.0%) {100.0%}

Histogram: Net.RestrictedCookieManager.SiteForCookiesOK recorded 2 samples, mean = 1.0 (flags = 0x41)
0  O                                                                         (0 = 0.0%)
1  --O                                                                       (2 = 100.0%) {0.0%}
2  O                                                                         (0 = 0.0%) {100.0%}

Histogram: Net.RestrictedCookieManager.TopFrameOriginOK recorded 2 samples, mean = 1.0 (flags = 0x41)
0  O                                                                         (0 = 0.0%)
1  --O                                                                       (2 = 100.0%) {0.0%}
2  O                                                                         (0 = 0.0%) {100.0%}

Histogram: Net.SSLHandshakeDetails recorded 12 samples, mean = 6.4 (flags = 0x41)
0  ... 
6  -------O                                                                  (7 = 58.3%) {0.0%}
7  -----O                                                                    (5 = 41.7%) {58.3%}
8  ... 

Histogram: Net.SSLNegotiatedAlpnProtocol recorded 12 samples, mean = 1.9 (flags = 0x41)
0  O                                                                         (0 = 0.0%)
1  -O                                                                        (1 = 8.3%) {0.0%}
2  -----------O                                                              (11 = 91.7%) {8.3%}
3  ... 

Histogram: Net.SSLRenegotiationInfoSupported recorded 12 samples, mean = 1.0 (flags = 0x41)
0  O                                                                         (0 = 0.0%)
1  ------------O                                                             (12 = 100.0%) {0.0%}
2  O                                                                         (0 = 0.0%) {100.0%}

Histogram: Net.SSLSignatureAlgorithm recorded 12 samples (flags = 0x41)
1027  ---------O                                                                (9 = 75.0%)
2052  ---O                                                                      (3 = 25.0%)

Histogram: Net.SSLVersion recorded 12 samples, mean = 6.0 (flags = 0x41)
0  ... 
6  ------------O                                                             (12 = 100.0%) {0.0%}
7  ... 

Histogram: Net.SSL_CipherSuite recorded 12 samples (flags = 0x41)
4865  ------O                                                                   (6 = 50.0%)
4866  ------O                                                                   (6 = 50.0%)

Histogram: Net.SSL_Connection_Error recorded 12 samples (flags = 0x41)
0  ------------O                                                             (12 = 100.0%)

Histogram: Net.SSL_Connection_Latency_2 recorded 12 samples, mean = 786.2 (flags = 0x41)
0     ... 
38    -O                                                                        (1 = 8.3%) {0.0%}
42    ... 
269   -O                                                                        (1 = 8.3%) {8.3%}
297   ... 
535   ----O                                                                     (4 = 33.3%) {16.7%}
590   ---O                                                                      (3 = 25.0%) {50.0%}
651   ... 
964   -O                                                                        (1 = 8.3%) {75.0%}
1064  ... 
1429  -O                                                                        (1 = 8.3%) {83.3%}
1577  ... 
2337  -O                                                                        (1 = 8.3%) {91.7%}
2579  ... 

Histogram: Net.SSL_KeyExchange.ECDHE recorded 12 samples (flags = 0x41)
29     ----------O                                                               (10 = 83.3%)
25497  --O                                                                       (2 = 16.7%)

Histogram: Net.SharedDictionaryStorageOnDisk.IsMetadataReadyOnFirstUse recorded 1 samples, mean = 1.0 (flags = 0x41)
0  O                                                                         (0 = 0.0%)
1  -O                                                                        (1 = 100.0%) {0.0%}
2  O                                                                         (0 = 0.0%) {100.0%}

Histogram: Net.SharedDictionaryStorageOnDisk.MetadataReadTime.Empty recorded 1 samples, mean = 2.0 (flags = 0x41)
0  ... 
2  -O                                                                        (1 = 100.0%) {0.0%}
3  ... 

Histogram: Net.SharedDictionaryStore.DeleteExpiredDictionaries.Error recorded 2 samples, mean = 0.0 (flags = 0x41)
0  --O                                                                       (2 = 100.0%)
1  ... 

Histogram: Net.SharedDictionaryStore.GetDictionaries.Error recorded 1 samples, mean = 0.0 (flags = 0x41)
0  -O                                                                        (1 = 100.0%)
1  ... 

Histogram: Net.SharedDictionaryStore.ProcessEviction.Error recorded 1 samples, mean = 0.0 (flags = 0x41)
0  -O                                                                        (1 = 100.0%)
1  ... 

Histogram: Net.SpdyFrameStreamAndSessionFlowControlState recorded 1 samples, mean = 0.0 (flags = 0x41)
0  -O                                                                        (1 = 100.0%)
1  ... 

Histogram: Net.SpdyHeadersCompressionPercentage recorded 5 samples, mean = 47.8 (flags = 0x41)
0   ... 
34  -O                                                                        (1 = 20.0%) {0.0%}
35  ... 
40  -O                                                                        (1 = 20.0%) {20.0%}
41  O                                                                         (0 = 0.0%) {40.0%}
42  -O                                                                        (1 = 20.0%) {40.0%}
43  O                                                                         (0 = 0.0%) {60.0%}
44  -O                                                                        (1 = 20.0%) {60.0%}
45  ... 
79  -O                                                                        (1 = 20.0%) {80.0%}
80  ... 

Histogram: Net.SpdyResponseCode recorded 5 samples (flags = 0x41)
200  --O                                                                       (2 = 40.0%)
204  -O                                                                        (1 = 20.0%)
302  -O                                                                        (1 = 20.0%)
304  -O                                                                        (1 = 20.0%)

Histogram: Net.SpdySession.AcceptChForOrigin recorded 5 samples, mean = 0.2 (flags = 0x41)
0  ----O                                                                     (4 = 80.0%)
1  -O                                                                        (1 = 20.0%) {80.0%}
2  O                                                                         (0 = 0.0%) {100.0%}

Histogram: Net.SpdySession.AlpsAcceptChEntries recorded 1 samples, mean = 1.0 (flags = 0x41)
0  O                                                                         (0 = 0.0%)
1  -O                                                                        (1 = 100.0%) {0.0%}
2  ... 

Histogram: Net.SpdySession.AlpsDecoderStatus recorded 1 samples, mean = 0.0 (flags = 0x41)
0  -O                                                                        (1 = 100.0%)
1  ... 

Histogram: Net.SpdySession.AlpsDecoderStatus.Bypassed recorded 1 samples, mean = 0.0 (flags = 0x41)
0  -O                                                                        (1 = 100.0%)
1  ... 

Histogram: Net.SpdySession.AlpsSettingParameterCount recorded 1 samples, mean = 0.0 (flags = 0x41)
0  -O                                                                        (1 = 100.0%)
1  ... 

Histogram: Net.SpdySession.ClosedOnError recorded 4 samples (flags = 0x41)
0  ----O                                                                     (4 = 100.0%)

Histogram: Net.SpdySession.CreateStreamWithSocketConnected recorded 5 samples, mean = 1.0 (flags = 0x41)
0  O                                                                         (0 = 0.0%)
1  -----O                                                                    (5 = 100.0%) {0.0%}
2  O                                                                         (0 = 0.0%) {100.0%}

Histogram: Net.SpdySession.GoAwayReceived recorded 4 samples (flags = 0x41)
0  ----O                                                                     (4 = 100.0%)

Histogram: Net.SpdySession.OnSettings.ActiveStreamCount2 recorded 4 samples, mean = 1.0 (flags = 0x41)
0  O                                                                         (0 = 0.0%)
1  ----O                                                                     (4 = 100.0%) {0.0%}
2  ... 

Histogram: Net.SpdySession.OnSettings.CreatedAndActiveStreamCount2 recorded 4 samples, mean = 1.0 (flags = 0x41)
0  O                                                                         (0 = 0.0%)
1  ----O                                                                     (4 = 100.0%) {0.0%}
2  ... 

Histogram: Net.SpdySession.OnSettings.CreatedStreamCount2 recorded 4 samples, mean = 0.0 (flags = 0x41)
0  ----O                                                                     (4 = 100.0%)
1  ... 

Histogram: Net.SpdySession.OnSettings.PendingStreamCount2 recorded 4 samples, mean = 0.0 (flags = 0x41)
0  ----O                                                                     (4 = 100.0%)
1  ... 

Histogram: Net.SpdySession.ServerSupportsWebSocket recorded 4 samples, mean = 0.0 (flags = 0x41)
0  ----O                                                                     (4 = 100.0%)
1  ... 

Histogram: Net.SpdySessionGet recorded 5 samples, mean = 2.6 (flags = 0x41)
0  O                                                                         (0 = 0.0%)
1  -O                                                                        (1 = 20.0%) {0.0%}
2  O                                                                         (0 = 0.0%) {20.0%}
3  ----O                                                                     (4 = 80.0%) {20.0%}
4  O                                                                         (0 = 0.0%) {100.0%}

Histogram: Net.SpdyStreamsAbandonedPerSession recorded 4 samples, mean = 0.0 (flags = 0x41)
0  ----O                                                                     (4 = 100.0%)
1  ... 

Histogram: Net.SpdyStreamsPerSession recorded 4 samples, mean = 1.2 (flags = 0x41)
0  O                                                                         (0 = 0.0%)
1  ---O                                                                      (3 = 75.0%) {0.0%}
2  -O                                                                        (1 = 25.0%) {75.0%}
3  ... 

Histogram: Net.TCP_Connection_Latency recorded 13 samples, mean = 26.1 (flags = 0x41)
0   ... 
12  -O                                                                        (1 = 7.7%) {0.0%}
14  -O                                                                        (1 = 7.7%) {7.7%}
16  O                                                                         (0 = 0.0%) {15.4%}
18  -O                                                                        (1 = 7.7%) {15.4%}
20  -O                                                                        (1 = 7.7%) {23.1%}
23  -O                                                                        (1 = 7.7%) {30.8%}
26  -----O                                                                    (5 = 38.5%) {38.5%}
29  -O                                                                        (1 = 7.7%) {76.9%}
33  -O                                                                        (1 = 7.7%) {84.6%}
37  ... 
48  -O                                                                        (1 = 7.7%) {92.3%}
54  ... 

Histogram: Net.TcpConnectAttempt.Latency.Error recorded 4 samples, mean = 2229.2 (flags = 0x41)
0     ... 
1996  ----O                                                                     (4 = 100.0%) {0.0%}
2449  ... 

Histogram: Net.TcpConnectAttempt.Latency.Success recorded 13 samples, mean = 26.1 (flags = 0x41)
0   ... 
12  --O                                                                       (2 = 15.4%) {0.0%}
15  O                                                                         (0 = 0.0%) {15.4%}
18  --O                                                                       (2 = 15.4%) {15.4%}
22  ----O                                                                     (4 = 30.8%) {30.8%}
27  ---O                                                                      (3 = 23.1%) {61.5%}
33  -O                                                                        (1 = 7.7%) {84.6%}
41  -O                                                                        (1 = 7.7%) {92.3%}
50  ... 

Histogram: Net.UDPSocketWinClose recorded 591 samples, mean = 0.0 (flags = 0x41)
0  ------------------------------------------------------------------------O (591 = 100.0%)
1  ... 

Histogram: Net.URLLoaderThrottle.OnReceiveResponseTime recorded 47 samples, mean = 1.5 (flags = 0x41)
0   -------------------------------------------O                              (43 = 91.5%)
1   O                                                                         (0 = 0.0%) {91.5%}
2   -O                                                                        (1 = 2.1%) {91.5%}
3   O                                                                         (0 = 0.0%) {93.6%}
4   -O                                                                        (1 = 2.1%) {93.6%}
5   O                                                                         (0 = 0.0%) {95.7%}
6   -O                                                                        (1 = 2.1%) {95.7%}
7   ... 
57  -O                                                                        (1 = 2.1%) {97.9%}
68  ... 

Histogram: Net.URLLoaderThrottleExecutionTime.BeforeWillProcessResponse recorded 237 samples, mean = 0.0 (flags = 0x41)
0  ------------------------------------------------------------------------O (237 = 100.0%)
1  ... 

Histogram: Net.URLLoaderThrottleExecutionTime.WillProcessResponse recorded 237 samples, mean = 0.0 (flags = 0x41)
0  ------------------------------------------------------------------------O (237 = 100.0%)
1  ... 

Histogram: Net.URLLoaderThrottleExecutionTime.WillRedirectRequest recorded 21 samples, mean = 0.0 (flags = 0x41)
0  ---------------------O                                                    (21 = 100.0%)
1  ... 

Histogram: Net.URLLoaderThrottleExecutionTime.WillStartRequest recorded 237 samples, mean = 0.0 (flags = 0x41)
0  ------------------------------------------------------------------------O (236 = 99.6%)
1  O                                                                         (1 = 0.4%) {99.6%}
2  ... 

Histogram: Net.URLRequest.ReferrerHasInformativePath.CrossOrigin recorded 155 samples, mean = 0.0 (flags = 0x41)
0  ------------------------------------------------------------------------O (155 = 100.0%)
1  ... 

Histogram: Net.URLRequest.ReferrerHasInformativePath.SameOrigin recorded 8 samples, mean = 1.0 (flags = 0x41)
0  O                                                                         (0 = 0.0%)
1  --------O                                                                 (8 = 100.0%) {0.0%}
2  O                                                                         (0 = 0.0%) {100.0%}

Histogram: Net.URLRequest.ReferrerPolicyForRequest.CrossOrigin recorded 155 samples, mean = 2.5 (flags = 0x41)
0  O                                                                         (0 = 0.0%)
1  ---------------------------O                                              (42 = 27.1%) {0.0%}
2  O                                                                         (0 = 0.0%) {27.1%}
3  ------------------------------------------------------------------------O (113 = 72.9%) {27.1%}
4  ... 

Histogram: Net.URLRequest.ReferrerPolicyForRequest.SameOrigin recorded 8 samples, mean = 1.0 (flags = 0x41)
0  O                                                                         (0 = 0.0%)
1  --------O                                                                 (8 = 100.0%) {0.0%}
2  ... 

Histogram: Network.Mdns.Googlecast recorded 3 samples, mean = 0.0 (flags = 0x41)
0  ---O                                                                      (3 = 100.0%)
1  ... 

Histogram: NetworkService.DeletedOldCacheData recorded 1 samples, mean = 0.0 (flags = 0x41)
0  -O                                                                        (1 = 100.0%)
1  ... 

Histogram: NetworkService.GrantSandboxResult recorded 3 samples, mean = 9.0 (flags = 0x41)
0   ... 
7   -O                                                                        (1 = 33.3%) {0.0%}
8   ... 
10  --O                                                                       (2 = 66.7%) {33.3%}
11  ... 

Histogram: NetworkService.NetworkLoaderCompletionTime2.DiskCache recorded 37 samples, mean = 182.1 (flags = 0x41)
0    O                                                                         (0 = 0.0%)
1    -O                                                                        (1 = 2.7%) {0.0%}
2    ... 
8    --O                                                                       (2 = 5.4%) {2.7%}
10   ... 
68   -O                                                                        (1 = 2.7%) {8.1%}
81   ------O                                                                   (6 = 16.2%) {10.8%}
96   ... 
160  -------O                                                                  (7 = 18.9%) {27.0%}
190  ------O                                                                   (6 = 16.2%) {45.9%}
226  -------------O                                                            (13 = 35.1%) {62.2%}
268  ... 
633  -O                                                                        (1 = 2.7%) {97.3%}
752  ... 

Histogram: NetworkService.NetworkLoaderCompletionTime2.Network recorded 122 samples, mean = 524.6 (flags = 0x41)
0     ... 
29    -O                                                                        (1 = 0.8%) {0.0%}
34    -O                                                                        (1 = 0.8%) {0.8%}
40    O                                                                         (0 = 0.0%) {1.6%}
48    --O                                                                       (2 = 1.6%) {1.6%}
57    O                                                                         (0 = 0.0%) {3.3%}
68    -O                                                                        (1 = 0.8%) {3.3%}
81    -O                                                                        (1 = 0.8%) {4.1%}
96    -O                                                                        (1 = 0.8%) {4.9%}
114   -O                                                                        (1 = 0.8%) {5.7%}
135   ... 
226   -O                                                                        (1 = 0.8%) {6.6%}
268   ----------O                                                               (10 = 8.2%) {7.4%}
318   -----------O                                                              (11 = 9.0%) {15.6%}
378   ---------------------------O                                              (27 = 22.1%) {24.6%}
449   ------------------------------O                                           (30 = 24.6%) {46.7%}
533   -------------------------O                                                (25 = 20.5%) {71.3%}
633   --O                                                                       (2 = 1.6%) {91.8%}
752   O                                                                         (0 = 0.0%) {93.4%}
894   -O                                                                        (1 = 0.8%) {93.4%}
1062  ----O                                                                     (4 = 3.3%) {94.3%}
1262  -O                                                                        (1 = 0.8%) {97.5%}
1500  ... 
2117  -O                                                                        (1 = 0.8%) {98.4%}
2516  ... 
5017  -O                                                                        (1 = 0.8%) {99.2%}
5961  ... 

Histogram: NetworkService.TimeToGrantCacheAccess recorded 1 samples, mean = 21.0 (flags = 0x41)
0   ... 
20  -O                                                                        (1 = 100.0%) {0.0%}
24  ... 

Histogram: NetworkService.TimeToGrantDataAccess recorded 2 samples, mean = 2.0 (flags = 0x41)
0  ... 
2  --O                                                                       (2 = 100.0%) {0.0%}
3  ... 

Histogram: NetworkService.TimeToGrantSharedDictionaryAccess recorded 1 samples, mean = 5.0 (flags = 0x41)
0  ... 
5  -O                                                                        (1 = 100.0%) {0.0%}
6  ... 

Histogram: NetworkedProfile.Check recorded 1 samples, mean = 4.0 (flags = 0x41)
0  ... 
4  -O                                                                        (1 = 100.0%) {0.0%}
5  ... 

Histogram: NewTabPage.MostVisited.DeciScore.0.Local recorded 1 samples, mean = 281.0 (flags = 0x41)
0    ... 
258  -O                                                                        (1 = 100.0%) {0.0%}
340  ... 

Histogram: NewTabPage.MostVisited.DeciScore.1.Local recorded 1 samples, mean = 281.0 (flags = 0x41)
0    ... 
258  -O                                                                        (1 = 100.0%) {0.0%}
340  ... 

Histogram: Notifications.UsingSystemNotificationCenter recorded 1 samples, mean = 0.0 (flags = 0x41)
0  -O                                                                        (1 = 100.0%)
1  ... 

Histogram: Notifications.Windows.GetDisplayedStatus recorded 1 samples, mean = 0.0 (flags = 0x41)
0  -O                                                                        (1 = 100.0%)
1  ... 

Histogram: Notifications.Windows.GetSettingStatusStartup recorded 1 samples, mean = 1.0 (flags = 0x41)
0  O                                                                         (0 = 0.0%)
1  -O                                                                        (1 = 100.0%) {0.0%}
2  O                                                                         (0 = 0.0%) {100.0%}

Histogram: Notifications.Windows.HistoryStatus recorded 1 samples, mean = 0.0 (flags = 0x41)
0  -O                                                                        (1 = 100.0%)
1  ... 

Histogram: Notifications.Windows.SetReadyCallbackStatus2 recorded 1 samples, mean = 3.0 (flags = 0x41)
0  ... 
3  -O                                                                        (1 = 100.0%) {0.0%}
4  ... 

Histogram: Notifications.Windows.StartMenuShortcutStatus recorded 1 samples, mean = 2.0 (flags = 0x41)
0  ... 
2  -O                                                                        (1 = 100.0%) {0.0%}
3  ... 

Histogram: OSCrypt.AppBoundEncryption.SupportLevel recorded 1 samples, mean = 4.0 (flags = 0x41)
0  ... 
4  -O                                                                        (1 = 100.0%) {0.0%}
5  ... 

Histogram: OSCrypt.AppBoundProvider.KeyRetrieval.Status recorded 1 samples, mean = 1.0 (flags = 0x41)
0  O                                                                         (0 = 0.0%)
1  -O                                                                        (1 = 100.0%) {0.0%}
2  ... 

Histogram: OSCrypt.AsyncInitialization.Result recorded 1 samples, mean = 1.0 (flags = 0x41)
0  O                                                                         (0 = 0.0%)
1  -O                                                                        (1 = 100.0%) {0.0%}
2  O                                                                         (0 = 0.0%) {100.0%}

Histogram: OSCrypt.AsyncInitialization.Time recorded 1 samples, mean = 3.0 (flags = 0x41)
0  ... 
3  -O                                                                        (1 = 100.0%) {0.0%}
4  ... 

Histogram: OSCrypt.DPAPIProvider.Status recorded 1 samples, mean = 0.0 (flags = 0x41)
0  -O                                                                        (1 = 100.0%)
1  ... 

Histogram: OSCrypt.Win.Decrypt.Result recorded 1 samples, mean = 1.0 (flags = 0x41)
0  O                                                                         (0 = 0.0%)
1  -O                                                                        (1 = 100.0%) {0.0%}
2  O                                                                         (0 = 0.0%) {100.0%}

Histogram: OSCrypt.Win.Decrypt.Time recorded 1 samples, mean = 0.0 (flags = 0x41)
0  -O                                                                        (1 = 100.0%)
1  ... 

Histogram: Omnibox.TemplateUrl.RlzPresent recorded 312 samples, mean = 0.0 (flags = 0x41)
0  ------------------------------------------------------------------------O (312 = 100.0%)
1  ... 

Histogram: Omnibox.TemplateUrl.SearchClientPresent recorded 312 samples, mean = 0.0 (flags = 0x41)
0  ------------------------------------------------------------------------O (312 = 100.0%)
1  ... 

Histogram: OptimizationGuide.ApplyDecision.AboutThisSite recorded 1 samples, mean = 8.0 (flags = 0x41)
0  ... 
8  -O                                                                        (1 = 100.0%) {0.0%}
9  ... 

Histogram: OptimizationGuide.ApplyDecision.HistoryClusters recorded 4 samples, mean = 8.0 (flags = 0x41)
0  ... 
8  ----O                                                                     (4 = 100.0%) {0.0%}
9  ... 

Histogram: OptimizationGuide.ApplyDecision.PageEntities recorded 4 samples, mean = 8.0 (flags = 0x41)
0  ... 
8  ----O                                                                     (4 = 100.0%) {0.0%}
9  ... 

Histogram: OptimizationGuide.ApplyDecision.PriceInsights recorded 2 samples, mean = 10.0 (flags = 0x41)
0   ... 
8   -O                                                                        (1 = 50.0%) {0.0%}
9   ... 
12  -O                                                                        (1 = 50.0%) {50.0%}
13  O                                                                         (0 = 0.0%) {100.0%}

Histogram: OptimizationGuide.ApplyDecision.PriceTracking recorded 2 samples, mean = 10.0 (flags = 0x41)
0   ... 
8   -O                                                                        (1 = 50.0%) {0.0%}
9   ... 
12  -O                                                                        (1 = 50.0%) {50.0%}
13  O                                                                         (0 = 0.0%) {100.0%}

Histogram: OptimizationGuide.ApplyDecision.SalientImage recorded 4 samples, mean = 8.0 (flags = 0x41)
0  ... 
8  ----O                                                                     (4 = 100.0%) {0.0%}
9  ... 

Histogram: OptimizationGuide.ApplyDecision.V8CompileHints recorded 1 samples, mean = 8.0 (flags = 0x41)
0  ... 
8  -O                                                                        (1 = 100.0%) {0.0%}
9  ... 

Histogram: OptimizationGuide.HintCacheLevelDBStore.LoadMetadataResult recorded 1 samples, mean = 6.0 (flags = 0x41)
0  ... 
6  -O                                                                        (1 = 100.0%) {0.0%}
7  O                                                                         (0 = 0.0%) {100.0%}

Histogram: OptimizationGuide.HintCacheLevelDBStore.Status recorded 3 samples, mean = 1.0 (flags = 0x41)
0  -O                                                                        (1 = 33.3%)
1  -O                                                                        (1 = 33.3%) {33.3%}
2  -O                                                                        (1 = 33.3%) {66.7%}
3  ... 

Histogram: OptimizationGuide.HintsManager.HintCacheInitialized recorded 1 samples, mean = 1.0 (flags = 0x40)
0  O                                                                         (0 = 0.0%)
1  -O                                                                        (1 = 100.0%) {0.0%}
2  O                                                                         (0 = 0.0%) {100.0%}

Histogram: OptimizationGuide.LoadedHint.Result recorded 4 samples, mean = 0.0 (flags = 0x40)
0  ----O                                                                     (4 = 100.0%)
1  ... 

Histogram: OptimizationGuide.ModelExecution.FeatureCurrentlyEnabledResult.Compose recorded 1 samples, mean = 1.0 (flags = 0x41)
0  O                                                                         (0 = 0.0%)
1  -O                                                                        (1 = 100.0%) {0.0%}
2  ... 

Histogram: OptimizationGuide.ModelExecution.FeatureCurrentlyEnabledResult.HistorySearch recorded 2 samples, mean = 3.0 (flags = 0x41)
0  ... 
3  --O                                                                       (2 = 100.0%) {0.0%}
4  ... 

Histogram: OptimizationGuide.ModelExecution.FeatureCurrentlyEnabledResult.TabOrganization recorded 1 samples, mean = 3.0 (flags = 0x41)
0  ... 
3  -O                                                                        (1 = 100.0%) {0.0%}
4  ... 

Histogram: OptimizationGuide.ModelExecution.FeatureCurrentlyEnabledResult.WallpaperSearch recorded 1 samples, mean = 1.0 (flags = 0x41)
0  O                                                                         (0 = 0.0%)
1  -O                                                                        (1 = 100.0%) {0.0%}
2  ... 

Histogram: OptimizationGuide.ModelExecution.FeatureEnabledAtStartup.Compose recorded 1 samples, mean = 0.0 (flags = 0x41)
0  -O                                                                        (1 = 100.0%)
1  ... 

Histogram: OptimizationGuide.ModelExecution.FeatureEnabledAtStartup.HistorySearch recorded 1 samples, mean = 0.0 (flags = 0x41)
0  -O                                                                        (1 = 100.0%)
1  ... 

Histogram: OptimizationGuide.ModelExecution.FeatureEnabledAtStartup.TabOrganization recorded 1 samples, mean = 0.0 (flags = 0x41)
0  -O                                                                        (1 = 100.0%)
1  ... 

Histogram: OptimizationGuide.ModelExecution.FeatureEnabledAtStartup.WallpaperSearch recorded 1 samples, mean = 0.0 (flags = 0x41)
0  -O                                                                        (1 = 100.0%)
1  ... 

Histogram: OptimizationGuide.ModelExecution.OnDeviceModelInstallCriteria.AtRegistration.All recorded 1 samples, mean = 0.0 (flags = 0x41)
0  -O                                                                        (1 = 100.0%)
1  ... 

Histogram: OptimizationGuide.ModelExecution.OnDeviceModelInstallCriteria.AtRegistration.DeviceCapability recorded 1 samples, mean = 0.0 (flags = 0x41)
0  -O                                                                        (1 = 100.0%)
1  ... 

Histogram: OptimizationGuide.ModelExecution.OnDeviceModelInstallCriteria.AtRegistration.DiskSpace recorded 1 samples, mean = 1.0 (flags = 0x41)
0  O                                                                         (0 = 0.0%)
1  -O                                                                        (1 = 100.0%) {0.0%}
2  O                                                                         (0 = 0.0%) {100.0%}

Histogram: OptimizationGuide.ModelExecution.OnDeviceModelInstallCriteria.AtRegistration.EnabledByEnterprisePolicy recorded 1 samples, mean = 1.0 (flags = 0x41)
0  O                                                                         (0 = 0.0%)
1  -O                                                                        (1 = 100.0%) {0.0%}
2  O                                                                         (0 = 0.0%) {100.0%}

Histogram: OptimizationGuide.ModelExecution.OnDeviceModelInstallCriteria.AtRegistration.EnabledByFeature recorded 1 samples, mean = 0.0 (flags = 0x41)
0  -O                                                                        (1 = 100.0%)
1  ... 

Histogram: OptimizationGuide.ModelExecution.OnDeviceModelInstallCriteria.AtRegistration.FeatureUse recorded 1 samples, mean = 0.0 (flags = 0x41)
0  -O                                                                        (1 = 100.0%)
1  ... 

Histogram: OptimizationGuide.ModelExecutor.ExecutionStatus.PageVisibility recorded 4 samples, mean = 3.0 (flags = 0x41)
0  ... 
3  ----O                                                                     (4 = 100.0%) {0.0%}
4  ... 

Histogram: OptimizationGuide.ModelExecutor.ModelAvailableToLoad.PageVisibility recorded 4 samples, mean = 0.0 (flags = 0x41)
0  ----O                                                                     (4 = 100.0%)
1  ... 

Histogram: OptimizationGuide.ModelExecutor.TaskExecutionLatency.PageVisibility recorded 4 samples, mean = 317.0 (flags = 0x41)
0    ... 
280  ----O                                                                     (4 = 100.0%) {0.0%}
356  ... 

Histogram: OptimizationGuide.ModelExecutor.TaskSchedulingLatency.PageVisibility recorded 4 samples, mean = 0.0 (flags = 0x41)
0  ----O                                                                     (4 = 100.0%)
1  ... 

Histogram: OptimizationGuide.ModelHandler.HandlerCreated.GeolocationPermissions recorded 1 samples, mean = 1.0 (flags = 0x41)
0  O                                                                         (0 = 0.0%)
1  -O                                                                        (1 = 100.0%) {0.0%}
2  O                                                                         (0 = 0.0%) {100.0%}

Histogram: OptimizationGuide.ModelHandler.HandlerCreated.NewTabPageHistoryClustersModuleRanking recorded 1 samples, mean = 1.0 (flags = 0x41)
0  O                                                                         (0 = 0.0%)
1  -O                                                                        (1 = 100.0%) {0.0%}
2  O                                                                         (0 = 0.0%) {100.0%}

Histogram: OptimizationGuide.ModelHandler.HandlerCreated.NotificationPermissions recorded 1 samples, mean = 1.0 (flags = 0x41)
0  O                                                                         (0 = 0.0%)
1  -O                                                                        (1 = 100.0%) {0.0%}
2  O                                                                         (0 = 0.0%) {100.0%}

Histogram: OptimizationGuide.ModelHandler.HandlerCreated.OmniboxUrlScoring recorded 1 samples, mean = 1.0 (flags = 0x41)
0  O                                                                         (0 = 0.0%)
1  -O                                                                        (1 = 100.0%) {0.0%}
2  O                                                                         (0 = 0.0%) {100.0%}

Histogram: OptimizationGuide.ModelHandler.HandlerCreated.PageTopicsV2 recorded 1 samples, mean = 1.0 (flags = 0x41)
0  O                                                                         (0 = 0.0%)
1  -O                                                                        (1 = 100.0%) {0.0%}
2  O                                                                         (0 = 0.0%) {100.0%}

Histogram: OptimizationGuide.ModelHandler.HandlerCreated.PageVisibility recorded 1 samples, mean = 1.0 (flags = 0x41)
0  O                                                                         (0 = 0.0%)
1  -O                                                                        (1 = 100.0%) {0.0%}
2  O                                                                         (0 = 0.0%) {100.0%}

Histogram: OptimizationGuide.ModelHandler.HandlerCreated.SegmentationChromeLowUserEngagement recorded 1 samples, mean = 1.0 (flags = 0x41)
0  O                                                                         (0 = 0.0%)
1  -O                                                                        (1 = 100.0%) {0.0%}
2  O                                                                         (0 = 0.0%) {100.0%}

Histogram: OptimizationGuide.ModelHandler.HandlerCreated.SegmentationComposePromotion recorded 1 samples, mean = 1.0 (flags = 0x41)
0  O                                                                         (0 = 0.0%)
1  -O                                                                        (1 = 100.0%) {0.0%}
2  O                                                                         (0 = 0.0%) {100.0%}

Histogram: OptimizationGuide.ModelHandler.HandlerCreated.SegmentationDeviceSwitcher recorded 1 samples, mean = 1.0 (flags = 0x41)
0  O                                                                         (0 = 0.0%)
1  -O                                                                        (1 = 100.0%) {0.0%}
2  O                                                                         (0 = 0.0%) {100.0%}

Histogram: OptimizationGuide.ModelHandler.HandlerCreated.SegmentationSearchUser recorded 1 samples, mean = 1.0 (flags = 0x41)
0  O                                                                         (0 = 0.0%)
1  -O                                                                        (1 = 100.0%) {0.0%}
2  O                                                                         (0 = 0.0%) {100.0%}

Histogram: OptimizationGuide.ModelHandler.HandlerCreated.SegmentationShoppingUser recorded 1 samples, mean = 1.0 (flags = 0x41)
0  O                                                                         (0 = 0.0%)
1  -O                                                                        (1 = 100.0%) {0.0%}
2  O                                                                         (0 = 0.0%) {100.0%}

Histogram: OptimizationGuide.ModelHandler.HandlerCreated.URLVisitResumptionRanker recorded 1 samples, mean = 1.0 (flags = 0x41)
0  O                                                                         (0 = 0.0%)
1  -O                                                                        (1 = 100.0%) {0.0%}
2  O                                                                         (0 = 0.0%) {100.0%}

Histogram: OptimizationGuide.ModelHandler.HandlerCreated.WebAppInstallationPromo recorded 1 samples, mean = 1.0 (flags = 0x41)
0  O                                                                         (0 = 0.0%)
1  -O                                                                        (1 = 100.0%) {0.0%}
2  O                                                                         (0 = 0.0%) {100.0%}

Histogram: OptimizationGuide.PageContentAnnotations.AnnotateVisitResultCached recorded 4 samples, mean = 0.0 (flags = 0x41)
0  ----O                                                                     (4 = 100.0%)
1  ... 

Histogram: OptimizationGuide.PageContentAnnotations.BatchRequestedSize.ContentVisibility recorded 1 samples, mean = 4.0 (flags = 0x41)
0  ... 
4  -O                                                                        (1 = 100.0%) {0.0%}
5  ... 

Histogram: OptimizationGuide.PageContentAnnotations.BatchSuccess.ContentVisibility recorded 1 samples, mean = 0.0 (flags = 0x41)
0  -O                                                                        (1 = 100.0%)
1  ... 

Histogram: OptimizationGuide.PageContentAnnotations.JobExecutionTime.ContentVisibility recorded 1 samples, mean = 329.0 (flags = 0x41)
0    ... 
280  -O                                                                        (1 = 100.0%) {0.0%}
356  ... 

Histogram: OptimizationGuide.PageContentAnnotations.JobScheduleTime.ContentVisibility recorded 1 samples, mean = 1.0 (flags = 0x41)
0  O                                                                         (0 = 0.0%)
1  -O                                                                        (1 = 100.0%) {0.0%}
2  ... 

Histogram: OptimizationGuide.PageContentAnnotationsService.ContentAnnotated recorded 4 samples, mean = 0.0 (flags = 0x41)
0  ----O                                                                     (4 = 100.0%)
1  ... 

Histogram: OptimizationGuide.PredictionManager.DownloadServiceAvailabilityBlockedFetch recorded 111 samples, mean = 0.0 (flags = 0x41)
0  ------------------------------------------------------------------------O (111 = 100.0%)
1  ... 

Histogram: OptimizationGuide.PredictionManager.FirstModelFetchSinceServiceInit recorded 1 samples, mean = 11067.0 (flags = 0x41)
0      ... 
10165  -O                                                                        (1 = 100.0%) {0.0%}
12916  ... 

Histogram: OptimizationGuide.PredictionManager.ModelAvailableAtRegistration.ClientSidePhishing recorded 1 samples, mean = 0.0 (flags = 0x41)
0  -O                                                                        (1 = 100.0%)
1  ... 

Histogram: OptimizationGuide.PredictionManager.ModelAvailableAtRegistration.GeolocationPermissions recorded 1 samples, mean = 0.0 (flags = 0x41)
0  -O                                                                        (1 = 100.0%)
1  ... 

Histogram: OptimizationGuide.PredictionManager.ModelAvailableAtRegistration.LanguageDetection recorded 2 samples, mean = 0.0 (flags = 0x41)
0  --O                                                                       (2 = 100.0%)
1  ... 

Histogram: OptimizationGuide.PredictionManager.ModelAvailableAtRegistration.NewTabPageHistoryClustersModuleRanking recorded 1 samples, mean = 0.0 (flags = 0x41)
0  -O                                                                        (1 = 100.0%)
1  ... 

Histogram: OptimizationGuide.PredictionManager.ModelAvailableAtRegistration.NotificationPermissions recorded 1 samples, mean = 0.0 (flags = 0x41)
0  -O                                                                        (1 = 100.0%)
1  ... 

Histogram: OptimizationGuide.PredictionManager.ModelAvailableAtRegistration.OmniboxUrlScoring recorded 1 samples, mean = 0.0 (flags = 0x41)
0  -O                                                                        (1 = 100.0%)
1  ... 

Histogram: OptimizationGuide.PredictionManager.ModelAvailableAtRegistration.PageTopicsV2 recorded 1 samples, mean = 0.0 (flags = 0x41)
0  -O                                                                        (1 = 100.0%)
1  ... 

Histogram: OptimizationGuide.PredictionManager.ModelAvailableAtRegistration.PageVisibility recorded 1 samples, mean = 0.0 (flags = 0x41)
0  -O                                                                        (1 = 100.0%)
1  ... 

Histogram: OptimizationGuide.PredictionManager.ModelAvailableAtRegistration.SegmentationChromeLowUserEngagement recorded 1 samples, mean = 0.0 (flags = 0x41)
0  -O                                                                        (1 = 100.0%)
1  ... 

Histogram: OptimizationGuide.PredictionManager.ModelAvailableAtRegistration.SegmentationComposePromotion recorded 1 samples, mean = 0.0 (flags = 0x41)
0  -O                                                                        (1 = 100.0%)
1  ... 

Histogram: OptimizationGuide.PredictionManager.ModelAvailableAtRegistration.SegmentationDeviceSwitcher recorded 1 samples, mean = 0.0 (flags = 0x41)
0  -O                                                                        (1 = 100.0%)
1  ... 

Histogram: OptimizationGuide.PredictionManager.ModelAvailableAtRegistration.SegmentationSearchUser recorded 1 samples, mean = 0.0 (flags = 0x41)
0  -O                                                                        (1 = 100.0%)
1  ... 

Histogram: OptimizationGuide.PredictionManager.ModelAvailableAtRegistration.SegmentationShoppingUser recorded 1 samples, mean = 0.0 (flags = 0x41)
0  -O                                                                        (1 = 100.0%)
1  ... 

Histogram: OptimizationGuide.PredictionManager.ModelAvailableAtRegistration.TextSafety recorded 1 samples, mean = 0.0 (flags = 0x41)
0  -O                                                                        (1 = 100.0%)
1  ... 

Histogram: OptimizationGuide.PredictionManager.ModelAvailableAtRegistration.URLVisitResumptionRanker recorded 1 samples, mean = 0.0 (flags = 0x41)
0  -O                                                                        (1 = 100.0%)
1  ... 

Histogram: OptimizationGuide.PredictionManager.ModelAvailableAtRegistration.VisualSearchClassification recorded 1 samples, mean = 0.0 (flags = 0x41)
0  -O                                                                        (1 = 100.0%)
1  ... 

Histogram: OptimizationGuide.PredictionManager.ModelAvailableAtRegistration.WebAppInstallationPromo recorded 1 samples, mean = 0.0 (flags = 0x41)
0  -O                                                                        (1 = 100.0%)
1  ... 

Histogram: OptimizationGuide.PredictionManager.ModelDeliveryEvents.ClientSidePhishing recorded 221 samples, mean = 5.5 (flags = 0x41)
0  ... 
3  ------------------------------------------------------------------------O (111 = 50.2%) {0.0%}
4  ... 
8  -----------------------------------------------------------------------O  (110 = 49.8%) {50.2%}
9  ... 

Histogram: OptimizationGuide.PredictionManager.ModelDeliveryEvents.GeolocationPermissions recorded 221 samples, mean = 5.5 (flags = 0x41)
0  ... 
3  ------------------------------------------------------------------------O (111 = 50.2%) {0.0%}
4  ... 
8  -----------------------------------------------------------------------O  (110 = 49.8%) {50.2%}
9  ... 

Histogram: OptimizationGuide.PredictionManager.ModelDeliveryEvents.LanguageDetection recorded 221 samples, mean = 5.5 (flags = 0x41)
0  ... 
3  ------------------------------------------------------------------------O (111 = 50.2%) {0.0%}
4  ... 
8  -----------------------------------------------------------------------O  (110 = 49.8%) {50.2%}
9  ... 

Histogram: OptimizationGuide.PredictionManager.ModelDeliveryEvents.NewTabPageHistoryClustersModuleRanking recorded 221 samples, mean = 5.5 (flags = 0x41)
0  ... 
3  ------------------------------------------------------------------------O (111 = 50.2%) {0.0%}
4  ... 
8  -----------------------------------------------------------------------O  (110 = 49.8%) {50.2%}
9  ... 

Histogram: OptimizationGuide.PredictionManager.ModelDeliveryEvents.NotificationPermissions recorded 221 samples, mean = 5.5 (flags = 0x41)
0  ... 
3  ------------------------------------------------------------------------O (111 = 50.2%) {0.0%}
4  ... 
8  -----------------------------------------------------------------------O  (110 = 49.8%) {50.2%}
9  ... 

Histogram: OptimizationGuide.PredictionManager.ModelDeliveryEvents.OmniboxUrlScoring recorded 221 samples, mean = 5.5 (flags = 0x41)
0  ... 
3  ------------------------------------------------------------------------O (111 = 50.2%) {0.0%}
4  ... 
8  -----------------------------------------------------------------------O  (110 = 49.8%) {50.2%}
9  ... 

Histogram: OptimizationGuide.PredictionManager.ModelDeliveryEvents.PageTopicsV2 recorded 221 samples, mean = 5.5 (flags = 0x41)
0  ... 
3  ------------------------------------------------------------------------O (111 = 50.2%) {0.0%}
4  ... 
8  -----------------------------------------------------------------------O  (110 = 49.8%) {50.2%}
9  ... 

Histogram: OptimizationGuide.PredictionManager.ModelDeliveryEvents.PageVisibility recorded 221 samples, mean = 5.5 (flags = 0x41)
0  ... 
3  ------------------------------------------------------------------------O (111 = 50.2%) {0.0%}
4  ... 
8  -----------------------------------------------------------------------O  (110 = 49.8%) {50.2%}
9  ... 

Histogram: OptimizationGuide.PredictionManager.ModelDeliveryEvents.SegmentationChromeLowUserEngagement recorded 221 samples, mean = 5.5 (flags = 0x41)
0  ... 
3  ------------------------------------------------------------------------O (111 = 50.2%) {0.0%}
4  ... 
8  -----------------------------------------------------------------------O  (110 = 49.8%) {50.2%}
9  ... 

Histogram: OptimizationGuide.PredictionManager.ModelDeliveryEvents.SegmentationComposePromotion recorded 221 samples, mean = 5.5 (flags = 0x41)
0  ... 
3  ------------------------------------------------------------------------O (111 = 50.2%) {0.0%}
4  ... 
8  -----------------------------------------------------------------------O  (110 = 49.8%) {50.2%}
9  ... 

Histogram: OptimizationGuide.PredictionManager.ModelDeliveryEvents.SegmentationDeviceSwitcher recorded 221 samples, mean = 5.5 (flags = 0x41)
0  ... 
3  ------------------------------------------------------------------------O (111 = 50.2%) {0.0%}
4  ... 
8  -----------------------------------------------------------------------O  (110 = 49.8%) {50.2%}
9  ... 

Histogram: OptimizationGuide.PredictionManager.ModelDeliveryEvents.SegmentationSearchUser recorded 221 samples, mean = 5.5 (flags = 0x41)
0  ... 
3  ------------------------------------------------------------------------O (111 = 50.2%) {0.0%}
4  ... 
8  -----------------------------------------------------------------------O  (110 = 49.8%) {50.2%}
9  ... 

Histogram: OptimizationGuide.PredictionManager.ModelDeliveryEvents.SegmentationShoppingUser recorded 221 samples, mean = 5.5 (flags = 0x41)
0  ... 
3  ------------------------------------------------------------------------O (111 = 50.2%) {0.0%}
4  ... 
8  -----------------------------------------------------------------------O  (110 = 49.8%) {50.2%}
9  ... 

Histogram: OptimizationGuide.PredictionManager.ModelDeliveryEvents.TextSafety recorded 221 samples, mean = 5.5 (flags = 0x41)
0  ... 
3  ------------------------------------------------------------------------O (111 = 50.2%) {0.0%}
4  ... 
8  -----------------------------------------------------------------------O  (110 = 49.8%) {50.2%}
9  ... 

Histogram: OptimizationGuide.PredictionManager.ModelDeliveryEvents.URLVisitResumptionRanker recorded 221 samples, mean = 5.5 (flags = 0x41)
0  ... 
3  ------------------------------------------------------------------------O (111 = 50.2%) {0.0%}
4  ... 
8  -----------------------------------------------------------------------O  (110 = 49.8%) {50.2%}
9  ... 

Histogram: OptimizationGuide.PredictionManager.ModelDeliveryEvents.VisualSearchClassification recorded 221 samples, mean = 5.5 (flags = 0x41)
0  ... 
3  ------------------------------------------------------------------------O (111 = 50.2%) {0.0%}
4  ... 
8  -----------------------------------------------------------------------O  (110 = 49.8%) {50.2%}
9  ... 

Histogram: OptimizationGuide.PredictionManager.ModelDeliveryEvents.WebAppInstallationPromo recorded 221 samples, mean = 5.5 (flags = 0x41)
0  ... 
3  ------------------------------------------------------------------------O (111 = 50.2%) {0.0%}
4  ... 
8  -----------------------------------------------------------------------O  (110 = 49.8%) {50.2%}
9  ... 

Histogram: OptimizationGuide.PredictionManager.RegistrationTimeSinceServiceInit.ClientSidePhishing recorded 1 samples, mean = 0.0 (flags = 0x41)
0  -O                                                                        (1 = 100.0%)
1  ... 

Histogram: OptimizationGuide.PredictionManager.RegistrationTimeSinceServiceInit.GeolocationPermissions recorded 1 samples, mean = 0.0 (flags = 0x41)
0  -O                                                                        (1 = 100.0%)
1  ... 

Histogram: OptimizationGuide.PredictionManager.RegistrationTimeSinceServiceInit.LanguageDetection recorded 2 samples, mean = 83.5 (flags = 0x41)
0    -O                                                                        (1 = 50.0%)
1    ... 
136  -O                                                                        (1 = 50.0%) {50.0%}
173  ... 

Histogram: OptimizationGuide.PredictionManager.RegistrationTimeSinceServiceInit.NewTabPageHistoryClustersModuleRanking recorded 1 samples, mean = 0.0 (flags = 0x41)
0  -O                                                                        (1 = 100.0%)
1  ... 

Histogram: OptimizationGuide.PredictionManager.RegistrationTimeSinceServiceInit.NotificationPermissions recorded 1 samples, mean = 0.0 (flags = 0x41)
0  -O                                                                        (1 = 100.0%)
1  ... 

Histogram: OptimizationGuide.PredictionManager.RegistrationTimeSinceServiceInit.OmniboxUrlScoring recorded 1 samples, mean = 0.0 (flags = 0x41)
0  -O                                                                        (1 = 100.0%)
1  ... 

Histogram: OptimizationGuide.PredictionManager.RegistrationTimeSinceServiceInit.PageTopicsV2 recorded 1 samples, mean = 0.0 (flags = 0x41)
0  -O                                                                        (1 = 100.0%)
1  ... 

Histogram: OptimizationGuide.PredictionManager.RegistrationTimeSinceServiceInit.PageVisibility recorded 1 samples, mean = 0.0 (flags = 0x41)
0  -O                                                                        (1 = 100.0%)
1  ... 

Histogram: OptimizationGuide.PredictionManager.RegistrationTimeSinceServiceInit.SegmentationChromeLowUserEngagement recorded 1 samples, mean = 10040.0 (flags = 0x41)
0     ... 
8000  -O                                                                        (1 = 100.0%) {0.0%}
10165 ... 

Histogram: OptimizationGuide.PredictionManager.RegistrationTimeSinceServiceInit.SegmentationComposePromotion recorded 1 samples, mean = 10048.0 (flags = 0x41)
0     ... 
8000  -O                                                                        (1 = 100.0%) {0.0%}
10165 ... 

Histogram: OptimizationGuide.PredictionManager.RegistrationTimeSinceServiceInit.SegmentationDeviceSwitcher recorded 1 samples, mean = 10046.0 (flags = 0x41)
0     ... 
8000  -O                                                                        (1 = 100.0%) {0.0%}
10165 ... 

Histogram: OptimizationGuide.PredictionManager.RegistrationTimeSinceServiceInit.SegmentationSearchUser recorded 1 samples, mean = 10046.0 (flags = 0x41)
0     ... 
8000  -O                                                                        (1 = 100.0%) {0.0%}
10165 ... 

Histogram: OptimizationGuide.PredictionManager.RegistrationTimeSinceServiceInit.SegmentationShoppingUser recorded 1 samples, mean = 10044.0 (flags = 0x41)
0     ... 
8000  -O                                                                        (1 = 100.0%) {0.0%}
10165 ... 

Histogram: OptimizationGuide.PredictionManager.RegistrationTimeSinceServiceInit.TextSafety recorded 1 samples, mean = 0.0 (flags = 0x41)
0  -O                                                                        (1 = 100.0%)
1  ... 

Histogram: OptimizationGuide.PredictionManager.RegistrationTimeSinceServiceInit.URLVisitResumptionRanker recorded 1 samples, mean = 10048.0 (flags = 0x41)
0     ... 
8000  -O                                                                        (1 = 100.0%) {0.0%}
10165 ... 

Histogram: OptimizationGuide.PredictionManager.RegistrationTimeSinceServiceInit.VisualSearchClassification recorded 1 samples, mean = 0.0 (flags = 0x41)
0  -O                                                                        (1 = 100.0%)
1  ... 

Histogram: OptimizationGuide.PredictionManager.RegistrationTimeSinceServiceInit.WebAppInstallationPromo recorded 1 samples, mean = 10048.0 (flags = 0x41)
0     ... 
8000  -O                                                                        (1 = 100.0%) {0.0%}
10165 ... 

Histogram: OptimizationGuide.PredictionManager.StoreInitialized recorded 1 samples, mean = 1.0 (flags = 0x40)
0  O                                                                         (0 = 0.0%)
1  -O                                                                        (1 = 100.0%) {0.0%}
2  O                                                                         (0 = 0.0%) {100.0%}

Histogram: OptimizationGuide.PredictionManager.SupportedModelEngineVersion recorded 111 samples, mean = 18.0 (flags = 0x40)
0   ... 
18  ------------------------------------------------------------------------O (111 = 100.0%) {0.0%}
19  ... 

Histogram: OptimizationGuide.PredictionModelFetcher.GetModelsResponse.NetErrorCode recorded 110 samples (flags = 0x41)
379  ------------------------------------------------------------------------O (110 = 100.0%)

Histogram: OptimizationGuide.PredictionModelFetcher.GetModelsResponse.NetErrorCode.ClientSidePhishing recorded 110 samples (flags = 0x41)
379  ------------------------------------------------------------------------O (110 = 100.0%)

Histogram: OptimizationGuide.PredictionModelFetcher.GetModelsResponse.NetErrorCode.GeolocationPermissions recorded 110 samples (flags = 0x41)
379  ------------------------------------------------------------------------O (110 = 100.0%)

Histogram: OptimizationGuide.PredictionModelFetcher.GetModelsResponse.NetErrorCode.LanguageDetection recorded 110 samples (flags = 0x41)
379  ------------------------------------------------------------------------O (110 = 100.0%)

Histogram: OptimizationGuide.PredictionModelFetcher.GetModelsResponse.NetErrorCode.NewTabPageHistoryClustersModuleRanking recorded 110 samples (flags = 0x41)
379  ------------------------------------------------------------------------O (110 = 100.0%)

Histogram: OptimizationGuide.PredictionModelFetcher.GetModelsResponse.NetErrorCode.NotificationPermissions recorded 110 samples (flags = 0x41)
379  ------------------------------------------------------------------------O (110 = 100.0%)

Histogram: OptimizationGuide.PredictionModelFetcher.GetModelsResponse.NetErrorCode.OmniboxUrlScoring recorded 110 samples (flags = 0x41)
379  ------------------------------------------------------------------------O (110 = 100.0%)

Histogram: OptimizationGuide.PredictionModelFetcher.GetModelsResponse.NetErrorCode.PageTopicsV2 recorded 110 samples (flags = 0x41)
379  ------------------------------------------------------------------------O (110 = 100.0%)

Histogram: OptimizationGuide.PredictionModelFetcher.GetModelsResponse.NetErrorCode.PageVisibility recorded 110 samples (flags = 0x41)
379  ------------------------------------------------------------------------O (110 = 100.0%)

Histogram: OptimizationGuide.PredictionModelFetcher.GetModelsResponse.NetErrorCode.SegmentationChromeLowUserEngagement recorded 110 samples (flags = 0x41)
379  ------------------------------------------------------------------------O (110 = 100.0%)

Histogram: OptimizationGuide.PredictionModelFetcher.GetModelsResponse.NetErrorCode.SegmentationComposePromotion recorded 110 samples (flags = 0x41)
379  ------------------------------------------------------------------------O (110 = 100.0%)

Histogram: OptimizationGuide.PredictionModelFetcher.GetModelsResponse.NetErrorCode.SegmentationDeviceSwitcher recorded 110 samples (flags = 0x41)
379  ------------------------------------------------------------------------O (110 = 100.0%)

Histogram: OptimizationGuide.PredictionModelFetcher.GetModelsResponse.NetErrorCode.SegmentationSearchUser recorded 110 samples (flags = 0x41)
379  ------------------------------------------------------------------------O (110 = 100.0%)

Histogram: OptimizationGuide.PredictionModelFetcher.GetModelsResponse.NetErrorCode.SegmentationShoppingUser recorded 110 samples (flags = 0x41)
379  ------------------------------------------------------------------------O (110 = 100.0%)

Histogram: OptimizationGuide.PredictionModelFetcher.GetModelsResponse.NetErrorCode.TextSafety recorded 110 samples (flags = 0x41)
379  ------------------------------------------------------------------------O (110 = 100.0%)

Histogram: OptimizationGuide.PredictionModelFetcher.GetModelsResponse.NetErrorCode.URLVisitResumptionRanker recorded 110 samples (flags = 0x41)
379  ------------------------------------------------------------------------O (110 = 100.0%)

Histogram: OptimizationGuide.PredictionModelFetcher.GetModelsResponse.NetErrorCode.VisualSearchClassification recorded 110 samples (flags = 0x41)
379  ------------------------------------------------------------------------O (110 = 100.0%)

Histogram: OptimizationGuide.PredictionModelFetcher.GetModelsResponse.NetErrorCode.WebAppInstallationPromo recorded 110 samples (flags = 0x41)
379  ------------------------------------------------------------------------O (110 = 100.0%)

Histogram: OptimizationGuide.PredictionModelFetcher.GetModelsResponse.Status recorded 110 samples, mean = 403.0 (flags = 0x41)
0    ... 
403  ------------------------------------------------------------------------O (110 = 100.0%) {0.0%}
404  ... 

Histogram: OptimizationGuide.PredictionModelFetcher.GetModelsResponse.Status.ClientSidePhishing recorded 110 samples, mean = 403.0 (flags = 0x41)
0    ... 
403  ------------------------------------------------------------------------O (110 = 100.0%) {0.0%}
404  ... 

Histogram: OptimizationGuide.PredictionModelFetcher.GetModelsResponse.Status.GeolocationPermissions recorded 110 samples, mean = 403.0 (flags = 0x41)
0    ... 
403  ------------------------------------------------------------------------O (110 = 100.0%) {0.0%}
404  ... 

Histogram: OptimizationGuide.PredictionModelFetcher.GetModelsResponse.Status.LanguageDetection recorded 110 samples, mean = 403.0 (flags = 0x41)
0    ... 
403  ------------------------------------------------------------------------O (110 = 100.0%) {0.0%}
404  ... 

Histogram: OptimizationGuide.PredictionModelFetcher.GetModelsResponse.Status.NewTabPageHistoryClustersModuleRanking recorded 110 samples, mean = 403.0 (flags = 0x41)
0    ... 
403  ------------------------------------------------------------------------O (110 = 100.0%) {0.0%}
404  ... 

Histogram: OptimizationGuide.PredictionModelFetcher.GetModelsResponse.Status.NotificationPermissions recorded 110 samples, mean = 403.0 (flags = 0x41)
0    ... 
403  ------------------------------------------------------------------------O (110 = 100.0%) {0.0%}
404  ... 

Histogram: OptimizationGuide.PredictionModelFetcher.GetModelsResponse.Status.OmniboxUrlScoring recorded 110 samples, mean = 403.0 (flags = 0x41)
0    ... 
403  ------------------------------------------------------------------------O (110 = 100.0%) {0.0%}
404  ... 

Histogram: OptimizationGuide.PredictionModelFetcher.GetModelsResponse.Status.PageTopicsV2 recorded 110 samples, mean = 403.0 (flags = 0x41)
0    ... 
403  ------------------------------------------------------------------------O (110 = 100.0%) {0.0%}
404  ... 

Histogram: OptimizationGuide.PredictionModelFetcher.GetModelsResponse.Status.PageVisibility recorded 110 samples, mean = 403.0 (flags = 0x41)
0    ... 
403  ------------------------------------------------------------------------O (110 = 100.0%) {0.0%}
404  ... 

Histogram: OptimizationGuide.PredictionModelFetcher.GetModelsResponse.Status.SegmentationChromeLowUserEngagement recorded 110 samples, mean = 403.0 (flags = 0x41)
0    ... 
403  ------------------------------------------------------------------------O (110 = 100.0%) {0.0%}
404  ... 

Histogram: OptimizationGuide.PredictionModelFetcher.GetModelsResponse.Status.SegmentationComposePromotion recorded 110 samples, mean = 403.0 (flags = 0x41)
0    ... 
403  ------------------------------------------------------------------------O (110 = 100.0%) {0.0%}
404  ... 

Histogram: OptimizationGuide.PredictionModelFetcher.GetModelsResponse.Status.SegmentationDeviceSwitcher recorded 110 samples, mean = 403.0 (flags = 0x41)
0    ... 
403  ------------------------------------------------------------------------O (110 = 100.0%) {0.0%}
404  ... 

Histogram: OptimizationGuide.PredictionModelFetcher.GetModelsResponse.Status.SegmentationSearchUser recorded 110 samples, mean = 403.0 (flags = 0x41)
0    ... 
403  ------------------------------------------------------------------------O (110 = 100.0%) {0.0%}
404  ... 

Histogram: OptimizationGuide.PredictionModelFetcher.GetModelsResponse.Status.SegmentationShoppingUser recorded 110 samples, mean = 403.0 (flags = 0x41)
0    ... 
403  ------------------------------------------------------------------------O (110 = 100.0%) {0.0%}
404  ... 

Histogram: OptimizationGuide.PredictionModelFetcher.GetModelsResponse.Status.TextSafety recorded 110 samples, mean = 403.0 (flags = 0x41)
0    ... 
403  ------------------------------------------------------------------------O (110 = 100.0%) {0.0%}
404  ... 

Histogram: OptimizationGuide.PredictionModelFetcher.GetModelsResponse.Status.URLVisitResumptionRanker recorded 110 samples, mean = 403.0 (flags = 0x41)
0    ... 
403  ------------------------------------------------------------------------O (110 = 100.0%) {0.0%}
404  ... 

Histogram: OptimizationGuide.PredictionModelFetcher.GetModelsResponse.Status.VisualSearchClassification recorded 110 samples, mean = 403.0 (flags = 0x41)
0    ... 
403  ------------------------------------------------------------------------O (110 = 100.0%) {0.0%}
404  ... 

Histogram: OptimizationGuide.PredictionModelFetcher.GetModelsResponse.Status.WebAppInstallationPromo recorded 110 samples, mean = 403.0 (flags = 0x41)
0    ... 
403  ------------------------------------------------------------------------O (110 = 100.0%) {0.0%}
404  ... 

Histogram: OptimizationGuide.ProcessingComponentAtShutdown recorded 1 samples, mean = 0.0 (flags = 0x41)
0  -O                                                                        (1 = 100.0%)
1  ... 

Histogram: OptimizationGuide.RemoteFetchingEnabled recorded 1 samples, mean = 0.0 (flags = 0x41)
0  -O                                                                        (1 = 100.0%)
1  ... 

Histogram: OriginTrials.PersistentOriginTrial.LevelDbInitSuccess recorded 1 samples, mean = 1.0 (flags = 0x41)
0  O                                                                         (0 = 0.0%)
1  -O                                                                        (1 = 100.0%) {0.0%}
2  O                                                                         (0 = 0.0%) {100.0%}

Histogram: OriginTrials.PersistentOriginTrial.LevelDbLoadSize recorded 1 samples, mean = 0.0 (flags = 0x41)
0  -O                                                                        (1 = 100.0%)
1  ... 

Histogram: OriginTrials.PersistentOriginTrial.LevelDbLoadSuccess recorded 1 samples, mean = 1.0 (flags = 0x41)
0  O                                                                         (0 = 0.0%)
1  -O                                                                        (1 = 100.0%) {0.0%}
2  O                                                                         (0 = 0.0%) {100.0%}

Histogram: OriginTrials.PersistentOriginTrial.LevelDbLoadTime recorded 1 samples, mean = 11700.0 (flags = 0x41)
0      ... 
10000  -O                                                                        (1 = 100.0%) {0.0%}

Histogram: OriginTrials.PersistentOriginTrial.OriginLookupsBeforeDbLoad recorded 1 samples, mean = 0.0 (flags = 0x41)
0  -O                                                                        (1 = 100.0%)
1  ... 

Histogram: OriginTrials.PersistentOriginTrial.OriginsAddedBeforeDbLoad recorded 1 samples, mean = 0.0 (flags = 0x41)
0  -O                                                                        (1 = 100.0%)
1  ... 

Histogram: PageActionController.ExtensionsWithPageActions recorded 1 samples, mean = 0.0 (flags = 0x41)
0  -O                                                                        (1 = 100.0%)
1  ... 

Histogram: PageContentAnnotations.AnnotateVisit.AnnotationRequestQueued recorded 4 samples, mean = 1.0 (flags = 0x40)
0  O                                                                         (0 = 0.0%)
1  ----O                                                                     (4 = 100.0%) {0.0%}
2  O                                                                         (0 = 0.0%) {100.0%}

Histogram: PageContentAnnotations.AnnotateVisit.AnnotationRequested recorded 4 samples, mean = 1.0 (flags = 0x40)
0  O                                                                         (0 = 0.0%)
1  ----O                                                                     (4 = 100.0%) {0.0%}
2  O                                                                         (0 = 0.0%) {100.0%}

Histogram: PageContentAnnotations.AnnotateVisit.BatchAnnotationStarted recorded 1 samples, mean = 1.0 (flags = 0x40)
0  O                                                                         (0 = 0.0%)
1  -O                                                                        (1 = 100.0%) {0.0%}
2  O                                                                         (0 = 0.0%) {100.0%}

Histogram: PageLoad.Clients.Ads.AllPages.NonAdNetworkBytes recorded 1 samples, mean = 140.0 (flags = 0x41)
0    ... 
108  -O                                                                        (1 = 100.0%) {0.0%}
141  ... 

Histogram: PageLoad.Clients.Ads.AllPages.PercentNetworkBytesAds recorded 1 samples, mean = 0.0 (flags = 0x41)
0  -O                                                                        (1 = 100.0%)
1  ... 

Histogram: PageLoad.Clients.Ads.AllPages.PercentTotalBytesAds recorded 1 samples, mean = 0.0 (flags = 0x41)
0  -O                                                                        (1 = 100.0%)
1  ... 

Histogram: PageLoad.Clients.Ads.AverageViewportAdDensity recorded 1 samples, mean = 0.0 (flags = 0x41)
0  -O                                                                        (1 = 100.0%)
1  ... 

Histogram: PageLoad.Clients.Ads.FrameCounts.AdFrames.Total recorded 1 samples, mean = 0.0 (flags = 0x41)
0  -O                                                                        (1 = 100.0%)
1  ... 

Histogram: PageLoad.Clients.Ads.NonVisible.FrameCounts.AdFrames.Total recorded 1 samples, mean = 0.0 (flags = 0x41)
0  -O                                                                        (1 = 100.0%)
1  ... 

Histogram: PageLoad.Clients.Ads.Visible.FrameCounts.AdFrames.Total recorded 1 samples, mean = 0.0 (flags = 0x41)
0  -O                                                                        (1 = 100.0%)
1  ... 

Histogram: PageLoad.Clients.CrossOrigin.LayoutInstability.CumulativeShiftScore recorded 1 samples, mean = 0.0 (flags = 0x41)
0  -O                                                                        (1 = 100.0%)
1  ... 

Histogram: PageLoad.Clients.CrossOrigin.LayoutInstability.CumulativeShiftScore.MainFrame recorded 1 samples, mean = 0.0 (flags = 0x41)
0  -O                                                                        (1 = 100.0%)
1  ... 

Histogram: PageLoad.Clients.Leakage2.AbandonReasonAt.LoaderStart recorded 1 samples, mean = 10.0 (flags = 0x41)
0   ... 
10  -O                                                                        (1 = 100.0%) {0.0%}
11  ... 

Histogram: PageLoad.Clients.Leakage2.LastMilestoneBeforeAbandon.NewReloadNavigation recorded 1 samples, mean = 1.0 (flags = 0x41)
0  O                                                                         (0 = 0.0%)
1  -O                                                                        (1 = 100.0%) {0.0%}
2  ... 

Histogram: PageLoad.Clients.Leakage2.LoaderStartToAbandon.NewReloadNavigation recorded 1 samples, mean = 5598.0 (flags = 0x41)
0     ... 
5349  -O                                                                        (1 = 100.0%) {0.0%}
5985  ... 

Histogram: PageLoad.Clients.Leakage2.NavigationStart recorded 2 samples, mean = 10192.5 (flags = 0x41)
0      ... 
5349   -O                                                                        (1 = 50.0%) {0.0%}
5985   ... 
13144  -O                                                                        (1 = 50.0%) {50.0%}
14707  ... 

Histogram: PageLoad.Clients.Leakage2.NavigationStartToCommitReceived recorded 1 samples, mean = 14206.0 (flags = 0x41)
0      ... 
13144  -O                                                                        (1 = 100.0%) {0.0%}
14707  ... 

Histogram: PageLoad.Clients.Leakage2.NavigationStartToCommitSent recorded 1 samples, mean = 14199.0 (flags = 0x41)
0      ... 
13144  -O                                                                        (1 = 100.0%) {0.0%}
14707  ... 

Histogram: PageLoad.Clients.Leakage2.NavigationStartToDOMContentLoaded recorded 1 samples, mean = 17381.0 (flags = 0x41)
0      ... 
16456  -O                                                                        (1 = 100.0%) {0.0%}
18413  ... 

Histogram: PageLoad.Clients.Leakage2.NavigationStartToDidCommit recorded 1 samples, mean = 14504.0 (flags = 0x41)
0      ... 
13144  -O                                                                        (1 = 100.0%) {0.0%}
14707  ... 

Histogram: PageLoad.Clients.Leakage2.NavigationStartToFirstRedirectResponseLoaderCallback recorded 1 samples, mean = 11472.0 (flags = 0x41)
0      ... 
10498  -O                                                                        (1 = 100.0%) {0.0%}
11747  ... 

Histogram: PageLoad.Clients.Leakage2.NavigationStartToFirstRedirectResponseStart recorded 1 samples, mean = 11155.0 (flags = 0x41)
0      ... 
10498  -O                                                                        (1 = 100.0%) {0.0%}
11747  ... 

Histogram: PageLoad.Clients.Leakage2.NavigationStartToFirstRedirectedRequestStart recorded 1 samples, mean = 11155.0 (flags = 0x41)
0      ... 
10498  -O                                                                        (1 = 100.0%) {0.0%}
11747  ... 

Histogram: PageLoad.Clients.Leakage2.NavigationStartToLoadStarted recorded 1 samples, mean = 19581.0 (flags = 0x41)
0      ... 
18413  -O                                                                        (1 = 100.0%) {0.0%}
20603  ... 

Histogram: PageLoad.Clients.Leakage2.NavigationStartToLoaderStart recorded 2 samples, mean = 2910.0 (flags = 0x41)
0     ... 
257   -O                                                                        (1 = 50.0%) {0.0%}
288   ... 
5349  -O                                                                        (1 = 50.0%) {50.0%}
5985  ... 

Histogram: PageLoad.Clients.Leakage2.NavigationStartToNonRedirectResponseLoaderCallback recorded 1 samples, mean = 14139.0 (flags = 0x41)
0      ... 
13144  -O                                                                        (1 = 100.0%) {0.0%}
14707  ... 

Histogram: PageLoad.Clients.Leakage2.NavigationStartToNonRedirectResponseStart recorded 1 samples, mean = 13962.0 (flags = 0x41)
0      ... 
13144  -O                                                                        (1 = 100.0%) {0.0%}
14707  ... 

Histogram: PageLoad.Clients.Leakage2.NavigationStartToNonRedirectedRequestStart recorded 1 samples, mean = 13835.0 (flags = 0x41)
0      ... 
13144  -O                                                                        (1 = 100.0%) {0.0%}
14707  ... 

Histogram: PageLoad.Clients.Leakage2.NavigationStartToParseStart recorded 1 samples, mean = 14268.0 (flags = 0x41)
0      ... 
13144  -O                                                                        (1 = 100.0%) {0.0%}
14707  ... 

Histogram: PageLoad.Clients.Leakage2.RendererProcessCreatedBeforeNav recorded 1 samples, mean = 1.0 (flags = 0x41)
0  O                                                                         (0 = 0.0%)
1  -O                                                                        (1 = 100.0%) {0.0%}
2  O                                                                         (0 = 0.0%) {100.0%}

Histogram: PageLoad.Clients.LinkPreview.Usage recorded 1 samples, mean = 0.0 (flags = 0x41)
0  -O                                                                        (1 = 100.0%)
1  ... 

Histogram: PageLoad.Clients.MultiTabLoading.WithTabCount_0.DocumentTiming.NavigationToDOMContentLoadedEventFired recorded 1 samples, mean = 17381.0 (flags = 0x41)
0      ... 
16456  -O                                                                        (1 = 100.0%) {0.0%}
18413  ... 

Histogram: PageLoad.Clients.MultiTabLoading.WithTabCount_0.DocumentTiming.NavigationToLoadEventFired recorded 1 samples, mean = 19581.0 (flags = 0x41)
0      ... 
18413  -O                                                                        (1 = 100.0%) {0.0%}
20603  ... 

Histogram: PageLoad.Clients.MultiTabLoading.With_0_OtherLoading.DocumentTiming.NavigationToDOMContentLoadedEventFired recorded 1 samples, mean = 17381.0 (flags = 0x41)
0      ... 
16456  -O                                                                        (1 = 100.0%) {0.0%}
18413  ... 

Histogram: PageLoad.Clients.MultiTabLoading.With_0_OtherLoading.DocumentTiming.NavigationToLoadEventFired recorded 1 samples, mean = 19581.0 (flags = 0x41)
0      ... 
18413  -O                                                                        (1 = 100.0%) {0.0%}
20603  ... 

Histogram: PageLoad.Clients.PerformanceManager.LoadedIdleWithoutLCP recorded 1 samples, mean = 25810.0 (flags = 0x41)
0      ... 
20852  -O                                                                        (1 = 100.0%) {0.0%}
26495  ... 

Histogram: PageLoad.Clients.PerformanceManager.LoadedIdleWithoutLCP.Foreground recorded 1 samples, mean = 25810.0 (flags = 0x41)
0      ... 
20852  -O                                                                        (1 = 100.0%) {0.0%}
26495  ... 

Histogram: PageLoad.Clients.Protocol.QUIC.DocumentTiming.NavigationToDOMContentLoadedEventFired recorded 1 samples, mean = 17381.0 (flags = 0x41)
0      ... 
16456  -O                                                                        (1 = 100.0%) {0.0%}
18413  ... 

Histogram: PageLoad.Clients.Protocol.QUIC.DocumentTiming.NavigationToLoadEventFired recorded 1 samples, mean = 19581.0 (flags = 0x41)
0      ... 
18413  -O                                                                        (1 = 100.0%) {0.0%}
20603  ... 

Histogram: PageLoad.Clients.Protocol.QUIC.ParseTiming.NavigationToParseStart recorded 1 samples, mean = 14268.0 (flags = 0x41)
0      ... 
13144  -O                                                                        (1 = 100.0%) {0.0%}
14707  ... 

Histogram: PageLoad.Clients.Scheme.HTTPS.ParseTiming.NavigationToParseStart recorded 1 samples, mean = 14268.0 (flags = 0x41)
0      ... 
13144  -O                                                                        (1 = 100.0%) {0.0%}
14707  ... 

Histogram: PageLoad.Clients.SubresourceLoading.DaysSinceLastVisitToOrigin recorded 1 samples, mean = 0.0 (flags = 0x40)
0  -O                                                                        (1 = 100.0%)
1  ... 

Histogram: PageLoad.Clients.SubresourceLoading.HasPreviousVisitToOrigin recorded 1 samples, mean = 1.0 (flags = 0x40)
0  O                                                                         (0 = 0.0%)
1  -O                                                                        (1 = 100.0%) {0.0%}
2  O                                                                         (0 = 0.0%) {100.0%}

Histogram: PageLoad.Clients.TPCD.CookieAccess.ThirdPartyCookieAllowMechanism3 recorded 1 samples, mean = 2.0 (flags = 0x41)
0  ... 
2  -O                                                                        (1 = 100.0%) {0.0%}
3  ... 

Histogram: PageLoad.Clients.TPCD.ThirdPartyCookieAccessBlockedByExperiment2 recorded 1 samples, mean = 0.0 (flags = 0x41)
0  -O                                                                        (1 = 100.0%)
1  ... 

Histogram: PageLoad.Clients.ThirdParty.Origins.CookieRead2 recorded 1 samples, mean = 0.0 (flags = 0x41)
0  -O                                                                        (1 = 100.0%)
1  ... 

Histogram: PageLoad.Cpu.TotalUsage recorded 1 samples, mean = 3501.0 (flags = 0x41)
0     ... 
3412  -O                                                                        (1 = 100.0%) {0.0%}
3818  ... 

Histogram: PageLoad.Cpu.TotalUsageForegrounded recorded 1 samples, mean = 3501.0 (flags = 0x41)
0     ... 
3412  -O                                                                        (1 = 100.0%) {0.0%}
3818  ... 

Histogram: PageLoad.DocumentTiming.NavigationToDOMContentLoadedEventFired recorded 1 samples, mean = 17381.0 (flags = 0x41)
0      ... 
16456  -O                                                                        (1 = 100.0%) {0.0%}
18413  ... 

Histogram: PageLoad.DocumentTiming.NavigationToLoadEventFired recorded 1 samples, mean = 19581.0 (flags = 0x41)
0      ... 
18413  -O                                                                        (1 = 100.0%) {0.0%}
20603  ... 

Histogram: PageLoad.Experimental.NavigationTiming.FinalLoaderCallbackToNavigationCommitSent recorded 1 samples, mean = 59.0 (flags = 0x41)
0   ... 
54  -O                                                                        (1 = 100.0%) {0.0%}
60  ... 

Histogram: PageLoad.Experimental.NavigationTiming.FinalRequestStartToFinalResponseStart recorded 1 samples, mean = 126.0 (flags = 0x41)
0    ... 
117  -O                                                                        (1 = 100.0%) {0.0%}
131  ... 

Histogram: PageLoad.Experimental.NavigationTiming.FinalResponseStartToFinalLoaderCallback recorded 1 samples, mean = 176.0 (flags = 0x41)
0    ... 
164  -O                                                                        (1 = 100.0%) {0.0%}
184  ... 

Histogram: PageLoad.Experimental.NavigationTiming.FirstRequestStartToFirstResponseStart recorded 1 samples, mean = 0.0 (flags = 0x41)
0  -O                                                                        (1 = 100.0%)
10 ... 

Histogram: PageLoad.Experimental.NavigationTiming.FirstResponseStartToFirstLoaderCallback recorded 1 samples, mean = 317.0 (flags = 0x41)
0    ... 
288  -O                                                                        (1 = 100.0%) {0.0%}
322  ... 

Histogram: PageLoad.Experimental.NavigationTiming.NavigationStartToFinalLoaderCallback recorded 1 samples, mean = 14139.0 (flags = 0x41)
0      ... 
13144  -O                                                                        (1 = 100.0%) {0.0%}
14707  ... 

Histogram: PageLoad.Experimental.NavigationTiming.NavigationStartToFinalRequestStart recorded 1 samples, mean = 13835.0 (flags = 0x41)
0      ... 
13144  -O                                                                        (1 = 100.0%) {0.0%}
14707  ... 

Histogram: PageLoad.Experimental.NavigationTiming.NavigationStartToFinalResponseStart recorded 1 samples, mean = 13962.0 (flags = 0x41)
0      ... 
13144  -O                                                                        (1 = 100.0%) {0.0%}
14707  ... 

Histogram: PageLoad.Experimental.NavigationTiming.NavigationStartToFirstLoaderCallback recorded 1 samples, mean = 11472.0 (flags = 0x41)
0      ... 
10498  -O                                                                        (1 = 100.0%) {0.0%}
11747  ... 

Histogram: PageLoad.Experimental.NavigationTiming.NavigationStartToFirstRequestStart recorded 1 samples, mean = 11155.0 (flags = 0x41)
0      ... 
10498  -O                                                                        (1 = 100.0%) {0.0%}
11747  ... 

Histogram: PageLoad.Experimental.NavigationTiming.NavigationStartToFirstResponseStart recorded 1 samples, mean = 11155.0 (flags = 0x41)
0      ... 
10498  -O                                                                        (1 = 100.0%) {0.0%}
11747  ... 

Histogram: PageLoad.Experimental.NavigationTiming.NavigationStartToNavigationCommitSent recorded 1 samples, mean = 14199.0 (flags = 0x41)
0      ... 
13144  -O                                                                        (1 = 100.0%) {0.0%}
14707  ... 

Histogram: PageLoad.Experimental.PageTiming.CachedResourceLoadTime.font recorded 5 samples, mean = 0.0 (flags = 0x41)
0  -----O                                                                    (5 = 100.0%)
1  ... 

Histogram: PageLoad.Experimental.PageTiming.CachedResourceLoadTime.manifest recorded 1 samples, mean = 85.0 (flags = 0x41)
0   ... 
84  -O                                                                        (1 = 100.0%) {0.0%}
107 ... 

Histogram: PageLoad.Experimental.PageTiming.CachedResourceLoadTime.script recorded 24 samples, mean = 34.1 (flags = 0x41)
0    --O                                                                       (2 = 8.3%)
1    ... 
3    --------------O                                                           (14 = 58.3%) {8.3%}
4    ----O                                                                     (4 = 16.7%) {66.7%}
5    ... 
173  ----O                                                                     (4 = 16.7%) {83.3%}
220  ... 

Histogram: PageLoad.Experimental.PageTiming.CachedResourceLoadTime.style recorded 7 samples, mean = 100.6 (flags = 0x41)
0    ... 
3    -----O                                                                    (5 = 71.4%) {0.0%}
4    ... 
6    -O                                                                        (1 = 14.3%) {71.4%}
8    ... 
574  -O                                                                        (1 = 14.3%) {85.7%}
729  ... 

Histogram: PageLoad.Experimental.PageTiming.CommitSentToFirstSubresourceLoadStart recorded 1 samples, mean = 610.0 (flags = 0x41)
0    ... 
565  -O                                                                        (1 = 100.0%) {0.0%}
632  ... 

Histogram: PageLoad.Experimental.PageTiming.NavigationToFirstSubresourceLoadStart recorded 1 samples, mean = 14809.0 (flags = 0x41)
0      ... 
14707  -O                                                                        (1 = 100.0%) {0.0%}
16456  ... 

Histogram: PageLoad.Experimental.PageTiming.ResourceLoadTime. recorded 6 samples, mean = 172.7 (flags = 0x41)
0    ... 
32   -O                                                                        (1 = 16.7%) {0.0%}
41   -O                                                                        (1 = 16.7%) {16.7%}
52   -O                                                                        (1 = 16.7%) {33.3%}
66   O                                                                         (0 = 0.0%) {50.0%}
84   -O                                                                        (1 = 16.7%) {50.0%}
107  -O                                                                        (1 = 16.7%) {66.7%}
136  ... 
574  -O                                                                        (1 = 16.7%) {83.3%}
729  ... 

Histogram: PageLoad.Experimental.PageTiming.ResourceLoadTime.document recorded 1 samples, mean = 152.0 (flags = 0x41)
0    ... 
136  -O                                                                        (1 = 100.0%) {0.0%}
173  ... 

Histogram: PageLoad.Experimental.PageTiming.ResourceLoadTime.image recorded 1 samples, mean = 37.0 (flags = 0x41)
0   ... 
32  -O                                                                        (1 = 100.0%) {0.0%}
41  ... 

Histogram: PageLoad.Experimental.PageTiming.ResourceLoadTime.script recorded 2 samples, mean = 744.5 (flags = 0x41)
0     ... 
66    -O                                                                        (1 = 50.0%) {0.0%}
84    ... 
1177  -O                                                                        (1 = 50.0%) {50.0%}
1496  ... 

Histogram: PageLoad.Experimental.PageVisitFinalStatus recorded 1 samples, mean = 1.0 (flags = 0x41)
0  O                                                                         (0 = 0.0%)
1  -O                                                                        (1 = 100.0%) {0.0%}
2  ... 

Histogram: PageLoad.Experimental.PageVisitType2 recorded 1 samples, mean = 6.0 (flags = 0x41)
0  ... 
6  -O                                                                        (1 = 100.0%) {0.0%}
7  ... 

Histogram: PageLoad.Experimental.PaintTiming.FirstEligibleToPaintToFirstPaint recorded 1 samples, mean = 517.0 (flags = 0x41)
0    ... 
505  -O                                                                        (1 = 100.0%) {0.0%}
565  ... 

Histogram: PageLoad.Experimental.TotalForegroundDuration recorded 1 samples, mean = 18242552.0 (flags = 0x41)
0        ... 
3600000  -O                                                                        (1 = 100.0%) {0.0%}

Histogram: PageLoad.Experimental.TotalForegroundDuration.AllVisit recorded 1 samples, mean = 18242552.0 (flags = 0x41)
0        ... 
3600000  -O                                                                        (1 = 100.0%) {0.0%}

Histogram: PageLoad.Experimental.TotalForegroundDuration.IndependentUIVisit recorded 1 samples, mean = 18242552.0 (flags = 0x41)
0        ... 
3600000  -O                                                                        (1 = 100.0%) {0.0%}

Histogram: PageLoad.Expermental.SoftNavigations.Count recorded 1 samples, mean = 0.0 (flags = 0x41)
0  -O                                                                        (1 = 100.0%)
1  ... 

Histogram: PageLoad.Internal.PageLoadTimingStatus recorded 17 samples, mean = 0.0 (flags = 0x41)
0  -----------------O                                                        (17 = 100.0%)
1  ... 

Histogram: PageLoad.Internal.PageLoadTimingStatus.AtTimingCallbackDispatch recorded 3 samples, mean = 0.0 (flags = 0x41)
0  ---O                                                                      (3 = 100.0%)
1  ... 

Histogram: PageLoad.Internal.PageType recorded 2 samples, mean = 0.0 (flags = 0x41)
0  --O                                                                       (2 = 100.0%)
1  ... 

Histogram: PageLoad.Internal.SuppressedEventsBeforeMissingFirstPaint recorded 1 samples, mean = 0.0 (flags = 0x41)
0  -O                                                                        (1 = 100.0%)
1  ... 

Histogram: PageLoad.Internal.SuppressedEventsCountBeforePaint3 recorded 1 samples, mean = 0.0 (flags = 0x41)
0  -O                                                                        (1 = 100.0%)
1  ... 

Histogram: PageLoad.Internal.SuppressedEventsTimingBeforePaint3 recorded 1 samples, mean = 0.0 (flags = 0x41)
0  -O                                                                        (1 = 100.0%)
1  ... 

Histogram: PageLoad.Internal.SuppressedInteractionsCountBeforePaint3 recorded 1 samples, mean = 0.0 (flags = 0x41)
0  -O                                                                        (1 = 100.0%)
1  ... 

Histogram: PageLoad.LayoutInstability.CumulativeShiftScore recorded 1 samples, mean = 0.0 (flags = 0x41)
0  -O                                                                        (1 = 100.0%)
1  ... 

Histogram: PageLoad.LayoutInstability.CumulativeShiftScore.MainFrame recorded 1 samples, mean = 0.0 (flags = 0x41)
0  -O                                                                        (1 = 100.0%)
1  ... 

Histogram: PageLoad.LayoutInstability.MaxCumulativeShiftScore.SessionWindow.Gap1000ms.Max5000ms recorded 1 samples, mean = 0.0 (flags = 0x41)
0  -O                                                                        (1 = 100.0%)
1  ... 

Histogram: PageLoad.LayoutInstability.MaxCumulativeShiftScore.SessionWindow.Gap1000ms.Max5000ms2 recorded 1 samples, mean = 0.0 (flags = 0x41)
0  -O                                                                        (1 = 100.0%)
1  ... 

Histogram: PageLoad.PageTiming.ForegroundDuration recorded 1 samples, mean = 18242546.0 (flags = 0x41)
0        ... 
3600000  -O                                                                        (1 = 100.0%) {0.0%}

Histogram: PageLoad.PageTiming.ForegroundDuration.AfterPaint recorded 1 samples, mean = 18225124.0 (flags = 0x41)
0        ... 
3600000  -O                                                                        (1 = 100.0%) {0.0%}

Histogram: PageLoad.PageTiming.ForegroundDuration.NoCommit recorded 1 samples, mean = 299.0 (flags = 0x41)
0    ... 
263  -O                                                                        (1 = 100.0%) {0.0%}
300  ... 

Histogram: PageLoad.PageTiming.ForegroundDuration.WithPaint recorded 1 samples, mean = 18242546.0 (flags = 0x41)
0        ... 
3600000  -O                                                                        (1 = 100.0%) {0.0%}

Histogram: PageLoad.PaintTiming.NavigationToFirstPaint recorded 1 samples, mean = 17422.0 (flags = 0x41)
0      ... 
16456  -O                                                                        (1 = 100.0%) {0.0%}
18413  ... 

Histogram: PageLoad.ParseTiming.NavigationToParseStart recorded 1 samples, mean = 14268.0 (flags = 0x41)
0      ... 
13144  -O                                                                        (1 = 100.0%) {0.0%}
14707  ... 

Histogram: PageLoad.ParseTiming.NavigationToParseStart.LoadType.NewNavigation recorded 1 samples, mean = 14268.0 (flags = 0x41)
0      ... 
13144  -O                                                                        (1 = 100.0%) {0.0%}
14707  ... 

Histogram: PageLoad.ParseTiming.ParseBlockedOnScriptExecution recorded 1 samples, mean = 88.0 (flags = 0x41)
0   ... 
84  -O                                                                        (1 = 100.0%) {0.0%}
94  ... 

Histogram: PageLoad.ParseTiming.ParseBlockedOnScriptExecutionFromDocumentWrite recorded 1 samples, mean = 0.0 (flags = 0x41)
0  -O                                                                        (1 = 100.0%)
10 ... 

Histogram: PageLoad.ParseTiming.ParseBlockedOnScriptLoad recorded 1 samples, mean = 2519.0 (flags = 0x41)
0     ... 
2435  -O                                                                        (1 = 100.0%) {0.0%}
2725  ... 

Histogram: PaintHolding.CommitTrigger2 recorded 1 samples, mean = 3.0 (flags = 0x41)
0  ... 
3  -O                                                                        (1 = 100.0%) {0.0%}
4  ... 

Histogram: PasswordManager.AccountStore.InaccessiblePasswords3 recorded 1 samples, mean = 0.0 (flags = 0x41)
0  -O                                                                        (1 = 100.0%)
1  ... 

Histogram: PasswordManager.AccountStore.LoginDatabaseEncryptionStatus recorded 1 samples, mean = 0.0 (flags = 0x41)
0  -O                                                                        (1 = 100.0%)
1  ... 

Histogram: PasswordManager.AffiliationDatabase.DatabaseSize recorded 1 samples, mean = 52.0 (flags = 0x41)
0  -O                                                                        (1 = 100.0%)
1000... 

Histogram: PasswordManager.BubbleSuppression.AccountsInStatisticsTable2 recorded 1 samples, mean = 0.0 (flags = 0x41)
0  -O                                                                        (1 = 100.0%)
1  ... 

Histogram: PasswordManager.GetAllLogins.TimeSinceInit recorded 2 samples, mean = 30193.5 (flags = 0x41)
0      ... 
26495  --O                                                                       (2 = 100.0%) {0.0%}
33665  ... 

Histogram: PasswordManager.GetAutofillableLogins.TimeSinceInit recorded 2 samples, mean = 14563.0 (flags = 0x41)
0      ... 
12916  --O                                                                       (2 = 100.0%) {0.0%}
16411  ... 

Histogram: PasswordManager.LoginDatabaseInit2 recorded 2 samples, mean = 0.0 (flags = 0x41)
0  --O                                                                       (2 = 100.0%)
1  ... 

Histogram: PasswordManager.OnEncryptorReceived.Success recorded 2 samples, mean = 1.0 (flags = 0x41)
0  O                                                                         (0 = 0.0%)
1  --O                                                                       (2 = 100.0%) {0.0%}
2  O                                                                         (0 = 0.0%) {100.0%}

Histogram: PasswordManager.PasswordStore.InitTime recorded 2 samples, mean = 7518.0 (flags = 0x41)
0     ... 
7083  --O                                                                       (2 = 100.0%) {0.0%}
8416  ... 

Histogram: PasswordManager.PasswordStoreBackend.GetAllLoginsAsync recorded 4 samples, mean = 1.0 (flags = 0x41)
0  --O                                                                       (2 = 50.0%)
1  O                                                                         (0 = 0.0%) {50.0%}
2  --O                                                                       (2 = 50.0%) {50.0%}
3  ... 

Histogram: PasswordManager.PasswordStoreBackend.GetAllLoginsAsync.Latency recorded 2 samples, mean = 333.0 (flags = 0x41)
0    ... 
280  --O                                                                       (2 = 100.0%) {0.0%}
356  ... 

Histogram: PasswordManager.PasswordStoreBackend.GetAllLoginsAsync.Success recorded 2 samples, mean = 1.0 (flags = 0x41)
0  O                                                                         (0 = 0.0%)
1  --O                                                                       (2 = 100.0%) {0.0%}
2  O                                                                         (0 = 0.0%) {100.0%}

Histogram: PasswordManager.PasswordStoreBackend.GetAutofillableLoginsAsync recorded 4 samples, mean = 1.0 (flags = 0x41)
0  --O                                                                       (2 = 50.0%)
1  O                                                                         (0 = 0.0%) {50.0%}
2  --O                                                                       (2 = 50.0%) {50.0%}
3  ... 

Histogram: PasswordManager.PasswordStoreBackend.GetAutofillableLoginsAsync.Latency recorded 2 samples, mean = 288.0 (flags = 0x41)
0    ... 
280  --O                                                                       (2 = 100.0%) {0.0%}
356  ... 

Histogram: PasswordManager.PasswordStoreBackend.GetAutofillableLoginsAsync.Success recorded 2 samples, mean = 1.0 (flags = 0x41)
0  O                                                                         (0 = 0.0%)
1  --O                                                                       (2 = 100.0%) {0.0%}
2  O                                                                         (0 = 0.0%) {100.0%}

Histogram: PasswordManager.PasswordStoreBuiltInBackend.GetAllLoginsAsync recorded 4 samples, mean = 1.0 (flags = 0x41)
0  --O                                                                       (2 = 50.0%)
1  O                                                                         (0 = 0.0%) {50.0%}
2  --O                                                                       (2 = 50.0%) {50.0%}
3  ... 

Histogram: PasswordManager.PasswordStoreBuiltInBackend.GetAllLoginsAsync.Latency recorded 2 samples, mean = 333.0 (flags = 0x41)
0    ... 
280  --O                                                                       (2 = 100.0%) {0.0%}
356  ... 

Histogram: PasswordManager.PasswordStoreBuiltInBackend.GetAllLoginsAsync.Success recorded 2 samples, mean = 1.0 (flags = 0x41)
0  O                                                                         (0 = 0.0%)
1  --O                                                                       (2 = 100.0%) {0.0%}
2  O                                                                         (0 = 0.0%) {100.0%}

Histogram: PasswordManager.PasswordStoreBuiltInBackend.GetAutofillableLoginsAsync recorded 4 samples, mean = 1.0 (flags = 0x41)
0  --O                                                                       (2 = 50.0%)
1  O                                                                         (0 = 0.0%) {50.0%}
2  --O                                                                       (2 = 50.0%) {50.0%}
3  ... 

Histogram: PasswordManager.PasswordStoreBuiltInBackend.GetAutofillableLoginsAsync.Latency recorded 2 samples, mean = 288.0 (flags = 0x41)
0    ... 
280  --O                                                                       (2 = 100.0%) {0.0%}
356  ... 

Histogram: PasswordManager.PasswordStoreBuiltInBackend.GetAutofillableLoginsAsync.Success recorded 2 samples, mean = 1.0 (flags = 0x41)
0  O                                                                         (0 = 0.0%)
1  --O                                                                       (2 = 100.0%) {0.0%}
2  O                                                                         (0 = 0.0%) {100.0%}

Histogram: PasswordManager.ProfileStore.InaccessiblePasswords3 recorded 1 samples, mean = 0.0 (flags = 0x41)
0  -O                                                                        (1 = 100.0%)
1  ... 

Histogram: PasswordManager.ProfileStore.LoginDatabaseEncryptionStatus recorded 1 samples, mean = 0.0 (flags = 0x41)
0  -O                                                                        (1 = 100.0%)
1  ... 

Histogram: PasswordManager.SavedGaiaPasswordHashCount2 recorded 1 samples, mean = 0.0 (flags = 0x41)
0  -O                                                                        (1 = 100.0%)
1  ... 

Histogram: PasswordManager.SyncMetadataReadError2 recorded 2 samples, mean = 0.0 (flags = 0x41)
0  --O                                                                       (2 = 100.0%)
1  ... 

Histogram: PaymentRequest.IsCanMakePaymentAllowedByPref.Startup recorded 1 samples, mean = 1.0 (flags = 0x41)
0  O                                                                         (0 = 0.0%)
1  -O                                                                        (1 = 100.0%) {0.0%}
2  O                                                                         (0 = 0.0%) {100.0%}

Histogram: PerformanceManager.LoadingNotQuiescentPageCount.All recorded 601 samples, mean = 0.0 (flags = 0x41)
0  ------------------------------------------------------------------------O (601 = 100.0%)
1  ... 

Histogram: PerformanceManager.LoadingNotQuiescentPageCount.Hidden recorded 601 samples, mean = 0.0 (flags = 0x41)
0  ------------------------------------------------------------------------O (601 = 100.0%)
1  ... 

Histogram: PerformanceManager.LoadingNotQuiescentPageCount.MixedVisibility recorded 601 samples, mean = 0.0 (flags = 0x41)
0  ------------------------------------------------------------------------O (601 = 100.0%)
1  ... 

Histogram: PerformanceManager.LoadingNotQuiescentPageCount.Visible recorded 601 samples, mean = 0.0 (flags = 0x41)
0  ------------------------------------------------------------------------O (601 = 100.0%)
1  ... 

Histogram: PerformanceManager.QuiescentPageCount recorded 601 samples, mean = 1.0 (flags = 0x41)
0  O                                                                         (0 = 0.0%)
1  ------------------------------------------------------------------------O (601 = 100.0%) {0.0%}
2  ... 

Histogram: PerformanceManager.SiteDB.DatabaseInit recorded 1 samples, mean = 0.0 (flags = 0x41)
0  -O                                                                        (1 = 100.0%)
1  ... 

Histogram: PerformanceManager.SiteDB.OnDiskSize recorded 1 samples, mean = 2.0 (flags = 0x41)
0  -O                                                                        (1 = 100.0%)
1000... 

Histogram: PerformanceManager.SiteDB.WriteCompleted.WriteSiteDataIntoStore recorded 1 samples, mean = 1.0 (flags = 0x41)
0  O                                                                         (0 = 0.0%)
1  -O                                                                        (1 = 100.0%) {0.0%}
2  O                                                                         (0 = 0.0%) {100.0%}

Histogram: PerformanceManager.SiteDB.WriteScheduled.WriteSiteDataIntoStore recorded 1 samples, mean = 1.0 (flags = 0x41)
0  O                                                                         (0 = 0.0%)
1  -O                                                                        (1 = 100.0%) {0.0%}
2  O                                                                         (0 = 0.0%) {100.0%}

Histogram: PerformanceManager.TabRevisitTracker.TimeToClose2 recorded 1 samples, mean = 18242.0 (flags = 0x41)
0      ... 
17465  -O                                                                        (1 = 100.0%) {0.0%}
18378  ... 

Histogram: PerformanceManager.UserTuning.BatterySaverModeEnabledPercent recorded 1 samples, mean = 0.0 (flags = 0x41)
0  -O                                                                        (1 = 100.0%)
1  ... 

Histogram: PerformanceManager.UserTuning.MemorySaverModeEnabledPercent recorded 1 samples, mean = 0.0 (flags = 0x41)
0  -O                                                                        (1 = 100.0%)
1  ... 

Histogram: PerformanceMonitor.AverageCPU8.BrowserProcess recorded 151 samples, mean = 8751.4 (flags = 0x41)
0      ... 
383    -------------------------------O                                          (31 = 20.5%) {0.0%}
462    --------------------O                                                     (20 = 13.2%) {20.5%}
558    -----O                                                                    (5 = 3.3%) {33.8%}
674    ------O                                                                   (6 = 4.0%) {37.1%}
814    ---O                                                                      (3 = 2.0%) {41.1%}
983    O                                                                         (0 = 0.0%) {43.0%}
1187   -O                                                                        (1 = 0.7%) {43.0%}
1433   ... 
2088   --O                                                                       (2 = 1.3%) {43.7%}
2521   -O                                                                        (1 = 0.7%) {45.0%}
3043   ---O                                                                      (3 = 2.0%) {45.7%}
3673   -O                                                                        (1 = 0.7%) {47.7%}
4434   --O                                                                       (2 = 1.3%) {48.3%}
5353   -------O                                                                  (7 = 4.6%) {49.7%}
6462   ---O                                                                      (3 = 2.0%) {54.3%}
7801   --O                                                                       (2 = 1.3%) {56.3%}
9417   ---------O                                                                (9 = 6.0%) {57.6%}
11368  --------------O                                                           (14 = 9.3%) {63.6%}
13724  -----O                                                                    (5 = 3.3%) {72.8%}
16567  ------------O                                                             (12 = 7.9%) {76.2%}
20000  ------------------------O                                                 (24 = 15.9%) {84.1%}

Histogram: PerformanceMonitor.AverageCPU8.GPUProcess recorded 151 samples, mean = 12.9 (flags = 0x41)
0    ... 
2    -----------------------------O                                            (29 = 19.2%) {0.0%}
3    -----------------O                                                        (17 = 11.3%) {19.2%}
4    ----------------O                                                         (16 = 10.6%) {30.5%}
5    ---------O                                                                (9 = 6.0%) {41.1%}
6    -------------------O                                                      (19 = 12.6%) {47.0%}
7    -----------------O                                                        (17 = 11.3%) {59.6%}
8    ---------------O                                                          (15 = 9.9%) {70.9%}
10   -------O                                                                  (7 = 4.6%) {80.8%}
12   --------O                                                                 (8 = 5.3%) {85.4%}
15   ----O                                                                     (4 = 2.6%) {90.7%}
18   -----O                                                                    (5 = 3.3%) {93.4%}
22   -O                                                                        (1 = 0.7%) {96.7%}
27   ---O                                                                      (3 = 2.0%) {97.4%}
33   ... 
814  -O                                                                        (1 = 0.7%) {99.3%}
983  ... 

Histogram: PerformanceMonitor.AverageCPU8.NetworkProcess recorded 151 samples, mean = 1.3 (flags = 0x41)
0   --O                                                                       (3 = 2.0%)
1   ------------------------------------------------------------------------O (127 = 84.1%) {2.0%}
2   -------O                                                                  (13 = 8.6%) {86.1%}
3   ---O                                                                      (6 = 4.0%) {94.7%}
4   -O                                                                        (1 = 0.7%) {98.7%}
5   ... 
15  -O                                                                        (1 = 0.7%) {99.3%}
18  ... 

Histogram: PerformanceMonitor.AverageCPU8.OtherProcess recorded 151 samples, mean = 0.0 (flags = 0x41)
0  ------------------------------------------------------------------------O (151 = 100.0%)
1  ... 

Histogram: PerformanceMonitor.AverageCPU8.RendererExtensionEventProcess recorded 151 samples, mean = 0.0 (flags = 0x41)
0  ------------------------------------------------------------------------O (151 = 100.0%)
1  ... 

Histogram: PerformanceMonitor.AverageCPU8.RendererExtensionPersistentProcess recorded 151 samples, mean = 0.0 (flags = 0x41)
0  ------------------------------------------------------------------------O (151 = 100.0%)
1  ... 

Histogram: PerformanceMonitor.AverageCPU8.RendererProcess recorded 151 samples, mean = 0.7 (flags = 0x41)
0    ------------------------------------------------------------------------O (150 = 99.3%)
1    ... 
103  O                                                                         (1 = 0.7%) {99.3%}
124  ... 

Histogram: PerformanceMonitor.AverageCPU8.Total recorded 151 samples, mean = 8761.5 (flags = 0x41)
0      ... 
383    ------------------------------O                                           (30 = 19.9%) {0.0%}
462    ---------------------O                                                    (21 = 13.9%) {19.9%}
558    -----O                                                                    (5 = 3.3%) {33.8%}
674    ------O                                                                   (6 = 4.0%) {37.1%}
814    ---O                                                                      (3 = 2.0%) {41.1%}
983    O                                                                         (0 = 0.0%) {43.0%}
1187   -O                                                                        (1 = 0.7%) {43.0%}
1433   ... 
2088   --O                                                                       (2 = 1.3%) {43.7%}
2521   -O                                                                        (1 = 0.7%) {45.0%}
3043   ---O                                                                      (3 = 2.0%) {45.7%}
3673   -O                                                                        (1 = 0.7%) {47.7%}
4434   --O                                                                       (2 = 1.3%) {48.3%}
5353   -------O                                                                  (7 = 4.6%) {49.7%}
6462   ---O                                                                      (3 = 2.0%) {54.3%}
7801   --O                                                                       (2 = 1.3%) {56.3%}
9417   ---------O                                                                (9 = 6.0%) {57.6%}
11368  -------------O                                                            (13 = 8.6%) {63.6%}
13724  ------O                                                                   (6 = 4.0%) {72.2%}
16567  ------------O                                                             (12 = 7.9%) {76.2%}
20000  ------------------------O                                                 (24 = 15.9%) {84.1%}

Histogram: PerformanceMonitor.AverageCPU8.Total.ZeroWindow recorded 151 samples, mean = 8761.5 (flags = 0x41)
0      ... 
383    ------------------------------O                                           (30 = 19.9%) {0.0%}
462    ---------------------O                                                    (21 = 13.9%) {19.9%}
558    -----O                                                                    (5 = 3.3%) {33.8%}
674    ------O                                                                   (6 = 4.0%) {37.1%}
814    ---O                                                                      (3 = 2.0%) {41.1%}
983    O                                                                         (0 = 0.0%) {43.0%}
1187   -O                                                                        (1 = 0.7%) {43.0%}
1433   ... 
2088   --O                                                                       (2 = 1.3%) {43.7%}
2521   -O                                                                        (1 = 0.7%) {45.0%}
3043   ---O                                                                      (3 = 2.0%) {45.7%}
3673   -O                                                                        (1 = 0.7%) {47.7%}
4434   --O                                                                       (2 = 1.3%) {48.3%}
5353   -------O                                                                  (7 = 4.6%) {49.7%}
6462   ---O                                                                      (3 = 2.0%) {54.3%}
7801   --O                                                                       (2 = 1.3%) {56.3%}
9417   ---------O                                                                (9 = 6.0%) {57.6%}
11368  -------------O                                                            (13 = 8.6%) {63.6%}
13724  ------O                                                                   (6 = 4.0%) {72.2%}
16567  ------------O                                                             (12 = 7.9%) {76.2%}
20000  ------------------------O                                                 (24 = 15.9%) {84.1%}

Histogram: PerformanceMonitor.AverageCPU8.UtilityProcess recorded 151 samples, mean = 0.1 (flags = 0x41)
0   ------------------------------------------------------------------------O (150 = 99.3%)
1   ... 
15  O                                                                         (1 = 0.7%) {99.3%}
18  ... 

Histogram: PerformanceMonitor.HasPreciseCPUUsage recorded 10 samples, mean = 1.0 (flags = 0x41)
0  O                                                                         (0 = 0.0%)
1  ----------O                                                               (10 = 100.0%) {0.0%}
2  O                                                                         (0 = 0.0%) {100.0%}

Histogram: PerformanceMonitor.UsageScenario.LongInterval recorded 151 samples, mean = 13.0 (flags = 0x41)
0   ... 
13  ------------------------------------------------------------------------O (151 = 100.0%) {0.0%}
14  ... 

Histogram: Permissions.API.CreatedPermissionStatusObjects recorded 1 samples, mean = 0.0 (flags = 0x41)
0  -O                                                                        (1 = 100.0%)
1  ... 

Histogram: Permissions.Experimental.PrimaryMainNavigationFinished.AudioCapture.TopLevelHeaderPolicy recorded 1 samples, mean = 0.0 (flags = 0x41)
0  -O                                                                        (1 = 100.0%)
1  ... 

Histogram: Permissions.Experimental.PrimaryMainNavigationFinished.Geolocation.TopLevelHeaderPolicy recorded 1 samples, mean = 0.0 (flags = 0x41)
0  -O                                                                        (1 = 100.0%)
1  ... 

Histogram: Permissions.Experimental.PrimaryMainNavigationFinished.VideoCapture.TopLevelHeaderPolicy recorded 1 samples, mean = 0.0 (flags = 0x41)
0  -O                                                                        (1 = 100.0%)
1  ... 

Histogram: Permissions.QuietNotificationPrompts.RegularProfile.IsEnabledInPrefs recorded 1 samples, mean = 0.0 (flags = 0x41)
0  -O                                                                        (1 = 100.0%)
1  ... 

Histogram: Platform.IntelMaxMicroArchitecture recorded 1 samples, mean = 10.0 (flags = 0x41)
0   ... 
10  -O                                                                        (1 = 100.0%) {0.0%}
11  ... 

Histogram: Power.BatteryDischargeMode5 recorded 303 samples, mean = 4.0 (flags = 0x41)
0  ... 
4  ------------------------------------------------------------------------O (303 = 100.0%) {0.0%}
5  ... 

Histogram: Power.BatteryDischargeMode5.Initial recorded 1 samples, mean = 4.0 (flags = 0x41)
0  ... 
4  -O                                                                        (1 = 100.0%) {0.0%}
5  ... 

Histogram: Power.BatteryDischargeMode5.Periodic recorded 302 samples, mean = 4.0 (flags = 0x41)
0  ... 
4  ------------------------------------------------------------------------O (302 = 100.0%) {0.0%}
5  ... 

Histogram: Power.BatteryDischargeMode5.TenMinutes recorded 30 samples, mean = 4.0 (flags = 0x41)
0  ... 
4  ------------------------------O                                           (30 = 100.0%) {0.0%}
5  ... 

Histogram: Power.BatteryDischargeMode5.ZeroWindow recorded 303 samples, mean = 4.0 (flags = 0x41)
0  ... 
4  ------------------------------------------------------------------------O (303 = 100.0%) {0.0%}
5  ... 

Histogram: Power.BatteryDischargeMode5.ZeroWindow.Initial recorded 1 samples, mean = 4.0 (flags = 0x41)
0  ... 
4  -O                                                                        (1 = 100.0%) {0.0%}
5  ... 

Histogram: Power.BatteryDischargeMode5.ZeroWindow.Periodic recorded 302 samples, mean = 4.0 (flags = 0x41)
0  ... 
4  ------------------------------------------------------------------------O (302 = 100.0%) {0.0%}
5  ... 

Histogram: Power.HasPreciseBatteryDischargeGranularity recorded 303 samples, mean = 0.0 (flags = 0x41)
0  ------------------------------------------------------------------------O (303 = 100.0%)
1  ... 

Histogram: Prefs.JSonStore.SetValueKey recorded 253 samples (flags = 0x41)
372921139   ------------------------------------------------------------------------O (112 = 44.3%)
852125461   -O                                                                        (2 = 0.8%)
1923415074  --------------O                                                           (22 = 8.7%)
1927273959  -O                                                                        (1 = 0.4%)
1936820420  -O                                                                        (2 = 0.8%)
1956100443  -O                                                                        (2 = 0.8%)
2056672062  -----------------------------------------------------------------------O  (111 = 43.9%)
2082524502  -O                                                                        (1 = 0.4%)

Histogram: Privacy.CookieControlsSetting.RegularProfile recorded 1 samples, mean = 2.0 (flags = 0x41)
0  ... 
2  -O                                                                        (1 = 100.0%) {0.0%}
3  O                                                                         (0 = 0.0%) {100.0%}

Histogram: Privacy.DIPS.BounceCategoryServer.Block3PC recorded 1 samples, mean = 0.0 (flags = 0x41)
0  -O                                                                        (1 = 100.0%)
1  ... 

Histogram: Privacy.DIPS.ClearedSitesCount.Block3PC recorded 6 samples, mean = 0.0 (flags = 0x41)
0  ------O                                                                   (6 = 100.0%)
1  ... 

Histogram: Privacy.DIPS.DIPSErrorCodes recorded 3 samples, mean = 2.0 (flags = 0x41)
0  --O                                                                       (2 = 66.7%)
1  ... 
6  -O                                                                        (1 = 33.3%) {66.7%}
7  ... 

Histogram: Privacy.DIPS.Database.Operation.FilterSitesWithProtectiveEventTime recorded 1 samples, mean = 0.0 (flags = 0x41)
0  -O                                                                        (1 = 100.0%)
1  ... 

Histogram: Privacy.DIPS.Database.Operation.GetSitesThatBouncedWithStateTime recorded 6 samples, mean = 0.0 (flags = 0x41)
0  ------O                                                                   (6 = 100.0%)
1  ... 

Histogram: Privacy.DIPS.Database.Operation.InitTime recorded 1 samples, mean = 1.0 (flags = 0x41)
0  O                                                                         (0 = 0.0%)
1  -O                                                                        (1 = 100.0%) {0.0%}
2  ... 

Histogram: Privacy.DIPS.Database.Operation.ReadPopupTime recorded 1 samples, mean = 0.0 (flags = 0x41)
0  -O                                                                        (1 = 100.0%)
1  ... 

Histogram: Privacy.DIPS.Database.Operation.ReadTime recorded 3 samples, mean = 0.0 (flags = 0x41)
0  ---O                                                                      (3 = 100.0%)
1  ... 

Histogram: Privacy.DIPS.Database.Operation.RemoveRowsTime recorded 1 samples, mean = 169.0 (flags = 0x41)
0    ... 
160  -O                                                                        (1 = 100.0%) {0.0%}
190  ... 

Histogram: Privacy.DIPS.Database.Operation.WriteTime recorded 1 samples, mean = 243.0 (flags = 0x41)
0    ... 
226  -O                                                                        (1 = 100.0%) {0.0%}
268  ... 

Histogram: Privacy.DIPS.DatabaseEntryCount recorded 1 samples, mean = 1.0 (flags = 0x41)
0  O                                                                         (0 = 0.0%)
1  -O                                                                        (1 = 100.0%) {0.0%}
2  ... 

Histogram: Privacy.DIPS.DatabaseHealthMetricsTime recorded 1 samples, mean = 0.0 (flags = 0x41)
0  -O                                                                        (1 = 100.0%)
1  ... 

Histogram: Privacy.DIPS.DatabaseInit recorded 1 samples, mean = 1.0 (flags = 0x41)
0  O                                                                         (0 = 0.0%)
1  -O                                                                        (1 = 100.0%) {0.0%}
2  ... 

Histogram: Privacy.DIPS.DatabaseSize recorded 1 samples, mean = 36.0 (flags = 0x41)
0  -O                                                                        (1 = 100.0%)
1000... 

Histogram: Privacy.DoNotTrackSetting2 recorded 1 samples, mean = 0.0 (flags = 0x41)
0  -O                                                                        (1 = 100.0%)
1  ... 

Histogram: Privacy.ThirdPartyCookieBlockingSetting.RegularProfile recorded 1 samples, mean = 0.0 (flags = 0x41)
0  -O                                                                        (1 = 100.0%)
1  ... 

Histogram: PrivacyBudget.Identifiability.FinchConfigValidationResult recorded 1 samples, mean = 1.0 (flags = 0x41)
0  O                                                                         (0 = 0.0%)
1  -O                                                                        (1 = 100.0%) {0.0%}
2  O                                                                         (0 = 0.0%) {100.0%}

Histogram: PrivacySandbox.NoticeRequirement.IsVariationCountryEmpty recorded 3 samples, mean = 1.0 (flags = 0x41)
0  O                                                                         (0 = 0.0%)
1  ---O                                                                      (3 = 100.0%) {0.0%}
2  O                                                                         (0 = 0.0%) {100.0%}

Histogram: PrivacySandbox.NoticeRequirement.IsVariationServiceReady recorded 3 samples, mean = 1.0 (flags = 0x41)
0  O                                                                         (0 = 0.0%)
1  ---O                                                                      (3 = 100.0%) {0.0%}
2  O                                                                         (0 = 0.0%) {100.0%}

Histogram: PrivacySandbox.TrackingProtection.OnboardingStartup.State recorded 1 samples, mean = 0.0 (flags = 0x41)
0  -O                                                                        (1 = 100.0%)
1  ... 

Histogram: PrivacySandbox.TrackingProtection.SilentOnboardingStartup.State recorded 1 samples, mean = 0.0 (flags = 0x41)
0  -O                                                                        (1 = 100.0%)
1  ... 

Histogram: Profile.AppCount recorded 1 samples, mean = 0.0 (flags = 0x41)
0  -O                                                                        (1 = 100.0%)
1  ... 

Histogram: Profile.BookmarksSize recorded 1 samples, mean = 0.0 (flags = 0x41)
0  -O                                                                        (1 = 100.0%)
1  ... 

Histogram: Profile.CookiesSize recorded 1 samples, mean = 0.0 (flags = 0x41)
0  -O                                                                        (1 = 100.0%)
1  ... 

Histogram: Profile.Destroyer.OffTheRecord recorded 1 samples, mean = 1.0 (flags = 0x41)
0  O                                                                         (0 = 0.0%)
1  -O                                                                        (1 = 100.0%) {0.0%}
2  ... 

Histogram: Profile.DidDestroyProfileBeforeShutdown recorded 1 samples, mean = 0.0 (flags = 0x41)
0  -O                                                                        (1 = 100.0%)
1  ... 

Histogram: Profile.ExtensionSize recorded 1 samples, mean = 0.0 (flags = 0x41)
0  -O                                                                        (1 = 100.0%)
1  ... 

Histogram: Profile.FaviconsSize recorded 1 samples, mean = 0.0 (flags = 0x41)
0  -O                                                                        (1 = 100.0%)
1  ... 

Histogram: Profile.HistorySize recorded 1 samples, mean = 0.0 (flags = 0x41)
0  -O                                                                        (1 = 100.0%)
1  ... 

Histogram: Profile.KeepAliveLeakAtShutdown recorded 2 samples, mean = 3.5 (flags = 0x41)
0  -O                                                                        (1 = 50.0%)
1  ... 
7  -O                                                                        (1 = 50.0%) {50.0%}
8  ... 

Histogram: Profile.LiveProfileCount recorded 10 samples, mean = 1.0 (flags = 0x41)
0  O                                                                         (0 = 0.0%)
1  ----------O                                                               (10 = 100.0%) {0.0%}
2  ... 

Histogram: Profile.TopSitesSize recorded 1 samples, mean = 0.0 (flags = 0x41)
0  -O                                                                        (1 = 100.0%)
1  ... 

Histogram: Profile.TotalHistorySize recorded 1 samples, mean = 0.0 (flags = 0x41)
0  -O                                                                        (1 = 100.0%)
1  ... 

Histogram: Profile.TotalSize recorded 1 samples, mean = 0.0 (flags = 0x41)
0  -O                                                                        (1 = 100.0%)
1  ... 

Histogram: Profile.TotalSizeRecursive recorded 1 samples, mean = 16.0 (flags = 0x41)
0   ... 
14  -O                                                                        (1 = 100.0%) {0.0%}
17  ... 

Histogram: Profile.TriggeredReset recorded 1 samples, mean = 0.0 (flags = 0x41)
0  -O                                                                        (1 = 100.0%)
1  ... 

Histogram: Profile.VisitedLinksSize recorded 1 samples, mean = 0.0 (flags = 0x41)
0  -O                                                                        (1 = 100.0%)
1  ... 

Histogram: Profile.WebDataSize recorded 1 samples, mean = 0.0 (flags = 0x41)
0  -O                                                                        (1 = 100.0%)
1  ... 

Histogram: Profile.ZombieProfileCount recorded 10 samples, mean = 0.0 (flags = 0x41)
0  ----------O                                                               (10 = 100.0%)
1  ... 

Histogram: ProfilePicker.StartupMode.CreateInitialProfile recorded 1 samples, mean = 0.0 (flags = 0x41)
0  -O                                                                        (1 = 100.0%)
1  ... 

Histogram: ProfilePicker.StartupMode.GetStartupProfile recorded 1 samples, mean = 0.0 (flags = 0x41)
0  -O                                                                        (1 = 100.0%)
1  ... 

Histogram: ProfilePicker.StartupReason.GetStartupProfile recorded 1 samples, mean = 27.0 (flags = 0x41)
0   ... 
27  -O                                                                        (1 = 100.0%) {0.0%}
28  ... 

Histogram: ProtoDB.GetErrorStatus.Metadata recorded 0 samples (flags = 0x41)
0 ... 

Histogram: ProtoDB.GetFound.Metadata recorded 18 samples, mean = 1.0 (flags = 0x41)
0  O                                                                         (0 = 0.0%)
1  ------------------O                                                       (18 = 100.0%) {0.0%}
2  O                                                                         (0 = 0.0%) {100.0%}

Histogram: ProtoDB.GetSuccess.Metadata recorded 18 samples, mean = 1.0 (flags = 0x41)
0  O                                                                         (0 = 0.0%)
1  ------------------O                                                       (18 = 100.0%) {0.0%}
2  O                                                                         (0 = 0.0%) {100.0%}

Histogram: ProtoDB.InitStatus.BudgetManager recorded 1 samples, mean = 4.0 (flags = 0x41)
0  ... 
4  -O                                                                        (1 = 100.0%) {0.0%}
5  ... 

Histogram: ProtoDB.InitStatus.CartDatabase recorded 1 samples, mean = 4.0 (flags = 0x41)
0  ... 
4  -O                                                                        (1 = 100.0%) {0.0%}
5  ... 

Histogram: ProtoDB.InitStatus.ClientCertificatesDatabase recorded 1 samples, mean = 4.0 (flags = 0x41)
0  ... 
4  -O                                                                        (1 = 100.0%) {0.0%}
5  ... 

Histogram: ProtoDB.InitStatus.CommerceParcelTrackingDatabase recorded 1 samples, mean = 4.0 (flags = 0x41)
0  ... 
4  -O                                                                        (1 = 100.0%) {0.0%}
5  ... 

Histogram: ProtoDB.InitStatus.CommerceSubscriptionDatabase recorded 1 samples, mean = 4.0 (flags = 0x41)
0  ... 
4  -O                                                                        (1 = 100.0%) {0.0%}
5  ... 

Histogram: ProtoDB.InitStatus.CouponDatabase recorded 1 samples, mean = 4.0 (flags = 0x41)
0  ... 
4  -O                                                                        (1 = 100.0%) {0.0%}
5  ... 

Histogram: ProtoDB.InitStatus.DiscountsDatabase recorded 1 samples, mean = 4.0 (flags = 0x41)
0  ... 
4  -O                                                                        (1 = 100.0%) {0.0%}
5  ... 

Histogram: ProtoDB.InitStatus.DownloadDB recorded 1 samples, mean = 4.0 (flags = 0x41)
0  ... 
4  -O                                                                        (1 = 100.0%) {0.0%}
5  ... 

Histogram: ProtoDB.InitStatus.DownloadService recorded 1 samples, mean = 4.0 (flags = 0x41)
0  ... 
4  -O                                                                        (1 = 100.0%) {0.0%}
5  ... 

Histogram: ProtoDB.InitStatus.FeatureEngagementTrackerAvailabilityStore recorded 1 samples, mean = 4.0 (flags = 0x41)
0  ... 
4  -O                                                                        (1 = 100.0%) {0.0%}
5  ... 

Histogram: ProtoDB.InitStatus.FeatureEngagementTrackerEventStore recorded 1 samples, mean = 4.0 (flags = 0x41)
0  ... 
4  -O                                                                        (1 = 100.0%) {0.0%}
5  ... 

Histogram: ProtoDB.InitStatus.Metadata recorded 1 samples, mean = 0.0 (flags = 0x41)
0  -O                                                                        (1 = 100.0%)
1  ... 

Histogram: ProtoDB.InitStatus.PersistentOriginTrials recorded 1 samples, mean = 4.0 (flags = 0x41)
0  ... 
4  -O                                                                        (1 = 100.0%) {0.0%}
5  ... 

Histogram: ProtoDB.InitStatus.PreviewsHintCacheStore recorded 1 samples, mean = 4.0 (flags = 0x41)
0  ... 
4  -O                                                                        (1 = 100.0%) {0.0%}
5  ... 

Histogram: ProtoDB.InitStatus.SegmentInfoDatabase recorded 1 samples, mean = 4.0 (flags = 0x41)
0  ... 
4  -O                                                                        (1 = 100.0%) {0.0%}
5  ... 

Histogram: ProtoDB.InitStatus.SharedDb recorded 1 samples, mean = 0.0 (flags = 0x41)
0  -O                                                                        (1 = 100.0%)
1  ... 

Histogram: ProtoDB.InitStatus.SignalDatabase recorded 1 samples, mean = 4.0 (flags = 0x41)
0  ... 
4  -O                                                                        (1 = 100.0%) {0.0%}
5  ... 

Histogram: ProtoDB.InitStatus.SignalStorageConfigDatabase recorded 1 samples, mean = 4.0 (flags = 0x41)
0  ... 
4  -O                                                                        (1 = 100.0%) {0.0%}
5  ... 

Histogram: ProtoDB.InitStatus.StrikeService recorded 1 samples, mean = 4.0 (flags = 0x41)
0  ... 
4  -O                                                                        (1 = 100.0%) {0.0%}
5  ... 

Histogram: ProtoDB.LoadEntriesSuccess.CartDatabase recorded 1 samples, mean = 1.0 (flags = 0x41)
0  O                                                                         (0 = 0.0%)
1  -O                                                                        (1 = 100.0%) {0.0%}
2  O                                                                         (0 = 0.0%) {100.0%}

Histogram: ProtoDB.LoadEntriesSuccess.CommerceSubscriptionDatabase recorded 1 samples, mean = 1.0 (flags = 0x41)
0  O                                                                         (0 = 0.0%)
1  -O                                                                        (1 = 100.0%) {0.0%}
2  O                                                                         (0 = 0.0%) {100.0%}

Histogram: ProtoDB.LoadEntriesSuccess.CouponDatabase recorded 1 samples, mean = 1.0 (flags = 0x41)
0  O                                                                         (0 = 0.0%)
1  -O                                                                        (1 = 100.0%) {0.0%}
2  O                                                                         (0 = 0.0%) {100.0%}

Histogram: ProtoDB.LoadEntriesSuccess.DownloadDB recorded 1 samples, mean = 1.0 (flags = 0x41)
0  O                                                                         (0 = 0.0%)
1  -O                                                                        (1 = 100.0%) {0.0%}
2  O                                                                         (0 = 0.0%) {100.0%}

Histogram: ProtoDB.LoadEntriesSuccess.DownloadService recorded 1 samples, mean = 1.0 (flags = 0x41)
0  O                                                                         (0 = 0.0%)
1  -O                                                                        (1 = 100.0%) {0.0%}
2  O                                                                         (0 = 0.0%) {100.0%}

Histogram: ProtoDB.LoadEntriesSuccess.FeatureEngagementTrackerAvailabilityStore recorded 1 samples, mean = 1.0 (flags = 0x41)
0  O                                                                         (0 = 0.0%)
1  -O                                                                        (1 = 100.0%) {0.0%}
2  O                                                                         (0 = 0.0%) {100.0%}

Histogram: ProtoDB.LoadEntriesSuccess.FeatureEngagementTrackerEventStore recorded 1 samples, mean = 1.0 (flags = 0x41)
0  O                                                                         (0 = 0.0%)
1  -O                                                                        (1 = 100.0%) {0.0%}
2  O                                                                         (0 = 0.0%) {100.0%}

Histogram: ProtoDB.LoadEntriesSuccess.PersistentOriginTrials recorded 1 samples, mean = 1.0 (flags = 0x41)
0  O                                                                         (0 = 0.0%)
1  -O                                                                        (1 = 100.0%) {0.0%}
2  O                                                                         (0 = 0.0%) {100.0%}

Histogram: ProtoDB.LoadEntriesSuccess.SegmentInfoDatabase recorded 1 samples, mean = 1.0 (flags = 0x41)
0  O                                                                         (0 = 0.0%)
1  -O                                                                        (1 = 100.0%) {0.0%}
2  O                                                                         (0 = 0.0%) {100.0%}

Histogram: ProtoDB.LoadEntriesSuccess.SignalStorageConfigDatabase recorded 1 samples, mean = 1.0 (flags = 0x41)
0  O                                                                         (0 = 0.0%)
1  -O                                                                        (1 = 100.0%) {0.0%}
2  O                                                                         (0 = 0.0%) {100.0%}

Histogram: ProtoDB.LoadKeysAndEntriesSuccess.PreviewsHintCacheStore recorded 2 samples, mean = 1.0 (flags = 0x41)
0  O                                                                         (0 = 0.0%)
1  --O                                                                       (2 = 100.0%) {0.0%}
2  O                                                                         (0 = 0.0%) {100.0%}

Histogram: ProtoDB.LoadKeysAndEntriesSuccess.SignalDatabase recorded 20 samples, mean = 1.0 (flags = 0x41)
0  O                                                                         (0 = 0.0%)
1  --------------------O                                                     (20 = 100.0%) {0.0%}
2  O                                                                         (0 = 0.0%) {100.0%}

Histogram: ProtoDB.LoadKeysAndEntriesSuccess.StrikeService recorded 1 samples, mean = 1.0 (flags = 0x41)
0  O                                                                         (0 = 0.0%)
1  -O                                                                        (1 = 100.0%) {0.0%}
2  O                                                                         (0 = 0.0%) {100.0%}

Histogram: ProtoDB.SharedDbInitStatus recorded 53 samples, mean = 11.4 (flags = 0x41)
0   ------------------O                                                       (18 = 34.0%)
1   ... 
11  -----------------O                                                        (17 = 32.1%) {34.0%}
12  ... 
23  -----------------O                                                        (17 = 32.1%) {66.0%}
24  ... 
27  -O                                                                        (1 = 1.9%) {98.1%}
28  ... 

Histogram: ProtoDB.UpdateErrorStatus.CartDatabase recorded 0 samples (flags = 0x41)
0 ... 

Histogram: ProtoDB.UpdateErrorStatus.CouponDatabase recorded 0 samples (flags = 0x41)
0 ... 

Histogram: ProtoDB.UpdateErrorStatus.Default recorded 0 samples (flags = 0x41)
0 ... 

Histogram: ProtoDB.UpdateErrorStatus.FeatureEngagementTrackerAvailabilityStore recorded 0 samples (flags = 0x41)
0 ... 

Histogram: ProtoDB.UpdateErrorStatus.Metadata recorded 0 samples (flags = 0x41)
0 ... 

Histogram: ProtoDB.UpdateErrorStatus.SegmentInfoDatabase recorded 0 samples (flags = 0x41)
0 ... 

Histogram: ProtoDB.UpdateErrorStatus.SignalDatabase recorded 0 samples (flags = 0x41)
0 ... 

Histogram: ProtoDB.UpdateErrorStatus.SignalStorageConfigDatabase recorded 0 samples (flags = 0x41)
0 ... 

Histogram: ProtoDB.UpdateSuccess.CartDatabase recorded 1 samples, mean = 1.0 (flags = 0x41)
0  O                                                                         (0 = 0.0%)
1  -O                                                                        (1 = 100.0%) {0.0%}
2  O                                                                         (0 = 0.0%) {100.0%}

Histogram: ProtoDB.UpdateSuccess.CouponDatabase recorded 1 samples, mean = 1.0 (flags = 0x41)
0  O                                                                         (0 = 0.0%)
1  -O                                                                        (1 = 100.0%) {0.0%}
2  O                                                                         (0 = 0.0%) {100.0%}

Histogram: ProtoDB.UpdateSuccess.Default recorded 5 samples, mean = 1.0 (flags = 0x41)
0  O                                                                         (0 = 0.0%)
1  -----O                                                                    (5 = 100.0%) {0.0%}
2  O                                                                         (0 = 0.0%) {100.0%}

Histogram: ProtoDB.UpdateSuccess.FeatureEngagementTrackerAvailabilityStore recorded 1 samples, mean = 1.0 (flags = 0x41)
0  O                                                                         (0 = 0.0%)
1  -O                                                                        (1 = 100.0%) {0.0%}
2  O                                                                         (0 = 0.0%) {100.0%}

Histogram: ProtoDB.UpdateSuccess.Metadata recorded 1 samples, mean = 1.0 (flags = 0x41)
0  O                                                                         (0 = 0.0%)
1  -O                                                                        (1 = 100.0%) {0.0%}
2  O                                                                         (0 = 0.0%) {100.0%}

Histogram: ProtoDB.UpdateSuccess.SegmentInfoDatabase recorded 11 samples, mean = 1.0 (flags = 0x41)
0  O                                                                         (0 = 0.0%)
1  -----------O                                                              (11 = 100.0%) {0.0%}
2  O                                                                         (0 = 0.0%) {100.0%}

Histogram: ProtoDB.UpdateSuccess.SignalDatabase recorded 20 samples, mean = 1.0 (flags = 0x41)
0  O                                                                         (0 = 0.0%)
1  --------------------O                                                     (20 = 100.0%) {0.0%}
2  O                                                                         (0 = 0.0%) {100.0%}

Histogram: ProtoDB.UpdateSuccess.SignalStorageConfigDatabase recorded 1 samples, mean = 1.0 (flags = 0x41)
0  O                                                                         (0 = 0.0%)
1  -O                                                                        (1 = 100.0%) {0.0%}
2  O                                                                         (0 = 0.0%) {100.0%}

Histogram: Quota.AvailableDiskSpace recorded 16 samples, mean = 802682.7 (flags = 0x41)
0       ... 
764286  ----------------O                                                         (16 = 100.0%) {0.0%}
891576  ... 

Histogram: Quota.AvailableDiskSpace2 recorded 5 samples, mean = 802585.2 (flags = 0x41)
0       ... 
764286  -----O                                                                    (5 = 100.0%) {0.0%}
891576  ... 

Histogram: Quota.EvictedBucketsPerHour recorded 5 samples, mean = 0.0 (flags = 0x41)
0  -----O                                                                    (5 = 100.0%)
1  ... 

Histogram: Quota.EvictionRoundsPerHour recorded 5 samples, mean = 2.0 (flags = 0x41)
0  ... 
2  -----O                                                                    (5 = 100.0%) {0.0%}
3  ... 

Histogram: Quota.GlobalTemporaryPoolSize recorded 11 samples, mean = 1524986.0 (flags = 0x41)
0        ... 
1415357  -----------O                                                              (11 = 100.0%) {0.0%}
1651082  ... 

Histogram: Quota.GlobalUsageOfTemporaryStorage recorded 5 samples, mean = 0.0 (flags = 0x41)
0  -----O                                                                    (5 = 100.0%)
1  ... 

Histogram: Quota.PercentDiskAvailable recorded 16 samples, mean = 42.0 (flags = 0x41)
0   ... 
42  ----------------O                                                         (16 = 100.0%) {0.0%}
43  ... 

Histogram: Quota.PercentDiskAvailable2 recorded 5 samples, mean = 42.0 (flags = 0x41)
0   ... 
42  -----O                                                                    (5 = 100.0%) {0.0%}
43  ... 

Histogram: Quota.PercentUsedForTemporaryStorage2 recorded 5 samples, mean = 0.0 (flags = 0x41)
0  -----O                                                                    (5 = 100.0%)
1  ... 

Histogram: Quota.SkippedEvictionRoundsPerHour recorded 5 samples, mean = 2.0 (flags = 0x41)
0  ... 
2  -----O                                                                    (5 = 100.0%) {0.0%}
3  ... 

Histogram: Quota.StorageKeyNonceCount recorded 5 samples, mean = 0.0 (flags = 0x41)
0  -----O                                                                    (5 = 100.0%)
1  ... 

Histogram: Quota.TotalBucketCount recorded 5 samples, mean = 0.0 (flags = 0x41)
0  -----O                                                                    (5 = 100.0%)
1  ... 

Histogram: Quota.TotalDiskSpace recorded 16 samples, mean = 1906233.0 (flags = 0x41)
0        ... 
1651082  ----------------O                                                         (16 = 100.0%) {0.0%}
1926066  ... 

Histogram: Quota.TotalDiskSpaceIsZero recorded 11 samples, mean = 0.0 (flags = 0x41)
0  -----------O                                                              (11 = 100.0%)
1  ... 

Histogram: ReadingList.Read.Count.OnModelLoaded.AccountStorage recorded 1 samples, mean = 0.0 (flags = 0x41)
0  -O                                                                        (1 = 100.0%)
1  ... 

Histogram: ReadingList.Read.Count.OnModelLoaded.LocalStorage recorded 1 samples, mean = 0.0 (flags = 0x41)
0  -O                                                                        (1 = 100.0%)
1  ... 

Histogram: ReadingList.Unread.Count.OnModelLoaded.AccountStorage recorded 1 samples, mean = 0.0 (flags = 0x41)
0  -O                                                                        (1 = 100.0%)
1  ... 

Histogram: ReadingList.Unread.Count.OnModelLoaded.LocalStorage recorded 1 samples, mean = 0.0 (flags = 0x41)
0  -O                                                                        (1 = 100.0%)
1  ... 

Histogram: Renderer.Core.Timing.Performance.SwapsPerPerformanceEntryInsertion recorded 67 samples, mean = 1.0 (flags = 0x41)
0   ------------------------------------------------------O                   (54 = 80.6%)
1   --O                                                                       (2 = 3.0%) {80.6%}
2   -O                                                                        (1 = 1.5%) {83.6%}
3   ---O                                                                      (3 = 4.5%) {85.1%}
4   -O                                                                        (1 = 1.5%) {89.6%}
5   O                                                                         (0 = 0.0%) {91.0%}
6   ---O                                                                      (3 = 4.5%) {91.0%}
7   -O                                                                        (1 = 1.5%) {95.5%}
8   O                                                                         (0 = 0.0%) {97.0%}
9   -O                                                                        (1 = 1.5%) {97.0%}
10  ... 
14  -O                                                                        (1 = 1.5%) {98.5%}
16  ... 

Histogram: Renderer.CriticalFonts.BlockingResourcesLoadTime recorded 1 samples, mean = 16828.0 (flags = 0x41)
0      ... 
10000  -O                                                                        (1 = 100.0%) {0.0%}

Histogram: Renderer.CriticalFonts.CriticalFontDelay recorded 1 samples, mean = 0.0 (flags = 0x41)
0  -O                                                                        (1 = 100.0%)
1  ... 

Histogram: Renderer.CriticalFonts.PreloadedFontsLoadTime recorded 1 samples, mean = 16011.0 (flags = 0x41)
0      ... 
10000  -O                                                                        (1 = 100.0%) {0.0%}

Histogram: Renderer.Font.PrimaryFont.DomContentLoaded recorded 1 samples, mean = 19.0 (flags = 0x41)
0   ... 
17  -O                                                                        (1 = 100.0%) {0.0%}
20  ... 

Histogram: Renderer.Font.PrimaryFont.DomContentLoaded.Style recorded 1 samples, mean = 0.0 (flags = 0x41)
0  -O                                                                        (1 = 100.0%)
1  ... 

Histogram: Renderer.Font.SystemFallback.DomContentLoaded recorded 1 samples, mean = 0.0 (flags = 0x41)
0  -O                                                                        (1 = 100.0%)
1  ... 

Histogram: Renderer.Layout.TextWrapBalance recorded 3 samples, mean = 0.0 (flags = 0x41)
0  ---O                                                                      (3 = 100.0%)
1  ... 

Histogram: Renderer.ProcessLifetime3 recorded 3 samples, mean = 12157148.0 (flags = 0x41)
0         ... 
7186      -O                                                                        (1 = 33.3%) {0.0%}
8070      ... 
17033953  --O                                                                       (2 = 66.7%) {33.3%}
19128757  ... 

Histogram: Renderer.ProcessLifetime3.Empty recorded 1 samples, mean = 18228156.0 (flags = 0x41)
0         ... 
17033953  -O                                                                        (1 = 100.0%) {0.0%}
19128757  ... 

Histogram: Renderer.ProcessLifetime3.MainFrame recorded 1 samples, mean = 18235418.0 (flags = 0x41)
0         ... 
17033953  -O                                                                        (1 = 100.0%) {0.0%}
19128757  ... 

Histogram: Renderer.ProcessLifetime3.Speculative recorded 1 samples, mean = 7870.0 (flags = 0x41)
0     ... 
7186  -O                                                                        (1 = 100.0%) {0.0%}
8070  ... 

Histogram: Renderer.ReduceSubresourceResponseIPC.DidNotifyBrowser recorded 46 samples, mean = 1.0 (flags = 0x41)
0  O                                                                         (0 = 0.0%)
1  ----------------------------------------------O                           (46 = 100.0%) {0.0%}
2  O                                                                         (0 = 0.0%) {100.0%}

Histogram: Renderer4.GpuRasterizationEnabled recorded 1 samples, mean = 1.0 (flags = 0x41)
0  O                                                                         (0 = 0.0%)
1  -O                                                                        (1 = 100.0%) {0.0%}
2  O                                                                         (0 = 0.0%) {100.0%}

Histogram: RendererScheduler.RendererMainThreadLoad5 recorded 36485 samples, mean = 0.0 (flags = 0x41)
0    ------------------------------------------------------------------------O (36469 = 100.0%)
1    O                                                                         (1 = 0.0%) {100.0%}
2    ... 
4    O                                                                         (1 = 0.0%) {100.0%}
5    O                                                                         (0 = 0.0%) {100.0%}
6    O                                                                         (2 = 0.0%) {100.0%}
7    ... 
14   O                                                                         (1 = 0.0%) {100.0%}
15   ... 
28   O                                                                         (1 = 0.0%) {100.0%}
29   ... 
37   O                                                                         (1 = 0.0%) {100.0%}
38   O                                                                         (0 = 0.0%) {100.0%}
39   O                                                                         (1 = 0.0%) {100.0%}
40   O                                                                         (0 = 0.0%) {100.0%}
41   O                                                                         (1 = 0.0%) {100.0%}
42   ... 
55   O                                                                         (1 = 0.0%) {100.0%}
56   ... 
67   O                                                                         (1 = 0.0%) {100.0%}
68   ... 
80   O                                                                         (1 = 0.0%) {100.0%}
81   ... 
87   O                                                                         (1 = 0.0%) {100.0%}
88   ... 
99   O                                                                         (2 = 0.0%) {100.0%}
100  O                                                                         (1 = 0.0%) {100.0%}
101  O                                                                         (0 = 0.0%) {100.0%}

Histogram: RendererScheduler.RendererMainThreadLoad5.Background recorded 18235 samples, mean = 0.0 (flags = 0x41)
0  ------------------------------------------------------------------------O (18235 = 100.0%)
1  ... 

Histogram: RendererScheduler.RendererMainThreadLoad5.Background.AfterFifthMinute recorded 17929 samples, mean = 0.0 (flags = 0x41)
0  ------------------------------------------------------------------------O (17929 = 100.0%)
1  ... 

Histogram: RendererScheduler.RendererMainThreadLoad5.Background.AfterFirstMinute recorded 18169 samples, mean = 0.0 (flags = 0x41)
0  ------------------------------------------------------------------------O (18169 = 100.0%)
1  ... 

Histogram: RendererScheduler.RendererMainThreadLoad5.Background.AfterTenthMinute recorded 17629 samples, mean = 0.0 (flags = 0x41)
0  ------------------------------------------------------------------------O (17629 = 100.0%)
1  ... 

Histogram: RendererScheduler.RendererMainThreadLoad5.Foreground recorded 18249 samples, mean = 0.0 (flags = 0x41)
0    ------------------------------------------------------------------------O (18234 = 99.9%)
1    ... 
3    O                                                                         (1 = 0.0%) {99.9%}
4    ... 
6    O                                                                         (2 = 0.0%) {99.9%}
7    ... 
28   O                                                                         (2 = 0.0%) {99.9%}
29   ... 
37   O                                                                         (1 = 0.0%) {99.9%}
38   O                                                                         (0 = 0.0%) {100.0%}
39   O                                                                         (2 = 0.0%) {100.0%}
40   ... 
55   O                                                                         (1 = 0.0%) {100.0%}
56   ... 
64   O                                                                         (1 = 0.0%) {100.0%}
65   ... 
82   O                                                                         (1 = 0.0%) {100.0%}
83   ... 
86   O                                                                         (1 = 0.0%) {100.0%}
87   O                                                                         (1 = 0.0%) {100.0%}
88   ... 
99   O                                                                         (1 = 0.0%) {100.0%}
100  O                                                                         (1 = 0.0%) {100.0%}
101  O                                                                         (0 = 0.0%) {100.0%}

Histogram: RendererScheduler.RendererMainThreadLoad5.Foreground.AfterFirstMinute recorded 18169 samples, mean = 0.0 (flags = 0x41)
0  ------------------------------------------------------------------------O (18169 = 100.0%)
1  ... 

Histogram: ReportingAndNEL.NumberOfLoadedNELPolicies recorded 1 samples, mean = 0.0 (flags = 0x41)
0  -O                                                                        (1 = 100.0%)
1  ... 

Histogram: ReportingAndNEL.NumberOfLoadedNELPolicies2 recorded 1 samples, mean = 0.0 (flags = 0x41)
0  -O                                                                        (1 = 100.0%)
1  ... 

Histogram: ReportingAndNEL.TimeInitializeDB recorded 1 samples, mean = 3.0 (flags = 0x41)
0  ... 
3  -O                                                                        (1 = 100.0%) {0.0%}
4  ... 

Histogram: ResourceScheduler.RequestQueuingDuration.Priority1 recorded 114 samples, mean = 0.0 (flags = 0x41)
0  ------------------------------------------------------------------------O (113 = 99.1%)
1  O                                                                         (0 = 0.0%) {99.1%}
2  -O                                                                        (1 = 0.9%) {99.1%}
3  ... 

Histogram: ResourceScheduler.RequestQueuingDuration.Priority2 recorded 29 samples, mean = 0.0 (flags = 0x41)
0  -----------------------------O                                            (29 = 100.0%)
1  ... 

Histogram: ResourceScheduler.RequestQueuingDuration.Priority3 recorded 1 samples, mean = 0.0 (flags = 0x41)
0  -O                                                                        (1 = 100.0%)
1  ... 

Histogram: ResourceScheduler.RequestQueuingDuration.Priority4 recorded 6 samples, mean = 0.0 (flags = 0x41)
0  ------O                                                                   (6 = 100.0%)
1  ... 

Histogram: ResourceScheduler.RequestQueuingDuration.Priority5 recorded 13 samples, mean = 0.0 (flags = 0x41)
0  -------------O                                                            (13 = 100.0%)
1  ... 

Histogram: SBClientPhishing.Classifier.Event recorded 2 samples, mean = 1.0 (flags = 0x41)
0  O                                                                         (0 = 0.0%)
1  --O                                                                       (2 = 100.0%) {0.0%}
2  ... 

Histogram: SBClientPhishing.HighConfidenceAllowlistCheckDuration recorded 1 samples, mean = 1302.0 (flags = 0x41)
0     ... 
1177  -O                                                                        (1 = 100.0%) {0.0%}
1496  ... 

Histogram: SBClientPhishing.ImageEmbedder.Event recorded 2 samples, mean = 1.0 (flags = 0x41)
0  O                                                                         (0 = 0.0%)
1  --O                                                                       (2 = 100.0%) {0.0%}
2  ... 

Histogram: SBClientPhishing.LoadReportTimesFromPrefAtServiceCreationSuccessful recorded 1 samples, mean = 1.0 (flags = 0x41)
0  O                                                                         (0 = 0.0%)
1  -O                                                                        (1 = 100.0%) {0.0%}
2  O                                                                         (0 = 0.0%) {100.0%}

Histogram: SBClientPhishing.MatchHighConfidenceAllowlist recorded 1 samples, mean = 3.0 (flags = 0x41)
0  ... 
3  -O                                                                        (1 = 100.0%) {0.0%}
4  O                                                                         (0 = 0.0%) {100.0%}

Histogram: SBClientPhishing.MatchHighConfidenceAllowlist.TriggerModel recorded 1 samples, mean = 3.0 (flags = 0x41)
0  ... 
3  -O                                                                        (1 = 100.0%) {0.0%}
4  O                                                                         (0 = 0.0%) {100.0%}

Histogram: SBClientPhishing.PreClassificationCheckResult recorded 1 samples, mean = 3.0 (flags = 0x41)
0  ... 
3  -O                                                                        (1 = 100.0%) {0.0%}
4  ... 

Histogram: SSL.Experimental.SubresourceResponse recorded 46 samples, mean = 0.0 (flags = 0x41)
0  ----------------------------------------------O                           (46 = 100.0%)
1  ... 

Histogram: SafeBrowsing.AsyncCheck.CommittedNavigationIdsSize recorded 5 samples, mean = 1.6 (flags = 0x41)
0  -O                                                                        (1 = 20.0%)
1  -O                                                                        (1 = 20.0%) {20.0%}
2  --O                                                                       (2 = 40.0%) {40.0%}
3  -O                                                                        (1 = 20.0%) {80.0%}
4  ... 

Histogram: SafeBrowsing.BrowserThrottle.CheckerOnIOLifetime recorded 1 samples, mean = 8581.0 (flags = 0x41)
0     ... 
8000  -O                                                                        (1 = 100.0%) {0.0%}
10165 ... 

Histogram: SafeBrowsing.BrowserThrottle.IntervalBetweenStartAndProcess recorded 1 samples, mean = 8580.0 (flags = 0x41)
0     ... 
8416  -O                                                                        (1 = 100.0%) {0.0%}
10000 O                                                                         (0 = 0.0%) {100.0%}

Histogram: SafeBrowsing.BrowserThrottle.IntervalBetweenStartAndProcess.FromNetwork recorded 1 samples, mean = 8580.0 (flags = 0x41)
0     ... 
8416  -O                                                                        (1 = 100.0%) {0.0%}
10000 O                                                                         (0 = 0.0%) {100.0%}

Histogram: SafeBrowsing.BrowserThrottle.IsCheckCompletedOnProcessResponse recorded 1 samples, mean = 1.0 (flags = 0x41)
0  O                                                                         (0 = 0.0%)
1  -O                                                                        (1 = 100.0%) {0.0%}
2  O                                                                         (0 = 0.0%) {100.0%}

Histogram: SafeBrowsing.BrowserThrottle.RequestDestination recorded 1 samples, mean = 3.0 (flags = 0x41)
0  ... 
3  -O                                                                        (1 = 100.0%) {0.0%}
4  ... 

Histogram: SafeBrowsing.BrowserThrottle.RequestDestination.Checked recorded 1 samples, mean = 3.0 (flags = 0x41)
0  ... 
3  -O                                                                        (1 = 100.0%) {0.0%}
4  ... 

Histogram: SafeBrowsing.BrowserThrottle.TotalDelay2.FromNetwork recorded 1 samples, mean = 0.0 (flags = 0x41)
0  -O                                                                        (1 = 100.0%)
1  ... 

Histogram: SafeBrowsing.BrowserThrottle.TotalDelay2.HashPrefixDatabaseCheck recorded 2 samples, mean = 0.0 (flags = 0x41)
0  --O                                                                       (2 = 100.0%)
1  ... 

Histogram: SafeBrowsing.BrowserThrottle.WillProcessResponseCount recorded 1 samples, mean = 1.0 (flags = 0x41)
0  O                                                                         (0 = 0.0%)
1  -O                                                                        (1 = 100.0%) {0.0%}
2  ... 

Histogram: SafeBrowsing.CheckBrowseUrl.HasLocalMatch recorded 2 samples, mean = 1.0 (flags = 0x41)
0  O                                                                         (0 = 0.0%)
1  --O                                                                       (2 = 100.0%) {0.0%}
2  O                                                                         (0 = 0.0%) {100.0%}

Histogram: SafeBrowsing.CheckUrl.Action recorded 2 samples, mean = 0.0 (flags = 0x41)
0  --O                                                                       (2 = 100.0%)
1  ... 

Histogram: SafeBrowsing.CheckUrl.FirstRequestThreatType2 recorded 1 samples, mean = 1.0 (flags = 0x41)
0  O                                                                         (0 = 0.0%)
1  -O                                                                        (1 = 100.0%) {0.0%}
2  ... 

Histogram: SafeBrowsing.CheckUrl.FirstRequestThreatType2.LocalPVer4 recorded 1 samples, mean = 1.0 (flags = 0x41)
0  O                                                                         (0 = 0.0%)
1  -O                                                                        (1 = 100.0%) {0.0%}
2  ... 

Histogram: SafeBrowsing.CheckUrl.FirstRequestTimedOut recorded 1 samples, mean = 0.0 (flags = 0x41)
0  -O                                                                        (1 = 100.0%)
1  ... 

Histogram: SafeBrowsing.CheckUrl.FirstRequestTimedOut.LocalPVer4 recorded 1 samples, mean = 0.0 (flags = 0x41)
0  -O                                                                        (1 = 100.0%)
1  ... 

Histogram: SafeBrowsing.CheckUrl.IsDocumentCheckPrefetch recorded 2 samples, mean = 0.0 (flags = 0x41)
0  --O                                                                       (2 = 100.0%)
1  ... 

Histogram: SafeBrowsing.CheckUrl.TimeTaken.HashDatabase recorded 2 samples, mean = 1931.0 (flags = 0x41)
0     ... 
633   -O                                                                        (1 = 50.0%) {0.0%}
752   ... 
2990  -O                                                                        (1 = 50.0%) {50.0%}
3553  ... 

Histogram: SafeBrowsing.CheckUrl.Timeout recorded 2 samples, mean = 0.0 (flags = 0x41)
0  --O                                                                       (2 = 100.0%)
1  ... 

Histogram: SafeBrowsing.CheckUrl.UrlScheme recorded 2 samples, mean = 10.0 (flags = 0x41)
0   ... 
10  --O                                                                       (2 = 100.0%) {0.0%}
11  ... 

Histogram: SafeBrowsing.ClientSidePhishingDetection.AllowlistMatchResult recorded 1 samples, mean = 1.0 (flags = 0x41)
0  O                                                                         (0 = 0.0%)
1  -O                                                                        (1 = 100.0%) {0.0%}
2  ... 

Histogram: SafeBrowsing.FileTypeUpdate.ResourceBundleResult recorded 1 samples (flags = 0x41)
1  -O                                                                        (1 = 100.0%)

Histogram: SafeBrowsing.FileTypeUpdate.ResourceBundleVersion recorded 1 samples (flags = 0x41)
66  -O                                                                        (1 = 100.0%)

Histogram: SafeBrowsing.HPRT.Cache.FullHashCount recorded 12 samples, mean = 0.0 (flags = 0x41)
0  ------------O                                                             (12 = 100.0%)
1  ... 

Histogram: SafeBrowsing.HPRT.Cache.HashPrefixCount recorded 12 samples, mean = 0.0 (flags = 0x41)
0  ------------O                                                             (12 = 100.0%)
1  ... 

Histogram: SafeBrowsing.HPRT.Ineligible.FeatureOff recorded 1 samples, mean = 0.0 (flags = 0x41)
0  -O                                                                        (1 = 100.0%)
1  ... 

Histogram: SafeBrowsing.HPRT.Ineligible.IneligibleForLocation recorded 1 samples, mean = 0.0 (flags = 0x41)
0  -O                                                                        (1 = 100.0%)
1  ... 

Histogram: SafeBrowsing.HPRT.Ineligible.IneligibleForSessionOrLocation recorded 1 samples, mean = 1.0 (flags = 0x41)
0  O                                                                         (0 = 0.0%)
1  -O                                                                        (1 = 100.0%) {0.0%}
2  O                                                                         (0 = 0.0%) {100.0%}

Histogram: SafeBrowsing.HPRT.Ineligible.NoGoogleChromeBranding recorded 1 samples, mean = 1.0 (flags = 0x41)
0  O                                                                         (0 = 0.0%)
1  -O                                                                        (1 = 100.0%) {0.0%}
2  O                                                                         (0 = 0.0%) {100.0%}

Histogram: SafeBrowsing.HPRT.Ineligible.NotAllowedByPolicy recorded 1 samples, mean = 0.0 (flags = 0x41)
0  -O                                                                        (1 = 100.0%)
1  ... 

Histogram: SafeBrowsing.HPRT.Ineligible.NotStandardProtection recorded 1 samples, mean = 0.0 (flags = 0x41)
0  -O                                                                        (1 = 100.0%)
1  ... 

Histogram: SafeBrowsing.HPRT.Ineligible.OffTheRecord recorded 1 samples, mean = 0.0 (flags = 0x41)
0  -O                                                                        (1 = 100.0%)
1  ... 

Histogram: SafeBrowsing.HasCookieAtStartup2 recorded 1 samples, mean = 0.0 (flags = 0x41)
0  -O                                                                        (1 = 100.0%)
1  ... 

Histogram: SafeBrowsing.PageLoadToken.TokenCount recorded 12 samples, mean = 0.0 (flags = 0x41)
0  ------------O                                                             (12 = 100.0%)
1  ... 

Histogram: SafeBrowsing.Pref.Enhanced recorded 1 samples, mean = 0.0 (flags = 0x41)
0  -O                                                                        (1 = 100.0%)
1  ... 

Histogram: SafeBrowsing.Pref.Enhanced.RegularProfile recorded 1 samples, mean = 0.0 (flags = 0x41)
0  -O                                                                        (1 = 100.0%)
1  ... 

Histogram: SafeBrowsing.Pref.Extended recorded 1 samples, mean = 0.0 (flags = 0x41)
0  -O                                                                        (1 = 100.0%)
1  ... 

Histogram: SafeBrowsing.Pref.General recorded 1 samples, mean = 1.0 (flags = 0x41)
0  O                                                                         (0 = 0.0%)
1  -O                                                                        (1 = 100.0%) {0.0%}
2  O                                                                         (0 = 0.0%) {100.0%}

Histogram: SafeBrowsing.RT.CacheManager.CleanUpTime recorded 12 samples, mean = 0.0 (flags = 0x41)
0  ------------O                                                             (12 = 100.0%)
1  ... 

Histogram: SafeBrowsing.RT.CanCheckDatabase recorded 2 samples, mean = 1.0 (flags = 0x41)
0  O                                                                         (0 = 0.0%)
1  --O                                                                       (2 = 100.0%) {0.0%}
2  O                                                                         (0 = 0.0%) {100.0%}

Histogram: SafeBrowsing.RT.ConsumerVersionReason recorded 2 samples, mean = 1.0 (flags = 0x41)
0  -O                                                                        (1 = 50.0%)
1  O                                                                         (0 = 0.0%) {50.0%}
2  -O                                                                        (1 = 50.0%) {50.0%}
3  ... 

Histogram: SafeBrowsing.RendererThrottle.IsCheckCompletedOnProcessResponse recorded 46 samples, mean = 1.0 (flags = 0x41)
0  O                                                                         (0 = 0.0%)
1  ----------------------------------------------O                           (46 = 100.0%) {0.0%}
2  O                                                                         (0 = 0.0%) {100.0%}

Histogram: SafeBrowsing.RendererThrottle.RequestDestination recorded 46 samples, mean = 10.7 (flags = 0x41)
0   ------O                                                                   (6 = 13.0%)
1   ... 
5   -----O                                                                    (5 = 10.9%) {13.0%}
6   ... 
8   -O                                                                        (1 = 2.2%) {23.9%}
9   -O                                                                        (1 = 2.2%) {26.1%}
10  ... 
13  --------------------------O                                               (26 = 56.5%) {28.3%}
14  ... 
16  -------O                                                                  (7 = 15.2%) {84.8%}
17  ... 

Histogram: SafeBrowsing.V4Database.Size recorded 1 samples, mean = 0.0 (flags = 0x41)
0  -O                                                                        (1 = 100.0%)
1  ... 

Histogram: SafeBrowsing.V4Database.Size.ChromeExtMalware recorded 1 samples, mean = 0.0 (flags = 0x41)
0  -O                                                                        (1 = 100.0%)
1  ... 

Histogram: SafeBrowsing.V4Database.Size.UrlBilling recorded 1 samples, mean = 0.0 (flags = 0x41)
0  -O                                                                        (1 = 100.0%)
1  ... 

Histogram: SafeBrowsing.V4Database.Size.UrlCsdDownloadAllowlist recorded 1 samples, mean = 0.0 (flags = 0x41)
0  -O                                                                        (1 = 100.0%)
1  ... 

Histogram: SafeBrowsing.V4Database.Size.UrlMalBin recorded 1 samples, mean = 0.0 (flags = 0x41)
0  -O                                                                        (1 = 100.0%)
1  ... 

Histogram: SafeBrowsing.V4Database.Size.UrlMalware recorded 1 samples, mean = 0.0 (flags = 0x41)
0  -O                                                                        (1 = 100.0%)
1  ... 

Histogram: SafeBrowsing.V4Database.Size.UrlSoceng recorded 1 samples, mean = 0.0 (flags = 0x41)
0  -O                                                                        (1 = 100.0%)
1  ... 

Histogram: SafeBrowsing.V4Database.Size.UrlUws recorded 1 samples, mean = 0.0 (flags = 0x41)
0  -O                                                                        (1 = 100.0%)
1  ... 

Histogram: SafeBrowsing.V4Database.SizeLinear recorded 1 samples, mean = 0.0 (flags = 0x41)
0  -O                                                                        (1 = 100.0%)
1  ... 

Histogram: SafeBrowsing.V4Database.SizeLinear.ChromeExtMalware recorded 1 samples, mean = 0.0 (flags = 0x41)
0  -O                                                                        (1 = 100.0%)
1  ... 

Histogram: SafeBrowsing.V4Database.SizeLinear.UrlMalBin recorded 1 samples, mean = 0.0 (flags = 0x41)
0  -O                                                                        (1 = 100.0%)
1  ... 

Histogram: SafeBrowsing.V4Database.SizeLinear.UrlSoceng recorded 1 samples, mean = 0.0 (flags = 0x41)
0  -O                                                                        (1 = 100.0%)
1  ... 

Histogram: SafeBrowsing.V4DatabaseInitializationTime recorded 1 samples, mean = 7676.0 (flags = 0x41)
0     ... 
7083  -O                                                                        (1 = 100.0%) {0.0%}
8416  ... 

Histogram: SafeBrowsing.V4Store.IsStoreValid recorded 7 samples, mean = 0.0 (flags = 0x41)
0  -------O                                                                  (7 = 100.0%)
1  ... 

Histogram: SafeBrowsing.V4Store.IsStoreValid.ChromeExtMalware recorded 1 samples, mean = 0.0 (flags = 0x41)
0  -O                                                                        (1 = 100.0%)
1  ... 

Histogram: SafeBrowsing.V4Store.IsStoreValid.UrlBilling recorded 1 samples, mean = 0.0 (flags = 0x41)
0  -O                                                                        (1 = 100.0%)
1  ... 

Histogram: SafeBrowsing.V4Store.IsStoreValid.UrlCsdDownloadAllowlist recorded 1 samples, mean = 0.0 (flags = 0x41)
0  -O                                                                        (1 = 100.0%)
1  ... 

Histogram: SafeBrowsing.V4Store.IsStoreValid.UrlMalBin recorded 1 samples, mean = 0.0 (flags = 0x41)
0  -O                                                                        (1 = 100.0%)
1  ... 

Histogram: SafeBrowsing.V4Store.IsStoreValid.UrlMalware recorded 1 samples, mean = 0.0 (flags = 0x41)
0  -O                                                                        (1 = 100.0%)
1  ... 

Histogram: SafeBrowsing.V4Store.IsStoreValid.UrlSoceng recorded 1 samples, mean = 0.0 (flags = 0x41)
0  -O                                                                        (1 = 100.0%)
1  ... 

Histogram: SafeBrowsing.V4Store.IsStoreValid.UrlUws recorded 1 samples, mean = 0.0 (flags = 0x41)
0  -O                                                                        (1 = 100.0%)
1  ... 

Histogram: SafeBrowsing.V4Store.ReadyOnStartup recorded 7 samples, mean = 0.0 (flags = 0x41)
0  -------O                                                                  (7 = 100.0%)
1  ... 

Histogram: SafeBrowsing.V4StoreRead.Result recorded 7 samples, mean = 2.0 (flags = 0x41)
0  ... 
2  -------O                                                                  (7 = 100.0%) {0.0%}
3  ... 

Histogram: Scheduling.MessagePumpTimeKeeper.BrowserIO recorded 0 samples (flags = 0x41)
0 ... 

Histogram: Scheduling.MessagePumpTimeKeeper.BrowserUI recorded 0 samples (flags = 0x41)
0 ... 

Histogram: Scheduling.ThreadController.ActiveIntervalDuration.Any.BrowserUI recorded 54 samples, mean = 0.0 (flags = 0x41)
0  ------------------------------------------------------O                   (54 = 100.0%)
1  ... 

Histogram: Scheduling.ThreadController.ActiveIntervalDuration.Any.Other recorded 370 samples, mean = 0.0 (flags = 0x41)
0  ------------------------------------------------------------------------O (369 = 99.7%)
1  ... 
8  O                                                                         (1 = 0.3%) {99.7%}
10 ... 

Histogram: Scheduling.ThreadController.ActiveIntervalDuration.Medium.Other recorded 1 samples, mean = 9.0 (flags = 0x41)
0  ... 
9  -O                                                                        (1 = 100.0%) {0.0%}
10 ... 

Histogram: Scheduling.ThreadController.ActiveIntervalDuration.Short.BrowserUI recorded 54 samples, mean = 0.9 (flags = 0x41)
0  --------------O                                                           (14 = 25.9%)
1  -----------------------------------O                                      (35 = 64.8%) {25.9%}
2  ----O                                                                     (4 = 7.4%) {90.7%}
3  -O                                                                        (1 = 1.9%) {98.1%}
4  ... 

Histogram: Scheduling.ThreadController.ActiveIntervalDuration.Short.Other recorded 369 samples, mean = 46.2 (flags = 0x41)
0    ... 
2    -O                                                                        (1 = 0.3%) {0.0%}
3    ----O                                                                     (4 = 1.1%) {0.3%}
4    ------O                                                                   (6 = 1.6%) {1.4%}
5    --------------O                                                           (14 = 3.8%) {3.0%}
6    -----------------------------------O                                      (35 = 9.5%) {6.8%}
7    ---------------------------------------------------------O                (57 = 15.4%) {16.3%}
8    -----------------------O                                                  (23 = 6.2%) {31.7%}
9    ----------O                                                               (10 = 2.7%) {37.9%}
10   ------------O                                                             (12 = 3.3%) {40.7%}
11   -O                                                                        (1 = 0.3%) {43.9%}
12   ------O                                                                   (6 = 1.6%) {44.2%}
13   ---O                                                                      (3 = 0.8%) {45.8%}
14   -----O                                                                    (5 = 1.4%) {46.6%}
15   -O                                                                        (1 = 0.3%) {48.0%}
16   ... 
18   ---O                                                                      (3 = 0.8%) {48.2%}
19   ---O                                                                      (3 = 0.8%) {49.1%}
20   ... 
23   -O                                                                        (1 = 0.3%) {49.9%}
24   --O                                                                       (2 = 0.5%) {50.1%}
25   O                                                                         (0 = 0.0%) {50.7%}
26   ---O                                                                      (3 = 0.8%) {50.7%}
27   ---O                                                                      (3 = 0.8%) {51.5%}
28   -------O                                                                  (7 = 1.9%) {52.3%}
29   ---------O                                                                (9 = 2.4%) {54.2%}
31   -----O                                                                    (5 = 1.4%) {56.6%}
33   ---------O                                                                (9 = 2.4%) {58.0%}
35   --------O                                                                 (8 = 2.2%) {60.4%}
37   -----O                                                                    (5 = 1.4%) {62.6%}
39   -----O                                                                    (5 = 1.4%) {64.0%}
41   ------O                                                                   (6 = 1.6%) {65.3%}
43   ---------O                                                                (9 = 2.4%) {66.9%}
45   ------O                                                                   (6 = 1.6%) {69.4%}
47   ---O                                                                      (3 = 0.8%) {71.0%}
49   ----O                                                                     (4 = 1.1%) {71.8%}
52   ----O                                                                     (4 = 1.1%) {72.9%}
55   --O                                                                       (2 = 0.5%) {74.0%}
58   -----O                                                                    (5 = 1.4%) {74.5%}
61   ----O                                                                     (4 = 1.1%) {75.9%}
64   -----O                                                                    (5 = 1.4%) {77.0%}
67   -----O                                                                    (5 = 1.4%) {78.3%}
70   ---O                                                                      (3 = 0.8%) {79.7%}
74   -----------O                                                              (11 = 3.0%) {80.5%}
78   ------O                                                                   (6 = 1.6%) {83.5%}
82   ---------O                                                                (9 = 2.4%) {85.1%}
86   --O                                                                       (2 = 0.5%) {87.5%}
90   ----O                                                                     (4 = 1.1%) {88.1%}
95   ----O                                                                     (4 = 1.1%) {89.2%}
100  ----O                                                                     (4 = 1.1%) {90.2%}
105  ------O                                                                   (6 = 1.6%) {91.3%}
110  ---O                                                                      (3 = 0.8%) {93.0%}
116  -O                                                                        (1 = 0.3%) {93.8%}
122  --O                                                                       (2 = 0.5%) {94.0%}
128  ... 
142  --O                                                                       (2 = 0.5%) {94.6%}
149  O                                                                         (0 = 0.0%) {95.1%}
157  -O                                                                        (1 = 0.3%) {95.1%}
165  ... 
182  -O                                                                        (1 = 0.3%) {95.4%}
191  -O                                                                        (1 = 0.3%) {95.7%}
201  O                                                                         (0 = 0.0%) {95.9%}
211  --O                                                                       (2 = 0.5%) {95.9%}
222  -O                                                                        (1 = 0.3%) {96.5%}
233  ---O                                                                      (3 = 0.8%) {96.7%}
245  --O                                                                       (2 = 0.5%) {97.6%}
258  O                                                                         (0 = 0.0%) {98.1%}
271  -O                                                                        (1 = 0.3%) {98.1%}
285  ... 
405  --O                                                                       (2 = 0.5%) {98.4%}
426  -O                                                                        (1 = 0.3%) {98.9%}
448  O                                                                         (0 = 0.0%) {99.2%}
471  -O                                                                        (1 = 0.3%) {99.2%}
495  O                                                                         (0 = 0.0%) {99.5%}
520  -O                                                                        (1 = 0.3%) {99.5%}
547  ... 
739  -O                                                                        (1 = 0.3%) {99.7%}
777  ... 

Histogram: Scheduling.ThreadController.ActiveIntervalOffCpuDuration.Any.BrowserUI recorded 54 samples, mean = 0.0 (flags = 0x41)
0  ------------------------------------------------------O                   (54 = 100.0%)
1  ... 

Histogram: Scheduling.ThreadController.ActiveIntervalOffCpuDuration.Any.Other recorded 370 samples, mean = 0.0 (flags = 0x41)
0  ------------------------------------------------------------------------O (370 = 100.0%)
1  ... 

Histogram: Scheduling.ThreadController.ActiveIntervalOffCpuDuration.Medium.Other recorded 1 samples, mean = 0.0 (flags = 0x41)
0  -O                                                                        (1 = 100.0%)
1  ... 

Histogram: Scheduling.ThreadController.ActiveIntervalOffCpuDuration.Short.BrowserUI recorded 54 samples, mean = 0.5 (flags = 0x41)
0  ---------------------------O                                              (27 = 50.0%)
1  --------------------------O                                               (26 = 48.1%) {50.0%}
2  -O                                                                        (1 = 1.9%) {98.1%}
3  ... 

Histogram: Scheduling.ThreadController.ActiveIntervalOffCpuDuration.Short.Other recorded 369 samples, mean = 6.6 (flags = 0x41)
0    --------------------------------O                                         (69 = 18.7%)
1    ------------------------------------------------------------------------O (154 = 41.7%) {18.7%}
2    ------------------------------------O                                     (78 = 21.1%) {60.4%}
3    ------O                                                                   (13 = 3.5%) {81.6%}
4    ---O                                                                      (7 = 1.9%) {85.1%}
5    -O                                                                        (2 = 0.5%) {87.0%}
6    ---O                                                                      (7 = 1.9%) {87.5%}
7    O                                                                         (1 = 0.3%) {89.4%}
8    -O                                                                        (3 = 0.8%) {89.7%}
9    -O                                                                        (3 = 0.8%) {90.5%}
10   O                                                                         (1 = 0.3%) {91.3%}
11   -O                                                                        (2 = 0.5%) {91.6%}
12   -O                                                                        (3 = 0.8%) {92.1%}
13   --O                                                                       (4 = 1.1%) {93.0%}
14   O                                                                         (1 = 0.3%) {94.0%}
15   O                                                                         (0 = 0.0%) {94.3%}
16   -O                                                                        (2 = 0.5%) {94.3%}
17   O                                                                         (0 = 0.0%) {94.9%}
18   O                                                                         (1 = 0.3%) {94.9%}
19   ... 
22   O                                                                         (1 = 0.3%) {95.1%}
23   O                                                                         (1 = 0.3%) {95.4%}
24   ... 
29   O                                                                         (1 = 0.3%) {95.7%}
31   ... 
35   O                                                                         (1 = 0.3%) {95.9%}
37   O                                                                         (0 = 0.0%) {96.2%}
39   O                                                                         (1 = 0.3%) {96.2%}
41   O                                                                         (1 = 0.3%) {96.5%}
43   O                                                                         (1 = 0.3%) {96.7%}
45   O                                                                         (0 = 0.0%) {97.0%}
47   -O                                                                        (2 = 0.5%) {97.0%}
49   O                                                                         (1 = 0.3%) {97.6%}
52   ... 
61   O                                                                         (1 = 0.3%) {97.8%}
64   ... 
74   O                                                                         (1 = 0.3%) {98.1%}
78   O                                                                         (1 = 0.3%) {98.4%}
82   O                                                                         (1 = 0.3%) {98.6%}
86   ... 
95   O                                                                         (1 = 0.3%) {98.9%}
100  ... 
191  O                                                                         (1 = 0.3%) {99.2%}
201  ... 
271  O                                                                         (1 = 0.3%) {99.5%}
285  ... 
520  O                                                                         (1 = 0.3%) {99.7%}
547  ... 

Histogram: Scheduling.ThreadController.ActiveIntervalOnCpuDuration.Any.BrowserUI recorded 54 samples, mean = 0.0 (flags = 0x41)
0  ------------------------------------------------------O                   (54 = 100.0%)
1  ... 

Histogram: Scheduling.ThreadController.ActiveIntervalOnCpuDuration.Any.Other recorded 370 samples, mean = 0.0 (flags = 0x41)
0  ------------------------------------------------------------------------O (369 = 99.7%)
1  ... 
8  O                                                                         (1 = 0.3%) {99.7%}
10 ... 

Histogram: Scheduling.ThreadController.ActiveIntervalOnCpuDuration.Medium.Other recorded 1 samples, mean = 9.0 (flags = 0x41)
0  ... 
9  -O                                                                        (1 = 100.0%) {0.0%}
10 ... 

Histogram: Scheduling.ThreadController.ActiveIntervalOnCpuDuration.Short.BrowserUI recorded 54 samples, mean = 0.3 (flags = 0x41)
0  ----------------------------------------O                                 (40 = 74.1%)
1  -----------O                                                              (11 = 20.4%) {74.1%}
2  --O                                                                       (2 = 3.7%) {94.4%}
3  -O                                                                        (1 = 1.9%) {98.1%}
4  ... 

Histogram: Scheduling.ThreadController.ActiveIntervalOnCpuDuration.Short.Other recorded 369 samples, mean = 39.6 (flags = 0x41)
0    --O                                                                       (2 = 0.5%)
1    -O                                                                        (1 = 0.3%) {0.5%}
2    --O                                                                       (2 = 0.5%) {0.8%}
3    ---------O                                                                (9 = 2.4%) {1.4%}
4    --------O                                                                 (8 = 2.2%) {3.8%}
5    -------------------------------------------O                              (43 = 11.7%) {6.0%}
6    -----------------------------------------------------------------O        (65 = 17.6%) {17.6%}
7    --------------------O                                                     (20 = 5.4%) {35.2%}
8    ----------O                                                               (10 = 2.7%) {40.7%}
9    -----O                                                                    (5 = 1.4%) {43.4%}
10   -O                                                                        (1 = 0.3%) {44.7%}
11   ---O                                                                      (3 = 0.8%) {45.0%}
12   ------O                                                                   (6 = 1.6%) {45.8%}
13   ------O                                                                   (6 = 1.6%) {47.4%}
14   O                                                                         (0 = 0.0%) {49.1%}
15   -O                                                                        (1 = 0.3%) {49.1%}
16   -O                                                                        (1 = 0.3%) {49.3%}
17   --O                                                                       (2 = 0.5%) {49.6%}
18   O                                                                         (0 = 0.0%) {50.1%}
19   --O                                                                       (2 = 0.5%) {50.1%}
20   -O                                                                        (1 = 0.3%) {50.7%}
21   O                                                                         (0 = 0.0%) {50.9%}
22   -O                                                                        (1 = 0.3%) {50.9%}
23   -O                                                                        (1 = 0.3%) {51.2%}
24   -O                                                                        (1 = 0.3%) {51.5%}
25   ----O                                                                     (4 = 1.1%) {51.8%}
26   --O                                                                       (2 = 0.5%) {52.8%}
27   ---------O                                                                (9 = 2.4%) {53.4%}
28   ------O                                                                   (6 = 1.6%) {55.8%}
29   ------O                                                                   (6 = 1.6%) {57.5%}
31   -----------O                                                              (11 = 3.0%) {59.1%}
33   ---------O                                                                (9 = 2.4%) {62.1%}
35   -------O                                                                  (7 = 1.9%) {64.5%}
37   -----O                                                                    (5 = 1.4%) {66.4%}
39   ----O                                                                     (4 = 1.1%) {67.8%}
41   ------O                                                                   (6 = 1.6%) {68.8%}
43   ---------O                                                                (9 = 2.4%) {70.5%}
45   --O                                                                       (2 = 0.5%) {72.9%}
47   --------O                                                                 (8 = 2.2%) {73.4%}
49   --O                                                                       (2 = 0.5%) {75.6%}
52   -----O                                                                    (5 = 1.4%) {76.2%}
55   ----O                                                                     (4 = 1.1%) {77.5%}
58   ----O                                                                     (4 = 1.1%) {78.6%}
61   --O                                                                       (2 = 0.5%) {79.7%}
64   ------O                                                                   (6 = 1.6%) {80.2%}
67   -------O                                                                  (7 = 1.9%) {81.8%}
70   -----O                                                                    (5 = 1.4%) {83.7%}
74   --------O                                                                 (8 = 2.2%) {85.1%}
78   ----O                                                                     (4 = 1.1%) {87.3%}
82   ----O                                                                     (4 = 1.1%) {88.3%}
86   ----O                                                                     (4 = 1.1%) {89.4%}
90   -----O                                                                    (5 = 1.4%) {90.5%}
95   ------O                                                                   (6 = 1.6%) {91.9%}
100  -----O                                                                    (5 = 1.4%) {93.5%}
105  O                                                                         (0 = 0.0%) {94.9%}
110  -O                                                                        (1 = 0.3%) {94.9%}
116  --O                                                                       (2 = 0.5%) {95.1%}
122  -O                                                                        (1 = 0.3%) {95.7%}
128  ... 
165  --O                                                                       (2 = 0.5%) {95.9%}
173  -O                                                                        (1 = 0.3%) {96.5%}
182  O                                                                         (0 = 0.0%) {96.7%}
191  -O                                                                        (1 = 0.3%) {96.7%}
201  O                                                                         (0 = 0.0%) {97.0%}
211  --O                                                                       (2 = 0.5%) {97.0%}
222  O                                                                         (0 = 0.0%) {97.6%}
233  ----O                                                                     (4 = 1.1%) {97.6%}
245  ... 
271  -O                                                                        (1 = 0.3%) {98.6%}
285  ... 
405  --O                                                                       (2 = 0.5%) {98.9%}
426  -O                                                                        (1 = 0.3%) {99.5%}
448  ... 
739  -O                                                                        (1 = 0.3%) {99.7%}
777  ... 

Histogram: Scheduling.ThreadController.ActiveIntervalOnCpuPercentage.Any.BrowserUI recorded 54 samples, mean = 50.9 (flags = 0x41)
0    --------------------------O                                               (26 = 48.1%)
1    ... 
50   -O                                                                        (1 = 1.9%) {48.1%}
51   ... 
100  ---------------------------O                                              (27 = 50.0%) {50.0%}
101  O                                                                         (0 = 0.0%) {100.0%}

Histogram: Scheduling.ThreadController.ActiveIntervalOnCpuPercentage.Any.Other recorded 370 samples, mean = 87.3 (flags = 0x41)
0    --O                                                                       (2 = 0.5%)
1    ... 
22   -O                                                                        (1 = 0.3%) {0.5%}
23   ... 
32   -O                                                                        (1 = 0.3%) {0.8%}
33   --O                                                                       (2 = 0.5%) {1.1%}
34   ... 
36   -O                                                                        (1 = 0.3%) {1.6%}
37   -O                                                                        (1 = 0.3%) {1.9%}
38   --O                                                                       (2 = 0.5%) {2.2%}
39   O                                                                         (0 = 0.0%) {2.7%}
40   -O                                                                        (1 = 0.3%) {2.7%}
41   -O                                                                        (1 = 0.3%) {3.0%}
42   O                                                                         (0 = 0.0%) {3.2%}
43   -O                                                                        (1 = 0.3%) {3.2%}
44   ... 
46   -O                                                                        (1 = 0.3%) {3.5%}
47   ... 
49   -O                                                                        (1 = 0.3%) {3.8%}
50   ... 
53   -O                                                                        (1 = 0.3%) {4.1%}
54   ... 
60   ---O                                                                      (3 = 0.8%) {4.3%}
61   ... 
66   --O                                                                       (2 = 0.5%) {5.1%}
67   O                                                                         (0 = 0.0%) {5.7%}
68   -O                                                                        (1 = 0.3%) {5.7%}
69   O                                                                         (0 = 0.0%) {5.9%}
70   --O                                                                       (2 = 0.5%) {5.9%}
71   ------------------O                                                       (18 = 4.9%) {6.5%}
72   -O                                                                        (1 = 0.3%) {11.4%}
73   -O                                                                        (1 = 0.3%) {11.6%}
74   O                                                                         (0 = 0.0%) {11.9%}
75   ----------------O                                                         (16 = 4.3%) {11.9%}
76   O                                                                         (0 = 0.0%) {16.2%}
77   -----O                                                                    (5 = 1.4%) {16.2%}
78   -O                                                                        (1 = 0.3%) {17.6%}
79   O                                                                         (0 = 0.0%) {17.8%}
80   -------------O                                                            (13 = 3.5%) {17.8%}
81   ---O                                                                      (3 = 0.8%) {21.4%}
82   --O                                                                       (2 = 0.5%) {22.2%}
83   ----------------------O                                                   (22 = 5.9%) {22.7%}
84   ----O                                                                     (4 = 1.1%) {28.6%}
85   --------------------------------------O                                   (38 = 10.3%) {29.7%}
86   ------O                                                                   (6 = 1.6%) {40.0%}
87   ----------O                                                               (10 = 2.7%) {41.6%}
88   ------O                                                                   (6 = 1.6%) {44.3%}
89   ---O                                                                      (3 = 0.8%) {45.9%}
90   --------O                                                                 (8 = 2.2%) {46.8%}
91   ----O                                                                     (4 = 1.1%) {48.9%}
92   -----------O                                                              (11 = 3.0%) {50.0%}
93   --------O                                                                 (8 = 2.2%) {53.0%}
94   -----------O                                                              (11 = 3.0%) {55.1%}
95   ---O                                                                      (3 = 0.8%) {58.1%}
96   ---------------------------O                                              (27 = 7.3%) {58.9%}
97   -------------------------O                                                (25 = 6.8%) {66.2%}
98   -----------------O                                                        (17 = 4.6%) {73.0%}
99   --------------O                                                           (14 = 3.8%) {77.6%}
100  ---------------------------------------------------------------------O    (69 = 18.6%) {81.4%}
101  O                                                                         (0 = 0.0%) {100.0%}

Histogram: Scheduling.ThreadController.ActiveIntervalOnCpuPercentage.Medium.Other recorded 1 samples, mean = 99.0 (flags = 0x41)
0   ... 
99  -O                                                                        (1 = 100.0%) {0.0%}
100 ... 

Histogram: Scheduling.ThreadController.ActiveIntervalOnCpuPercentage.Short.BrowserUI recorded 54 samples, mean = 50.9 (flags = 0x41)
0    --------------------------O                                               (26 = 48.1%)
1    ... 
50   -O                                                                        (1 = 1.9%) {48.1%}
51   ... 
100  ---------------------------O                                              (27 = 50.0%) {50.0%}
101  O                                                                         (0 = 0.0%) {100.0%}

Histogram: Scheduling.ThreadController.ActiveIntervalOnCpuPercentage.Short.Other recorded 369 samples, mean = 87.3 (flags = 0x41)
0    --O                                                                       (2 = 0.5%)
1    ... 
22   -O                                                                        (1 = 0.3%) {0.5%}
23   ... 
32   -O                                                                        (1 = 0.3%) {0.8%}
33   --O                                                                       (2 = 0.5%) {1.1%}
34   ... 
36   -O                                                                        (1 = 0.3%) {1.6%}
37   -O                                                                        (1 = 0.3%) {1.9%}
38   --O                                                                       (2 = 0.5%) {2.2%}
39   O                                                                         (0 = 0.0%) {2.7%}
40   -O                                                                        (1 = 0.3%) {2.7%}
41   -O                                                                        (1 = 0.3%) {3.0%}
42   O                                                                         (0 = 0.0%) {3.3%}
43   -O                                                                        (1 = 0.3%) {3.3%}
44   ... 
46   -O                                                                        (1 = 0.3%) {3.5%}
47   ... 
49   -O                                                                        (1 = 0.3%) {3.8%}
50   ... 
53   -O                                                                        (1 = 0.3%) {4.1%}
54   ... 
60   ---O                                                                      (3 = 0.8%) {4.3%}
61   ... 
66   --O                                                                       (2 = 0.5%) {5.1%}
67   O                                                                         (0 = 0.0%) {5.7%}
68   -O                                                                        (1 = 0.3%) {5.7%}
69   O                                                                         (0 = 0.0%) {6.0%}
70   --O                                                                       (2 = 0.5%) {6.0%}
71   ------------------O                                                       (18 = 4.9%) {6.5%}
72   -O                                                                        (1 = 0.3%) {11.4%}
73   -O                                                                        (1 = 0.3%) {11.7%}
74   O                                                                         (0 = 0.0%) {11.9%}
75   ----------------O                                                         (16 = 4.3%) {11.9%}
76   O                                                                         (0 = 0.0%) {16.3%}
77   -----O                                                                    (5 = 1.4%) {16.3%}
78   -O                                                                        (1 = 0.3%) {17.6%}
79   O                                                                         (0 = 0.0%) {17.9%}
80   -------------O                                                            (13 = 3.5%) {17.9%}
81   ---O                                                                      (3 = 0.8%) {21.4%}
82   --O                                                                       (2 = 0.5%) {22.2%}
83   ----------------------O                                                   (22 = 6.0%) {22.8%}
84   ----O                                                                     (4 = 1.1%) {28.7%}
85   --------------------------------------O                                   (38 = 10.3%) {29.8%}
86   ------O                                                                   (6 = 1.6%) {40.1%}
87   ----------O                                                               (10 = 2.7%) {41.7%}
88   ------O                                                                   (6 = 1.6%) {44.4%}
89   ---O                                                                      (3 = 0.8%) {46.1%}
90   --------O                                                                 (8 = 2.2%) {46.9%}
91   ----O                                                                     (4 = 1.1%) {49.1%}
92   -----------O                                                              (11 = 3.0%) {50.1%}
93   --------O                                                                 (8 = 2.2%) {53.1%}
94   -----------O                                                              (11 = 3.0%) {55.3%}
95   ---O                                                                      (3 = 0.8%) {58.3%}
96   ---------------------------O                                              (27 = 7.3%) {59.1%}
97   -------------------------O                                                (25 = 6.8%) {66.4%}
98   -----------------O                                                        (17 = 4.6%) {73.2%}
99   -------------O                                                            (13 = 3.5%) {77.8%}
100  ---------------------------------------------------------------------O    (69 = 18.7%) {81.3%}
101  O                                                                         (0 = 0.0%) {100.0%}

Histogram: Scheduling.ThreadController.IdleDuration.Any.BrowserUI recorded 54 samples, mean = 0.0 (flags = 0x41)
0  ------------------------------------------------------O                   (54 = 100.0%)
1  ... 

Histogram: Scheduling.ThreadController.IdleDuration.Any.Other recorded 214 samples, mean = 869.9 (flags = 0x41)
0      ------------------------------------------------------------------------O (88 = 41.1%)
1      -O                                                                        (1 = 0.5%) {41.1%}
2      ... 
4      -O                                                                        (1 = 0.5%) {41.6%}
5      ... 
7      -O                                                                        (1 = 0.5%) {42.1%}
8      --O                                                                       (2 = 0.9%) {42.5%}
10     ... 
20     -O                                                                        (1 = 0.5%) {43.5%}
24     -O                                                                        (1 = 0.5%) {43.9%}
29     -O                                                                        (1 = 0.5%) {44.4%}
34     O                                                                         (0 = 0.0%) {44.9%}
40     -O                                                                        (1 = 0.5%) {44.9%}
48     -O                                                                        (1 = 0.5%) {45.3%}
57     -O                                                                        (1 = 0.5%) {45.8%}
68     -O                                                                        (1 = 0.5%) {46.3%}
81     ---------O                                                                (11 = 5.1%) {46.7%}
96     -------------O                                                            (16 = 7.5%) {51.9%}
114    --O                                                                       (3 = 1.4%) {59.3%}
135    -O                                                                        (1 = 0.5%) {60.7%}
160    -O                                                                        (1 = 0.5%) {61.2%}
190    --O                                                                       (2 = 0.9%) {61.7%}
226    ---------O                                                                (11 = 5.1%) {62.6%}
268    ---O                                                                      (4 = 1.9%) {67.8%}
318    --O                                                                       (3 = 1.4%) {69.6%}
378    --O                                                                       (3 = 1.4%) {71.0%}
449    --O                                                                       (2 = 0.9%) {72.4%}
533    O                                                                         (0 = 0.0%) {73.4%}
633    --------O                                                                 (10 = 4.7%) {73.4%}
752    --O                                                                       (2 = 0.9%) {78.0%}
894    ----------------O                                                         (19 = 8.9%) {79.0%}
1062   O                                                                         (0 = 0.0%) {87.9%}
1262   -O                                                                        (1 = 0.5%) {87.9%}
1500   ... 
2117   -O                                                                        (1 = 0.5%) {88.3%}
2516   O                                                                         (0 = 0.0%) {88.8%}
2990   --O                                                                       (2 = 0.9%) {88.8%}
3553   ---------------O                                                          (18 = 8.4%) {89.7%}
4222   ... 
8416   -O                                                                        (1 = 0.5%) {98.1%}
10000  --O                                                                       (3 = 1.4%) {98.6%}

Histogram: Scheduling.ThreadController.IdleDuration.Medium.Other recorded 30 samples, mean = 68.2 (flags = 0x41)
0   O                                                                         (0 = 0.0%)
1   -O                                                                        (1 = 3.3%) {0.0%}
2   ... 
4   -O                                                                        (1 = 3.3%) {3.3%}
5   ... 
7   -O                                                                        (1 = 3.3%) {6.7%}
8   --O                                                                       (2 = 6.7%) {10.0%}
9   ... 
23  -O                                                                        (1 = 3.3%) {16.7%}
24  O                                                                         (0 = 0.0%) {20.0%}
25  -O                                                                        (1 = 3.3%) {20.0%}
26  ... 
30  -O                                                                        (1 = 3.3%) {23.3%}
31  ... 
43  -O                                                                        (1 = 3.3%) {26.7%}
44  ... 
54  -O                                                                        (1 = 3.3%) {30.0%}
55  ... 
62  -O                                                                        (1 = 3.3%) {33.3%}
63  ... 
74  -O                                                                        (1 = 3.3%) {36.7%}
75  ... 
87  -O                                                                        (1 = 3.3%) {40.0%}
88  ... 
92  --O                                                                       (2 = 6.7%) {43.3%}
93  ---O                                                                      (3 = 10.0%) {50.0%}
94  ----O                                                                     (4 = 13.3%) {60.0%}
95  -O                                                                        (1 = 3.3%) {73.3%}
96  -O                                                                        (1 = 3.3%) {76.7%}
97  --O                                                                       (2 = 6.7%) {80.0%}
98  ----O                                                                     (4 = 13.3%) {86.7%}
100 O                                                                         (0 = 0.0%) {100.0%}

Histogram: Scheduling.ThreadController.IdleDuration.Short.BrowserUI recorded 54 samples, mean = 3.9 (flags = 0x41)
0   ... 
2   -------------------O                                                      (19 = 35.2%) {0.0%}
3   ---------------------------O                                              (27 = 50.0%) {35.2%}
4   -O                                                                        (1 = 1.9%) {85.2%}
5   -O                                                                        (1 = 1.9%) {87.0%}
6   -O                                                                        (1 = 1.9%) {88.9%}
7   --O                                                                       (2 = 3.7%) {90.7%}
8   O                                                                         (0 = 0.0%) {94.4%}
9   -O                                                                        (1 = 1.9%) {94.4%}
10  O                                                                         (0 = 0.0%) {96.3%}
11  -O                                                                        (1 = 1.9%) {96.3%}
12  ... 
41  -O                                                                        (1 = 1.9%) {98.1%}
43  ... 

Histogram: Scheduling.ThreadController.IdleDuration.Short.Other recorded 88 samples, mean = 114.1 (flags = 0x41)
0    ... 
16   --------O                                                                 (8 = 9.1%) {0.0%}
17   --------O                                                                 (8 = 9.1%) {9.1%}
18   ---------O                                                                (9 = 10.2%) {18.2%}
19   -----O                                                                    (5 = 5.7%) {28.4%}
20   --O                                                                       (2 = 2.3%) {34.1%}
21   -O                                                                        (1 = 1.1%) {36.4%}
22   -O                                                                        (1 = 1.1%) {37.5%}
23   ... 
27   -O                                                                        (1 = 1.1%) {38.6%}
28   -O                                                                        (1 = 1.1%) {39.8%}
29   -O                                                                        (1 = 1.1%) {40.9%}
31   -O                                                                        (1 = 1.1%) {42.0%}
33   ... 
37   --O                                                                       (2 = 2.3%) {43.2%}
39   -O                                                                        (1 = 1.1%) {45.5%}
41   O                                                                         (0 = 0.0%) {46.6%}
43   -O                                                                        (1 = 1.1%) {46.6%}
45   ... 
55   -O                                                                        (1 = 1.1%) {47.7%}
58   ... 
78   --O                                                                       (2 = 2.3%) {48.9%}
82   ... 
90   -O                                                                        (1 = 1.1%) {51.1%}
95   -O                                                                        (1 = 1.1%) {52.3%}
100  ---O                                                                      (3 = 3.4%) {53.4%}
105  --O                                                                       (2 = 2.3%) {56.8%}
110  --O                                                                       (2 = 2.3%) {59.1%}
116  -O                                                                        (1 = 1.1%) {61.4%}
122  ----O                                                                     (4 = 4.5%) {62.5%}
128  --O                                                                       (2 = 2.3%) {67.0%}
135  ---O                                                                      (3 = 3.4%) {69.3%}
142  ----O                                                                     (4 = 4.5%) {72.7%}
149  ----O                                                                     (4 = 4.5%) {77.3%}
157  --O                                                                       (2 = 2.3%) {81.8%}
165  -O                                                                        (1 = 1.1%) {84.1%}
173  ---O                                                                      (3 = 3.4%) {85.2%}
182  O                                                                         (0 = 0.0%) {88.6%}
191  -O                                                                        (1 = 1.1%) {88.6%}
201  ... 
222  -O                                                                        (1 = 1.1%) {89.8%}
233  O                                                                         (0 = 0.0%) {90.9%}
245  --O                                                                       (2 = 2.3%) {90.9%}
258  -O                                                                        (1 = 1.1%) {93.2%}
271  ... 
405  --O                                                                       (2 = 2.3%) {94.3%}
426  ... 
520  -O                                                                        (1 = 1.1%) {96.6%}
547  ... 
951  --O                                                                       (2 = 2.3%) {97.7%}
1000 O                                                                         (0 = 0.0%) {100.0%}

Histogram: ScreenLocker.Locked.Duration recorded 1 samples, mean = 2607634.0 (flags = 0x41)
0        ... 
1961199  -O                                                                        (1 = 100.0%) {0.0%}
2657126  ... 

Histogram: Search.ChoiceReprompt recorded 1 samples, mean = 6.0 (flags = 0x41)
0  ... 
6  -O                                                                        (1 = 100.0%) {0.0%}
7  O                                                                         (0 = 0.0%) {100.0%}

Histogram: Search.SearchProviderOverrideStatus recorded 1 samples, mean = 0.0 (flags = 0x41)
0  -O                                                                        (1 = 100.0%)
1  ... 

Histogram: Security.GwpAsan.Activated.Malloc.Browser recorded 1 samples, mean = 0.0 (flags = 0x41)
0  -O                                                                        (1 = 100.0%)
1  ... 

Histogram: Security.GwpAsan.Activated.PartitionAlloc.Browser recorded 1 samples, mean = 0.0 (flags = 0x41)
0  -O                                                                        (1 = 100.0%)
1  ... 

Histogram: Security.HttpsFirstMode.SettingEnabledAtStartup recorded 1 samples, mean = 0.0 (flags = 0x41)
0  -O                                                                        (1 = 100.0%)
1  ... 

Histogram: Security.JSONParser.ChromiumExtensionUsage recorded 1 samples, mean = 1.0 (flags = 0x41)
0  O                                                                         (0 = 0.0%)
1  -O                                                                        (1 = 100.0%) {0.0%}
2  ... 

Histogram: Security.JSONParser.ParsingTime recorded 17 samples, mean = 121.4 (flags = 0x41)
0     O                                                                         (0 = 0.0%)
1     -O                                                                        (1 = 5.9%) {0.0%}
2     --O                                                                       (2 = 11.8%) {5.9%}
3     -O                                                                        (1 = 5.9%) {17.6%}
4     -O                                                                        (1 = 5.9%) {23.5%}
5     --O                                                                       (2 = 11.8%) {29.4%}
7     ... 
16    --O                                                                       (2 = 11.8%) {41.2%}
21    -O                                                                        (1 = 5.9%) {52.9%}
28    --O                                                                       (2 = 11.8%) {58.8%}
37    O                                                                         (0 = 0.0%) {70.6%}
49    ---O                                                                      (3 = 17.6%) {70.6%}
65    ... 
196   -O                                                                        (1 = 5.9%) {88.2%}
258   ... 
1347  -O                                                                        (1 = 5.9%) {94.1%}
1774  ... 

Histogram: Security.NavigationRequestSecurityLevel recorded 2 samples, mean = 1.0 (flags = 0x41)
0  O                                                                         (0 = 0.0%)
1  --O                                                                       (2 = 100.0%) {0.0%}
2  ... 

Histogram: Security.PageEndReason.SECURE recorded 1 samples, mean = 6.0 (flags = 0x41)
0  ... 
6  -O                                                                        (1 = 100.0%) {0.0%}
7  ... 

Histogram: Security.PageEndReason.SafetyTip_None recorded 1 samples, mean = 6.0 (flags = 0x41)
0  ... 
6  -O                                                                        (1 = 100.0%) {0.0%}
7  ... 

Histogram: Security.PrivateNetworkAccess.CheckResult recorded 159 samples, mean = 0.8 (flags = 0x41)
0   ------------------------------------------------------------------------O (115 = 72.3%)
1   -----------------------O                                                  (37 = 23.3%) {72.3%}
2   ... 
12  ----O                                                                     (7 = 4.4%) {95.6%}
13  O                                                                         (0 = 0.0%) {100.0%}

Histogram: Security.PrivateNetworkAccess.PrivateIpInferrable recorded 1 samples, mean = 1.0 (flags = 0x41)
0  O                                                                         (0 = 0.0%)
1  -O                                                                        (1 = 100.0%) {0.0%}
2  O                                                                         (0 = 0.0%) {100.0%}

Histogram: Security.PrivateNetworkAccess.PrivateIpResolveMatch recorded 1 samples, mean = 1.0 (flags = 0x41)
0  O                                                                         (0 = 0.0%)
1  -O                                                                        (1 = 100.0%) {0.0%}
2  O                                                                         (0 = 0.0%) {100.0%}

Histogram: Security.SCTAuditing.NumPersistedReportsLoaded recorded 1 samples, mean = 0.0 (flags = 0x41)
0  -O                                                                        (1 = 100.0%)
1  ... 

Histogram: Security.SafetyTips.GetReputationStatusWithEngagedSitesTime recorded 1 samples, mean = 0.0 (flags = 0x41)
0  -O                                                                        (1 = 100.0%)
1  ... 

Histogram: Security.SafetyTips.ReputationCheckComplete.DidFinishNavigation recorded 1 samples, mean = 1.0 (flags = 0x41)
0  O                                                                         (0 = 0.0%)
1  -O                                                                        (1 = 100.0%) {0.0%}
2  ... 

Histogram: Security.SafetyTips.SafetyTipShown recorded 1 samples, mean = 1.0 (flags = 0x41)
0  O                                                                         (0 = 0.0%)
1  -O                                                                        (1 = 100.0%) {0.0%}
2  ... 

Histogram: Security.SafetyTips.StatusWithInitiator.Unknown recorded 1 samples, mean = 1.0 (flags = 0x41)
0  O                                                                         (0 = 0.0%)
1  -O                                                                        (1 = 100.0%) {0.0%}
2  ... 

Histogram: Security.SecurityLevel.OnCommit recorded 1 samples, mean = 3.0 (flags = 0x41)
0  ... 
3  -O                                                                        (1 = 100.0%) {0.0%}
4  ... 

Histogram: Security.SecurityLevel.OnComplete recorded 1 samples, mean = 3.0 (flags = 0x41)
0  ... 
3  -O                                                                        (1 = 100.0%) {0.0%}
4  ... 

Histogram: Security.SiteEngagement.SECURE recorded 1 samples, mean = 16.0 (flags = 0x41)
0   ... 
16  -O                                                                        (1 = 100.0%) {0.0%}
17  ... 

Histogram: Security.SiteEngagement.SafetyTip_None recorded 1 samples, mean = 16.0 (flags = 0x41)
0   ... 
16  -O                                                                        (1 = 100.0%) {0.0%}
17  ... 

Histogram: Security.TimeOnPage2.SECURE recorded 1 samples, mean = 18236998.0 (flags = 0x41)
0        ... 
3600000  -O                                                                        (1 = 100.0%) {0.0%}

Histogram: Security.TimeOnPage2.SafetyTip_None recorded 1 samples, mean = 18236998.0 (flags = 0x41)
0        ... 
3600000  -O                                                                        (1 = 100.0%) {0.0%}

Histogram: SegmentationPlatform.ChromeLowUserEngagement.PostProcessing.TopLabel.Computed recorded 1 samples (flags = 0x41)
1  -O                                                                        (1 = 100.0%)

Histogram: SegmentationPlatform.ClassificationRequest.TotalDuration.DeviceSwitcher recorded 1 samples, mean = 71848.0 (flags = 0x41)
0      ... 
10000  -O                                                                        (1 = 100.0%) {0.0%}

Histogram: SegmentationPlatform.CrossDeviceUser.PostProcessing.TopLabel.Computed recorded 1 samples (flags = 0x41)
-1 -O                                                                        (1 = 100.0%)

Histogram: SegmentationPlatform.Database.StoreUkmEntry recorded 7 samples, mean = 0.0 (flags = 0x41)
0  -------O                                                                  (7 = 100.0%)
1  ... 

Histogram: SegmentationPlatform.Database.UpdateUrlForUkmSource recorded 6 samples, mean = 31.8 (flags = 0x41)
0    -----O                                                                    (5 = 83.3%)
1    ... 
190  -O                                                                        (1 = 16.7%) {83.3%}
226  ... 

Histogram: SegmentationPlatform.DefaultModelDelivery.Metadata.FeatureCount.ChromeLowUserEngagement recorded 1 samples, mean = 1.0 (flags = 0x41)
0  O                                                                         (0 = 0.0%)
1  -O                                                                        (1 = 100.0%) {0.0%}
2  ... 

Histogram: SegmentationPlatform.DefaultModelDelivery.Metadata.FeatureCount.ComposePromotion recorded 1 samples, mean = 1.0 (flags = 0x41)
0  O                                                                         (0 = 0.0%)
1  -O                                                                        (1 = 100.0%) {0.0%}
2  ... 

Histogram: SegmentationPlatform.DefaultModelDelivery.Metadata.FeatureCount.CrossDeviceUserSegment recorded 1 samples, mean = 4.0 (flags = 0x41)
0  ... 
4  -O                                                                        (1 = 100.0%) {0.0%}
5  ... 

Histogram: SegmentationPlatform.DefaultModelDelivery.Metadata.FeatureCount.DatabaseApiClients recorded 1 samples, mean = 3.0 (flags = 0x41)
0  ... 
3  -O                                                                        (1 = 100.0%) {0.0%}
4  ... 

Histogram: SegmentationPlatform.DefaultModelDelivery.Metadata.FeatureCount.DeviceSwitcher recorded 1 samples, mean = 1.0 (flags = 0x41)
0  O                                                                         (0 = 0.0%)
1  -O                                                                        (1 = 100.0%) {0.0%}
2  ... 

Histogram: SegmentationPlatform.DefaultModelDelivery.Metadata.FeatureCount.PasswordManagerUser recorded 1 samples, mean = 7.0 (flags = 0x41)
0  ... 
7  -O                                                                        (1 = 100.0%) {0.0%}
8  ... 

Histogram: SegmentationPlatform.DefaultModelDelivery.Metadata.FeatureCount.ResumeHeavyUserSegment recorded 1 samples, mean = 5.0 (flags = 0x41)
0  ... 
5  -O                                                                        (1 = 100.0%) {0.0%}
6  ... 

Histogram: SegmentationPlatform.DefaultModelDelivery.Metadata.FeatureCount.SearchUser recorded 1 samples, mean = 2.0 (flags = 0x41)
0  ... 
2  -O                                                                        (1 = 100.0%) {0.0%}
3  ... 

Histogram: SegmentationPlatform.DefaultModelDelivery.Metadata.FeatureCount.ShoppingUser recorded 1 samples, mean = 2.0 (flags = 0x41)
0  ... 
2  -O                                                                        (1 = 100.0%) {0.0%}
3  ... 

Histogram: SegmentationPlatform.DefaultModelDelivery.Metadata.FeatureCount.UrlVisitResumptionRanker recorded 1 samples, mean = 23.0 (flags = 0x41)
0   ... 
23  -O                                                                        (1 = 100.0%) {0.0%}
26  ... 

Histogram: SegmentationPlatform.DefaultModelDelivery.Metadata.Validation.Processed.ChromeLowUserEngagement recorded 1 samples, mean = 0.0 (flags = 0x41)
0  -O                                                                        (1 = 100.0%)
1  ... 

Histogram: SegmentationPlatform.DefaultModelDelivery.Metadata.Validation.Processed.ComposePromotion recorded 1 samples, mean = 0.0 (flags = 0x41)
0  -O                                                                        (1 = 100.0%)
1  ... 

Histogram: SegmentationPlatform.DefaultModelDelivery.Metadata.Validation.Processed.CrossDeviceUserSegment recorded 1 samples, mean = 0.0 (flags = 0x41)
0  -O                                                                        (1 = 100.0%)
1  ... 

Histogram: SegmentationPlatform.DefaultModelDelivery.Metadata.Validation.Processed.DatabaseApiClients recorded 1 samples, mean = 0.0 (flags = 0x41)
0  -O                                                                        (1 = 100.0%)
1  ... 

Histogram: SegmentationPlatform.DefaultModelDelivery.Metadata.Validation.Processed.DeviceSwitcher recorded 1 samples, mean = 0.0 (flags = 0x41)
0  -O                                                                        (1 = 100.0%)
1  ... 

Histogram: SegmentationPlatform.DefaultModelDelivery.Metadata.Validation.Processed.PasswordManagerUser recorded 1 samples, mean = 0.0 (flags = 0x41)
0  -O                                                                        (1 = 100.0%)
1  ... 

Histogram: SegmentationPlatform.DefaultModelDelivery.Metadata.Validation.Processed.ResumeHeavyUserSegment recorded 1 samples, mean = 0.0 (flags = 0x41)
0  -O                                                                        (1 = 100.0%)
1  ... 

Histogram: SegmentationPlatform.DefaultModelDelivery.Metadata.Validation.Processed.SearchUser recorded 1 samples, mean = 0.0 (flags = 0x41)
0  -O                                                                        (1 = 100.0%)
1  ... 

Histogram: SegmentationPlatform.DefaultModelDelivery.Metadata.Validation.Processed.ShoppingUser recorded 1 samples, mean = 0.0 (flags = 0x41)
0  -O                                                                        (1 = 100.0%)
1  ... 

Histogram: SegmentationPlatform.DefaultModelDelivery.Metadata.Validation.Processed.UrlVisitResumptionRanker recorded 1 samples, mean = 0.0 (flags = 0x41)
0  -O                                                                        (1 = 100.0%)
1  ... 

Histogram: SegmentationPlatform.DefaultModelDelivery.Received recorded 10 samples (flags = 0x41)
16    -O                                                                        (1 = 10.0%)
21    -O                                                                        (1 = 10.0%)
23    -O                                                                        (1 = 10.0%)
27    -O                                                                        (1 = 10.0%)
45    -O                                                                        (1 = 10.0%)
46    -O                                                                        (1 = 10.0%)
1001  -O                                                                        (1 = 10.0%)
1004  -O                                                                        (1 = 10.0%)
1007  -O                                                                        (1 = 10.0%)
1009  -O                                                                        (1 = 10.0%)

Histogram: SegmentationPlatform.DefaultModelDelivery.SaveResult.ChromeLowUserEngagement recorded 1 samples, mean = 1.0 (flags = 0x41)
0  O                                                                         (0 = 0.0%)
1  -O                                                                        (1 = 100.0%) {0.0%}
2  O                                                                         (0 = 0.0%) {100.0%}

Histogram: SegmentationPlatform.DefaultModelDelivery.SaveResult.ComposePromotion recorded 1 samples, mean = 1.0 (flags = 0x41)
0  O                                                                         (0 = 0.0%)
1  -O                                                                        (1 = 100.0%) {0.0%}
2  O                                                                         (0 = 0.0%) {100.0%}

Histogram: SegmentationPlatform.DefaultModelDelivery.SaveResult.CrossDeviceUserSegment recorded 1 samples, mean = 1.0 (flags = 0x41)
0  O                                                                         (0 = 0.0%)
1  -O                                                                        (1 = 100.0%) {0.0%}
2  O                                                                         (0 = 0.0%) {100.0%}

Histogram: SegmentationPlatform.DefaultModelDelivery.SaveResult.DatabaseApiClients recorded 1 samples, mean = 1.0 (flags = 0x41)
0  O                                                                         (0 = 0.0%)
1  -O                                                                        (1 = 100.0%) {0.0%}
2  O                                                                         (0 = 0.0%) {100.0%}

Histogram: SegmentationPlatform.DefaultModelDelivery.SaveResult.DeviceSwitcher recorded 1 samples, mean = 1.0 (flags = 0x41)
0  O                                                                         (0 = 0.0%)
1  -O                                                                        (1 = 100.0%) {0.0%}
2  O                                                                         (0 = 0.0%) {100.0%}

Histogram: SegmentationPlatform.DefaultModelDelivery.SaveResult.PasswordManagerUser recorded 1 samples, mean = 1.0 (flags = 0x41)
0  O                                                                         (0 = 0.0%)
1  -O                                                                        (1 = 100.0%) {0.0%}
2  O                                                                         (0 = 0.0%) {100.0%}

Histogram: SegmentationPlatform.DefaultModelDelivery.SaveResult.ResumeHeavyUserSegment recorded 1 samples, mean = 1.0 (flags = 0x41)
0  O                                                                         (0 = 0.0%)
1  -O                                                                        (1 = 100.0%) {0.0%}
2  O                                                                         (0 = 0.0%) {100.0%}

Histogram: SegmentationPlatform.DefaultModelDelivery.SaveResult.SearchUser recorded 1 samples, mean = 1.0 (flags = 0x41)
0  O                                                                         (0 = 0.0%)
1  -O                                                                        (1 = 100.0%) {0.0%}
2  O                                                                         (0 = 0.0%) {100.0%}

Histogram: SegmentationPlatform.DefaultModelDelivery.SaveResult.ShoppingUser recorded 1 samples, mean = 1.0 (flags = 0x41)
0  O                                                                         (0 = 0.0%)
1  -O                                                                        (1 = 100.0%) {0.0%}
2  O                                                                         (0 = 0.0%) {100.0%}

Histogram: SegmentationPlatform.DefaultModelDelivery.SaveResult.UrlVisitResumptionRanker recorded 1 samples, mean = 1.0 (flags = 0x41)
0  O                                                                         (0 = 0.0%)
1  -O                                                                        (1 = 100.0%) {0.0%}
2  O                                                                         (0 = 0.0%) {100.0%}

Histogram: SegmentationPlatform.DefaultModelDelivery.SegmentIdMatches.ChromeLowUserEngagement recorded 1 samples, mean = 1.0 (flags = 0x41)
0  O                                                                         (0 = 0.0%)
1  -O                                                                        (1 = 100.0%) {0.0%}
2  O                                                                         (0 = 0.0%) {100.0%}

Histogram: SegmentationPlatform.DefaultModelDelivery.SegmentIdMatches.ComposePromotion recorded 1 samples, mean = 1.0 (flags = 0x41)
0  O                                                                         (0 = 0.0%)
1  -O                                                                        (1 = 100.0%) {0.0%}
2  O                                                                         (0 = 0.0%) {100.0%}

Histogram: SegmentationPlatform.DefaultModelDelivery.SegmentIdMatches.CrossDeviceUserSegment recorded 1 samples, mean = 1.0 (flags = 0x41)
0  O                                                                         (0 = 0.0%)
1  -O                                                                        (1 = 100.0%) {0.0%}
2  O                                                                         (0 = 0.0%) {100.0%}

Histogram: SegmentationPlatform.DefaultModelDelivery.SegmentIdMatches.DatabaseApiClients recorded 1 samples, mean = 1.0 (flags = 0x41)
0  O                                                                         (0 = 0.0%)
1  -O                                                                        (1 = 100.0%) {0.0%}
2  O                                                                         (0 = 0.0%) {100.0%}

Histogram: SegmentationPlatform.DefaultModelDelivery.SegmentIdMatches.DeviceSwitcher recorded 1 samples, mean = 1.0 (flags = 0x41)
0  O                                                                         (0 = 0.0%)
1  -O                                                                        (1 = 100.0%) {0.0%}
2  O                                                                         (0 = 0.0%) {100.0%}

Histogram: SegmentationPlatform.DefaultModelDelivery.SegmentIdMatches.PasswordManagerUser recorded 1 samples, mean = 1.0 (flags = 0x41)
0  O                                                                         (0 = 0.0%)
1  -O                                                                        (1 = 100.0%) {0.0%}
2  O                                                                         (0 = 0.0%) {100.0%}

Histogram: SegmentationPlatform.DefaultModelDelivery.SegmentIdMatches.ResumeHeavyUserSegment recorded 1 samples, mean = 1.0 (flags = 0x41)
0  O                                                                         (0 = 0.0%)
1  -O                                                                        (1 = 100.0%) {0.0%}
2  O                                                                         (0 = 0.0%) {100.0%}

Histogram: SegmentationPlatform.DefaultModelDelivery.SegmentIdMatches.SearchUser recorded 1 samples, mean = 1.0 (flags = 0x41)
0  O                                                                         (0 = 0.0%)
1  -O                                                                        (1 = 100.0%) {0.0%}
2  O                                                                         (0 = 0.0%) {100.0%}

Histogram: SegmentationPlatform.DefaultModelDelivery.SegmentIdMatches.ShoppingUser recorded 1 samples, mean = 1.0 (flags = 0x41)
0  O                                                                         (0 = 0.0%)
1  -O                                                                        (1 = 100.0%) {0.0%}
2  O                                                                         (0 = 0.0%) {100.0%}

Histogram: SegmentationPlatform.DefaultModelDelivery.SegmentIdMatches.UrlVisitResumptionRanker recorded 1 samples, mean = 1.0 (flags = 0x41)
0  O                                                                         (0 = 0.0%)
1  -O                                                                        (1 = 100.0%) {0.0%}
2  O                                                                         (0 = 0.0%) {100.0%}

Histogram: SegmentationPlatform.DeviceSwitcher.PostProcessing.TopLabel.Computed recorded 1 samples (flags = 0x41)
7  -O                                                                        (1 = 100.0%)

Histogram: SegmentationPlatform.FeatureProcessing.Error.DeviceSwitcher recorded 1 samples, mean = 7.0 (flags = 0x41)
0  ... 
7  -O                                                                        (1 = 100.0%) {0.0%}
8  O                                                                         (0 = 0.0%) {100.0%}

Histogram: SegmentationPlatform.Init.CreationToInitializationLatency recorded 1 samples, mean = 10116.0 (flags = 0x41)
0     ... 
8000  -O                                                                        (1 = 100.0%) {0.0%}
10165 ... 

Histogram: SegmentationPlatform.Init.ModelUpdatedTimeDifferenceInDays.ChromeLowUserEngagement recorded 1 samples, mean = 78.0 (flags = 0x41)
0   ... 
75  -O                                                                        (1 = 100.0%) {0.0%}
84  ... 

Histogram: SegmentationPlatform.Init.ModelUpdatedTimeDifferenceInDays.ComposePromotion recorded 1 samples, mean = 78.0 (flags = 0x41)
0   ... 
75  -O                                                                        (1 = 100.0%) {0.0%}
84  ... 

Histogram: SegmentationPlatform.Init.ModelUpdatedTimeDifferenceInDays.CrossDeviceUserSegment recorded 1 samples, mean = 78.0 (flags = 0x41)
0   ... 
75  -O                                                                        (1 = 100.0%) {0.0%}
84  ... 

Histogram: SegmentationPlatform.Init.ModelUpdatedTimeDifferenceInDays.DatabaseApiClients recorded 1 samples, mean = 78.0 (flags = 0x41)
0   ... 
75  -O                                                                        (1 = 100.0%) {0.0%}
84  ... 

Histogram: SegmentationPlatform.Init.ModelUpdatedTimeDifferenceInDays.DeviceSwitcher recorded 1 samples, mean = 78.0 (flags = 0x41)
0   ... 
75  -O                                                                        (1 = 100.0%) {0.0%}
84  ... 

Histogram: SegmentationPlatform.Init.ModelUpdatedTimeDifferenceInDays.PasswordManagerUser recorded 1 samples, mean = 78.0 (flags = 0x41)
0   ... 
75  -O                                                                        (1 = 100.0%) {0.0%}
84  ... 

Histogram: SegmentationPlatform.Init.ModelUpdatedTimeDifferenceInDays.ResumeHeavyUserSegment recorded 1 samples, mean = 78.0 (flags = 0x41)
0   ... 
75  -O                                                                        (1 = 100.0%) {0.0%}
84  ... 

Histogram: SegmentationPlatform.Init.ModelUpdatedTimeDifferenceInDays.SearchUser recorded 1 samples, mean = 78.0 (flags = 0x41)
0   ... 
75  -O                                                                        (1 = 100.0%) {0.0%}
84  ... 

Histogram: SegmentationPlatform.Init.ModelUpdatedTimeDifferenceInDays.ShoppingUser recorded 1 samples, mean = 78.0 (flags = 0x41)
0   ... 
75  -O                                                                        (1 = 100.0%) {0.0%}
84  ... 

Histogram: SegmentationPlatform.Init.ModelUpdatedTimeDifferenceInDays.UrlVisitResumptionRanker recorded 1 samples, mean = 78.0 (flags = 0x41)
0   ... 
75  -O                                                                        (1 = 100.0%) {0.0%}
84  ... 

Histogram: SegmentationPlatform.Init.ProcessCreationToServiceCreationLatency recorded 1 samples, mean = 247782.0 (flags = 0x41)
0       ... 
180000  -O                                                                        (1 = 100.0%) {0.0%}

Histogram: SegmentationPlatform.Maintenance.CleanupSignalSuccessCount recorded 1 samples, mean = 20.0 (flags = 0x41)
0   ... 
20  -O                                                                        (1 = 100.0%) {0.0%}
23  ... 

Histogram: SegmentationPlatform.Maintenance.SignalIdentifierCount recorded 1 samples, mean = 20.0 (flags = 0x41)
0   ... 
20  -O                                                                        (1 = 100.0%) {0.0%}
23  ... 

Histogram: SegmentationPlatform.ModelAvailability.ChromeLowUserEngagement recorded 1 samples, mean = 0.0 (flags = 0x41)
0  -O                                                                        (1 = 100.0%)
1  ... 

Histogram: SegmentationPlatform.ModelAvailability.ComposePromotion recorded 1 samples, mean = 0.0 (flags = 0x41)
0  -O                                                                        (1 = 100.0%)
1  ... 

Histogram: SegmentationPlatform.ModelAvailability.DeviceSwitcher recorded 1 samples, mean = 0.0 (flags = 0x41)
0  -O                                                                        (1 = 100.0%)
1  ... 

Histogram: SegmentationPlatform.ModelAvailability.SearchUser recorded 1 samples, mean = 0.0 (flags = 0x41)
0  -O                                                                        (1 = 100.0%)
1  ... 

Histogram: SegmentationPlatform.ModelAvailability.ShoppingUser recorded 1 samples, mean = 0.0 (flags = 0x41)
0  -O                                                                        (1 = 100.0%)
1  ... 

Histogram: SegmentationPlatform.ModelAvailability.UrlVisitResumptionRanker recorded 1 samples, mean = 0.0 (flags = 0x41)
0  -O                                                                        (1 = 100.0%)
1  ... 

Histogram: SegmentationPlatform.ModelAvailability.WebAppInstallationPromo recorded 1 samples, mean = 0.0 (flags = 0x41)
0  -O                                                                        (1 = 100.0%)
1  ... 

Histogram: SegmentationPlatform.ModelExecution.DefaultProvider.Status.DeviceSwitcher recorded 1 samples, mean = 0.0 (flags = 0x41)
0  -O                                                                        (1 = 100.0%)
1  ... 

Histogram: SegmentationPlatform.ModelExecution.Duration.Model.DeviceSwitcher.Success recorded 1 samples, mean = 0.0 (flags = 0x41)
0  -O                                                                        (1 = 100.0%)
1  ... 

Histogram: SegmentationPlatform.ModelExecution.Duration.Total.DeviceSwitcher.Success recorded 1 samples, mean = 60001.0 (flags = 0x41)
0      ... 
10000  -O                                                                        (1 = 100.0%) {0.0%}

Histogram: SegmentationPlatform.ModelExecution.Result.0.DeviceSwitcher recorded 1 samples, mean = 0.0 (flags = 0x41)
0  -O                                                                        (1 = 100.0%)
1  ... 

Histogram: SegmentationPlatform.ModelExecution.Result.1.DeviceSwitcher recorded 1 samples, mean = 0.0 (flags = 0x41)
0  -O                                                                        (1 = 100.0%)
1  ... 

Histogram: SegmentationPlatform.ModelExecution.Result.2.DeviceSwitcher recorded 1 samples, mean = 0.0 (flags = 0x41)
0  -O                                                                        (1 = 100.0%)
1  ... 

Histogram: SegmentationPlatform.ModelExecution.Result.3.DeviceSwitcher recorded 1 samples, mean = 0.0 (flags = 0x41)
0  -O                                                                        (1 = 100.0%)
1  ... 

Histogram: SegmentationPlatform.ModelExecution.Result.4.DeviceSwitcher recorded 1 samples, mean = 0.0 (flags = 0x41)
0  -O                                                                        (1 = 100.0%)
1  ... 

Histogram: SegmentationPlatform.ModelExecution.Result.5.DeviceSwitcher recorded 1 samples, mean = 0.0 (flags = 0x41)
0  -O                                                                        (1 = 100.0%)
1  ... 

Histogram: SegmentationPlatform.ModelExecution.Result.6.DeviceSwitcher recorded 1 samples, mean = 0.0 (flags = 0x41)
0  -O                                                                        (1 = 100.0%)
1  ... 

Histogram: SegmentationPlatform.ModelExecution.Result.7.DeviceSwitcher recorded 1 samples, mean = 100.0 (flags = 0x41)
0    ... 
100  -O                                                                        (1 = 100.0%) {0.0%}
101  O                                                                         (0 = 0.0%) {100.0%}

Histogram: SegmentationPlatform.ModelExecution.ZeroValuePercent.DeviceSwitcher recorded 1 samples, mean = 90.0 (flags = 0x41)
0   ... 
90  -O                                                                        (1 = 100.0%) {0.0%}
91  ... 

Histogram: SegmentationPlatform.PasswordManagerUser.PostProcessing.TopLabel.Computed recorded 1 samples (flags = 0x41)
0  -O                                                                        (1 = 100.0%)

Histogram: SegmentationPlatform.ResumeHeavyUser.PostProcessing.TopLabel.Computed recorded 1 samples (flags = 0x41)
0  -O                                                                        (1 = 100.0%)

Histogram: SegmentationPlatform.SearchUser.PostProcessing.TopLabel.Computed recorded 1 samples (flags = 0x41)
-1 -O                                                                        (1 = 100.0%)

Histogram: SegmentationPlatform.SegmentInfoDatabase.ProtoDBUpdateResult.ChromeLowUserEngagement recorded 1 samples, mean = 1.0 (flags = 0x41)
0  O                                                                         (0 = 0.0%)
1  -O                                                                        (1 = 100.0%) {0.0%}
2  O                                                                         (0 = 0.0%) {100.0%}

Histogram: SegmentationPlatform.SegmentInfoDatabase.ProtoDBUpdateResult.ComposePromotion recorded 1 samples, mean = 1.0 (flags = 0x41)
0  O                                                                         (0 = 0.0%)
1  -O                                                                        (1 = 100.0%) {0.0%}
2  O                                                                         (0 = 0.0%) {100.0%}

Histogram: SegmentationPlatform.SegmentInfoDatabase.ProtoDBUpdateResult.CrossDeviceUserSegment recorded 1 samples, mean = 1.0 (flags = 0x41)
0  O                                                                         (0 = 0.0%)
1  -O                                                                        (1 = 100.0%) {0.0%}
2  O                                                                         (0 = 0.0%) {100.0%}

Histogram: SegmentationPlatform.SegmentInfoDatabase.ProtoDBUpdateResult.DatabaseApiClients recorded 1 samples, mean = 1.0 (flags = 0x41)
0  O                                                                         (0 = 0.0%)
1  -O                                                                        (1 = 100.0%) {0.0%}
2  O                                                                         (0 = 0.0%) {100.0%}

Histogram: SegmentationPlatform.SegmentInfoDatabase.ProtoDBUpdateResult.DeviceSwitcher recorded 1 samples, mean = 1.0 (flags = 0x41)
0  O                                                                         (0 = 0.0%)
1  -O                                                                        (1 = 100.0%) {0.0%}
2  O                                                                         (0 = 0.0%) {100.0%}

Histogram: SegmentationPlatform.SegmentInfoDatabase.ProtoDBUpdateResult.PasswordManagerUser recorded 1 samples, mean = 1.0 (flags = 0x41)
0  O                                                                         (0 = 0.0%)
1  -O                                                                        (1 = 100.0%) {0.0%}
2  O                                                                         (0 = 0.0%) {100.0%}

Histogram: SegmentationPlatform.SegmentInfoDatabase.ProtoDBUpdateResult.ResumeHeavyUserSegment recorded 1 samples, mean = 1.0 (flags = 0x41)
0  O                                                                         (0 = 0.0%)
1  -O                                                                        (1 = 100.0%) {0.0%}
2  O                                                                         (0 = 0.0%) {100.0%}

Histogram: SegmentationPlatform.SegmentInfoDatabase.ProtoDBUpdateResult.SearchUser recorded 1 samples, mean = 1.0 (flags = 0x41)
0  O                                                                         (0 = 0.0%)
1  -O                                                                        (1 = 100.0%) {0.0%}
2  O                                                                         (0 = 0.0%) {100.0%}

Histogram: SegmentationPlatform.SegmentInfoDatabase.ProtoDBUpdateResult.ShoppingUser recorded 1 samples, mean = 1.0 (flags = 0x41)
0  O                                                                         (0 = 0.0%)
1  -O                                                                        (1 = 100.0%) {0.0%}
2  O                                                                         (0 = 0.0%) {100.0%}

Histogram: SegmentationPlatform.SegmentInfoDatabase.ProtoDBUpdateResult.UrlVisitResumptionRanker recorded 1 samples, mean = 1.0 (flags = 0x41)
0  O                                                                         (0 = 0.0%)
1  -O                                                                        (1 = 100.0%) {0.0%}
2  O                                                                         (0 = 0.0%) {100.0%}

Histogram: SegmentationPlatform.SegmentInfoDatabase.ProtoDBUpdateResult.WebAppInstallationPromo recorded 1 samples, mean = 1.0 (flags = 0x41)
0  O                                                                         (0 = 0.0%)
1  -O                                                                        (1 = 100.0%) {0.0%}
2  O                                                                         (0 = 0.0%) {100.0%}

Histogram: SegmentationPlatform.SelectionFailedReason.ChromeLowUserEngagement recorded 3 samples, mean = 20.3 (flags = 0x41)
0   ... 
16  -O                                                                        (1 = 33.3%) {0.0%}
17  O                                                                         (0 = 0.0%) {33.3%}
18  -O                                                                        (1 = 33.3%) {33.3%}
19  ... 
27  -O                                                                        (1 = 33.3%) {66.7%}
28  ... 

Histogram: SegmentationPlatform.SelectionFailedReason.ComposePromotion recorded 1 samples, mean = 17.0 (flags = 0x41)
0   ... 
17  -O                                                                        (1 = 100.0%) {0.0%}
18  ... 

Histogram: SegmentationPlatform.SelectionFailedReason.CrossDeviceUser recorded 3 samples, mean = 20.3 (flags = 0x41)
0   ... 
16  -O                                                                        (1 = 33.3%) {0.0%}
17  O                                                                         (0 = 0.0%) {33.3%}
18  -O                                                                        (1 = 33.3%) {33.3%}
19  ... 
27  -O                                                                        (1 = 33.3%) {66.7%}
28  ... 

Histogram: SegmentationPlatform.SelectionFailedReason.DatabaseApiClients recorded 1 samples, mean = 17.0 (flags = 0x41)
0   ... 
17  -O                                                                        (1 = 100.0%) {0.0%}
18  ... 

Histogram: SegmentationPlatform.SelectionFailedReason.DeviceSwitcher recorded 2 samples, mean = 19.0 (flags = 0x41)
0   ... 
17  -O                                                                        (1 = 50.0%) {0.0%}
18  ... 
21  -O                                                                        (1 = 50.0%) {50.0%}
22  ... 

Histogram: SegmentationPlatform.SelectionFailedReason.PasswordManagerUser recorded 3 samples, mean = 20.3 (flags = 0x41)
0   ... 
16  -O                                                                        (1 = 33.3%) {0.0%}
17  O                                                                         (0 = 0.0%) {33.3%}
18  -O                                                                        (1 = 33.3%) {33.3%}
19  ... 
27  -O                                                                        (1 = 33.3%) {66.7%}
28  ... 

Histogram: SegmentationPlatform.SelectionFailedReason.ResumeHeavyUser recorded 3 samples, mean = 20.3 (flags = 0x41)
0   ... 
16  -O                                                                        (1 = 33.3%) {0.0%}
17  O                                                                         (0 = 0.0%) {33.3%}
18  -O                                                                        (1 = 33.3%) {33.3%}
19  ... 
27  -O                                                                        (1 = 33.3%) {66.7%}
28  ... 

Histogram: SegmentationPlatform.SelectionFailedReason.SearchUser recorded 3 samples, mean = 20.3 (flags = 0x41)
0   ... 
16  -O                                                                        (1 = 33.3%) {0.0%}
17  O                                                                         (0 = 0.0%) {33.3%}
18  -O                                                                        (1 = 33.3%) {33.3%}
19  ... 
27  -O                                                                        (1 = 33.3%) {66.7%}
28  ... 

Histogram: SegmentationPlatform.SelectionFailedReason.ShoppingUser recorded 3 samples, mean = 20.3 (flags = 0x41)
0   ... 
16  -O                                                                        (1 = 33.3%) {0.0%}
17  O                                                                         (0 = 0.0%) {33.3%}
18  -O                                                                        (1 = 33.3%) {33.3%}
19  ... 
27  -O                                                                        (1 = 33.3%) {66.7%}
28  ... 

Histogram: SegmentationPlatform.SelectionFailedReason.URLVisitResumptionRanker recorded 1 samples, mean = 17.0 (flags = 0x41)
0   ... 
17  -O                                                                        (1 = 100.0%) {0.0%}
18  ... 

Histogram: SegmentationPlatform.SelectionFailedReason.WebAppInstallationPromo recorded 1 samples, mean = 17.0 (flags = 0x41)
0   ... 
17  -O                                                                        (1 = 100.0%) {0.0%}
18  ... 

Histogram: SegmentationPlatform.ShoppingUser.PostProcessing.TopLabel.Computed recorded 1 samples (flags = 0x41)
0  -O                                                                        (1 = 100.0%)

Histogram: SegmentationPlatform.Signals.ListeningCount.HistogramEnum recorded 1 samples, mean = 7.0 (flags = 0x41)
0  ... 
7  -O                                                                        (1 = 100.0%) {0.0%}
8  ... 

Histogram: SegmentationPlatform.Signals.ListeningCount.HistogramValue recorded 1 samples, mean = 6.0 (flags = 0x41)
0  ... 
6  -O                                                                        (1 = 100.0%) {0.0%}
7  ... 

Histogram: SegmentationPlatform.Signals.ListeningCount.UserAction recorded 1 samples, mean = 7.0 (flags = 0x41)
0  ... 
7  -O                                                                        (1 = 100.0%) {0.0%}
8  ... 

Histogram: SegmentationPlatform.SyncSessions.TabsCountAtStartup recorded 1 samples, mean = 0.0 (flags = 0x41)
0  -O                                                                        (1 = 100.0%)
1  ... 

Histogram: SegmentationPlatform.UkmDatabase.InitTime recorded 1 samples, mean = 114.0 (flags = 0x41)
0    ... 
114  -O                                                                        (1 = 100.0%) {0.0%}
135  ... 

Histogram: ServiceWorker.FindRegistrationForClientUrl.IsCalledForNavigation recorded 5 samples, mean = 0.2 (flags = 0x41)
0  ----O                                                                     (4 = 80.0%)
1  -O                                                                        (1 = 20.0%) {80.0%}
2  O                                                                         (0 = 0.0%) {100.0%}

Histogram: ServiceWorker.FindRegistrationForClientUrl.SkippedMojoCall.OnNavigation recorded 1 samples, mean = 0.0 (flags = 0x41)
0  -O                                                                        (1 = 100.0%)
1  ... 

Histogram: ServiceWorker.OnBrowserStartup.SkipServiceWorkerOnFirstNavigation recorded 1 samples, mean = 0.0 (flags = 0x41)
0  -O                                                                        (1 = 100.0%)
1  ... 

Histogram: ServiceWorker.RegisteredStorageKeyCount recorded 1 samples, mean = 0.0 (flags = 0x41)
0  -O                                                                        (1 = 100.0%)
1  ... 

Histogram: ServiceWorker.SkipCallingFindRegistrationForClientUrl recorded 1 samples, mean = 1.0 (flags = 0x41)
0  O                                                                         (0 = 0.0%)
1  -O                                                                        (1 = 100.0%) {0.0%}
2  O                                                                         (0 = 0.0%) {100.0%}

Histogram: ServiceWorker.Storage.ReadInitialDataFromDB.Time recorded 1 samples, mean = 0.0 (flags = 0x41)
0  -O                                                                        (1 = 100.0%)
1  ... 

Histogram: ServiceWorker.Storage.RegisteredStorageKeyCacheInitialization.Time recorded 1 samples, mean = 6365.0 (flags = 0x41)
0     ... 
6296  -O                                                                        (1 = 100.0%) {0.0%}
8000  ... 

Histogram: SessionRestore.UnrecoverableWriteErrorCount recorded 1 samples, mean = 0.0 (flags = 0x41)
0  -O                                                                        (1 = 100.0%)
1  ... 

Histogram: SessionStorageContext.CommitResult recorded 2 samples, mean = 0.0 (flags = 0x41)
0  --O                                                                       (2 = 100.0%)
1  ... 

Histogram: Settings.AdvancedSpellcheck.OnStartup2 recorded 1 samples, mean = 0.0 (flags = 0x41)
0  -O                                                                        (1 = 100.0%)
1  ... 

Histogram: Settings.AutocompleteSearches.OnStartup2 recorded 1 samples, mean = 1.0 (flags = 0x41)
0  O                                                                         (0 = 0.0%)
1  -O                                                                        (1 = 100.0%) {0.0%}
2  O                                                                         (0 = 0.0%) {100.0%}

Histogram: Settings.FingerprintingProtection.Enabled recorded 1 samples, mean = 0.0 (flags = 0x41)
0  -O                                                                        (1 = 100.0%)
1  ... 

Histogram: Settings.FirstPartySets.State recorded 1 samples, mean = 0.0 (flags = 0x41)
0  -O                                                                        (1 = 100.0%)
1  ... 

Histogram: Settings.IpProtection.Enabled recorded 1 samples, mean = 0.0 (flags = 0x41)
0  -O                                                                        (1 = 100.0%)
1  ... 

Histogram: Settings.PreloadStatus.OnStartup3 recorded 1 samples, mean = 1.0 (flags = 0x41)
0  O                                                                         (0 = 0.0%)
1  -O                                                                        (1 = 100.0%) {0.0%}
2  ... 

Histogram: Settings.PrivacySandbox.AdMeasurement.Enabled recorded 1 samples, mean = 0.0 (flags = 0x41)
0  -O                                                                        (1 = 100.0%)
1  ... 

Histogram: Settings.PrivacySandbox.Fledge.Enabled recorded 1 samples, mean = 0.0 (flags = 0x41)
0  -O                                                                        (1 = 100.0%)
1  ... 

Histogram: Settings.PrivacySandbox.Topics.Enabled recorded 1 samples, mean = 0.0 (flags = 0x41)
0  -O                                                                        (1 = 100.0%)
1  ... 

Histogram: Settings.ShowHomeButton2 recorded 1 samples, mean = 0.0 (flags = 0x41)
0  -O                                                                        (1 = 100.0%)
1  ... 

Histogram: Settings.StartupPageLoadSettings2 recorded 1 samples, mean = 5.0 (flags = 0x41)
0  ... 
5  -O                                                                        (1 = 100.0%) {0.0%}
6  ... 

Histogram: Settings.TrackedPreferenceUnchanged recorded 18 samples, mean = 14.5 (flags = 0x41)
0   -O                                                                        (1 = 5.6%)
1   -O                                                                        (1 = 5.6%) {5.6%}
2   -O                                                                        (1 = 5.6%) {11.1%}
3   -O                                                                        (1 = 5.6%) {16.7%}
4   -O                                                                        (1 = 5.6%) {22.2%}
5   -O                                                                        (1 = 5.6%) {27.8%}
6   -O                                                                        (1 = 5.6%) {33.3%}
7   -O                                                                        (1 = 5.6%) {38.9%}
8   ... 
11  -O                                                                        (1 = 5.6%) {44.4%}
12  ... 
14  -O                                                                        (1 = 5.6%) {50.0%}
15  -O                                                                        (1 = 5.6%) {55.6%}
16  ... 
18  -O                                                                        (1 = 5.6%) {61.1%}
19  ... 
23  -O                                                                        (1 = 5.6%) {66.7%}
24  -O                                                                        (1 = 5.6%) {72.2%}
25  ... 
29  -O                                                                        (1 = 5.6%) {77.8%}
30  ... 
32  -O                                                                        (1 = 5.6%) {83.3%}
33  -O                                                                        (1 = 5.6%) {88.9%}
34  -O                                                                        (1 = 5.6%) {94.4%}
35  O                                                                         (0 = 0.0%) {100.0%}

Histogram: Settings.TrackedPreferenceUnchanged.FromRegistry recorded 18 samples, mean = 14.5 (flags = 0x41)
0   -O                                                                        (1 = 5.6%)
1   -O                                                                        (1 = 5.6%) {5.6%}
2   -O                                                                        (1 = 5.6%) {11.1%}
3   -O                                                                        (1 = 5.6%) {16.7%}
4   -O                                                                        (1 = 5.6%) {22.2%}
5   -O                                                                        (1 = 5.6%) {27.8%}
6   -O                                                                        (1 = 5.6%) {33.3%}
7   -O                                                                        (1 = 5.6%) {38.9%}
8   ... 
11  -O                                                                        (1 = 5.6%) {44.4%}
12  ... 
14  -O                                                                        (1 = 5.6%) {50.0%}
15  -O                                                                        (1 = 5.6%) {55.6%}
16  ... 
18  -O                                                                        (1 = 5.6%) {61.1%}
19  ... 
23  -O                                                                        (1 = 5.6%) {66.7%}
24  -O                                                                        (1 = 5.6%) {72.2%}
25  ... 
29  -O                                                                        (1 = 5.6%) {77.8%}
30  ... 
32  -O                                                                        (1 = 5.6%) {83.3%}
33  -O                                                                        (1 = 5.6%) {88.9%}
34  -O                                                                        (1 = 5.6%) {94.4%}
35  O                                                                         (0 = 0.0%) {100.0%}

Histogram: Settings.TrackingProtection.Enabled recorded 1 samples, mean = 0.0 (flags = 0x41)
0  -O                                                                        (1 = 100.0%)
1  ... 

Histogram: SharedDictionary.TimeInitializeDB recorded 1 samples, mean = 6.0 (flags = 0x41)
0  ... 
6  -O                                                                        (1 = 100.0%) {0.0%}
7  ... 

Histogram: Signin.APIKeyMatchesFeatureOnStartup recorded 3 samples, mean = 0.0 (flags = 0x41)
0  ---O                                                                      (3 = 100.0%)
1  ... 

Histogram: Signin.AccountTracker.CountOfLoadedAccounts recorded 1 samples, mean = 0.0 (flags = 0x41)
0  -O                                                                        (1 = 100.0%)
1  ... 

Histogram: Signin.ExplicitSigninMigration recorded 1 samples, mean = 0.0 (flags = 0x41)
0  -O                                                                        (1 = 100.0%)
1  ... 

Histogram: Signin.HadPreviousSyncAccount.SignedOutOnProfileLoad recorded 1 samples, mean = 0.0 (flags = 0x41)
0  -O                                                                        (1 = 100.0%)
1  ... 

Histogram: Signin.HadPreviousSyncAccount.SyncOffOnProfileLoad recorded 1 samples, mean = 0.0 (flags = 0x41)
0  -O                                                                        (1 = 100.0%)
1  ... 

Histogram: Signin.ListAccountsFailure recorded 1 samples, mean = 0.0 (flags = 0x41)
0  -O                                                                        (1 = 100.0%)
1  ... 

Histogram: Signin.PAMInitialize.PrimaryAccountPrefs recorded 1 samples, mean = 2.0 (flags = 0x41)
0  ... 
2  -O                                                                        (1 = 100.0%) {0.0%}
3  ... 

Histogram: Signin.SigninAllowed recorded 1 samples, mean = 0.0 (flags = 0x41)
0  -O                                                                        (1 = 100.0%)
1  ... 

Histogram: Signin.TokenTable.GetAllTokensSqlStatementValidity recorded 1 samples, mean = 1.0 (flags = 0x41)
0  O                                                                         (0 = 0.0%)
1  -O                                                                        (1 = 100.0%) {0.0%}
2  O                                                                         (0 = 0.0%) {100.0%}

Histogram: SimpleCache.App.CacheSizeOnInit recorded 1 samples, mean = 0.0 (flags = 0x41)
0  -O                                                                        (1 = 100.0%)
1000... 

Histogram: SimpleCache.App.ConsistencyResult recorded 1 samples, mean = 0.0 (flags = 0x41)
0  -O                                                                        (1 = 100.0%)
1  ... 

Histogram: SimpleCache.App.CreationToIndex recorded 1 samples, mean = 33.0 (flags = 0x41)
0   ... 
29  -O                                                                        (1 = 100.0%) {0.0%}
34  ... 

Histogram: SimpleCache.App.IndexFileStateOnLoad recorded 1 samples, mean = 2.0 (flags = 0x41)
0  ... 
2  -O                                                                        (1 = 100.0%) {0.0%}
3  ... 

Histogram: SimpleCache.App.IndexInitializeMethod recorded 1 samples, mean = 1.0 (flags = 0x41)
0  O                                                                         (0 = 0.0%)
1  -O                                                                        (1 = 100.0%) {0.0%}
2  ... 

Histogram: SimpleCache.App.IndexNumEntriesOnInit recorded 1 samples, mean = 0.0 (flags = 0x41)
0  -O                                                                        (1 = 100.0%)
1  ... 

Histogram: SimpleCache.App.MaxCacheSizeOnInit recorded 1 samples, mean = 0.0 (flags = 0x41)
0  -O                                                                        (1 = 100.0%)
1000... 

Histogram: SimpleCache.Code.CacheSizeOnInit recorded 1 samples, mean = 8824.0 (flags = 0x41)
0     ... 
7935  -O                                                                        (1 = 100.0%) {0.0%}
9032  ... 

Histogram: SimpleCache.Code.ConsistencyResult recorded 1 samples, mean = 0.0 (flags = 0x41)
0  -O                                                                        (1 = 100.0%)
1  ... 

Histogram: SimpleCache.Code.CreationToIndex recorded 1 samples, mean = 13.0 (flags = 0x41)
0   ... 
12  -O                                                                        (1 = 100.0%) {0.0%}
14  ... 

Histogram: SimpleCache.Code.DiskCloseLatency recorded 36 samples, mean = 0.4 (flags = 0x41)
0  --------------------------------O                                         (32 = 88.9%)
1  ... 
4  ----O                                                                     (4 = 11.1%) {88.9%}
5  ... 

Histogram: SimpleCache.Code.DiskCreateLatency recorded 1 samples, mean = 0.0 (flags = 0x40)
0  -O                                                                        (1 = 100.0%)
1  ... 

Histogram: SimpleCache.Code.DiskDoomLatency recorded 1 samples, mean = 1.0 (flags = 0x41)
0  O                                                                         (0 = 0.0%)
1  -O                                                                        (1 = 100.0%) {0.0%}
2  ... 

Histogram: SimpleCache.Code.DiskOpenLatency recorded 35 samples, mean = 15.0 (flags = 0x41)
0   -O                                                                        (1 = 2.9%)
1   ... 
7   --O                                                                       (2 = 5.7%) {2.9%}
8   --O                                                                       (2 = 5.7%) {8.6%}
10  -----O                                                                    (5 = 14.3%) {14.3%}
12  --O                                                                       (2 = 5.7%) {28.6%}
14  ----------O                                                               (10 = 28.6%) {34.3%}
17  ------O                                                                   (6 = 17.1%) {62.9%}
20  ----O                                                                     (4 = 11.4%) {80.0%}
24  ---O                                                                      (3 = 8.6%) {91.4%}
29  ... 

Histogram: SimpleCache.Code.EntryCreationTime recorded 36 samples, mean = 17.7 (flags = 0x41)
0   --O                                                                       (2 = 5.6%)
1   ... 
7   --O                                                                       (2 = 5.6%) {5.6%}
8   --O                                                                       (2 = 5.6%) {11.1%}
10  ---O                                                                      (3 = 8.3%) {16.7%}
12  -O                                                                        (1 = 2.8%) {25.0%}
14  ------O                                                                   (6 = 16.7%) {27.8%}
17  -----O                                                                    (5 = 13.9%) {44.4%}
20  -------O                                                                  (7 = 19.4%) {58.3%}
24  -------O                                                                  (7 = 19.4%) {77.8%}
29  O                                                                         (0 = 0.0%) {97.2%}
34  -O                                                                        (1 = 2.8%) {97.2%}
40  ... 

Histogram: SimpleCache.Code.HeaderSize recorded 3 samples, mean = 36.0 (flags = 0x41)
0   ... 
34  ---O                                                                      (3 = 100.0%) {0.0%}
40  ... 

Histogram: SimpleCache.Code.IndexFileStateOnLoad recorded 1 samples, mean = 2.0 (flags = 0x41)
0  ... 
2  -O                                                                        (1 = 100.0%) {0.0%}
3  ... 

Histogram: SimpleCache.Code.IndexInitializeMethod recorded 1 samples, mean = 1.0 (flags = 0x41)
0  O                                                                         (0 = 0.0%)
1  -O                                                                        (1 = 100.0%) {0.0%}
2  ... 

Histogram: SimpleCache.Code.IndexNumEntriesOnInit recorded 1 samples, mean = 142.0 (flags = 0x41)
0    ... 
119  -O                                                                        (1 = 100.0%) {0.0%}
149  ... 

Histogram: SimpleCache.Code.MaxCacheSizeOnInit recorded 1 samples, mean = 327680.0 (flags = 0x41)
0       ... 
297881  -O                                                                        (1 = 100.0%) {0.0%}
339058  ... 

Histogram: SimpleCache.Code.OpenEntryIndexState recorded 41 samples, mean = 1.9 (flags = 0x41)
0  O                                                                         (0 = 0.0%)
1  ------O                                                                   (6 = 14.6%) {0.0%}
2  -----------------------------------O                                      (35 = 85.4%) {14.6%}
3  O                                                                         (0 = 0.0%) {100.0%}

Histogram: SimpleCache.Code.SyncCheckEOFResult recorded 52 samples, mean = 0.0 (flags = 0x40)
0  ----------------------------------------------------O                     (52 = 100.0%)
1  ... 

Histogram: SimpleCache.Code.SyncCloseResult recorded 36 samples, mean = 0.0 (flags = 0x40)
0  ------------------------------------O                                     (36 = 100.0%)
1  ... 

Histogram: SimpleCache.Code.SyncOpenPrefetchMode recorded 35 samples, mean = 0.0 (flags = 0x41)
0  -----------------------------------O                                      (35 = 100.0%)
1  ... 

Histogram: SimpleCache.Code.SyncOpenResult recorded 35 samples, mean = 0.0 (flags = 0x40)
0  -----------------------------------O                                      (35 = 100.0%)
1  ... 

Histogram: SiteEngagementService.EngagementScore recorded 1 samples, mean = 17.0 (flags = 0x41)
0   ... 
17  -O                                                                        (1 = 100.0%) {0.0%}
18  ... 

Histogram: SiteEngagementService.EngagementType recorded 1 samples, mean = 0.0 (flags = 0x41)
0  -O                                                                        (1 = 100.0%)
1  ... 

Histogram: SiteEngagementService.MeanEngagement recorded 1 samples, mean = 17.0 (flags = 0x41)
0   ... 
17  -O                                                                        (1 = 100.0%) {0.0%}
18  ... 

Histogram: SiteEngagementService.MedianEngagement recorded 1 samples, mean = 17.0 (flags = 0x41)
0   ... 
17  -O                                                                        (1 = 100.0%) {0.0%}
18  ... 

Histogram: SiteEngagementService.OriginsEngaged recorded 1 samples, mean = 1.0 (flags = 0x41)
0  O                                                                         (0 = 0.0%)
1  -O                                                                        (1 = 100.0%) {0.0%}
2  ... 

Histogram: SiteIsolatedCodeCache.JS.Behaviour recorded 42 samples, mean = 0.4 (flags = 0x41)
0  ---------------------------------O                                        (33 = 78.6%)
1  -----O                                                                    (5 = 11.9%) {78.6%}
2  -O                                                                        (1 = 2.4%) {90.5%}
3  --O                                                                       (2 = 4.8%) {92.9%}
4  -O                                                                        (1 = 2.4%) {97.6%}
5  ... 

Histogram: SiteIsolatedCodeCache.JS.FetchCodeCache recorded 21 samples, mean = 44.8 (flags = 0x41)
0    ... 
7    -O                                                                        (1 = 4.8%) {0.0%}
8    -O                                                                        (1 = 4.8%) {4.8%}
10   ... 
14   -O                                                                        (1 = 4.8%) {9.5%}
17   -O                                                                        (1 = 4.8%) {14.3%}
20   --O                                                                       (2 = 9.5%) {19.0%}
24   ---O                                                                      (3 = 14.3%) {28.6%}
29   -O                                                                        (1 = 4.8%) {42.9%}
34   ----O                                                                     (4 = 19.0%) {47.6%}
40   -----O                                                                    (5 = 23.8%) {66.7%}
48   ... 
160  --O                                                                       (2 = 9.5%) {90.5%}
190  ... 

Histogram: SiteIsolatedCodeCache.JS.Hit recorded 26 samples, mean = 0.8 (flags = 0x41)
0  -----O                                                                    (5 = 19.2%)
1  ---------------------O                                                    (21 = 80.8%) {19.2%}
2  O                                                                         (0 = 0.0%) {100.0%}

Histogram: SiteIsolatedCodeCache.JS.PotentialMemoryBackedCodeCacheHit recorded 26 samples, mean = 0.0 (flags = 0x41)
0  --------------------------O                                               (26 = 100.0%)
1  ... 

Histogram: SiteIsolatedCodeCache.JS.PotentialMemoryBackedCodeCacheSize2 recorded 60 samples, mean = 3109316.0 (flags = 0x41)
0        ... 
2896094  ------------------------------------------------------------O             (60 = 100.0%) {0.0%}
4159416  ... 

Histogram: SiteIsolatedCodeCache.WASM.Behaviour recorded 5 samples, mean = 1.0 (flags = 0x41)
0  O                                                                         (0 = 0.0%)
1  -----O                                                                    (5 = 100.0%) {0.0%}
2  ... 

Histogram: SiteIsolation.BrowsingInstance.MaxCountPerProcess recorded 3 samples, mean = 0.7 (flags = 0x41)
0  -O                                                                        (1 = 33.3%)
1  --O                                                                       (2 = 66.7%) {33.3%}
2  ... 

Histogram: SiteIsolation.NewProcessUsedForNavigationWhenSameSiteProcessExists recorded 1 samples, mean = 0.0 (flags = 0x41)
0  -O                                                                        (1 = 100.0%)
1  ... 

Histogram: SiteIsolation.ProcessPerSiteWithMainFrameThreshold.IsDevToolsUser recorded 1 samples, mean = 0.0 (flags = 0x41)
0  -O                                                                        (1 = 100.0%)
1  ... 

Histogram: Skia.SubmitRenderPasses recorded 25 samples, mean = 0.7 (flags = 0x41)
0  ------------------O                                                       (18 = 72.0%)
1  --O                                                                       (2 = 8.0%) {72.0%}
2  -O                                                                        (1 = 4.0%) {80.0%}
3  --O                                                                       (2 = 8.0%) {84.0%}
4  --O                                                                       (2 = 8.0%) {92.0%}
5  ... 

Histogram: Sql.Statement.Affiliation.VMSteps recorded 15 samples, mean = 15.5 (flags = 0x41)
0   ... 
3   ----O                                                                     (4 = 26.7%) {0.0%}
4   O                                                                         (0 = 0.0%) {26.7%}
5   -O                                                                        (1 = 6.7%) {26.7%}
6   -O                                                                        (1 = 6.7%) {33.3%}
7   ... 
12  -----O                                                                    (5 = 33.3%) {40.0%}
14  ... 
20  -O                                                                        (1 = 6.7%) {73.3%}
24  O                                                                         (0 = 0.0%) {80.0%}
29  -O                                                                        (1 = 6.7%) {80.0%}
34  O                                                                         (0 = 0.0%) {86.7%}
40  -O                                                                        (1 = 6.7%) {86.7%}
48  -O                                                                        (1 = 6.7%) {93.3%}
57  ... 

Histogram: Sql.Statement.BrowsingTopics.VMSteps recorded 12 samples, mean = 8.0 (flags = 0x41)
0   ... 
3   ----O                                                                     (4 = 33.3%) {0.0%}
4   O                                                                         (0 = 0.0%) {33.3%}
5   -O                                                                        (1 = 8.3%) {33.3%}
6   ... 
8   --O                                                                       (2 = 16.7%) {41.7%}
10  O                                                                         (0 = 0.0%) {58.3%}
12  -----O                                                                    (5 = 41.7%) {58.3%}
14  ... 

Histogram: Sql.Statement.Cookie.VMSteps recorded 33 samples, mean = 21.4 (flags = 0x41)
0   ... 
3   ------O                                                                   (6 = 18.2%) {0.0%}
4   O                                                                         (0 = 0.0%) {18.2%}
5   --O                                                                       (2 = 6.1%) {18.2%}
6   O                                                                         (0 = 0.0%) {24.2%}
7   -O                                                                        (1 = 3.0%) {24.2%}
8   ... 
12  ----------O                                                               (10 = 30.3%) {27.3%}
14  ... 
20  --O                                                                       (2 = 6.1%) {57.6%}
24  -----O                                                                    (5 = 15.2%) {63.6%}
29  O                                                                         (0 = 0.0%) {78.8%}
34  --O                                                                       (2 = 6.1%) {78.8%}
40  ... 
57  -----O                                                                    (5 = 15.2%) {84.8%}
68  ... 

Histogram: Sql.Statement.DIPS.VMSteps recorded 48 samples, mean = 14.0 (flags = 0x41)
0   ... 
3   --O                                                                       (2 = 4.2%) {0.0%}
4   O                                                                         (0 = 0.0%) {4.2%}
5   -O                                                                        (1 = 2.1%) {4.2%}
6   ... 
8   ---------O                                                                (9 = 18.8%) {6.2%}
10  -O                                                                        (1 = 2.1%) {25.0%}
12  ----------------O                                                         (16 = 33.3%) {27.1%}
14  --O                                                                       (2 = 4.2%) {60.4%}
17  --------O                                                                 (8 = 16.7%) {64.6%}
20  --------O                                                                 (8 = 16.7%) {81.2%}
24  -O                                                                        (1 = 2.1%) {97.9%}
29  ... 

Histogram: Sql.Statement.FirstPartySets.VMSteps recorded 31 samples, mean = 9.2 (flags = 0x41)
0   ... 
3   ----------O                                                               (10 = 32.3%) {0.0%}
4   O                                                                         (0 = 0.0%) {32.3%}
5   -O                                                                        (1 = 3.2%) {32.3%}
6   ... 
8   ----O                                                                     (4 = 12.9%) {35.5%}
10  ---O                                                                      (3 = 9.7%) {48.4%}
12  -----------O                                                              (11 = 35.5%) {58.1%}
14  ... 
20  -O                                                                        (1 = 3.2%) {93.5%}
24  -O                                                                        (1 = 3.2%) {96.8%}
29  ... 

Histogram: Sql.Statement.History.VMSteps recorded 351 samples, mean = 19.7 (flags = 0x41)
0    ... 
3    -----O                                                                    (8 = 2.3%) {0.0%}
4    O                                                                         (0 = 0.0%) {2.3%}
5    -O                                                                        (1 = 0.3%) {2.3%}
6    -O                                                                        (2 = 0.6%) {2.6%}
7    O                                                                         (0 = 0.0%) {3.1%}
8    --O                                                                       (4 = 1.1%) {3.1%}
10   --O                                                                       (4 = 1.1%) {4.3%}
12   ------------------------------------------------------------------------O (120 = 34.2%) {5.4%}
14   --O                                                                       (3 = 0.9%) {39.6%}
17   -------------------------------------------O                              (71 = 20.2%) {40.5%}
20   --------------------------------------------------------------------O     (113 = 32.2%) {60.7%}
24   -----O                                                                    (8 = 2.3%) {92.9%}
29   --O                                                                       (3 = 0.9%) {95.2%}
34   -O                                                                        (1 = 0.3%) {96.0%}
40   O                                                                         (0 = 0.0%) {96.3%}
48   -O                                                                        (1 = 0.3%) {96.3%}
57   -O                                                                        (1 = 0.3%) {96.6%}
68   ---O                                                                      (5 = 1.4%) {96.9%}
81   -O                                                                        (1 = 0.3%) {98.3%}
96   -O                                                                        (1 = 0.3%) {98.6%}
114  O                                                                         (0 = 0.0%) {98.9%}
135  --O                                                                       (3 = 0.9%) {98.9%}
160  -O                                                                        (1 = 0.3%) {99.7%}
190  ... 

Histogram: Sql.Statement.OptOutBlacklist.VMSteps recorded 4 samples, mean = 10.8 (flags = 0x41)
0   ... 
5   -O                                                                        (1 = 25.0%) {0.0%}
6   O                                                                         (0 = 0.0%) {25.0%}
7   -O                                                                        (1 = 25.0%) {25.0%}
8   O                                                                         (0 = 0.0%) {50.0%}
10  -O                                                                        (1 = 25.0%) {50.0%}
12  ... 
20  -O                                                                        (1 = 25.0%) {75.0%}
24  ... 

Histogram: Sql.Statement.Passwords.VMSteps recorded 51 samples, mean = 24.6 (flags = 0x41)
0   ... 
3   ----O                                                                     (4 = 7.8%) {0.0%}
4   O                                                                         (0 = 0.0%) {7.8%}
5   --O                                                                       (2 = 3.9%) {7.8%}
6   ------O                                                                   (6 = 11.8%) {11.8%}
7   ----O                                                                     (4 = 7.8%) {23.5%}
8   ---O                                                                      (3 = 5.9%) {31.4%}
10  O                                                                         (0 = 0.0%) {37.3%}
12  ------------O                                                             (12 = 23.5%) {37.3%}
14  --O                                                                       (2 = 3.9%) {60.8%}
17  O                                                                         (0 = 0.0%) {64.7%}
20  --O                                                                       (2 = 3.9%) {64.7%}
24  ... 
34  --O                                                                       (2 = 3.9%) {68.6%}
40  ----O                                                                     (4 = 7.8%) {72.5%}
48  O                                                                         (0 = 0.0%) {80.4%}
57  ----O                                                                     (4 = 7.8%) {80.4%}
68  ------O                                                                   (6 = 11.8%) {88.2%}
81  ... 

Histogram: Sql.Statement.Predictor.VMSteps recorded 15 samples, mean = 15.9 (flags = 0x41)
0   ... 
3   --O                                                                       (2 = 13.3%) {0.0%}
4   O                                                                         (0 = 0.0%) {13.3%}
5   -O                                                                        (1 = 6.7%) {13.3%}
6   -O                                                                        (1 = 6.7%) {20.0%}
7   O                                                                         (0 = 0.0%) {26.7%}
8   -O                                                                        (1 = 6.7%) {26.7%}
10  ----O                                                                     (4 = 26.7%) {33.3%}
12  -O                                                                        (1 = 6.7%) {60.0%}
14  -O                                                                        (1 = 6.7%) {66.7%}
17  ... 
24  -O                                                                        (1 = 6.7%) {73.3%}
29  -O                                                                        (1 = 6.7%) {80.0%}
34  O                                                                         (0 = 0.0%) {86.7%}
40  -O                                                                        (1 = 6.7%) {86.7%}
48  -O                                                                        (1 = 6.7%) {93.3%}
57  ... 

Histogram: Sql.Statement.Quota.VMSteps recorded 34 samples, mean = 8.4 (flags = 0x41)
0   ... 
3   ----O                                                                     (4 = 11.8%) {0.0%}
4   O                                                                         (0 = 0.0%) {11.8%}
5   -O                                                                        (1 = 2.9%) {11.8%}
6   -----O                                                                    (5 = 14.7%) {14.7%}
7   O                                                                         (0 = 0.0%) {29.4%}
8   -----------O                                                              (11 = 32.4%) {29.4%}
10  -----O                                                                    (5 = 14.7%) {61.8%}
12  --------O                                                                 (8 = 23.5%) {76.5%}
14  ... 

Histogram: Sql.Statement.ReportingAndNEL.VMSteps recorded 12 samples, mean = 13.8 (flags = 0x41)
0   ... 
3   --O                                                                       (2 = 16.7%) {0.0%}
4   O                                                                         (0 = 0.0%) {16.7%}
5   -O                                                                        (1 = 8.3%) {16.7%}
6   -O                                                                        (1 = 8.3%) {25.0%}
7   ... 
12  -----O                                                                    (5 = 41.7%) {33.3%}
14  ... 
20  -O                                                                        (1 = 8.3%) {75.0%}
24  O                                                                         (0 = 0.0%) {83.3%}
29  -O                                                                        (1 = 8.3%) {83.3%}
34  -O                                                                        (1 = 8.3%) {91.7%}
40  ... 

Histogram: Sql.Statement.SharedDictionary.VMSteps recorded 20 samples, mean = 9.1 (flags = 0x41)
0   ... 
3   --------O                                                                 (8 = 40.0%) {0.0%}
4   O                                                                         (0 = 0.0%) {40.0%}
5   -O                                                                        (1 = 5.0%) {40.0%}
6   ... 
8   -O                                                                        (1 = 5.0%) {45.0%}
10  O                                                                         (0 = 0.0%) {50.0%}
12  -------O                                                                  (7 = 35.0%) {50.0%}
14  O                                                                         (0 = 0.0%) {85.0%}
17  --O                                                                       (2 = 10.0%) {85.0%}
20  -O                                                                        (1 = 5.0%) {95.0%}
24  ... 

Histogram: Sql.Statement.SharedStorage.VMSteps recorded 3 samples, mean = 7.7 (flags = 0x41)
0   ... 
5   -O                                                                        (1 = 33.3%) {0.0%}
6   ... 
8   -O                                                                        (1 = 33.3%) {33.3%}
10  -O                                                                        (1 = 33.3%) {66.7%}
12  ... 

Histogram: Sql.Statement.Thumbnail.VMSteps recorded 24 samples, mean = 11.6 (flags = 0x41)
0   ... 
3   --------O                                                                 (8 = 33.3%) {0.0%}
4   O                                                                         (0 = 0.0%) {33.3%}
5   -O                                                                        (1 = 4.2%) {33.3%}
6   ... 
8   -O                                                                        (1 = 4.2%) {37.5%}
10  O                                                                         (0 = 0.0%) {41.7%}
12  ----------O                                                               (10 = 41.7%) {41.7%}
14  ... 
20  -O                                                                        (1 = 4.2%) {83.3%}
24  O                                                                         (0 = 0.0%) {87.5%}
29  ---O                                                                      (3 = 12.5%) {87.5%}
34  ... 

Histogram: Sql.Statement.TopSites.VMSteps recorded 13 samples, mean = 12.7 (flags = 0x41)
0   ... 
3   --O                                                                       (2 = 15.4%) {0.0%}
4   O                                                                         (0 = 0.0%) {15.4%}
5   -O                                                                        (1 = 7.7%) {15.4%}
6   ... 
12  ---------O                                                                (9 = 69.2%) {23.1%}
14  ... 
40  -O                                                                        (1 = 7.7%) {92.3%}
48  ... 

Histogram: Sql.Statement.TrustTokens.VMSteps recorded 16 samples, mean = 14.1 (flags = 0x41)
0   ... 
3   --O                                                                       (2 = 12.5%) {0.0%}
4   O                                                                         (0 = 0.0%) {12.5%}
5   -O                                                                        (1 = 6.2%) {12.5%}
6   ---O                                                                      (3 = 18.8%) {18.8%}
7   ... 
10  -O                                                                        (1 = 6.2%) {37.5%}
12  -----O                                                                    (5 = 31.2%) {43.8%}
14  ... 
20  -O                                                                        (1 = 6.2%) {75.0%}
24  O                                                                         (0 = 0.0%) {81.2%}
29  -O                                                                        (1 = 6.2%) {81.2%}
34  --O                                                                       (2 = 12.5%) {87.5%}
40  ... 

Histogram: Sql.Statement.UKMMetrics.VMSteps recorded 31 samples, mean = 14.1 (flags = 0x41)
0   ... 
3   -----O                                                                    (5 = 16.1%) {0.0%}
4   O                                                                         (0 = 0.0%) {16.1%}
5   -O                                                                        (1 = 3.2%) {16.1%}
6   ... 
8   -------O                                                                  (7 = 22.6%) {19.4%}
10  O                                                                         (0 = 0.0%) {41.9%}
12  -------O                                                                  (7 = 22.6%) {41.9%}
14  O                                                                         (0 = 0.0%) {64.5%}
17  -O                                                                        (1 = 3.2%) {64.5%}
20  -------O                                                                  (7 = 22.6%) {67.7%}
24  O                                                                         (0 = 0.0%) {90.3%}
29  -O                                                                        (1 = 3.2%) {90.3%}
34  O                                                                         (0 = 0.0%) {93.5%}
40  --O                                                                       (2 = 6.5%) {93.5%}
48  ... 

Histogram: Sql.Statement.Web.VMSteps recorded 117 samples, mean = 52.7 (flags = 0x41)
0    ... 
3    --------O                                                                 (8 = 6.8%) {0.0%}
4    -O                                                                        (1 = 0.9%) {6.8%}
5    -O                                                                        (1 = 0.9%) {7.7%}
6    ------------O                                                             (12 = 10.3%) {8.5%}
7    ----------O                                                               (10 = 8.5%) {18.8%}
8    -------O                                                                  (7 = 6.0%) {27.4%}
10   ---------O                                                                (9 = 7.7%) {33.3%}
12   --------------O                                                           (14 = 12.0%) {41.0%}
14   -O                                                                        (1 = 0.9%) {53.0%}
17   ---O                                                                      (3 = 2.6%) {53.8%}
20   -O                                                                        (1 = 0.9%) {56.4%}
24   -O                                                                        (1 = 0.9%) {57.3%}
29   --O                                                                       (2 = 1.7%) {58.1%}
34   --O                                                                       (2 = 1.7%) {59.8%}
40   --O                                                                       (2 = 1.7%) {61.5%}
48   ---O                                                                      (3 = 2.6%) {63.2%}
57   ----O                                                                     (4 = 3.4%) {65.8%}
68   ----O                                                                     (4 = 3.4%) {69.2%}
81   --O                                                                       (2 = 1.7%) {72.6%}
96   -------O                                                                  (7 = 6.0%) {74.4%}
114  -----O                                                                    (5 = 4.3%) {80.3%}
135  -------O                                                                  (7 = 6.0%) {84.6%}
160  -----O                                                                    (5 = 4.3%) {90.6%}
190  ------O                                                                   (6 = 5.1%) {94.9%}
226  ... 

Histogram: Sql.vfs.SyncTime recorded 67 samples, mean = 11.1 (flags = 0x41)
0    ... 
2    -------------O                                                            (13 = 19.4%) {0.0%}
3    -----------------O                                                        (17 = 25.4%) {19.4%}
4    ------------O                                                             (12 = 17.9%) {44.8%}
5    ------O                                                                   (6 = 9.0%) {62.7%}
6    ---O                                                                      (3 = 4.5%) {71.6%}
7    -O                                                                        (1 = 1.5%) {76.1%}
8    ---O                                                                      (3 = 4.5%) {77.6%}
10   -O                                                                        (1 = 1.5%) {82.1%}
12   --O                                                                       (2 = 3.0%) {83.6%}
14   --O                                                                       (2 = 3.0%) {86.6%}
17   -O                                                                        (1 = 1.5%) {89.6%}
20   -O                                                                        (1 = 1.5%) {91.0%}
24   -O                                                                        (1 = 1.5%) {92.5%}
29   ... 
57   -O                                                                        (1 = 1.5%) {94.0%}
68   O                                                                         (0 = 0.0%) {95.5%}
81   -O                                                                        (1 = 1.5%) {95.5%}
96   -O                                                                        (1 = 1.5%) {97.0%}
114  ... 
160  -O                                                                        (1 = 1.5%) {98.5%}
190  ... 

Histogram: Stability.Counts2 recorded 10 samples, mean = 22.9 (flags = 0x43)
0   ... 
2   --O                                                                       (2 = 20.0%) {0.0%}
3   ... 
15  -O                                                                        (1 = 10.0%) {20.0%}
16  ... 
26  ---O                                                                      (3 = 30.0%) {30.0%}
27  ... 
33  ----O                                                                     (4 = 40.0%) {60.0%}
34  O                                                                         (0 = 0.0%) {100.0%}

Histogram: Stability.Experimental.PageLoads recorded 2 samples, mean = 17.0 (flags = 0x41)
0   ... 
17  --O                                                                       (2 = 100.0%) {0.0%}
18  O                                                                         (0 = 0.0%) {100.0%}

Histogram: Startup.AfterStartupTaskCount recorded 1 samples, mean = 2.0 (flags = 0x41)
0  ... 
2  -O                                                                        (1 = 100.0%) {0.0%}
3  ... 

Histogram: Startup.AfterStartupTaskDelayedUntilTime recorded 1 samples, mean = 95185.0 (flags = 0x41)
0      ... 
94106  -O                                                                        (1 = 100.0%) {0.0%}
127499 ... 

Histogram: Startup.BrowserMainRunnerImplInitializeLongTime recorded 1 samples, mean = 1860.0 (flags = 0x41)
0     ... 
1797  -O                                                                        (1 = 100.0%) {0.0%}
2074  ... 

Histogram: Startup.BrowserMessageLoopFirstIdle recorded 1 samples, mean = 18245422.0 (flags = 0x41)
0        ... 
3600000  -O                                                                        (1 = 100.0%) {0.0%}

Histogram: Startup.BrowserMessageLoopFirstIdle.ColdStartup recorded 1 samples, mean = 18245422.0 (flags = 0x41)
0        ... 
3600000  -O                                                                        (1 = 100.0%) {0.0%}

Histogram: Startup.BrowserMessageLoopStartHardFaultCount recorded 1 samples, mean = 52420.0 (flags = 0x41)
0      ... 
40000  -O                                                                        (1 = 100.0%) {0.0%}

Histogram: Startup.BrowserMessageLoopStartTime recorded 1 samples, mean = 2379.0 (flags = 0x41)
0     ... 
2074  -O                                                                        (1 = 100.0%) {0.0%}
2394  ... 

Histogram: Startup.BrowserMessageLoopStartTime.ColdStartup recorded 1 samples, mean = 2379.0 (flags = 0x41)
0     ... 
2074  -O                                                                        (1 = 100.0%) {0.0%}
2394  ... 

Histogram: Startup.CreateFirstProfile recorded 1 samples, mean = 902.0 (flags = 0x41)
0    ... 
730  -O                                                                        (1 = 100.0%) {0.0%}
989  ... 

Histogram: Startup.FirstWebContents.FinishReason recorded 1 samples, mean = 6.0 (flags = 0x41)
0  ... 
6  -O                                                                        (1 = 100.0%) {0.0%}
7  ... 

Histogram: Startup.LoadTime.ApplicationStartToChromeMain recorded 1 samples, mean = 1.0 (flags = 0x41)
0  O                                                                         (0 = 0.0%)
1  -O                                                                        (1 = 100.0%) {0.0%}
2  ... 

Histogram: Startup.LoadTime.ApplicationStartToChromeMain.ColdStartup recorded 1 samples, mean = 1.0 (flags = 0x41)
0  O                                                                         (0 = 0.0%)
1  -O                                                                        (1 = 100.0%) {0.0%}
2  ... 

Histogram: Startup.LoadTime.ProcessCreateToApplicationStart recorded 1 samples, mean = 83484.0 (flags = 0x41)
0      ... 
69459  -O                                                                        (1 = 100.0%) {0.0%}
94106  ... 

Histogram: Startup.LoadTime.ProcessCreateToApplicationStart.ColdStartup recorded 1 samples, mean = 83484.0 (flags = 0x41)
0      ... 
69459  -O                                                                        (1 = 100.0%) {0.0%}
94106  ... 

Histogram: Startup.LoadTime.RecordedProcessCreation recorded 1 samples, mean = 1.0 (flags = 0x1)
0  O                                                                         (0 = 0.0%)
1  -O                                                                        (1 = 100.0%) {0.0%}
2  O                                                                         (0 = 0.0%) {100.0%}

Histogram: Startup.PreMainMessageLoopRunImplLongTime recorded 1 samples, mean = 1203.0 (flags = 0x41)
0     ... 
1169  -O                                                                        (1 = 100.0%) {0.0%}
1349  ... 

Histogram: Startup.Temperature recorded 1 samples, mean = 0.0 (flags = 0x41)
0  -O                                                                        (1 = 100.0%)
1  ... 

Histogram: Storage.Blob.CreateDirectoryResult recorded 1 samples, mean = 0.0 (flags = 0x41)
0  -O                                                                        (1 = 100.0%)
1  ... 

Histogram: Storage.SessionStorage.RendererAreaCacheHit recorded 2 samples, mean = 1.0 (flags = 0x41)
0  -O                                                                        (1 = 50.0%)
1  O                                                                         (0 = 0.0%) {50.0%}
2  -O                                                                        (1 = 50.0%) {50.0%}
3  O                                                                         (0 = 0.0%) {100.0%}

Histogram: Storage.SharedStorage.Database.Timing.OpenImpl recorded 1 samples, mean = 3.0 (flags = 0x41)
0  ... 
3  -O                                                                        (1 = 100.0%) {0.0%}
4  ... 

Histogram: Storage.SharedStorage.OnShutdown.NumSqlErrors recorded 1 samples, mean = 0.0 (flags = 0x41)
0  -O                                                                        (1 = 100.0%)
1  ... 

Histogram: Storage.SharedStorage.OnShutdown.RecoveryFromInitFailureAttempted recorded 1 samples, mean = 0.0 (flags = 0x41)
0  -O                                                                        (1 = 100.0%)
1  ... 

Histogram: Storage.SharedStorage.OnShutdown.RecoveryOnDiskAttempted recorded 1 samples, mean = 0.0 (flags = 0x41)
0  -O                                                                        (1 = 100.0%)
1  ... 

Histogram: Storage.SharedStorage.Worklet.NumPerPage recorded 1 samples, mean = 0.0 (flags = 0x41)
0  -O                                                                        (1 = 100.0%)
1  ... 

Histogram: Storage.SharedStorage.Worklet.SelectURL.CallsPerPage recorded 1 samples, mean = 0.0 (flags = 0x41)
0  -O                                                                        (1 = 100.0%)
1  ... 

Histogram: Style.InvalidationTime recorded 2 samples, mean = 59.5 (flags = 0x41)
0   ... 
40  -O                                                                        (1 = 50.0%) {0.0%}
55  -O                                                                        (1 = 50.0%) {50.0%}
76  ... 

Histogram: Style.RebuildLayoutTreeTime recorded 8 samples, mean = 1638.1 (flags = 0x41)
0      ... 
15     -O                                                                        (1 = 12.5%) {0.0%}
21     O                                                                         (0 = 0.0%) {12.5%}
29     --O                                                                       (2 = 25.0%) {12.5%}
40     -O                                                                        (1 = 12.5%) {37.5%}
55     -O                                                                        (1 = 12.5%) {50.0%}
76     ... 
282    -O                                                                        (1 = 12.5%) {62.5%}
391    O                                                                         (0 = 0.0%) {75.0%}
542    -O                                                                        (1 = 12.5%) {75.0%}
752    ... 
10321  -O                                                                        (1 = 12.5%) {87.5%}
14319  ... 

Histogram: Style.RecalcTime recorded 14 samples, mean = 5835.0 (flags = 0x41)
0      O                                                                         (0 = 0.0%)
1      -O                                                                        (1 = 7.1%) {0.0%}
2      ... 
29     ---O                                                                      (3 = 21.4%) {7.1%}
40     -O                                                                        (1 = 7.1%) {28.6%}
55     -O                                                                        (1 = 7.1%) {35.7%}
76     ... 
1043   -O                                                                        (1 = 7.1%) {42.9%}
1447   O                                                                         (0 = 0.0%) {50.0%}
2008   -O                                                                        (1 = 7.1%) {50.0%}
2786   -O                                                                        (1 = 7.1%) {57.1%}
3865   O                                                                         (0 = 0.0%) {64.3%}
5362   -O                                                                        (1 = 7.1%) {64.3%}
7439   -O                                                                        (1 = 7.1%) {71.4%}
10321  -O                                                                        (1 = 7.1%) {78.6%}
14319  O                                                                         (0 = 0.0%) {85.7%}
19866  --O                                                                       (2 = 14.3%) {85.7%}
27562  ... 

Histogram: SubresourceFilter.MainFrameLoad.RulesetIsAvailableAnyActivationLevel recorded 1 samples, mean = 0.0 (flags = 0x41)
0  -O                                                                        (1 = 100.0%)
1  ... 

Histogram: SubresourceFilter.PageLoad.ActivationDecision recorded 1 samples, mean = 1.0 (flags = 0x41)
0  O                                                                         (0 = 0.0%)
1  -O                                                                        (1 = 100.0%) {0.0%}
2  ... 

Histogram: SubresourceFilter.PageLoad.ActivationList recorded 1 samples, mean = 0.0 (flags = 0x41)
0  -O                                                                        (1 = 100.0%)
1  ... 

Histogram: SubresourceFilter.PageLoad.ActivationState recorded 2 samples, mean = 0.0 (flags = 0x41)
0  --O                                                                       (2 = 100.0%)
1  ... 

Histogram: SubresourceFilter.PageLoad.SafeBrowsingDelay recorded 1 samples, mean = 0.0 (flags = 0x41)
0  -O                                                                        (1 = 100.0%)
1  ... 

Histogram: SubresourceFilter.SafeBrowsing.TotalCheckTime recorded 3 samples, mean = 0.0 (flags = 0x41)
0  ---O                                                                      (3 = 100.0%)
1  ... 

Histogram: Sync.ModelTypeStoreBackendError.ReadRecords recorded 5 samples, mean = 1.0 (flags = 0x41)
0  O                                                                         (0 = 0.0%)
1  -----O                                                                    (5 = 100.0%) {0.0%}
2  ... 

Histogram: Sync.ModelTypeStoreBackendInitializationSuccess recorded 1 samples, mean = 1.0 (flags = 0x41)
0  O                                                                         (0 = 0.0%)
1  -O                                                                        (1 = 100.0%) {0.0%}
2  O                                                                         (0 = 0.0%) {100.0%}

Histogram: Sync.PassphraseType2 recorded 1 samples, mean = 0.0 (flags = 0x41)
0  -O                                                                        (1 = 100.0%)
1  ... 

Histogram: Sync.SyncToSigninMigrationDecision recorded 1 samples, mean = 1.0 (flags = 0x41)
0  O                                                                         (0 = 0.0%)
1  -O                                                                        (1 = 100.0%) {0.0%}
2  ... 

Histogram: Sync.TrustedVaultFileReadStatus recorded 1 samples, mean = 0.0 (flags = 0x41)
0  -O                                                                        (1 = 100.0%)
1  ... 

Histogram: Sync.TrustedVaultFileWriteSuccess recorded 1 samples, mean = 1.0 (flags = 0x41)
0  O                                                                         (0 = 0.0%)
1  -O                                                                        (1 = 100.0%) {0.0%}
2  O                                                                         (0 = 0.0%) {100.0%}

Histogram: TabGroups.CollapsedGroupCountPerLoad recorded 1 samples, mean = 0.0 (flags = 0x41)
0  -O                                                                        (1 = 100.0%)
1  ... 

Histogram: TabGroups.UserCustomizedGroupCountPerLoad recorded 1 samples, mean = 0.0 (flags = 0x41)
0  -O                                                                        (1 = 100.0%)
1  ... 

Histogram: TabGroups.UserGroupCountPerLoad recorded 1 samples, mean = 0.0 (flags = 0x41)
0  -O                                                                        (1 = 100.0%)
1  ... 

Histogram: TabGroups.UserPinnedTabCountPerLoad recorded 1 samples, mean = 0.0 (flags = 0x41)
0  -O                                                                        (1 = 100.0%)
1  ... 

Histogram: Tabs.NewNavigationWithSameOriginTab recorded 1 samples, mean = 0.0 (flags = 0x41)
0  -O                                                                        (1 = 100.0%)
1  ... 

Histogram: Tabs.TabCount recorded 60 samples, mean = 0.0 (flags = 0x41)
0  ------------------------------------------------------------O             (60 = 100.0%)
1  ... 

Histogram: Tabs.TabCount.PluggedIn recorded 60 samples, mean = 0.0 (flags = 0x41)
0  ------------------------------------------------------------O             (60 = 100.0%)
1  ... 

Histogram: Tabs.TabCountPerLoad recorded 1 samples, mean = 0.0 (flags = 0x41)
0  -O                                                                        (1 = 100.0%)
1  ... 

Histogram: Tabs.WindowCount recorded 60 samples, mean = 0.0 (flags = 0x41)
0  ------------------------------------------------------------O             (60 = 100.0%)
1  ... 

Histogram: Tabs.WindowCount.PluggedIn recorded 60 samples, mean = 0.0 (flags = 0x41)
0  ------------------------------------------------------------O             (60 = 100.0%)
1  ... 

Histogram: ThirdPartyModules.InputMethodEditorsCount recorded 1 samples, mean = 0.0 (flags = 0x41)
0  -O                                                                        (1 = 100.0%)
1  ... 

Histogram: ThreadPool.UnnecessaryWakeup.Browser.Background recorded 5 samples, mean = 1.0 (flags = 0x41)
0  O                                                                         (0 = 0.0%)
1  -----O                                                                    (5 = 100.0%) {0.0%}
2  O                                                                         (0 = 0.0%) {100.0%}

Histogram: ThreadPool.UnnecessaryWakeup.Browser.Foreground recorded 207 samples, mean = 1.0 (flags = 0x41)
0  O                                                                         (0 = 0.0%)
1  ------------------------------------------------------------------------O (207 = 100.0%) {0.0%}
2  O                                                                         (0 = 0.0%) {100.0%}

Histogram: ThreadPool.UnnecessaryWakeup.GPU.Foreground recorded 1 samples, mean = 1.0 (flags = 0x41)
0  O                                                                         (0 = 0.0%)
1  -O                                                                        (1 = 100.0%) {0.0%}
2  O                                                                         (0 = 0.0%) {100.0%}

Histogram: ThreadPool.UnnecessaryWakeup.Renderer.Foreground recorded 123 samples, mean = 1.0 (flags = 0x41)
0  O                                                                         (0 = 0.0%)
1  ------------------------------------------------------------------------O (123 = 100.0%) {0.0%}
2  O                                                                         (0 = 0.0%) {100.0%}

Histogram: Translate.ApplicationStart.AlwaysTranslateLanguage.Count recorded 1 samples, mean = 0.0 (flags = 0x41)
0  -O                                                                        (1 = 100.0%)
1  ... 

Histogram: Translate.ApplicationStart.NeverTranslateLanguage recorded 1 samples (flags = 0x41)
-74147910-O                                                                        (1 = 100.0%)

Histogram: Translate.ApplicationStart.NeverTranslateLanguage.Count recorded 1 samples, mean = 1.0 (flags = 0x41)
0  O                                                                         (0 = 0.0%)
1  -O                                                                        (1 = 100.0%) {0.0%}
2  ... 

Histogram: Translate.ApplicationStart.NeverTranslateSite.Count recorded 1 samples, mean = 0.0 (flags = 0x41)
0  -O                                                                        (1 = 100.0%)
1  ... 

Histogram: Translate.LanguageDetection.ContentLength recorded 1 samples, mean = 2163.0 (flags = 0x41)
0     ... 
1757  -O                                                                        (1 = 100.0%) {0.0%}
2199  ... 

Histogram: Translate.LanguageDeterminedDuration recorded 1 samples, mean = 3283.0 (flags = 0x41)
0     ... 
2460  -O                                                                        (1 = 100.0%) {0.0%}
3333  ... 

Histogram: Translate.PageLoad.FinalSourceLanguage recorded 1 samples (flags = 0x41)
350748440  -O                                                                        (1 = 100.0%)

Histogram: Translate.PageLoad.FinalState recorded 1 samples, mean = 1.0 (flags = 0x41)
0  O                                                                         (0 = 0.0%)
1  -O                                                                        (1 = 100.0%) {0.0%}
2  ... 

Histogram: Translate.PageLoad.FinalTargetLanguage recorded 1 samples (flags = 0x41)
-74147910-O                                                                        (1 = 100.0%)

Histogram: Translate.PageLoad.InitialSourceLanguage recorded 1 samples (flags = 0x41)
350748440  -O                                                                        (1 = 100.0%)

Histogram: Translate.PageLoad.InitialState recorded 1 samples, mean = 1.0 (flags = 0x41)
0  O                                                                         (0 = 0.0%)
1  -O                                                                        (1 = 100.0%) {0.0%}
2  ... 

Histogram: Translate.PageLoad.InitialTargetLanguage recorded 1 samples (flags = 0x41)
-74147910-O                                                                        (1 = 100.0%)

Histogram: Translate.PageLoad.InitialTargetLanguage.Origin recorded 1 samples, mean = 1.0 (flags = 0x41)
0  O                                                                         (0 = 0.0%)
1  -O                                                                        (1 = 100.0%) {0.0%}
2  ... 

Histogram: Translate.PageLoad.IsInitialSourceLanguageInUsersContentLanguages recorded 1 samples, mean = 0.0 (flags = 0x41)
0  -O                                                                        (1 = 100.0%)
1  ... 

Histogram: Translate.PageLoad.NumReversions recorded 1 samples, mean = 0.0 (flags = 0x41)
0  -O                                                                        (1 = 100.0%)
1  ... 

Histogram: Translate.PageLoad.NumTargetLanguageChanges recorded 1 samples, mean = 0.0 (flags = 0x41)
0  -O                                                                        (1 = 100.0%)
1  ... 

Histogram: Translate.PageLoad.NumTranslations recorded 1 samples, mean = 0.0 (flags = 0x41)
0  -O                                                                        (1 = 100.0%)
1  ... 

Histogram: Translate.PageLoad.Ranker.Decision recorded 1 samples, mean = 1.0 (flags = 0x41)
0  O                                                                         (0 = 0.0%)
1  -O                                                                        (1 = 100.0%) {0.0%}
2  ... 

Histogram: Translate.PageLoad.Ranker.Version recorded 1 samples (flags = 0x41)
0  -O                                                                        (1 = 100.0%)

Histogram: Translate.PageLoad.TriggerDecision recorded 1 samples, mean = 4.0 (flags = 0x41)
0  ... 
4  -O                                                                        (1 = 100.0%) {0.0%}
5  ... 

Histogram: Translate.Ranker.Model.Status2 recorded 2 samples, mean = 6.5 (flags = 0x41)
0  ... 
6  -O                                                                        (1 = 50.0%) {0.0%}
7  -O                                                                        (1 = 50.0%) {50.0%}
8  O                                                                         (0 = 0.0%) {100.0%}

Histogram: UI.DeviceScale recorded 1 samples (flags = 0x41)
100  -O                                                                        (1 = 100.0%)

Histogram: UKM.Entries.Dropped recorded 413 samples, mean = 1.0 (flags = 0x41)
0  O                                                                         (0 = 0.0%)
1  ------------------------------------------------------------------------O (413 = 100.0%) {0.0%}
2  ... 

Histogram: UKM.Entries.Dropped.ByEntryHash recorded 413 samples (flags = 0x41)
58315124    O                                                                         (1 = 0.2%)
181657211   -O                                                                        (2 = 0.5%)
189164898   O                                                                         (1 = 0.2%)
251237400   O                                                                         (1 = 0.2%)
270025173   O                                                                         (1 = 0.2%)
277070773   O                                                                         (1 = 0.2%)
385121421   O                                                                         (1 = 0.2%)
480593958   ----O                                                                     (9 = 2.2%)
532600439   -O                                                                        (3 = 0.7%)
575234402   O                                                                         (1 = 0.2%)
624513781   O                                                                         (1 = 0.2%)
654949485   --------O                                                                 (16 = 3.9%)
661477988   O                                                                         (1 = 0.2%)
705322609   -O                                                                        (3 = 0.7%)
805578149   O                                                                         (1 = 0.2%)
810755299   O                                                                         (1 = 0.2%)
828084724   ------------------------------------------------------------------------O (151 = 36.6%)
854760832   O                                                                         (1 = 0.2%)
888761441   O                                                                         (1 = 0.2%)
902138984   ----O                                                                     (8 = 1.9%)
923024503   O                                                                         (1 = 0.2%)
986870865   --O                                                                       (4 = 1.0%)
1004547038  O                                                                         (1 = 0.2%)
1035062417  O                                                                         (1 = 0.2%)
1078164680  -O                                                                        (2 = 0.5%)
1149114043  O                                                                         (1 = 0.2%)
1262170432  ---O                                                                      (7 = 1.7%)
1321082436  -O                                                                        (2 = 0.5%)
1350795912  O                                                                         (1 = 0.2%)
1354891390  O                                                                         (1 = 0.2%)
1404242571  ------------------------------------------------------------------------O (151 = 36.6%)
1548358279  O                                                                         (1 = 0.2%)
1576109827  O                                                                         (1 = 0.2%)
1604233346  ---O                                                                      (7 = 1.7%)
1663717192  O                                                                         (1 = 0.2%)
1767609109  -----O                                                                    (11 = 2.7%)
1832900131  --O                                                                       (4 = 1.0%)
1866365893  O                                                                         (1 = 0.2%)
1871083634  O                                                                         (1 = 0.2%)
2037740339  ----O                                                                     (8 = 1.9%)
2066033668  O                                                                         (1 = 0.2%)

Histogram: UKM.PersistentLogRecall.Status recorded 1 samples, mean = 1.0 (flags = 0x41)
0  O                                                                         (0 = 0.0%)
1  -O                                                                        (1 = 100.0%) {0.0%}
2  ... 

Histogram: UKM.Sources.Dropped recorded 7 samples, mean = 1.0 (flags = 0x41)
0  O                                                                         (0 = 0.0%)
1  -------O                                                                  (7 = 100.0%) {0.0%}
2  ... 

Histogram: UKM.WebDXFeatureSets.Dropped recorded 2 samples, mean = 1.0 (flags = 0x41)
0  O                                                                         (0 = 0.0%)
1  --O                                                                       (2 = 100.0%) {0.0%}
2  ... 

Histogram: UMA.ChildProcess.Ping.Periodic recorded 108 samples, mean = 1.0 (flags = 0x41)
0  ------------------------------------O                                     (36 = 33.3%)
1  ------------------------------------O                                     (36 = 33.3%) {33.3%}
2  ------------------------------------O                                     (36 = 33.3%) {66.7%}
3  O                                                                         (0 = 0.0%) {100.0%}

Histogram: UMA.ChildProcess.Ping.SharedMemorySetUp recorded 25 samples, mean = 1.0 (flags = 0x41)
0  ---------O                                                                (9 = 36.0%)
1  --------O                                                                 (8 = 32.0%) {36.0%}
2  --------O                                                                 (8 = 32.0%) {68.0%}
3  O                                                                         (0 = 0.0%) {100.0%}

Histogram: UMA.CleanExitBeaconConsistency3 recorded 1 samples, mean = 0.0 (flags = 0x41)
0  -O                                                                        (1 = 100.0%)
1  ... 

Histogram: UMA.EntropySourceType recorded 1 samples, mean = 1.0 (flags = 0x41)
0  O                                                                         (0 = 0.0%)
1  -O                                                                        (1 = 100.0%) {0.0%}
2  ... 

Histogram: UMA.LocalHistogram recorded 10 samples, mean = 1.0 (flags = 0x40)
0  O                                                                         (0 = 0.0%)
1  ----------O                                                               (10 = 100.0%) {0.0%}
2  O                                                                         (0 = 0.0%) {100.0%}

Histogram: UMA.MachineIdState recorded 1 samples, mean = 3.0 (flags = 0x41)
0  ... 
3  -O                                                                        (1 = 100.0%) {0.0%}
4  O                                                                         (0 = 0.0%) {100.0%}

Histogram: UMA.MetricsService.Initialize.Time recorded 1 samples, mean = 652.0 (flags = 0x41)
0    ... 
590  -O                                                                        (1 = 100.0%) {0.0%}
777  ... 

Histogram: UMA.MetricsService.PendingOngoingLogOnDisable recorded 1 samples, mean = 0.0 (flags = 0x41)
0  -O                                                                        (1 = 100.0%)
1  ... 

Histogram: UMA.PersistentAllocator.BrowserMetrics.Errors recorded 0 samples (flags = 0x41)
0 ... 

Histogram: UMA.PersistentAllocator.BrowserMetrics.UsedPct recorded 0 samples (flags = 0x41)
0 ... 

Histogram: UMA.PersistentAllocator.EarlyHistograms.BrowserMetrics recorded 1 samples, mean = 1.0 (flags = 0x41)
0  O                                                                         (0 = 0.0%)
1  -O                                                                        (1 = 100.0%) {0.0%}
2  ... 

Histogram: UMA.PersistentAllocator.EarlyHistograms.GpuMetrics recorded 1 samples, mean = 25.0 (flags = 0x41)
0   ... 
25  -O                                                                        (1 = 100.0%) {0.0%}
26  ... 

Histogram: UMA.PersistentAllocator.EarlyHistograms.RendererMetrics recorded 3 samples, mean = 30.0 (flags = 0x41)
0   ... 
30  ---O                                                                      (3 = 100.0%) {0.0%}
32  ... 

Histogram: UMA.PersistentAllocator.EarlyHistograms.UtilityMetrics recorded 4 samples, mean = 10.2 (flags = 0x41)
0   ... 
7   --O                                                                       (2 = 50.0%) {0.0%}
8   -O                                                                        (1 = 25.0%) {50.0%}
9   ... 
19  -O                                                                        (1 = 25.0%) {75.0%}
20  ... 

Histogram: UMA.PersistentAllocator.FieldTrialAllocator.Errors recorded 0 samples (flags = 0x41)
0 ... 

Histogram: UMA.PersistentAllocator.FieldTrialAllocator.UsedPct recorded 9 samples, mean = 0.0 (flags = 0x41)
0  ---------O                                                                (9 = 100.0%)
1  ... 

Histogram: UMA.PersistentHistograms.InitResult recorded 1 samples, mean = 2.0 (flags = 0x41)
0  ... 
2  -O                                                                        (1 = 100.0%) {0.0%}
3  ... 

Histogram: UMA.Pseudo.PageLoad.LayoutInstability.CumulativeShiftScore recorded 1 samples, mean = 0.0 (flags = 0x41)
0  -O                                                                        (1 = 100.0%)
1  ... 

Histogram: UMA.Pseudo.PageLoad.LayoutInstability.MaxCumulativeShiftScore.SessionWindow.Gap1000ms.Max5000ms2 recorded 1 samples, mean = 0.0 (flags = 0x41)
0  -O                                                                        (1 = 100.0%)
1  ... 

Histogram: UnifiedConsent.MakeSearchesAndBrowsingBetter.OnProfileLoad recorded 1 samples, mean = 0.0 (flags = 0x41)
0  -O                                                                        (1 = 100.0%)
1  ... 

Histogram: V8.CollectSourcePositions recorded 4 samples, mean = 94.8 (flags = 0x41)
0    ... 
49   -O                                                                        (1 = 25.0%) {0.0%}
65   O                                                                         (0 = 0.0%) {25.0%}
86   --O                                                                       (2 = 50.0%) {25.0%}
113  -O                                                                        (1 = 25.0%) {75.0%}
149  ... 

Histogram: V8.CompileDeserializeMicroSeconds recorded 20 samples, mean = 8.3 (flags = 0x41)
0   O                                                                         (0 = 0.0%)
1   ---O                                                                      (3 = 15.0%) {0.0%}
2   --O                                                                       (2 = 10.0%) {15.0%}
3   -O                                                                        (1 = 5.0%) {25.0%}
4   --O                                                                       (2 = 10.0%) {30.0%}
5   ----O                                                                     (4 = 20.0%) {40.0%}
7   -O                                                                        (1 = 5.0%) {60.0%}
9   ---O                                                                      (3 = 15.0%) {65.0%}
12  -O                                                                        (1 = 5.0%) {80.0%}
16  -O                                                                        (1 = 5.0%) {85.0%}
21  -O                                                                        (1 = 5.0%) {90.0%}
28  -O                                                                        (1 = 5.0%) {95.0%}
37  ... 

Histogram: V8.CompileLazyMicroSeconds recorded 5 samples, mean = 1600.4 (flags = 0x41)
0     ... 
29    -O                                                                        (1 = 20.0%) {0.0%}
40    ... 
752   -O                                                                        (1 = 20.0%) {20.0%}
1043  -O                                                                        (1 = 20.0%) {40.0%}
1447  O                                                                         (0 = 0.0%) {60.0%}
2008  -O                                                                        (1 = 20.0%) {60.0%}
2786  -O                                                                        (1 = 20.0%) {80.0%}
3865  ... 

Histogram: V8.CompileMicroSeconds recorded 23 samples, mean = 466.9 (flags = 0x41)
0     ... 
2     ----O                                                                     (4 = 17.4%) {0.0%}
3     --O                                                                       (2 = 8.7%) {17.4%}
4     --O                                                                       (2 = 8.7%) {26.1%}
5     -O                                                                        (1 = 4.3%) {34.8%}
7     ---O                                                                      (3 = 13.0%) {39.1%}
9     --O                                                                       (2 = 8.7%) {52.2%}
12    O                                                                         (0 = 0.0%) {60.9%}
16    --O                                                                       (2 = 8.7%) {60.9%}
21    ----O                                                                     (4 = 17.4%) {69.6%}
28    -O                                                                        (1 = 4.3%) {87.0%}
37    ... 
113   -O                                                                        (1 = 4.3%) {91.3%}
149   ... 
9260  -O                                                                        (1 = 4.3%) {95.7%}
12196 ... 

Histogram: V8.CompileScript.CacheBehaviour recorded 50 samples, mean = 5.0 (flags = 0x41)
0   O                                                                         (0 = 0.0%)
1   -O                                                                        (1 = 2.0%) {0.0%}
2   --------------------O                                                     (20 = 40.0%) {2.0%}
3   O                                                                         (0 = 0.0%) {42.0%}
4   -----------------O                                                        (17 = 34.0%) {42.0%}
5   ... 
8   --O                                                                       (2 = 4.0%) {76.0%}
9   ... 
12  ------O                                                                   (6 = 12.0%) {80.0%}
13  ----O                                                                     (4 = 8.0%) {92.0%}
14  ... 

Histogram: V8.CompileScriptMicroSeconds recorded 50 samples, mean = 714.4 (flags = 0x41)
0      O                                                                         (0 = 0.0%)
1      --O                                                                       (2 = 4.0%) {0.0%}
2      -O                                                                        (1 = 2.0%) {4.0%}
3      --O                                                                       (2 = 4.0%) {6.0%}
4      -O                                                                        (1 = 2.0%) {10.0%}
5      -----O                                                                    (5 = 10.0%) {12.0%}
7      -------O                                                                  (7 = 14.0%) {22.0%}
9      ---O                                                                      (3 = 6.0%) {36.0%}
12     ----O                                                                     (4 = 8.0%) {42.0%}
16     -------O                                                                  (7 = 14.0%) {50.0%}
21     ----O                                                                     (4 = 8.0%) {64.0%}
28     --O                                                                       (2 = 4.0%) {72.0%}
37     ----O                                                                     (4 = 8.0%) {76.0%}
49     ----O                                                                     (4 = 8.0%) {84.0%}
65     -O                                                                        (1 = 2.0%) {92.0%}
86     O                                                                         (0 = 0.0%) {94.0%}
113    -O                                                                        (1 = 2.0%) {94.0%}
149    ... 
258    -O                                                                        (1 = 2.0%) {96.0%}
340    ... 
27864  -O                                                                        (1 = 2.0%) {98.0%}
36699  ... 

Histogram: V8.CompileScriptMicroSeconds.BackgroundThread recorded 6 samples, mean = 3125.7 (flags = 0x41)
0     ... 
149   -O                                                                        (1 = 16.7%) {0.0%}
196   ... 
777   -O                                                                        (1 = 16.7%) {16.7%}
1023  O                                                                         (0 = 0.0%) {33.3%}
1347  -O                                                                        (1 = 16.7%) {33.3%}
1774  ... 
3077  -O                                                                        (1 = 16.7%) {50.0%}
4053  -O                                                                        (1 = 16.7%) {66.7%}
5338  O                                                                         (0 = 0.0%) {83.3%}
7031  -O                                                                        (1 = 16.7%) {83.3%}
9260  ... 

Histogram: V8.CompileScriptMicroSeconds.ConsumeCache recorded 20 samples, mean = 10.6 (flags = 0x41)
0   O                                                                         (0 = 0.0%)
1   -O                                                                        (1 = 5.0%) {0.0%}
2   -O                                                                        (1 = 5.0%) {5.0%}
3   --O                                                                       (2 = 10.0%) {10.0%}
4   O                                                                         (0 = 0.0%) {20.0%}
5   ----O                                                                     (4 = 20.0%) {20.0%}
7   ---O                                                                      (3 = 15.0%) {40.0%}
9   --O                                                                       (2 = 10.0%) {55.0%}
12  --O                                                                       (2 = 10.0%) {65.0%}
16  ---O                                                                      (3 = 15.0%) {75.0%}
21  -O                                                                        (1 = 5.0%) {90.0%}
28  -O                                                                        (1 = 5.0%) {95.0%}
37  ... 

Histogram: V8.CompileScriptMicroSeconds.ConsumeCache.BackgroundThread recorded 20 samples, mean = 2080.7 (flags = 0x41)
0     ... 
21    -O                                                                        (1 = 5.0%) {0.0%}
28    --O                                                                       (2 = 10.0%) {5.0%}
37    ---O                                                                      (3 = 15.0%) {15.0%}
49    ... 
86    -O                                                                        (1 = 5.0%) {30.0%}
113   -O                                                                        (1 = 5.0%) {35.0%}
149   ... 
258   -O                                                                        (1 = 5.0%) {40.0%}
340   ... 
590   -O                                                                        (1 = 5.0%) {45.0%}
777   -O                                                                        (1 = 5.0%) {50.0%}
1023  -O                                                                        (1 = 5.0%) {55.0%}
1347  O                                                                         (0 = 0.0%) {60.0%}
1774  ---O                                                                      (3 = 15.0%) {60.0%}
2336  -O                                                                        (1 = 5.0%) {75.0%}
3077  O                                                                         (0 = 0.0%) {80.0%}
4053  -O                                                                        (1 = 5.0%) {80.0%}
5338  O                                                                         (0 = 0.0%) {85.0%}
7031  --O                                                                       (2 = 10.0%) {85.0%}
9260  -O                                                                        (1 = 5.0%) {95.0%}
12196 ... 

Histogram: V8.CompileScriptMicroSeconds.IsolateCacheHit recorded 1 samples, mean = 28.0 (flags = 0x41)
0   ... 
28  -O                                                                        (1 = 100.0%) {0.0%}
37  ... 

Histogram: V8.CompileScriptMicroSeconds.NoCache.InlineScript recorded 17 samples, mean = 34.1 (flags = 0x41)
0    ... 
5    -O                                                                        (1 = 5.9%) {0.0%}
7    --O                                                                       (2 = 11.8%) {5.9%}
9    -O                                                                        (1 = 5.9%) {17.6%}
12   -O                                                                        (1 = 5.9%) {23.5%}
16   -O                                                                        (1 = 5.9%) {29.4%}
21   ---O                                                                      (3 = 17.6%) {35.3%}
28   -O                                                                        (1 = 5.9%) {52.9%}
37   ----O                                                                     (4 = 23.5%) {58.8%}
49   --O                                                                       (2 = 11.8%) {82.4%}
65   ... 
113  -O                                                                        (1 = 5.9%) {94.1%}
149  ... 

Histogram: V8.CompileScriptMicroSeconds.NoCache.Other recorded 6 samples, mean = 5812.8 (flags = 0x41)
0      ... 
16     -O                                                                        (1 = 16.7%) {0.0%}
21     ... 
49     --O                                                                       (2 = 33.3%) {16.7%}
65     -O                                                                        (1 = 16.7%) {50.0%}
86     ... 
258    -O                                                                        (1 = 16.7%) {66.7%}
340    ... 
27864  -O                                                                        (1 = 16.7%) {83.3%}
36699  ... 

Histogram: V8.CompileScriptMicroSeconds.StreamingFinalization recorded 6 samples, mean = 9.5 (flags = 0x41)
0   ... 
3   -O                                                                        (1 = 16.7%) {0.0%}
4   ... 
7   ---O                                                                      (3 = 50.0%) {16.7%}
9   O                                                                         (0 = 0.0%) {66.7%}
12  -O                                                                        (1 = 16.7%) {66.7%}
16  -O                                                                        (1 = 16.7%) {83.3%}
21  ... 

Histogram: V8.ErrorsThrownPerContext recorded 1 samples, mean = 0.0 (flags = 0x41)
0  -O                                                                        (1 = 100.0%)
1  ... 

Histogram: V8.GC.Cycle.CollectionRate.Full recorded 2 samples, mean = 91.0 (flags = 0x41)
0   ... 
80  --O                                                                       (2 = 100.0%) {0.0%}
100 O                                                                         (0 = 0.0%) {100.0%}

Histogram: V8.GC.Cycle.CollectionRate.Full.Cpp recorded 2 samples, mean = 68.5 (flags = 0x41)
0   ... 
41  -O                                                                        (1 = 50.0%) {0.0%}
51  ... 
80  -O                                                                        (1 = 50.0%) {50.0%}
100 O                                                                         (0 = 0.0%) {100.0%}

Histogram: V8.GC.Cycle.CollectionRate.Young recorded 20 samples, mean = 28.2 (flags = 0x41)
0   --O                                                                       (2 = 10.0%)
1   ... 
14  --O                                                                       (2 = 10.0%) {10.0%}
17  ---O                                                                      (3 = 15.0%) {20.0%}
21  --O                                                                       (2 = 10.0%) {35.0%}
26  ----O                                                                     (4 = 20.0%) {45.0%}
33  --O                                                                       (2 = 10.0%) {65.0%}
41  ---O                                                                      (3 = 15.0%) {75.0%}
51  --O                                                                       (2 = 10.0%) {90.0%}
64  ... 

Histogram: V8.GC.Cycle.CollectionWeight.Full recorded 2 samples, mean = 0.0 (flags = 0x41)
0  --O                                                                       (2 = 100.0%)
1  ... 

Histogram: V8.GC.Cycle.CollectionWeight.Full.Cpp recorded 2 samples, mean = 0.0 (flags = 0x41)
0  --O                                                                       (2 = 100.0%)
1  ... 

Histogram: V8.GC.Cycle.CollectionWeight.MainThread.Full recorded 2 samples, mean = 0.0 (flags = 0x41)
0  --O                                                                       (2 = 100.0%)
1  ... 

Histogram: V8.GC.Cycle.CollectionWeight.MainThread.Full.Cpp recorded 2 samples, mean = 0.0 (flags = 0x41)
0  --O                                                                       (2 = 100.0%)
1  ... 

Histogram: V8.GC.Cycle.Efficiency.Full recorded 2 samples, mean = 20.0 (flags = 0x41)
0   O                                                                         (0 = 0.0%)
1   -O                                                                        (1 = 50.0%) {0.0%}
2   ... 
35  -O                                                                        (1 = 50.0%) {50.0%}
48  ... 

Histogram: V8.GC.Cycle.Efficiency.Full.Cpp recorded 2 samples, mean = 87.0 (flags = 0x41)
0   ... 
48  -O                                                                        (1 = 50.0%) {0.0%}
65  O                                                                         (0 = 0.0%) {50.0%}
88  -O                                                                        (1 = 50.0%) {50.0%}
120 ... 

Histogram: V8.GC.Cycle.Efficiency.MainThread.Full recorded 2 samples, mean = 134.0 (flags = 0x41)
0    ... 
5    -O                                                                        (1 = 50.0%) {0.0%}
7    ... 
222  -O                                                                        (1 = 50.0%) {50.0%}
302  ... 

Histogram: V8.GC.Cycle.Efficiency.MainThread.Full.Cpp recorded 2 samples, mean = 241.5 (flags = 0x41)
0    ... 
65   -O                                                                        (1 = 50.0%) {0.0%}
88   ... 
411  -O                                                                        (1 = 50.0%) {50.0%}
559  ... 

Histogram: V8.GC.Cycle.Efficiency.MainThread.Young recorded 20 samples, mean = 3551.6 (flags = 0x41)
0      ... 
88     -O                                                                        (1 = 5.0%) {0.0%}
120    ... 
302    ----O                                                                     (4 = 20.0%) {5.0%}
411    O                                                                         (0 = 0.0%) {25.0%}
559    -O                                                                        (1 = 5.0%) {25.0%}
760    O                                                                         (0 = 0.0%) {30.0%}
1034   --O                                                                       (2 = 10.0%) {30.0%}
1407   ----O                                                                     (4 = 20.0%) {40.0%}
1914   -O                                                                        (1 = 5.0%) {60.0%}
2604   ---O                                                                      (3 = 15.0%) {65.0%}
3542   -O                                                                        (1 = 5.0%) {80.0%}
4818   -O                                                                        (1 = 5.0%) {85.0%}
6554   ... 
12127  -O                                                                        (1 = 5.0%) {90.0%}
16496  O                                                                         (0 = 0.0%) {95.0%}
22439  -O                                                                        (1 = 5.0%) {95.0%}
30523  ... 

Histogram: V8.GC.Cycle.Efficiency.Young recorded 20 samples, mean = 2986.0 (flags = 0x41)
0      ... 
88     -O                                                                        (1 = 5.0%) {0.0%}
120    O                                                                         (0 = 0.0%) {5.0%}
163    --O                                                                       (2 = 10.0%) {5.0%}
222    O                                                                         (0 = 0.0%) {15.0%}
302    --O                                                                       (2 = 10.0%) {15.0%}
411    O                                                                         (0 = 0.0%) {25.0%}
559    --O                                                                       (2 = 10.0%) {25.0%}
760    ----O                                                                     (4 = 20.0%) {35.0%}
1034   O                                                                         (0 = 0.0%) {55.0%}
1407   ---O                                                                      (3 = 15.0%) {55.0%}
1914   --O                                                                       (2 = 10.0%) {70.0%}
2604   -O                                                                        (1 = 5.0%) {80.0%}
3542   -O                                                                        (1 = 5.0%) {85.0%}
4818   ... 
8915   -O                                                                        (1 = 5.0%) {90.0%}
12127  ... 
22439  -O                                                                        (1 = 5.0%) {95.0%}
30523  ... 

Histogram: V8.GC.Cycle.Full recorded 2 samples, mean = 68.0 (flags = 0x41)
0   ... 
57  -O                                                                        (1 = 50.0%) {0.0%}
68  -O                                                                        (1 = 50.0%) {50.0%}
81  ... 

Histogram: V8.GC.Cycle.Full.Compact recorded 2 samples, mean = 8.0 (flags = 0x41)
0   O                                                                         (0 = 0.0%)
1   -O                                                                        (1 = 50.0%) {0.0%}
2   ... 
14  -O                                                                        (1 = 50.0%) {50.0%}
17  ... 

Histogram: V8.GC.Cycle.Full.Compact.Cpp recorded 2 samples, mean = 1.0 (flags = 0x41)
0  -O                                                                        (1 = 50.0%)
1  O                                                                         (0 = 0.0%) {50.0%}
2  -O                                                                        (1 = 50.0%) {50.0%}
3  ... 

Histogram: V8.GC.Cycle.Full.Cpp recorded 2 samples, mean = 31.0 (flags = 0x41)
0   ... 
8   -O                                                                        (1 = 50.0%) {0.0%}
10  ... 
48  -O                                                                        (1 = 50.0%) {50.0%}
57  ... 

Histogram: V8.GC.Cycle.Full.Mark recorded 2 samples, mean = 47.5 (flags = 0x41)
0   ... 
40  -O                                                                        (1 = 50.0%) {0.0%}
48  -O                                                                        (1 = 50.0%) {50.0%}
57  ... 

Histogram: V8.GC.Cycle.Full.Mark.Cpp recorded 2 samples, mean = 25.0 (flags = 0x41)
0   ... 
5   -O                                                                        (1 = 50.0%) {0.0%}
6   ... 
40  -O                                                                        (1 = 50.0%) {50.0%}
48  ... 

Histogram: V8.GC.Cycle.Full.Sweep recorded 2 samples, mean = 4.5 (flags = 0x41)
0  ... 
3  -O                                                                        (1 = 50.0%) {0.0%}
4  ... 
6  -O                                                                        (1 = 50.0%) {50.0%}
7  ... 

Histogram: V8.GC.Cycle.Full.Sweep.Cpp recorded 2 samples, mean = 3.5 (flags = 0x41)
0  -O                                                                        (1 = 50.0%)
1  ... 
7  -O                                                                        (1 = 50.0%) {50.0%}
8  ... 

Histogram: V8.GC.Cycle.Full.Weak recorded 2 samples, mean = 0.5 (flags = 0x41)
0  -O                                                                        (1 = 50.0%)
1  -O                                                                        (1 = 50.0%) {50.0%}
2  ... 

Histogram: V8.GC.Cycle.Full.Weak.Cpp recorded 2 samples, mean = 0.0 (flags = 0x41)
0  --O                                                                       (2 = 100.0%)
1  ... 

Histogram: V8.GC.Cycle.MainThread.Full recorded 2 samples, mean = 17.5 (flags = 0x41)
0   ... 
8   -O                                                                        (1 = 50.0%) {0.0%}
10  ... 
24  -O                                                                        (1 = 50.0%) {50.0%}
29  ... 

Histogram: V8.GC.Cycle.MainThread.Full.Atomic recorded 2 samples, mean = 13.0 (flags = 0x41)
0   ... 
4   -O                                                                        (1 = 50.0%) {0.0%}
5   ... 
20  -O                                                                        (1 = 50.0%) {50.0%}
24  ... 

Histogram: V8.GC.Cycle.MainThread.Full.Atomic.Compact recorded 2 samples, mean = 3.5 (flags = 0x41)
0  -O                                                                        (1 = 50.0%)
1  ... 
7  -O                                                                        (1 = 50.0%) {50.0%}
8  ... 

Histogram: V8.GC.Cycle.MainThread.Full.Atomic.Compact.Cpp recorded 2 samples, mean = 1.0 (flags = 0x41)
0  -O                                                                        (1 = 50.0%)
1  O                                                                         (0 = 0.0%) {50.0%}
2  -O                                                                        (1 = 50.0%) {50.0%}
3  ... 

Histogram: V8.GC.Cycle.MainThread.Full.Atomic.Cpp recorded 2 samples, mean = 1.5 (flags = 0x41)
0  O                                                                         (0 = 0.0%)
1  -O                                                                        (1 = 50.0%) {0.0%}
2  -O                                                                        (1 = 50.0%) {50.0%}
3  ... 

Histogram: V8.GC.Cycle.MainThread.Full.Atomic.Mark recorded 2 samples, mean = 0.0 (flags = 0x41)
0  --O                                                                       (2 = 100.0%)
1  ... 

Histogram: V8.GC.Cycle.MainThread.Full.Atomic.Mark.Cpp recorded 2 samples, mean = 0.0 (flags = 0x41)
0  --O                                                                       (2 = 100.0%)
1  ... 

Histogram: V8.GC.Cycle.MainThread.Full.Atomic.Sweep recorded 2 samples, mean = 1.5 (flags = 0x41)
0  -O                                                                        (1 = 50.0%)
1  ... 
3  -O                                                                        (1 = 50.0%) {50.0%}
4  ... 

Histogram: V8.GC.Cycle.MainThread.Full.Atomic.Sweep.Cpp recorded 2 samples, mean = 0.0 (flags = 0x41)
0  --O                                                                       (2 = 100.0%)
1  ... 

Histogram: V8.GC.Cycle.MainThread.Full.Atomic.Weak recorded 2 samples, mean = 0.5 (flags = 0x41)
0  -O                                                                        (1 = 50.0%)
1  -O                                                                        (1 = 50.0%) {50.0%}
2  ... 

Histogram: V8.GC.Cycle.MainThread.Full.Atomic.Weak.Cpp recorded 2 samples, mean = 0.0 (flags = 0x41)
0  --O                                                                       (2 = 100.0%)
1  ... 

Histogram: V8.GC.Cycle.MainThread.Full.Compact recorded 2 samples, mean = 3.5 (flags = 0x41)
0  -O                                                                        (1 = 50.0%)
1  ... 
7  -O                                                                        (1 = 50.0%) {50.0%}
8  ... 

Histogram: V8.GC.Cycle.MainThread.Full.Compact.Cpp recorded 2 samples, mean = 1.0 (flags = 0x41)
0  -O                                                                        (1 = 50.0%)
1  O                                                                         (0 = 0.0%) {50.0%}
2  -O                                                                        (1 = 50.0%) {50.0%}
3  ... 

Histogram: V8.GC.Cycle.MainThread.Full.Cpp recorded 2 samples, mean = 11.0 (flags = 0x41)
0   ... 
7   -O                                                                        (1 = 50.0%) {0.0%}
8   ... 
14  -O                                                                        (1 = 50.0%) {50.0%}
17  ... 

Histogram: V8.GC.Cycle.MainThread.Full.Incremental.Mark recorded 2 samples, mean = 4.0 (flags = 0x41)
0  ... 
4  --O                                                                       (2 = 100.0%) {0.0%}
5  ... 

Histogram: V8.GC.Cycle.MainThread.Full.Incremental.Mark.Cpp recorded 2 samples, mean = 6.0 (flags = 0x41)
0  ... 
5  -O                                                                        (1 = 50.0%) {0.0%}
6  O                                                                         (0 = 0.0%) {50.0%}
7  -O                                                                        (1 = 50.0%) {50.0%}
8  ... 

Histogram: V8.GC.Cycle.MainThread.Full.Incremental.Mark.StartStop recorded 2 samples, mean = 15.0 (flags = 0x41)
0   ... 
10  -O                                                                        (1 = 50.0%) {0.0%}
12  ... 
20  -O                                                                        (1 = 50.0%) {50.0%}
24  ... 

Histogram: V8.GC.Cycle.MainThread.Full.Incremental.Sweep recorded 2 samples, mean = 0.0 (flags = 0x41)
0  --O                                                                       (2 = 100.0%)
1  ... 

Histogram: V8.GC.Cycle.MainThread.Full.Incremental.Sweep.Cpp recorded 2 samples, mean = 3.0 (flags = 0x41)
0  -O                                                                        (1 = 50.0%)
1  ... 
6  -O                                                                        (1 = 50.0%) {50.0%}
7  ... 

Histogram: V8.GC.Cycle.MainThread.Full.Mark recorded 2 samples, mean = 4.5 (flags = 0x41)
0  ... 
4  -O                                                                        (1 = 50.0%) {0.0%}
5  -O                                                                        (1 = 50.0%) {50.0%}
6  ... 

Histogram: V8.GC.Cycle.MainThread.Full.Mark.Cpp recorded 2 samples, mean = 6.0 (flags = 0x41)
0  ... 
5  -O                                                                        (1 = 50.0%) {0.0%}
6  O                                                                         (0 = 0.0%) {50.0%}
7  -O                                                                        (1 = 50.0%) {50.0%}
8  ... 

Histogram: V8.GC.Cycle.MainThread.Full.Sweep recorded 2 samples, mean = 1.5 (flags = 0x41)
0  -O                                                                        (1 = 50.0%)
1  ... 
3  -O                                                                        (1 = 50.0%) {50.0%}
4  ... 

Histogram: V8.GC.Cycle.MainThread.Full.Sweep.Cpp recorded 2 samples, mean = 3.5 (flags = 0x41)
0  -O                                                                        (1 = 50.0%)
1  ... 
7  -O                                                                        (1 = 50.0%) {50.0%}
8  ... 

Histogram: V8.GC.Cycle.MainThread.Full.Weak recorded 2 samples, mean = 0.5 (flags = 0x41)
0  -O                                                                        (1 = 50.0%)
1  -O                                                                        (1 = 50.0%) {50.0%}
2  ... 

Histogram: V8.GC.Cycle.MainThread.Full.Weak.Cpp recorded 2 samples, mean = 0.0 (flags = 0x41)
0  --O                                                                       (2 = 100.0%)
1  ... 

Histogram: V8.GC.Cycle.MainThread.Young recorded 20 samples, mean = 0.5 (flags = 0x41)
0  ---------------O                                                          (15 = 75.0%)
1  ----O                                                                     (4 = 20.0%) {75.0%}
2  ... 
6  -O                                                                        (1 = 5.0%) {95.0%}
7  ... 

Histogram: V8.GC.Cycle.Memory.Freed.Full recorded 2 samples, mean = 4608.0 (flags = 0x41)
0     -O                                                                        (1 = 50.0%)
1     ... 
8915  -O                                                                        (1 = 50.0%) {50.0%}
12127 ... 

Histogram: V8.GC.Cycle.Memory.Freed.Full.Cpp recorded 2 samples, mean = 3648.0 (flags = 0x41)
0     ... 
1914  -O                                                                        (1 = 50.0%) {0.0%}
2604  ... 
4818  -O                                                                        (1 = 50.0%) {50.0%}
6554  ... 

Histogram: V8.GC.Cycle.Objects.After.Full recorded 2 samples, mean = 12216.0 (flags = 0x41)
0      ... 
12127  --O                                                                       (2 = 100.0%) {0.0%}
16496  ... 

Histogram: V8.GC.Cycle.Objects.After.Full.Cpp recorded 2 samples, mean = 5531.0 (flags = 0x41)
0     ... 
4818  --O                                                                       (2 = 100.0%) {0.0%}
6554  ... 

Histogram: V8.GC.Cycle.Objects.Before.Full recorded 2 samples, mean = 13448.0 (flags = 0x41)
0      ... 
12127  --O                                                                       (2 = 100.0%) {0.0%}
16496  ... 

Histogram: V8.GC.Cycle.Objects.Before.Full.Cpp recorded 2 samples, mean = 8952.5 (flags = 0x41)
0     ... 
4818  -O                                                                        (1 = 50.0%) {0.0%}
6554  O                                                                         (0 = 0.0%) {50.0%}
8915  -O                                                                        (1 = 50.0%) {50.0%}
12127 ... 

Histogram: V8.GC.Cycle.Objects.Freed.Full recorded 2 samples, mean = 1231.5 (flags = 0x41)
0     ... 
120   -O                                                                        (1 = 50.0%) {0.0%}
163   ... 
1914  -O                                                                        (1 = 50.0%) {50.0%}
2604  ... 

Histogram: V8.GC.Cycle.Objects.Freed.Full.Cpp recorded 2 samples, mean = 3421.0 (flags = 0x41)
0     ... 
411   -O                                                                        (1 = 50.0%) {0.0%}
559   ... 
4818  -O                                                                        (1 = 50.0%) {50.0%}
6554  ... 

Histogram: V8.GC.Cycle.Reason.Full recorded 2 samples, mean = 9.0 (flags = 0x41)
0  ... 
9  --O                                                                       (2 = 100.0%) {0.0%}
10 ... 

Histogram: V8.GC.Cycle.Reason.Young recorded 20 samples, mean = 3.2 (flags = 0x41)
0   O                                                                         (0 = 0.0%)
1   ----------------O                                                         (16 = 80.0%) {0.0%}
2   ... 
12  ----O                                                                     (4 = 20.0%) {80.0%}
13  ... 

Histogram: V8.GC.Cycle.Young recorded 20 samples, mean = 0.8 (flags = 0x41)
0  -----------O                                                              (11 = 55.0%)
1  ------O                                                                   (6 = 30.0%) {55.0%}
2  --O                                                                       (2 = 10.0%) {85.0%}
3  ... 
6  -O                                                                        (1 = 5.0%) {95.0%}
7  ... 

Histogram: V8.GC.Event.MainThread.Full.Finalize.Incremental.ReduceMemory recorded 2 samples, mean = 12.0 (flags = 0x41)
0   ... 
2   -O                                                                        (1 = 50.0%) {0.0%}
3   ... 
20  -O                                                                        (1 = 50.0%) {50.0%}
24  ... 

Histogram: V8.GC.Event.MainThread.Full.Finalize.Incremental.ReduceMemory.Foreground recorded 2 samples, mean = 12.0 (flags = 0x41)
0   ... 
2   -O                                                                        (1 = 50.0%) {0.0%}
3   ... 
20  -O                                                                        (1 = 50.0%) {50.0%}
24  ... 

Histogram: V8.GC.Event.MainThread.Full.Finalize.Incremental.Regular recorded 1 samples, mean = 4.0 (flags = 0x41)
0  ... 
4  -O                                                                        (1 = 100.0%) {0.0%}
5  ... 

Histogram: V8.GC.Event.MainThread.Full.Finalize.Incremental.Regular.Foreground recorded 1 samples, mean = 4.0 (flags = 0x41)
0  ... 
4  -O                                                                        (1 = 100.0%) {0.0%}
5  ... 

Histogram: V8.GC.Event.MainThread.Full.Incremental.Mark recorded 81 samples, mean = 0.1 (flags = 0x41)
0  ------------------------------------------------------------------------O (78 = 96.3%)
1  --O                                                                       (2 = 2.5%) {96.3%}
2  O                                                                         (0 = 0.0%) {98.8%}
3  -O                                                                        (1 = 1.2%) {98.8%}
4  ... 

Histogram: V8.GC.Event.MainThread.Full.Incremental.Mark.Cpp recorded 89 samples, mean = 0.1 (flags = 0x41)
0  ------------------------------------------------------------------------O (86 = 96.6%)
1  O                                                                         (0 = 0.0%) {96.6%}
2  -O                                                                        (1 = 1.1%) {96.6%}
3  --O                                                                       (2 = 2.2%) {97.8%}
4  ... 

Histogram: V8.GC.Event.MainThread.Full.Incremental.Sweep.Cpp recorded 419 samples, mean = 0.0 (flags = 0x41)
0  ------------------------------------------------------------------------O (417 = 99.5%)
1  O                                                                         (1 = 0.2%) {99.5%}
2  ... 
5  O                                                                         (1 = 0.2%) {99.8%}
6  ... 

Histogram: V8.GC.TimeToSafepoint recorded 26 samples, mean = 228.2 (flags = 0x41)
0     ------------O                                                             (12 = 46.2%)
1     ---O                                                                      (3 = 11.5%) {46.2%}
2     O                                                                         (0 = 0.0%) {57.7%}
3     -O                                                                        (1 = 3.8%) {57.7%}
4     ... 
8     -O                                                                        (1 = 3.8%) {61.5%}
11    --O                                                                       (2 = 7.7%) {65.4%}
15    ... 
76    --O                                                                       (2 = 7.7%) {73.1%}
105   -O                                                                        (1 = 3.8%) {80.8%}
146   ... 
752   -O                                                                        (1 = 3.8%) {84.6%}
1043  --O                                                                       (2 = 7.7%) {88.5%}
1447  O                                                                         (0 = 0.0%) {96.2%}
2008  -O                                                                        (1 = 3.8%) {96.2%}
2786  ... 

Histogram: V8.GCFinalizeMC.Clear recorded 1 samples, mean = 1.0 (flags = 0x41)
0  O                                                                         (0 = 0.0%)
1  -O                                                                        (1 = 100.0%) {0.0%}
2  ... 

Histogram: V8.GCFinalizeMC.Epilogue recorded 1 samples, mean = 0.0 (flags = 0x41)
0  -O                                                                        (1 = 100.0%)
1  ... 

Histogram: V8.GCFinalizeMC.Evacuate recorded 1 samples, mean = 0.0 (flags = 0x41)
0  -O                                                                        (1 = 100.0%)
1  ... 

Histogram: V8.GCFinalizeMC.Finish recorded 1 samples, mean = 0.0 (flags = 0x41)
0  -O                                                                        (1 = 100.0%)
1  ... 

Histogram: V8.GCFinalizeMC.Mark recorded 1 samples, mean = 0.0 (flags = 0x41)
0  -O                                                                        (1 = 100.0%)
1  ... 

Histogram: V8.GCFinalizeMC.Prologue recorded 1 samples, mean = 0.0 (flags = 0x41)
0  -O                                                                        (1 = 100.0%)
1  ... 

Histogram: V8.GCFinalizeMC.Sweep recorded 1 samples, mean = 0.0 (flags = 0x41)
0  -O                                                                        (1 = 100.0%)
1  ... 

Histogram: V8.GCIncrementalMarking recorded 92 samples, mean = 0.2 (flags = 0x41)
0  ------------------------------------------------------------------------O (86 = 93.5%)
1  --O                                                                       (2 = 2.2%) {93.5%}
2  -O                                                                        (1 = 1.1%) {95.7%}
3  --O                                                                       (2 = 2.2%) {96.7%}
4  O                                                                         (0 = 0.0%) {98.9%}
5  -O                                                                        (1 = 1.1%) {98.9%}
6  ... 

Histogram: V8.GCIncrementalMarkingReason recorded 3 samples, mean = 12.0 (flags = 0x41)
0   ... 
2   -O                                                                        (1 = 33.3%) {0.0%}
3   ... 
17  --O                                                                       (2 = 66.7%) {33.3%}
18  ... 

Histogram: V8.GCIncrementalMarkingStart recorded 3 samples, mean = 0.7 (flags = 0x41)
0  --O                                                                       (2 = 66.7%)
1  O                                                                         (0 = 0.0%) {66.7%}
2  -O                                                                        (1 = 33.3%) {66.7%}
3  ... 

Histogram: V8.GCIncrementalMarkingSum recorded 1 samples, mean = 2.0 (flags = 0x41)
0  ... 
2  -O                                                                        (1 = 100.0%) {0.0%}
3  ... 

Histogram: V8.GCMarkCompactReason recorded 2 samples, mean = 9.0 (flags = 0x41)
0  ... 
9  --O                                                                       (2 = 100.0%) {0.0%}
10 ... 

Histogram: V8.GCScavenger.ScavengeMain recorded 20 samples, mean = 0.1 (flags = 0x41)
0  ------------------O                                                       (18 = 90.0%)
1  --O                                                                       (2 = 10.0%) {90.0%}
2  ... 

Histogram: V8.GCScavenger.ScavengeRoots recorded 20 samples, mean = 0.2 (flags = 0x41)
0  -------------------O                                                      (19 = 95.0%)
1  ... 
3  -O                                                                        (1 = 5.0%) {95.0%}
4  ... 

Histogram: V8.JSDispatchTableEntriesCount recorded 3 samples, mean = 0.0 (flags = 0x41)
0  ---O                                                                      (3 = 100.0%)
1  ... 

Histogram: V8.LocalWindowProxy.CreateContextTime recorded 4 samples, mean = 26.8 (flags = 0x41)
0   --O                                                                       (2 = 50.0%)
1   -O                                                                        (1 = 25.0%) {50.0%}
2   ... 
96  -O                                                                        (1 = 25.0%) {75.0%}
114 ... 

Histogram: V8.LocalWindowProxy.InitializeTime recorded 4 samples, mean = 34.0 (flags = 0x41)
0    O                                                                         (0 = 0.0%)
1    --O                                                                       (2 = 50.0%) {0.0%}
2    ... 
4    -O                                                                        (1 = 25.0%) {50.0%}
5    ... 
114  -O                                                                        (1 = 25.0%) {75.0%}
135  ... 

Histogram: V8.MaglevOptimizeExecute recorded 170 samples, mean = 926.4 (flags = 0x41)
0      ... 
8      -O                                                                        (1 = 0.6%) {0.0%}
10     ------O                                                                   (6 = 3.5%) {0.6%}
13     -----O                                                                    (5 = 2.9%) {4.1%}
16     -O                                                                        (1 = 0.6%) {7.1%}
20     ---O                                                                      (3 = 1.8%) {7.6%}
25     -------O                                                                  (7 = 4.1%) {9.4%}
31     -------O                                                                  (7 = 4.1%) {13.5%}
39     -------------O                                                            (13 = 7.6%) {17.6%}
49     ----------------O                                                         (16 = 9.4%) {25.3%}
61     -----------O                                                              (11 = 6.5%) {34.7%}
76     ----------------O                                                         (16 = 9.4%) {41.2%}
95     -------------O                                                            (13 = 7.6%) {50.6%}
119    ------------------O                                                       (18 = 10.6%) {58.2%}
149    --------O                                                                 (8 = 4.7%) {68.8%}
186    -----------O                                                              (11 = 6.5%) {73.5%}
233    ----------O                                                               (10 = 5.9%) {80.0%}
292    ----O                                                                     (4 = 2.4%) {85.9%}
365    --O                                                                       (2 = 1.2%) {88.2%}
457    ----O                                                                     (4 = 2.4%) {89.4%}
572    O                                                                         (0 = 0.0%) {91.8%}
716    ---O                                                                      (3 = 1.8%) {91.8%}
896    -O                                                                        (1 = 0.6%) {93.5%}
1122   --O                                                                       (2 = 1.2%) {94.1%}
1404   O                                                                         (0 = 0.0%) {95.3%}
1757   -O                                                                        (1 = 0.6%) {95.3%}
2199   O                                                                         (0 = 0.0%) {95.9%}
2753   -O                                                                        (1 = 0.6%) {95.9%}
3446   O                                                                         (0 = 0.0%) {96.5%}
4313   --O                                                                       (2 = 1.2%) {96.5%}
5399   O                                                                         (0 = 0.0%) {97.6%}
6758   -O                                                                        (1 = 0.6%) {97.6%}
8459   -O                                                                        (1 = 0.6%) {98.2%}
10589  ... 
32541  -O                                                                        (1 = 0.6%) {98.8%}
40733  ... 
63822  -O                                                                        (1 = 0.6%) {99.4%}
79889  ... 

Histogram: V8.MaglevOptimizeFinalize recorded 170 samples, mean = 5.8 (flags = 0x41)
0    ----------------O                                                         (16 = 9.4%)
1    ------------------------------O                                           (30 = 17.6%) {9.4%}
2    ------------------------------O                                           (30 = 17.6%) {27.1%}
3    ----------------------------O                                             (28 = 16.5%) {44.7%}
4    ---------------O                                                          (15 = 8.8%) {61.2%}
5    --------------O                                                           (14 = 8.2%) {70.0%}
6    -----------------O                                                        (17 = 10.0%) {78.2%}
8    --------O                                                                 (8 = 4.7%) {88.2%}
10   -------O                                                                  (7 = 4.1%) {92.9%}
13   --O                                                                       (2 = 1.2%) {97.1%}
16   ... 
25   --O                                                                       (2 = 1.2%) {98.2%}
31   ... 
292  -O                                                                        (1 = 0.6%) {99.4%}
365  ... 

Histogram: V8.MaglevOptimizePrepare recorded 170 samples, mean = 0.0 (flags = 0x41)
0  ------------------------------------------------------------------------O (162 = 95.3%)
1  ----O                                                                     (8 = 4.7%) {95.3%}
2  ... 

Histogram: V8.MaglevOptimizeTotalTime recorded 170 samples, mean = 13969.4 (flags = 0x41)
0       ... 
37      ---O                                                                      (3 = 1.8%) {0.0%}
49      ---O                                                                      (3 = 1.8%) {1.8%}
65      -------O                                                                  (7 = 4.1%) {3.5%}
86      ---------O                                                                (9 = 5.3%) {7.6%}
113     ----------O                                                               (10 = 5.9%) {12.9%}
149     -----------O                                                              (11 = 6.5%) {18.8%}
196     ---------O                                                                (9 = 5.3%) {25.3%}
258     -----O                                                                    (5 = 2.9%) {30.6%}
340     ------------O                                                             (12 = 7.1%) {33.5%}
448     ----O                                                                     (4 = 2.4%) {40.6%}
590     ----------O                                                               (10 = 5.9%) {42.9%}
777     ----------O                                                               (10 = 5.9%) {48.8%}
1023    -----------O                                                              (11 = 6.5%) {54.7%}
1347    -----------O                                                              (11 = 6.5%) {61.2%}
1774    ------------------O                                                       (18 = 10.6%) {67.6%}
2336    ------------O                                                             (12 = 7.1%) {78.2%}
3077    --O                                                                       (2 = 1.2%) {85.3%}
4053    --O                                                                       (2 = 1.2%) {86.5%}
5338    O                                                                         (0 = 0.0%) {87.6%}
7031    ----O                                                                     (4 = 2.4%) {87.6%}
9260    ----O                                                                     (4 = 2.4%) {90.0%}
12196   -O                                                                        (1 = 0.6%) {92.4%}
16063   ... 
27864   -O                                                                        (1 = 0.6%) {92.9%}
36699   ... 
63662   -O                                                                        (1 = 0.6%) {93.5%}
83848   O                                                                         (0 = 0.0%) {94.1%}
110434  -O                                                                        (1 = 0.6%) {94.1%}
145450  -------O                                                                  (7 = 4.1%) {94.7%}
191569  ... 
332315  --O                                                                       (2 = 1.2%) {98.8%}
437686  ... 

Histogram: V8.MemoryExternalFragmentationCodeSpace recorded 23 samples, mean = 48.7 (flags = 0x41)
0   ... 
15  --O                                                                       (2 = 8.7%) {0.0%}
16  -O                                                                        (1 = 4.3%) {8.7%}
17  ... 
19  -O                                                                        (1 = 4.3%) {13.0%}
20  -O                                                                        (1 = 4.3%) {17.4%}
21  ... 
23  -O                                                                        (1 = 4.3%) {21.7%}
24  ... 
26  --O                                                                       (2 = 8.7%) {26.1%}
27  ... 
33  -O                                                                        (1 = 4.3%) {34.8%}
34  ... 
48  -O                                                                        (1 = 4.3%) {39.1%}
49  ---O                                                                      (3 = 13.0%) {43.5%}
50  ... 
52  -O                                                                        (1 = 4.3%) {56.5%}
53  O                                                                         (0 = 0.0%) {60.9%}
54  -O                                                                        (1 = 4.3%) {60.9%}
55  ... 
70  -O                                                                        (1 = 4.3%) {65.2%}
71  -O                                                                        (1 = 4.3%) {69.6%}
72  ... 
74  -O                                                                        (1 = 4.3%) {73.9%}
75  -O                                                                        (1 = 4.3%) {78.3%}
76  ... 
79  -O                                                                        (1 = 4.3%) {82.6%}
80  -O                                                                        (1 = 4.3%) {87.0%}
81  ... 
84  -O                                                                        (1 = 4.3%) {91.3%}
85  ... 
92  -O                                                                        (1 = 4.3%) {95.7%}
93  ... 

Histogram: V8.MemoryExternalFragmentationLoSpace recorded 23 samples, mean = 1.7 (flags = 0x41)
0  O                                                                         (0 = 0.0%)
1  ---------------O                                                          (15 = 65.2%) {0.0%}
2  O                                                                         (0 = 0.0%) {65.2%}
3  --------O                                                                 (8 = 34.8%) {65.2%}
4  ... 

Histogram: V8.MemoryExternalFragmentationOldSpace recorded 23 samples, mean = 5.0 (flags = 0x41)
0   O                                                                         (0 = 0.0%)
1   -O                                                                        (1 = 4.3%) {0.0%}
2   ---O                                                                      (3 = 13.0%) {4.3%}
3   --O                                                                       (2 = 8.7%) {17.4%}
4   ------O                                                                   (6 = 26.1%) {26.1%}
5   ---O                                                                      (3 = 13.0%) {52.2%}
6   ----O                                                                     (4 = 17.4%) {65.2%}
7   ---O                                                                      (3 = 13.0%) {82.6%}
8   ... 
18  -O                                                                        (1 = 4.3%) {95.7%}
19  ... 

Histogram: V8.MemoryExternalFragmentationTotal recorded 23 samples, mean = 27.9 (flags = 0x41)
0   ... 
13  --O                                                                       (2 = 8.7%) {0.0%}
14  ... 
20  -O                                                                        (1 = 4.3%) {8.7%}
21  ... 
23  -O                                                                        (1 = 4.3%) {13.0%}
24  O                                                                         (0 = 0.0%) {17.4%}
25  ---O                                                                      (3 = 13.0%) {17.4%}
26  O                                                                         (0 = 0.0%) {30.4%}
27  ----O                                                                     (4 = 17.4%) {30.4%}
28  --O                                                                       (2 = 8.7%) {47.8%}
29  ----O                                                                     (4 = 17.4%) {56.5%}
30  -O                                                                        (1 = 4.3%) {73.9%}
31  -O                                                                        (1 = 4.3%) {78.3%}
32  ... 
35  -O                                                                        (1 = 4.3%) {82.6%}
36  O                                                                         (0 = 0.0%) {87.0%}
37  -O                                                                        (1 = 4.3%) {87.0%}
38  -O                                                                        (1 = 4.3%) {91.3%}
39  ... 
46  -O                                                                        (1 = 4.3%) {95.7%}
47  ... 

Histogram: V8.MemoryHeapSampleCodeSpaceCommitted recorded 23 samples, mean = 1035.1 (flags = 0x41)
0     --------O                                                                 (8 = 34.8%)
1000  --------O                                                                 (8 = 34.8%) {34.8%}
1138  ... 
1474  ----O                                                                     (4 = 17.4%) {69.6%}
1678  ---O                                                                      (3 = 13.0%) {87.0%}
1910  ... 

Histogram: V8.MemoryHeapSampleMaximumCommitted recorded 23 samples, mean = 12517.0 (flags = 0x41)
0      ... 
5380   --O                                                                       (2 = 8.7%) {0.0%}
6124   O                                                                         (0 = 0.0%) {8.7%}
6971   -O                                                                        (1 = 4.3%) {8.7%}
7935   -----O                                                                    (5 = 21.7%) {13.0%}
9032   -O                                                                        (1 = 4.3%) {34.8%}
10281  ------O                                                                   (6 = 26.1%) {39.1%}
11702  -O                                                                        (1 = 4.3%) {65.2%}
13320  -O                                                                        (1 = 4.3%) {69.6%}
15161  O                                                                         (0 = 0.0%) {73.9%}
17257  ---O                                                                      (3 = 13.0%) {73.9%}
19642  O                                                                         (0 = 0.0%) {87.0%}
22357  ---O                                                                      (3 = 13.0%) {87.0%}
25447  ... 

Histogram: V8.MemoryHeapSampleTotalCommitted recorded 23 samples, mean = 11559.8 (flags = 0x41)
0      ... 
5380   --O                                                                       (2 = 8.7%) {0.0%}
6124   --O                                                                       (2 = 8.7%) {8.7%}
6971   ---O                                                                      (3 = 13.0%) {17.4%}
7935   -O                                                                        (1 = 4.3%) {30.4%}
9032   -O                                                                        (1 = 4.3%) {34.8%}
10281  ------O                                                                   (6 = 26.1%) {39.1%}
11702  -O                                                                        (1 = 4.3%) {65.2%}
13320  ---O                                                                      (3 = 13.0%) {69.6%}
15161  O                                                                         (0 = 0.0%) {82.6%}
17257  ---O                                                                      (3 = 13.0%) {82.6%}
19642  O                                                                         (0 = 0.0%) {95.7%}
22357  -O                                                                        (1 = 4.3%) {95.7%}
25447  ... 

Histogram: V8.MemoryHeapSampleTotalUsed recorded 23 samples, mean = 8275.3 (flags = 0x41)
0      ... 
3649   --O                                                                       (2 = 8.7%) {0.0%}
4153   --O                                                                       (2 = 8.7%) {8.7%}
4727   ---O                                                                      (3 = 13.0%) {17.4%}
5380   -O                                                                        (1 = 4.3%) {30.4%}
6124   O                                                                         (0 = 0.0%) {34.8%}
6971   --O                                                                       (2 = 8.7%) {34.8%}
7935   -----O                                                                    (5 = 21.7%) {43.5%}
9032   --O                                                                       (2 = 8.7%) {65.2%}
10281  O                                                                         (0 = 0.0%) {73.9%}
11702  -----O                                                                    (5 = 21.7%) {73.9%}
13320  -O                                                                        (1 = 4.3%) {95.7%}
15161  ... 

Histogram: V8.RegExpBacktracks recorded 261 samples, mean = 1.7 (flags = 0x41)
0    ------O                                                                   (18 = 6.9%)
1    ------------------------------------------------------------------------O (229 = 87.7%) {6.9%}
2    --O                                                                       (5 = 1.9%) {94.6%}
3    -O                                                                        (4 = 1.5%) {96.6%}
4    -O                                                                        (3 = 1.1%) {98.1%}
6    O                                                                         (0 = 0.0%) {99.2%}
9    O                                                                         (1 = 0.4%) {99.2%}
13   ... 
127  O                                                                         (1 = 0.4%) {99.6%}
185  ... 

Histogram: V8.SandboxedCodePointersCount recorded 3 samples, mean = 1144.3 (flags = 0x41)
0     ... 
1136  ---O                                                                      (3 = 100.0%) {0.0%}
1321  ... 

Histogram: V8.SandboxedCppHeapPointersCount recorded 3 samples, mean = 8324.7 (flags = 0x41)
0     ... 
7152  --O                                                                       (2 = 66.7%) {0.0%}
8499  -O                                                                        (1 = 33.3%) {66.7%}
10100 ... 

Histogram: V8.SandboxedExternalPointersCount recorded 26 samples, mean = 1683.0 (flags = 0x41)
0      ---------O                                                                (9 = 34.6%)
1      -O                                                                        (1 = 3.8%) {34.6%}
2      -O                                                                        (1 = 3.8%) {38.5%}
3      O                                                                         (0 = 0.0%) {42.3%}
4      -O                                                                        (1 = 3.8%) {42.3%}
5      ... 
7      -O                                                                        (1 = 3.8%) {46.2%}
8      ... 
14     --O                                                                       (2 = 7.7%) {50.0%}
17     ... 
24     -O                                                                        (1 = 3.8%) {57.7%}
29     O                                                                         (0 = 0.0%) {61.5%}
34     -O                                                                        (1 = 3.8%) {61.5%}
40     -O                                                                        (1 = 3.8%) {65.4%}
48     ... 
96     -O                                                                        (1 = 3.8%) {69.2%}
114    ... 
758    --O                                                                       (2 = 7.7%) {73.1%}
901    -O                                                                        (1 = 3.8%) {80.8%}
1071   ... 
1798   -O                                                                        (1 = 3.8%) {84.6%}
2137   ... 
12002  ---O                                                                      (3 = 11.5%) {88.5%}
14263  ... 

Histogram: V8.SandboxedTrustedPointersCount recorded 3 samples, mean = 3956.7 (flags = 0x41)
0     ... 
3799  ---O                                                                      (3 = 100.0%) {0.0%}
4418  ... 

Histogram: V8.SnapshotDeserializeContextMicroSeconds recorded 6 samples, mean = 1085.2 (flags = 0x41)
0     ... 
149   -O                                                                        (1 = 16.7%) {0.0%}
196   ... 
448   ---O                                                                      (3 = 50.0%) {16.7%}
590   O                                                                         (0 = 0.0%) {66.7%}
777   -O                                                                        (1 = 16.7%) {66.7%}
1023  ... 
3077  -O                                                                        (1 = 16.7%) {83.3%}
4053  ... 

Histogram: V8.TurboFan1KTicks recorded 32 samples, mean = 15.3 (flags = 0x41)
0    O                                                                         (0 = 0.0%)
1    ------O                                                                   (6 = 18.8%) {0.0%}
2    -O                                                                        (1 = 3.1%) {18.8%}
3    --O                                                                       (2 = 6.2%) {21.9%}
4    ---O                                                                      (3 = 9.4%) {28.1%}
5    ----O                                                                     (4 = 12.5%) {37.5%}
6    -O                                                                        (1 = 3.1%) {50.0%}
7    -O                                                                        (1 = 3.1%) {53.1%}
8    O                                                                         (0 = 0.0%) {56.2%}
9    --O                                                                       (2 = 6.2%) {56.2%}
10   -O                                                                        (1 = 3.1%) {62.5%}
11   ... 
13   -O                                                                        (1 = 3.1%) {65.6%}
14   -O                                                                        (1 = 3.1%) {68.8%}
15   ----O                                                                     (4 = 12.5%) {71.9%}
16   ... 
22   -O                                                                        (1 = 3.1%) {84.4%}
23   ... 
39   -O                                                                        (1 = 3.1%) {87.5%}
41   ... 
45   -O                                                                        (1 = 3.1%) {90.6%}
47   ... 
92   -O                                                                        (1 = 3.1%) {93.8%}
97   ... 
112  -O                                                                        (1 = 3.1%) {96.9%}
117  ... 

Histogram: V8.TurboFanOptimizeConcurrentTotalTime recorded 29 samples, mean = 18523.9 (flags = 0x41)
0       ... 
391     --O                                                                       (2 = 6.9%) {0.0%}
542     ---O                                                                      (3 = 10.3%) {6.9%}
752     ---O                                                                      (3 = 10.3%) {17.2%}
1043    -----O                                                                    (5 = 17.2%) {27.6%}
1447    -----O                                                                    (5 = 17.2%) {44.8%}
2008    --O                                                                       (2 = 6.9%) {62.1%}
2786    --O                                                                       (2 = 6.9%) {69.0%}
3865    -O                                                                        (1 = 3.4%) {75.9%}
5362    -O                                                                        (1 = 3.4%) {79.3%}
7439    -O                                                                        (1 = 3.4%) {82.8%}
10321   O                                                                         (0 = 0.0%) {86.2%}
14319   -O                                                                        (1 = 3.4%) {86.2%}
19866   O                                                                         (0 = 0.0%) {89.7%}
27562   -O                                                                        (1 = 3.4%) {89.7%}
38240   ... 
196583  --O                                                                       (2 = 6.9%) {93.1%}
272741  ... 

Histogram: V8.TurboFanOptimizeExecute recorded 29 samples, mean = 8535.7 (flags = 0x41)
0       ... 
149     -O                                                                        (1 = 3.4%) {0.0%}
196     -O                                                                        (1 = 3.4%) {3.4%}
258     --O                                                                       (2 = 6.9%) {6.9%}
340     ---O                                                                      (3 = 10.3%) {13.8%}
448     ------O                                                                   (6 = 20.7%) {24.1%}
590     O                                                                         (0 = 0.0%) {44.8%}
777     ---O                                                                      (3 = 10.3%) {44.8%}
1023    --O                                                                       (2 = 6.9%) {55.2%}
1347    ---O                                                                      (3 = 10.3%) {62.1%}
1774    --O                                                                       (2 = 6.9%) {72.4%}
2336    -O                                                                        (1 = 3.4%) {79.3%}
3077    O                                                                         (0 = 0.0%) {82.8%}
4053    -O                                                                        (1 = 3.4%) {82.8%}
5338    O                                                                         (0 = 0.0%) {86.2%}
7031    -O                                                                        (1 = 3.4%) {86.2%}
9260    O                                                                         (0 = 0.0%) {89.7%}
12196   --O                                                                       (2 = 6.9%) {89.7%}
16063   ... 
145450  -O                                                                        (1 = 3.4%) {96.6%}
191569  ... 

Histogram: V8.TurboFanOptimizeFinalize recorded 29 samples, mean = 13.8 (flags = 0x41)
0   ... 
3   -O                                                                        (1 = 3.4%) {0.0%}
4   --O                                                                       (2 = 6.9%) {3.4%}
5   ---O                                                                      (3 = 10.3%) {10.3%}
7   ------O                                                                   (6 = 20.7%) {20.7%}
9   ------O                                                                   (6 = 20.7%) {41.4%}
12  ---O                                                                      (3 = 10.3%) {62.1%}
16  --O                                                                       (2 = 6.9%) {72.4%}
21  --O                                                                       (2 = 6.9%) {79.3%}
28  ---O                                                                      (3 = 10.3%) {86.2%}
37  O                                                                         (0 = 0.0%) {96.6%}
49  -O                                                                        (1 = 3.4%) {96.6%}
65  ... 

Histogram: V8.TurboFanOptimizeForOnStackReplacementExecute recorded 3 samples, mean = 7202.7 (flags = 0x41)
0      ... 
1347   -O                                                                        (1 = 33.3%) {0.0%}
1774   ... 
5338   -O                                                                        (1 = 33.3%) {33.3%}
7031   ... 
12196  -O                                                                        (1 = 33.3%) {66.7%}
16063  ... 

Histogram: V8.TurboFanOptimizeForOnStackReplacementFinalize recorded 3 samples, mean = 36.7 (flags = 0x41)
0   ... 
16  -O                                                                        (1 = 33.3%) {0.0%}
21  -O                                                                        (1 = 33.3%) {33.3%}
28  ... 
65  -O                                                                        (1 = 33.3%) {66.7%}
86  ... 

Histogram: V8.TurboFanOptimizeForOnStackReplacementPrepare recorded 3 samples, mean = 7.3 (flags = 0x41)
0  ... 
4  -O                                                                        (1 = 33.3%) {0.0%}
5  O                                                                         (0 = 0.0%) {33.3%}
7  -O                                                                        (1 = 33.3%) {33.3%}
9  -O                                                                        (1 = 33.3%) {66.7%}
12 ... 

Histogram: V8.TurboFanOptimizeForOnStackReplacementTotalTime recorded 3 samples, mean = 10466.7 (flags = 0x41)
0      ... 
1447   -O                                                                        (1 = 33.3%) {0.0%}
2008   ... 
10321  -O                                                                        (1 = 33.3%) {33.3%}
14319  -O                                                                        (1 = 33.3%) {66.7%}
19866  ... 

Histogram: V8.TurboFanOptimizePrepare recorded 29 samples, mean = 4.7 (flags = 0x41)
0  O                                                                         (0 = 0.0%)
1  --O                                                                       (2 = 6.9%) {0.0%}
2  ------O                                                                   (6 = 20.7%) {6.9%}
3  ---O                                                                      (3 = 10.3%) {27.6%}
4  ------O                                                                   (6 = 20.7%) {37.9%}
5  -----O                                                                    (5 = 17.2%) {58.6%}
7  ---O                                                                      (3 = 10.3%) {75.9%}
9  ----O                                                                     (4 = 13.8%) {86.2%}
12 ... 

Histogram: V8.TurboFanOptimizeTotalBackground recorded 29 samples, mean = 8535.7 (flags = 0x41)
0       ... 
146     -O                                                                        (1 = 3.4%) {0.0%}
203     --O                                                                       (2 = 6.9%) {3.4%}
282     ----O                                                                     (4 = 13.8%) {10.3%}
391     -----O                                                                    (5 = 17.2%) {24.1%}
542     -O                                                                        (1 = 3.4%) {41.4%}
752     -----O                                                                    (5 = 17.2%) {44.8%}
1043    --O                                                                       (2 = 6.9%) {62.1%}
1447    -O                                                                        (1 = 3.4%) {69.0%}
2008    ---O                                                                      (3 = 10.3%) {72.4%}
2786    O                                                                         (0 = 0.0%) {82.8%}
3865    -O                                                                        (1 = 3.4%) {82.8%}
5362    O                                                                         (0 = 0.0%) {86.2%}
7439    -O                                                                        (1 = 3.4%) {86.2%}
10321   O                                                                         (0 = 0.0%) {89.7%}
14319   --O                                                                       (2 = 6.9%) {89.7%}
19866   ... 
141691  -O                                                                        (1 = 3.4%) {96.6%}
196583  ... 

Histogram: V8.TurboFanOptimizeTotalForeground recorded 29 samples, mean = 18.4 (flags = 0x41)
0   ... 
4   --O                                                                       (2 = 6.9%) {0.0%}
6   -O                                                                        (1 = 3.4%) {6.9%}
8   ----O                                                                     (4 = 13.8%) {10.3%}
11  ---------O                                                                (9 = 31.0%) {24.1%}
15  -----O                                                                    (5 = 17.2%) {55.2%}
21  ---O                                                                      (3 = 10.3%) {72.4%}
29  ----O                                                                     (4 = 13.8%) {82.8%}
40  O                                                                         (0 = 0.0%) {96.6%}
55  -O                                                                        (1 = 3.4%) {96.6%}
76  ... 

Histogram: V8.TurboFanOptimizeTotalTime recorded 29 samples, mean = 18523.9 (flags = 0x41)
0       ... 
391     --O                                                                       (2 = 6.9%) {0.0%}
542     ---O                                                                      (3 = 10.3%) {6.9%}
752     ---O                                                                      (3 = 10.3%) {17.2%}
1043    -----O                                                                    (5 = 17.2%) {27.6%}
1447    -----O                                                                    (5 = 17.2%) {44.8%}
2008    --O                                                                       (2 = 6.9%) {62.1%}
2786    --O                                                                       (2 = 6.9%) {69.0%}
3865    -O                                                                        (1 = 3.4%) {75.9%}
5362    -O                                                                        (1 = 3.4%) {79.3%}
7439    -O                                                                        (1 = 3.4%) {82.8%}
10321   O                                                                         (0 = 0.0%) {86.2%}
14319   -O                                                                        (1 = 3.4%) {86.2%}
19866   O                                                                         (0 = 0.0%) {89.7%}
27562   -O                                                                        (1 = 3.4%) {89.7%}
38240   ... 
196583  --O                                                                       (2 = 6.9%) {93.1%}
272741  ... 

Histogram: Variations.ExtendedSafeMode.BeaconFileStateAtStartup recorded 1 samples, mean = 0.0 (flags = 0x41)
0  -O                                                                        (1 = 100.0%)
1  ... 

Histogram: Variations.ExtendedSafeMode.BeaconFileWrite recorded 2 samples, mean = 1.0 (flags = 0x41)
0  O                                                                         (0 = 0.0%)
1  --O                                                                       (2 = 100.0%) {0.0%}
2  O                                                                         (0 = 0.0%) {100.0%}

Histogram: Variations.ForcedFieldTrialsAtStartupForInternalsPage recorded 1 samples, mean = 0.0 (flags = 0x41)
0  -O                                                                        (1 = 100.0%)
1  ... 

Histogram: Variations.Headers.ExperimentCount recorded 92 samples, mean = 1.0 (flags = 0x41)
0  O                                                                         (0 = 0.0%)
1  ------------------------------------------------------------------------O (92 = 100.0%) {0.0%}
2  ... 

Histogram: Variations.Headers.HasLowEntropySourceValue recorded 92 samples, mean = 1.0 (flags = 0x41)
0  O                                                                         (0 = 0.0%)
1  ------------------------------------------------------------------------O (92 = 100.0%) {0.0%}
2  O                                                                         (0 = 0.0%) {100.0%}

Histogram: Variations.Headers.RequestContextCategory recorded 158 samples, mean = 1.2 (flags = 0x41)
0  ------------------------------------------------------------------------O (112 = 70.9%)
1  ... 
4  ------------------------------O                                           (46 = 29.1%) {70.9%}
5  ... 

Histogram: Variations.Headers.URLValidationResult.Append recorded 158 samples, mean = 2.7 (flags = 0x41)
0  ... 
2  ------------------------------O                                           (47 = 29.7%) {0.0%}
3  ------------------------------------------------------------------------O (111 = 70.3%) {29.7%}
4  ... 

Histogram: Variations.Headers.URLValidationResult.Remove recorded 3 samples, mean = 2.0 (flags = 0x41)
0  ... 
2  ---O                                                                      (3 = 100.0%) {0.0%}
3  ... 

Histogram: Variations.Limits.VariationKeySize.Default recorded 23 samples, mean = 0.0 (flags = 0x41)
0  -----------------------O                                                  (23 = 100.0%)
1  ... 

Histogram: Variations.LoadPermanentConsistencyCountryResult recorded 1 samples, mean = 0.0 (flags = 0x41)
0  -O                                                                        (1 = 100.0%)
1  ... 

Histogram: Variations.PolicyRestriction recorded 1 samples, mean = 0.0 (flags = 0x41)
0  -O                                                                        (1 = 100.0%)
1  ... 

Histogram: Variations.SafeMode.Streak.Crashes recorded 1 samples (flags = 0x41)
2  -O                                                                        (1 = 100.0%)

Histogram: Variations.SafeMode.Streak.FetchFailures recorded 1 samples (flags = 0x41)
0  -O                                                                        (1 = 100.0%)

Histogram: Variations.SeedLoadResult recorded 1 samples, mean = 1.0 (flags = 0x41)
0  O                                                                         (0 = 0.0%)
1  -O                                                                        (1 = 100.0%) {0.0%}
2  ... 

Histogram: Variations.SeedUsage recorded 1 samples, mean = 2.0 (flags = 0x41)
0  ... 
2  -O                                                                        (1 = 100.0%) {0.0%}
3  ... 

Histogram: Variations.UserChannel recorded 1 samples (flags = 0x41)
-1 -O                                                                        (1 = 100.0%)

Histogram: Views.Browser.NumColorProvidersInitializedDuringOnNativeThemeUpdated recorded 3 samples, mean = 0.0 (flags = 0x41)
0  ---O                                                                      (3 = 100.0%)
1  ... 

Histogram: Views.Browser.TimeSpentInitializingColorProvider recorded 3 samples, mean = 2.0 (flags = 0x41)
0  --O                                                                       (2 = 66.7%)
1  ... 
6  -O                                                                        (1 = 33.3%) {66.7%}
7  ... 

Histogram: Views.Browser.TimeSpentProcessingOnNativeThemeUpdatedEvent recorded 3 samples, mean = 0.3 (flags = 0x41)
0  --O                                                                       (2 = 66.7%)
1  -O                                                                        (1 = 33.3%) {66.7%}
2  ... 

Histogram: Views.ColorProviderCacheSize recorded 3 samples, mean = 2.0 (flags = 0x41)
0  O                                                                         (0 = 0.0%)
1  -O                                                                        (1 = 33.3%) {0.0%}
2  -O                                                                        (1 = 33.3%) {33.3%}
3  -O                                                                        (1 = 33.3%) {66.7%}
4  ... 

Histogram: Viz.FrameSink.GpuBusyDuration recorded 2 samples, mean = 62774.5 (flags = 0x41)
0      ... 
25136  -O                                                                        (1 = 50.0%) {0.0%}
29117  ... 
94399  -O                                                                        (1 = 50.0%) {50.0%}
109350 ... 

Histogram: Viz.FrameSinkVideoCapturer.CaptureDuration recorded 4 samples, mean = 15.8 (flags = 0x41)
0   O                                                                         (0 = 0.0%)
1   --O                                                                       (2 = 50.0%) {0.0%}
2   -O                                                                        (1 = 25.0%) {50.0%}
3   ... 
53  -O                                                                        (1 = 25.0%) {75.0%}
60  ... 

Histogram: Viz.FrameSinkVideoCapturer.CaptureSucceeded recorded 4 samples, mean = 1.0 (flags = 0x41)
0  O                                                                         (0 = 0.0%)
1  ----O                                                                     (4 = 100.0%) {0.0%}
2  O                                                                         (0 = 0.0%) {100.0%}

Histogram: Viz.FrameSinkVideoCapturer.FrameResurrected recorded 4 samples, mean = 0.0 (flags = 0x41)
0  ----O                                                                     (4 = 100.0%)
1  ... 

Histogram: Viz.FrameSinkVideoCapturer.RGBA.CaptureDuration recorded 4 samples, mean = 15.8 (flags = 0x41)
0   O                                                                         (0 = 0.0%)
1   --O                                                                       (2 = 50.0%) {0.0%}
2   -O                                                                        (1 = 25.0%) {50.0%}
3   ... 
53  -O                                                                        (1 = 25.0%) {75.0%}
60  ... 

Histogram: Viz.FrameSinkVideoCapturer.RGBA.CaptureSucceeded recorded 4 samples, mean = 1.0 (flags = 0x41)
0  O                                                                         (0 = 0.0%)
1  ----O                                                                     (4 = 100.0%) {0.0%}
2  O                                                                         (0 = 0.0%) {100.0%}

Histogram: Viz.FrameSinkVideoCapturer.ReserveFrameDuration recorded 4 samples, mean = 7.8 (flags = 0x41)
0   ---O                                                                      (3 = 75.0%)
1   ... 
30  -O                                                                        (1 = 25.0%) {75.0%}
33  ... 

Histogram: Viz.FrameSinkVideoCapturer.TotalDuration recorded 4 samples, mean = 15.8 (flags = 0x41)
0   O                                                                         (0 = 0.0%)
1   --O                                                                       (2 = 50.0%) {0.0%}
2   -O                                                                        (1 = 25.0%) {50.0%}
3   ... 
53  -O                                                                        (1 = 25.0%) {75.0%}
60  ... 

Histogram: WebApp.DiyAppsInstalledCount.ByUser recorded 1 samples, mean = 0.0 (flags = 0x41)
0  -O                                                                        (1 = 100.0%)
1  ... 

Histogram: WebApp.GeneratedIconFix.StartUpAttemptCount recorded 1 samples, mean = 0.0 (flags = 0x41)
0  -O                                                                        (1 = 100.0%)
1  ... 

Histogram: WebApp.Icon.AppsWithEmptyDownloadedIconSizes recorded 1 samples, mean = 0.0 (flags = 0x41)
0  -O                                                                        (1 = 100.0%)
1  ... 

Histogram: WebApp.Icon.AppsWithEmptyIconBitmap recorded 1 samples, mean = 0.0 (flags = 0x41)
0  -O                                                                        (1 = 100.0%)
1  ... 

Histogram: WebApp.Icon.AppsWithEmptyIconFile recorded 1 samples, mean = 0.0 (flags = 0x41)
0  -O                                                                        (1 = 100.0%)
1  ... 

Histogram: WebApp.Icon.AppsWithGeneratedIconBitmap recorded 1 samples, mean = 0.0 (flags = 0x41)
0  -O                                                                        (1 = 100.0%)
1  ... 

Histogram: WebApp.Icon.AppsWithGeneratedIconFlag recorded 1 samples, mean = 0.0 (flags = 0x41)
0  -O                                                                        (1 = 100.0%)
1  ... 

Histogram: WebApp.Icon.AppsWithGeneratedIconFlagFalseNegative recorded 1 samples, mean = 0.0 (flags = 0x41)
0  -O                                                                        (1 = 100.0%)
1  ... 

Histogram: WebApp.Icon.AppsWithMissingIconFile recorded 1 samples, mean = 0.0 (flags = 0x41)
0  -O                                                                        (1 = 100.0%)
1  ... 

Histogram: WebApp.InstalledCount.ByUser recorded 1 samples, mean = 0.0 (flags = 0x41)
0  -O                                                                        (1 = 100.0%)
1  ... 

Histogram: WebApp.InstalledCount.ByUserNotLocallyInstalled recorded 1 samples, mean = 0.0 (flags = 0x41)
0  -O                                                                        (1 = 100.0%)
1  ... 

Histogram: WebApp.Preinstalled.AppToReplaceStillDefaultInstalledCount recorded 1 samples, mean = 0.0 (flags = 0x41)
0  -O                                                                        (1 = 100.0%)
1  ... 

Histogram: WebApp.Preinstalled.AppToReplaceStillInstalledCount recorded 1 samples, mean = 0.0 (flags = 0x41)
0  -O                                                                        (1 = 100.0%)
1  ... 

Histogram: WebApp.Preinstalled.AppToReplaceStillInstalledInShelfCount recorded 1 samples, mean = 0.0 (flags = 0x41)
0  -O                                                                        (1 = 100.0%)
1  ... 

Histogram: WebApp.Preinstalled.ConfigErrorCount recorded 1 samples, mean = 0.0 (flags = 0x41)
0  -O                                                                        (1 = 100.0%)
1  ... 

Histogram: WebApp.Preinstalled.CorruptUserUninstallPrefsCount recorded 1 samples, mean = 0.0 (flags = 0x41)
0  -O                                                                        (1 = 100.0%)
1  ... 

Histogram: WebApp.Preinstalled.DisabledCount recorded 1 samples, mean = 0.0 (flags = 0x41)
0  -O                                                                        (1 = 100.0%)
1  ... 

Histogram: WebApp.Preinstalled.EnabledCount recorded 1 samples, mean = 0.0 (flags = 0x41)
0  -O                                                                        (1 = 100.0%)
1  ... 

Histogram: WebApp.Preinstalled.InstallCount recorded 1 samples, mean = 0.0 (flags = 0x41)
0  -O                                                                        (1 = 100.0%)
1  ... 

Histogram: WebApp.Preinstalled.UninstallAndReplaceCount recorded 1 samples, mean = 0.0 (flags = 0x41)
0  -O                                                                        (1 = 100.0%)
1  ... 

Histogram: WebApp.Preinstalled.UninstallAppRemovedCount recorded 1 samples, mean = 0.0 (flags = 0x41)
0  -O                                                                        (1 = 100.0%)
1  ... 

Histogram: WebApp.Preinstalled.UninstallSourceRemovedCount recorded 1 samples, mean = 0.0 (flags = 0x41)
0  -O                                                                        (1 = 100.0%)
1  ... 

Histogram: WebApp.Preinstalled.UninstallTotalCount recorded 1 samples, mean = 0.0 (flags = 0x41)
0  -O                                                                        (1 = 100.0%)
1  ... 

Histogram: WebApp.Uninstall.NonSyncIncompleteCount recorded 1 samples, mean = 0.0 (flags = 0x41)
0  -O                                                                        (1 = 100.0%)
1  ... 

Histogram: WebAuthentication.Windows.KeyCredentialManagerSupported recorded 1 samples, mean = 0.0 (flags = 0x41)
0  -O                                                                        (1 = 100.0%)
1  ... 

Histogram: WebContentsObserver.DOMContentLoaded recorded 3 samples, mean = 0.0 (flags = 0x41)
0  ---O                                                                      (3 = 100.0%)
1  ... 

Histogram: WebContentsObserver.DidChangeVisibleSecurityState recorded 2 samples, mean = 0.0 (flags = 0x41)
0  --O                                                                       (2 = 100.0%)
1  ... 

Histogram: WebContentsObserver.DidFinishLoad recorded 3 samples, mean = 0.0 (flags = 0x41)
0  ---O                                                                      (3 = 100.0%)
1  ... 

Histogram: WebContentsObserver.DidFinishNavigation recorded 5 samples, mean = 4.2 (flags = 0x41)
0   ---O                                                                      (3 = 60.0%)
1   ... 
6   -O                                                                        (1 = 20.0%) {60.0%}
7   ... 
14  -O                                                                        (1 = 20.0%) {80.0%}
17  ... 

Histogram: WebContentsObserver.DidFirstVisuallyNonEmptyPaint recorded 1 samples, mean = 0.0 (flags = 0x41)
0  -O                                                                        (1 = 100.0%)
1  ... 

Histogram: WebContentsObserver.DidRedirectNavigation recorded 1 samples, mean = 0.0 (flags = 0x41)
0  -O                                                                        (1 = 100.0%)
1  ... 

Histogram: WebContentsObserver.DidStartLoading recorded 2 samples, mean = 1.0 (flags = 0x41)
0  -O                                                                        (1 = 50.0%)
1  O                                                                         (0 = 0.0%) {50.0%}
2  -O                                                                        (1 = 50.0%) {50.0%}
3  ... 

Histogram: WebContentsObserver.DidStartNavigation recorded 5 samples, mean = 1.4 (flags = 0x41)
0  ----O                                                                     (4 = 80.0%)
1  ... 
7  -O                                                                        (1 = 20.0%) {80.0%}
8  ... 

Histogram: WebContentsObserver.DidStartNavigation.MainFrame recorded 3 samples, mean = 2.3 (flags = 0x41)
0  --O                                                                       (2 = 66.7%)
1  ... 
7  -O                                                                        (1 = 33.3%) {66.7%}
8  ... 

Histogram: WebContentsObserver.DidStartNavigation.Subframe recorded 2 samples, mean = 0.0 (flags = 0x41)
0  --O                                                                       (2 = 100.0%)
1  ... 

Histogram: WebContentsObserver.DidStopLoading recorded 2 samples, mean = 0.0 (flags = 0x41)
0  --O                                                                       (2 = 100.0%)
1  ... 

Histogram: WebContentsObserver.DidUpdateNavigationHandleTiming recorded 5 samples, mean = 0.0 (flags = 0x41)
0  -----O                                                                    (5 = 100.0%)
1  ... 

Histogram: WebContentsObserver.LoadProgressChanged recorded 9 samples, mean = 0.1 (flags = 0x41)
0  --------O                                                                 (8 = 88.9%)
1  -O                                                                        (1 = 11.1%) {88.9%}
2  ... 

Histogram: WebContentsObserver.NavigationEntryChanged recorded 3 samples, mean = 0.0 (flags = 0x41)
0  ---O                                                                      (3 = 100.0%)
1  ... 

Histogram: WebContentsObserver.NavigationEntryCommitted recorded 2 samples, mean = 0.0 (flags = 0x41)
0  --O                                                                       (2 = 100.0%)
1  ... 

Histogram: WebContentsObserver.PrimaryMainDocumentElementAvailable recorded 1 samples, mean = 0.0 (flags = 0x41)
0  -O                                                                        (1 = 100.0%)
1  ... 

Histogram: WebContentsObserver.RenderFrameCreated recorded 4 samples, mean = 1.5 (flags = 0x41)
0  ---O                                                                      (3 = 75.0%)
1  ... 
6  -O                                                                        (1 = 25.0%) {75.0%}
7  ... 

Histogram: WebContentsObserver.RenderFrameDeleted recorded 4 samples, mean = 0.2 (flags = 0x41)
0  ---O                                                                      (3 = 75.0%)
1  -O                                                                        (1 = 25.0%) {75.0%}
2  ... 

Histogram: WebContentsObserver.RenderViewReady recorded 2 samples, mean = 0.0 (flags = 0x41)
0  --O                                                                       (2 = 100.0%)
1  ... 

Histogram: WebContentsObserver.TitleWasSet recorded 1 samples, mean = 0.0 (flags = 0x41)
0  -O                                                                        (1 = 100.0%)
1  ... 

Histogram: WebCore.Scripts.Async.NotStreamingReason recorded 20 samples, mean = 9.0 (flags = 0x41)
0  ... 
9  --------------------O                                                     (20 = 100.0%) {0.0%}
10 ... 

Histogram: WebCore.Scripts.Async.StartedStreaming recorded 26 samples, mean = 0.2 (flags = 0x41)
0  --------------------O                                                     (20 = 76.9%)
1  ------O                                                                   (6 = 23.1%) {76.9%}
2  O                                                                         (0 = 0.0%) {100.0%}

Histogram: WebCore.Scripts.Other.NotStreamingReason recorded 18 samples, mean = 11.0 (flags = 0x41)
0   ... 
11  ------------------O                                                       (18 = 100.0%) {0.0%}
12  ... 

Histogram: WebCore.Scripts.Other.StartedStreaming recorded 18 samples, mean = 0.0 (flags = 0x41)
0  ------------------O                                                       (18 = 100.0%)
1  ... 

Histogram: WebCore.Scripts.V8CodeCacheMetadata.Get recorded 49 samples, mean = 4.1 (flags = 0x41)
0  ---------O                                                                (9 = 18.4%)
1  ... 
5  ----------------------------------------O                                 (40 = 81.6%) {18.4%}
6  O                                                                         (0 = 0.0%) {100.0%}

Histogram: WebCore.Scripts.V8CodeCacheMetadata.Set recorded 3 samples, mean = 0.0 (flags = 0x41)
0  ---O                                                                      (3 = 100.0%)
1  ... 

Histogram: WebCore.Scripts.V8CompileHintsStatus recorded 46 samples, mean = 8.7 (flags = 0x41)
0   ... 
6   --------------------O                                                     (20 = 43.5%) {0.0%}
7   ... 
10  ------O                                                                   (6 = 13.0%) {43.5%}
11  --------------------O                                                     (20 = 43.5%) {56.5%}
12  ... 

Histogram: WebCore.Scripts.V8CrowdsourcedCompileHints.ModelQuality recorded 1 samples, mean = 0.0 (flags = 0x41)
0  -O                                                                        (1 = 100.0%)
1  ... 

Histogram: WebDatabase.InitResult recorded 2 samples, mean = 0.0 (flags = 0x41)
0  --O                                                                       (2 = 100.0%)
1  ... 

Histogram: WebFont.CacheHit recorded 5 samples, mean = 1.4 (flags = 0x41)
0  O                                                                         (0 = 0.0%)
1  ----O                                                                     (4 = 80.0%) {0.0%}
2  O                                                                         (0 = 0.0%) {80.0%}
3  -O                                                                        (1 = 20.0%) {80.0%}
4  O                                                                         (0 = 0.0%) {100.0%}

Histogram: WebFont.Clients.RenderBlockingFonts.ExpiredFonts recorded 1 samples, mean = 1.0 (flags = 0x41)
0  O                                                                         (0 = 0.0%)
1  -O                                                                        (1 = 100.0%) {0.0%}
2  O                                                                         (0 = 0.0%) {100.0%}

Histogram: WebFont.HadBlankText recorded 1 samples, mean = 0.0 (flags = 0x41)
0  -O                                                                        (1 = 100.0%)
1  ... 

Histogram: WebFont.LocalFontUsed recorded 1 samples, mean = 1.0 (flags = 0x41)
0  O                                                                         (0 = 0.0%)
1  -O                                                                        (1 = 100.0%) {0.0%}
2  O                                                                         (0 = 0.0%) {100.0%}

Histogram: Windows.AcLayersLoaded recorded 1 samples, mean = 0.0 (flags = 0x41)
0  -O                                                                        (1 = 100.0%)
1  ... 

Histogram: Windows.CetAvailable recorded 1 samples, mean = 1.0 (flags = 0x41)
0  O                                                                         (0 = 0.0%)
1  -O                                                                        (1 = 100.0%) {0.0%}
2  O                                                                         (0 = 0.0%) {100.0%}

Histogram: Windows.CetEnabled recorded 1 samples, mean = 0.0 (flags = 0x41)
0  -O                                                                        (1 = 100.0%)
1  ... 

Histogram: Windows.DisplayIdFromDeviceId recorded 262 samples, mean = 3.0 (flags = 0x41)
0  ... 
3  ------------------------------------------------------------------------O (262 = 100.0%) {0.0%}
4  O                                                                         (0 = 0.0%) {100.0%}

Histogram: Windows.DisplayIdFromDeviceKey recorded 262 samples, mean = 3.0 (flags = 0x41)
0  ... 
3  ------------------------------------------------------------------------O (262 = 100.0%) {0.0%}
4  O                                                                         (0 = 0.0%) {100.0%}

Histogram: Windows.Enclave.SGX.Available recorded 1 samples, mean = 0.0 (flags = 0x41)
0  -O                                                                        (1 = 100.0%)
1  ... 

Histogram: Windows.Enclave.SGX2.Available recorded 1 samples, mean = 0.0 (flags = 0x41)
0  -O                                                                        (1 = 100.0%)
1  ... 

Histogram: Windows.Enclave.VBS.Available recorded 1 samples, mean = 1.0 (flags = 0x41)
0  O                                                                         (0 = 0.0%)
1  -O                                                                        (1 = 100.0%) {0.0%}
2  O                                                                         (0 = 0.0%) {100.0%}

Histogram: Windows.Enclave.VBSBasic.Available recorded 1 samples, mean = 0.0 (flags = 0x41)
0  -O                                                                        (1 = 100.0%)
1  ... 

Histogram: Windows.HasHighResolutionTimeTicks recorded 1 samples, mean = 1.0 (flags = 0x41)
0  O                                                                         (0 = 0.0%)
1  -O                                                                        (1 = 100.0%) {0.0%}
2  O                                                                         (0 = 0.0%) {100.0%}

Histogram: Windows.HasThreadTicks recorded 1 samples, mean = 1.0 (flags = 0x41)
0  O                                                                         (0 = 0.0%)
1  -O                                                                        (1 = 100.0%) {0.0%}
2  O                                                                         (0 = 0.0%) {100.0%}

Histogram: Windows.HighResolutionTimerUsage recorded 180 samples, mean = 0.0 (flags = 0x41)
0  ------------------------------------------------------------------------O (179 = 99.4%)
1  O                                                                         (1 = 0.6%) {99.4%}
2  ... 

Histogram: Windows.HypervPresent recorded 1 samples, mean = 1.0 (flags = 0x41)
0  O                                                                         (0 = 0.0%)
1  -O                                                                        (1 = 100.0%) {0.0%}
2  O                                                                         (0 = 0.0%) {100.0%}

Histogram: Windows.LegacyDisplayIdAlgorithm recorded 526 samples, mean = 0.0 (flags = 0x41)
0  ------------------------------------------------------------------------O (526 = 100.0%)
1  ... 

Histogram: Windows.ParallelDllLoadingEnabled recorded 1 samples, mean = 1.0 (flags = 0x41)
0  O                                                                         (0 = 0.0%)
1  -O                                                                        (1 = 100.0%) {0.0%}
2  O                                                                         (0 = 0.0%) {100.0%}

Histogram: Windows.PatchLevel recorded 1 samples (flags = 0x41)
1717052075  -O                                                                        (1 = 100.0%)

Histogram: Windows.PatchLevelKernel32 recorded 1 samples (flags = 0x41)
1710498475  -O                                                                        (1 = 100.0%)

Histogram: Windows.ProcessorFamily recorded 1 samples (flags = 0x41)
198  -O                                                                        (1 = 100.0%)

Histogram: Windows.ProcessorVirtualizationFirmwareEnabled recorded 1 samples, mean = 0.0 (flags = 0x41)
0  -O                                                                        (1 = 100.0%)
1  ... 


