[14404:8864:0518/154215.213:WARNING:chrome_main_delegate.cc(745)] This is Chrome version 128.0.6613.138 (not a warning)
[14404:11624:0518/154216.373:ERROR:google_update_settings.cc(265)] Failed opening key Software\Chromium to set usagestats; result: 5
[14404:8864:0518/154216.796:WARNING:account_consistency_mode_manager.cc(77)] Desktop Identity Consistency cannot be enabled as no OAuth client ID and client secret have been configured.
[19548:19552:0518/154233.411:WARNING:frame_impl.cc(430)] virtual CefFrameImpl::SendProcessMessage sent to detached frame 5-EE8639B10A5257A1855463296AD72377 will be ignored
[14404:17380:0518/154234.739:ERROR:cast_crl.cc(443)] CRL - Verification failed.
[14404:8864:0518/154235.727:ERROR:device_event_log_impl.cc(196)] [15:42:35.397] USB: usb_service_win.cc:105 SetupDiGetDeviceProperty({{A45C254E-DF1C-4EFD-8020-67D146A850E0}, 6}) failed: Element not found. (0x490)
[19040:16044:0518/154528.094:VERBOSE1:network_delegate.cc(36)] NetworkDelegate::NotifyBeforeURLRequest: https://optimizationguide-pa.googleapis.com/v1:GetModels?key=dummytoken
[19040:16044:0518/154528.122:VERBOSE1:tls_handshaker.cc(105)] TlsClient: Continuing handshake
[19040:16044:0518/154528.123:VERBOSE1:tls_handshaker.cc(126)] TlsClient: SSL_do_handshake returned when entering early data. After retry, rv=-1, SSL_in_early_data=1
[19040:16044:0518/154528.236:VERBOSE1:tls_handshaker.cc(105)] TlsClient: Continuing handshake
[19040:16044:0518/154528.236:VERBOSE1:tls_handshaker.cc(105)] TlsClient: Continuing handshake
[19040:16044:0518/154528.236:VERBOSE1:tls_client_handshaker.cc(528)] Client: handshake finished
[19040:16044:0518/154803.137:VERBOSE1:network_delegate.cc(36)] NetworkDelegate::NotifyBeforeURLRequest: https://optimizationguide-pa.googleapis.com/v1:GetModels?key=dummytoken
[19040:16044:0518/154803.159:VERBOSE1:tls_handshaker.cc(105)] TlsClient: Continuing handshake
[19040:16044:0518/154803.160:VERBOSE1:tls_handshaker.cc(126)] TlsClient: SSL_do_handshake returned when entering early data. After retry, rv=-1, SSL_in_early_data=1
[19040:16044:0518/154803.264:VERBOSE1:tls_handshaker.cc(105)] TlsClient: Continuing handshake
[19040:16044:0518/154803.264:VERBOSE1:tls_handshaker.cc(105)] TlsClient: Continuing handshake
[19040:16044:0518/154803.264:VERBOSE1:tls_client_handshaker.cc(528)] Client: handshake finished
[19040:16044:0518/155034.177:VERBOSE1:network_delegate.cc(36)] NetworkDelegate::NotifyBeforeURLRequest: https://optimizationguide-pa.googleapis.com/v1:GetModels?key=dummytoken
[19040:16044:0518/155034.202:VERBOSE1:tls_handshaker.cc(105)] TlsClient: Continuing handshake
[19040:16044:0518/155034.202:VERBOSE1:tls_handshaker.cc(126)] TlsClient: SSL_do_handshake returned when entering early data. After retry, rv=-1, SSL_in_early_data=1
[19040:16044:0518/155034.303:VERBOSE1:tls_handshaker.cc(105)] TlsClient: Continuing handshake
[19040:16044:0518/155034.303:VERBOSE1:tls_handshaker.cc(105)] TlsClient: Continuing handshake
[19040:16044:0518/155034.303:VERBOSE1:tls_client_handshaker.cc(528)] Client: handshake finished
[19040:16044:0518/155321.547:VERBOSE1:network_delegate.cc(36)] NetworkDelegate::NotifyBeforeURLRequest: https://optimizationguide-pa.googleapis.com/v1:GetModels?key=dummytoken
[19040:16044:0518/155321.547:VERBOSE1:tls_handshaker.cc(105)] TlsClient: Continuing handshake
[19040:16044:0518/155321.548:VERBOSE1:tls_handshaker.cc(126)] TlsClient: SSL_do_handshake returned when entering early data. After retry, rv=-1, SSL_in_early_data=1
[19040:16044:0518/155321.654:VERBOSE1:tls_handshaker.cc(105)] TlsClient: Continuing handshake
[19040:16044:0518/155321.654:VERBOSE1:tls_handshaker.cc(105)] TlsClient: Continuing handshake
[19040:16044:0518/155321.654:VERBOSE1:tls_client_handshaker.cc(528)] Client: handshake finished
[19040:16044:0518/155620.585:VERBOSE1:network_delegate.cc(36)] NetworkDelegate::NotifyBeforeURLRequest: https://optimizationguide-pa.googleapis.com/v1:GetModels?key=dummytoken
[19040:16044:0518/155620.607:VERBOSE1:tls_handshaker.cc(105)] TlsClient: Continuing handshake
[19040:16044:0518/155620.608:VERBOSE1:tls_handshaker.cc(126)] TlsClient: SSL_do_handshake returned when entering early data. After retry, rv=-1, SSL_in_early_data=1
[19040:16044:0518/155620.711:VERBOSE1:tls_handshaker.cc(105)] TlsClient: Continuing handshake
[19040:16044:0518/155620.711:VERBOSE1:tls_handshaker.cc(105)] TlsClient: Continuing handshake
[19040:16044:0518/155620.711:VERBOSE1:tls_client_handshaker.cc(528)] Client: handshake finished
[19040:16044:0518/155902.939:VERBOSE1:network_delegate.cc(36)] NetworkDelegate::NotifyBeforeURLRequest: https://optimizationguide-pa.googleapis.com/v1:GetModels?key=dummytoken
[19040:16044:0518/155902.963:VERBOSE1:tls_handshaker.cc(105)] TlsClient: Continuing handshake
[19040:16044:0518/155902.963:VERBOSE1:tls_handshaker.cc(126)] TlsClient: SSL_do_handshake returned when entering early data. After retry, rv=-1, SSL_in_early_data=1
[19040:16044:0518/155903.007:VERBOSE1:tls_handshaker.cc(105)] TlsClient: Continuing handshake
[19040:16044:0518/155903.015:VERBOSE1:tls_handshaker.cc(105)] TlsClient: Continuing handshake
[19040:16044:0518/155903.015:VERBOSE1:tls_client_handshaker.cc(625)] 0-RTT handshake attempted but was rejected by the server
[19040:16044:0518/155903.015:VERBOSE1:tls_handshaker.cc(105)] TlsClient: Continuing handshake
[19040:16044:0518/155903.015:VERBOSE1:tls_handshaker.cc(105)] TlsClient: Continuing handshake
[19040:16044:0518/155903.015:VERBOSE1:tls_handshaker.cc(105)] TlsClient: Continuing handshake
[19040:16044:0518/155903.015:VERBOSE1:tls_handshaker.cc(105)] TlsClient: Continuing handshake
[19040:16044:0518/155903.015:VERBOSE1:tls_client_handshaker.cc(528)] Client: handshake finished
[19040:16044:0518/160145.967:VERBOSE1:network_delegate.cc(36)] NetworkDelegate::NotifyBeforeURLRequest: https://optimizationguide-pa.googleapis.com/v1:GetModels?key=dummytoken
[19040:16044:0518/160145.968:VERBOSE1:tls_handshaker.cc(105)] TlsClient: Continuing handshake
[19040:16044:0518/160145.969:VERBOSE1:tls_handshaker.cc(126)] TlsClient: SSL_do_handshake returned when entering early data. After retry, rv=-1, SSL_in_early_data=1
[19040:16044:0518/160146.030:VERBOSE1:tls_handshaker.cc(105)] TlsClient: Continuing handshake
[19040:16044:0518/160146.030:VERBOSE1:tls_handshaker.cc(105)] TlsClient: Continuing handshake
[19040:16044:0518/160146.030:VERBOSE1:tls_client_handshaker.cc(528)] Client: handshake finished
[19040:16044:0518/160429.669:VERBOSE1:network_delegate.cc(36)] NetworkDelegate::NotifyBeforeURLRequest: https://optimizationguide-pa.googleapis.com/v1:GetModels?key=dummytoken
[19040:16044:0518/160429.694:VERBOSE1:tls_handshaker.cc(105)] TlsClient: Continuing handshake
[19040:16044:0518/160429.694:VERBOSE1:tls_handshaker.cc(126)] TlsClient: SSL_do_handshake returned when entering early data. After retry, rv=-1, SSL_in_early_data=1
[19040:16044:0518/160429.789:VERBOSE1:tls_handshaker.cc(105)] TlsClient: Continuing handshake
[19040:16044:0518/160429.806:VERBOSE1:tls_handshaker.cc(105)] TlsClient: Continuing handshake
[19040:16044:0518/160429.806:VERBOSE1:tls_client_handshaker.cc(625)] 0-RTT handshake attempted but was rejected by the server
[19040:16044:0518/160429.806:VERBOSE1:tls_handshaker.cc(105)] TlsClient: Continuing handshake
[19040:16044:0518/160429.806:VERBOSE1:tls_handshaker.cc(105)] TlsClient: Continuing handshake
[19040:16044:0518/160429.806:VERBOSE1:tls_handshaker.cc(105)] TlsClient: Continuing handshake
[19040:16044:0518/160429.806:VERBOSE1:tls_handshaker.cc(105)] TlsClient: Continuing handshake
[19040:16044:0518/160429.806:VERBOSE1:tls_client_handshaker.cc(528)] Client: handshake finished
[19040:16044:0518/160704.041:VERBOSE1:network_delegate.cc(36)] NetworkDelegate::NotifyBeforeURLRequest: https://optimizationguide-pa.googleapis.com/v1:GetModels?key=dummytoken
[19040:16044:0518/160704.042:VERBOSE1:tls_handshaker.cc(105)] TlsClient: Continuing handshake
[19040:16044:0518/160704.043:VERBOSE1:tls_handshaker.cc(126)] TlsClient: SSL_do_handshake returned when entering early data. After retry, rv=-1, SSL_in_early_data=1
[19040:16044:0518/160704.146:VERBOSE1:tls_handshaker.cc(105)] TlsClient: Continuing handshake
[19040:16044:0518/160704.146:VERBOSE1:tls_handshaker.cc(105)] TlsClient: Continuing handshake
[19040:16044:0518/160704.146:VERBOSE1:tls_client_handshaker.cc(528)] Client: handshake finished
[19040:16044:0518/161002.745:VERBOSE1:network_delegate.cc(36)] NetworkDelegate::NotifyBeforeURLRequest: https://optimizationguide-pa.googleapis.com/v1:GetModels?key=dummytoken
[19040:16044:0518/161002.766:VERBOSE1:tls_handshaker.cc(105)] TlsClient: Continuing handshake
[19040:16044:0518/161002.766:VERBOSE1:tls_handshaker.cc(126)] TlsClient: SSL_do_handshake returned when entering early data. After retry, rv=-1, SSL_in_early_data=1
[19040:16044:0518/161002.814:VERBOSE1:tls_handshaker.cc(105)] TlsClient: Continuing handshake
[19040:16044:0518/161002.821:VERBOSE1:tls_handshaker.cc(105)] TlsClient: Continuing handshake
[19040:16044:0518/161002.821:VERBOSE1:tls_client_handshaker.cc(625)] 0-RTT handshake attempted but was rejected by the server
[19040:16044:0518/161002.821:VERBOSE1:tls_handshaker.cc(105)] TlsClient: Continuing handshake
[19040:16044:0518/161002.821:VERBOSE1:tls_handshaker.cc(105)] TlsClient: Continuing handshake
[19040:16044:0518/161002.821:VERBOSE1:tls_handshaker.cc(105)] TlsClient: Continuing handshake
[19040:16044:0518/161002.821:VERBOSE1:tls_handshaker.cc(105)] TlsClient: Continuing handshake
[19040:16044:0518/161002.822:VERBOSE1:tls_client_handshaker.cc(528)] Client: handshake finished
[19040:16044:0518/161302.455:VERBOSE1:network_delegate.cc(36)] NetworkDelegate::NotifyBeforeURLRequest: https://optimizationguide-pa.googleapis.com/v1:GetModels?key=dummytoken
[19040:16044:0518/161302.484:VERBOSE1:tls_handshaker.cc(105)] TlsClient: Continuing handshake
[19040:16044:0518/161302.574:VERBOSE1:tls_handshaker.cc(105)] TlsClient: Continuing handshake
[19040:16044:0518/161303.122:VERBOSE1:tls_handshaker.cc(105)] TlsClient: Continuing handshake
[19040:16044:0518/161303.123:VERBOSE1:tls_handshaker.cc(126)] TlsClient: SSL_do_handshake returned when entering early data. After retry, rv=-1, SSL_in_early_data=1
[19040:16044:0518/161303.123:VERBOSE1:tls_handshaker.cc(105)] TlsClient: Continuing handshake
[19040:16044:0518/161303.123:VERBOSE1:tls_client_handshaker.cc(625)] 0-RTT handshake attempted but was rejected by the server
[19040:16044:0518/161303.123:VERBOSE1:tls_handshaker.cc(105)] TlsClient: Continuing handshake
[19040:16044:0518/161303.123:VERBOSE1:tls_handshaker.cc(105)] TlsClient: Continuing handshake
[19040:16044:0518/161303.123:VERBOSE1:tls_handshaker.cc(105)] TlsClient: Continuing handshake
[19040:16044:0518/161303.123:VERBOSE1:tls_handshaker.cc(105)] TlsClient: Continuing handshake
[19040:16044:0518/161303.123:VERBOSE1:tls_client_handshaker.cc(528)] Client: handshake finished
[19040:16044:0518/161545.358:VERBOSE1:network_delegate.cc(36)] NetworkDelegate::NotifyBeforeURLRequest: https://optimizationguide-pa.googleapis.com/v1:GetModels?key=dummytoken
[19040:16044:0518/161545.380:VERBOSE1:tls_handshaker.cc(105)] TlsClient: Continuing handshake
[19040:16044:0518/161545.381:VERBOSE1:tls_handshaker.cc(126)] TlsClient: SSL_do_handshake returned when entering early data. After retry, rv=-1, SSL_in_early_data=1
[19040:16044:0518/161545.428:VERBOSE1:tls_handshaker.cc(105)] TlsClient: Continuing handshake
[19040:16044:0518/161545.437:VERBOSE1:tls_handshaker.cc(105)] TlsClient: Continuing handshake
[19040:16044:0518/161545.437:VERBOSE1:tls_client_handshaker.cc(625)] 0-RTT handshake attempted but was rejected by the server
[19040:16044:0518/161545.437:VERBOSE1:tls_handshaker.cc(105)] TlsClient: Continuing handshake
[19040:16044:0518/161545.437:VERBOSE1:tls_handshaker.cc(105)] TlsClient: Continuing handshake
[19040:16044:0518/161545.437:VERBOSE1:tls_handshaker.cc(105)] TlsClient: Continuing handshake
[19040:16044:0518/161545.437:VERBOSE1:tls_handshaker.cc(105)] TlsClient: Continuing handshake
[19040:16044:0518/161545.437:VERBOSE1:tls_client_handshaker.cc(528)] Client: handshake finished
[19040:16044:0518/161845.056:VERBOSE1:network_delegate.cc(36)] NetworkDelegate::NotifyBeforeURLRequest: https://optimizationguide-pa.googleapis.com/v1:GetModels?key=dummytoken
[19040:16044:0518/161845.075:VERBOSE1:tls_handshaker.cc(105)] TlsClient: Continuing handshake
[19040:16044:0518/161845.076:VERBOSE1:tls_handshaker.cc(126)] TlsClient: SSL_do_handshake returned when entering early data. After retry, rv=-1, SSL_in_early_data=1
[19040:16044:0518/161845.131:VERBOSE1:tls_handshaker.cc(105)] TlsClient: Continuing handshake
[19040:16044:0518/161845.131:VERBOSE1:tls_handshaker.cc(105)] TlsClient: Continuing handshake
[19040:16044:0518/161845.131:VERBOSE1:tls_client_handshaker.cc(528)] Client: handshake finished
[19040:16044:0518/162128.104:VERBOSE1:network_delegate.cc(36)] NetworkDelegate::NotifyBeforeURLRequest: https://optimizationguide-pa.googleapis.com/v1:GetModels?key=dummytoken
[19040:16044:0518/162128.127:VERBOSE1:tls_handshaker.cc(105)] TlsClient: Continuing handshake
[19040:16044:0518/162128.127:VERBOSE1:tls_handshaker.cc(126)] TlsClient: SSL_do_handshake returned when entering early data. After retry, rv=-1, SSL_in_early_data=1
[19040:16044:0518/162128.186:VERBOSE1:tls_handshaker.cc(105)] TlsClient: Continuing handshake
[19040:16044:0518/162128.186:VERBOSE1:tls_handshaker.cc(105)] TlsClient: Continuing handshake
[19040:16044:0518/162128.186:VERBOSE1:tls_client_handshaker.cc(528)] Client: handshake finished
[19040:16044:0518/162420.818:VERBOSE1:network_delegate.cc(36)] NetworkDelegate::NotifyBeforeURLRequest: https://optimizationguide-pa.googleapis.com/v1:GetModels?key=dummytoken
[19040:16044:0518/162420.847:VERBOSE1:tls_handshaker.cc(105)] TlsClient: Continuing handshake
[19040:16044:0518/162420.847:VERBOSE1:tls_handshaker.cc(126)] TlsClient: SSL_do_handshake returned when entering early data. After retry, rv=-1, SSL_in_early_data=1
[19040:16044:0518/162420.902:VERBOSE1:tls_handshaker.cc(105)] TlsClient: Continuing handshake
[19040:16044:0518/162420.902:VERBOSE1:tls_handshaker.cc(105)] TlsClient: Continuing handshake
[19040:16044:0518/162420.902:VERBOSE1:tls_client_handshaker.cc(528)] Client: handshake finished
[19040:16044:0518/162708.193:VERBOSE1:network_delegate.cc(36)] NetworkDelegate::NotifyBeforeURLRequest: https://optimizationguide-pa.googleapis.com/v1:GetModels?key=dummytoken
[19040:16044:0518/162708.193:VERBOSE1:tls_handshaker.cc(105)] TlsClient: Continuing handshake
[19040:16044:0518/162708.194:VERBOSE1:tls_handshaker.cc(126)] TlsClient: SSL_do_handshake returned when entering early data. After retry, rv=-1, SSL_in_early_data=1
[19040:16044:0518/162708.247:VERBOSE1:tls_handshaker.cc(105)] TlsClient: Continuing handshake
[19040:16044:0518/162708.247:VERBOSE1:tls_handshaker.cc(105)] TlsClient: Continuing handshake
[19040:16044:0518/162708.247:VERBOSE1:tls_client_handshaker.cc(528)] Client: handshake finished
[19040:16044:0518/162944.549:VERBOSE1:network_delegate.cc(36)] NetworkDelegate::NotifyBeforeURLRequest: https://optimizationguide-pa.googleapis.com/v1:GetModels?key=dummytoken
[19040:16044:0518/162944.573:VERBOSE1:tls_handshaker.cc(105)] TlsClient: Continuing handshake
[19040:16044:0518/162944.573:VERBOSE1:tls_handshaker.cc(126)] TlsClient: SSL_do_handshake returned when entering early data. After retry, rv=-1, SSL_in_early_data=1
[19040:16044:0518/162944.663:VERBOSE1:tls_handshaker.cc(105)] TlsClient: Continuing handshake
[19040:16044:0518/162944.674:VERBOSE1:tls_handshaker.cc(105)] TlsClient: Continuing handshake
[19040:16044:0518/162944.675:VERBOSE1:tls_client_handshaker.cc(625)] 0-RTT handshake attempted but was rejected by the server
[19040:16044:0518/162944.675:VERBOSE1:tls_handshaker.cc(105)] TlsClient: Continuing handshake
[19040:16044:0518/162944.675:VERBOSE1:tls_handshaker.cc(105)] TlsClient: Continuing handshake
[19040:16044:0518/162944.675:VERBOSE1:tls_handshaker.cc(105)] TlsClient: Continuing handshake
[19040:16044:0518/162944.675:VERBOSE1:tls_handshaker.cc(105)] TlsClient: Continuing handshake
[19040:16044:0518/162944.675:VERBOSE1:tls_client_handshaker.cc(528)] Client: handshake finished
[19040:16044:0518/163235.249:VERBOSE1:network_delegate.cc(36)] NetworkDelegate::NotifyBeforeURLRequest: https://optimizationguide-pa.googleapis.com/v1:GetModels?key=dummytoken
[19040:16044:0518/163235.269:VERBOSE1:tls_handshaker.cc(105)] TlsClient: Continuing handshake
[19040:16044:0518/163235.270:VERBOSE1:tls_handshaker.cc(126)] TlsClient: SSL_do_handshake returned when entering early data. After retry, rv=-1, SSL_in_early_data=1
[19040:16044:0518/163235.370:VERBOSE1:tls_handshaker.cc(105)] TlsClient: Continuing handshake
[19040:16044:0518/163235.371:VERBOSE1:tls_handshaker.cc(105)] TlsClient: Continuing handshake
[19040:16044:0518/163235.371:VERBOSE1:tls_client_handshaker.cc(528)] Client: handshake finished
[19040:16044:0518/163530.613:VERBOSE1:network_delegate.cc(36)] NetworkDelegate::NotifyBeforeURLRequest: https://optimizationguide-pa.googleapis.com/v1:GetModels?key=dummytoken
[19040:16044:0518/163530.636:VERBOSE1:tls_handshaker.cc(105)] TlsClient: Continuing handshake
[19040:16044:0518/163530.636:VERBOSE1:tls_handshaker.cc(126)] TlsClient: SSL_do_handshake returned when entering early data. After retry, rv=-1, SSL_in_early_data=1
[19040:16044:0518/163530.683:VERBOSE1:tls_handshaker.cc(105)] TlsClient: Continuing handshake
[19040:16044:0518/163530.692:VERBOSE1:tls_handshaker.cc(105)] TlsClient: Continuing handshake
[19040:16044:0518/163530.692:VERBOSE1:tls_client_handshaker.cc(625)] 0-RTT handshake attempted but was rejected by the server
[19040:16044:0518/163530.692:VERBOSE1:tls_handshaker.cc(105)] TlsClient: Continuing handshake
[19040:16044:0518/163530.692:VERBOSE1:tls_handshaker.cc(105)] TlsClient: Continuing handshake
[19040:16044:0518/163530.692:VERBOSE1:tls_handshaker.cc(105)] TlsClient: Continuing handshake
[19040:16044:0518/163530.692:VERBOSE1:tls_handshaker.cc(105)] TlsClient: Continuing handshake
[19040:16044:0518/163530.693:VERBOSE1:tls_client_handshaker.cc(528)] Client: handshake finished
[19040:16044:0518/163801.011:VERBOSE1:network_delegate.cc(36)] NetworkDelegate::NotifyBeforeURLRequest: https://optimizationguide-pa.googleapis.com/v1:GetModels?key=dummytoken
[19040:16044:0518/163801.012:VERBOSE1:tls_handshaker.cc(105)] TlsClient: Continuing handshake
[19040:16044:0518/163801.012:VERBOSE1:tls_handshaker.cc(126)] TlsClient: SSL_do_handshake returned when entering early data. After retry, rv=-1, SSL_in_early_data=1
[19040:16044:0518/163801.064:VERBOSE1:tls_handshaker.cc(105)] TlsClient: Continuing handshake
[19040:16044:0518/163801.064:VERBOSE1:tls_handshaker.cc(105)] TlsClient: Continuing handshake
[19040:16044:0518/163801.064:VERBOSE1:tls_client_handshaker.cc(528)] Client: handshake finished
[19040:16044:0518/164057.710:VERBOSE1:network_delegate.cc(36)] NetworkDelegate::NotifyBeforeURLRequest: https://optimizationguide-pa.googleapis.com/v1:GetModels?key=dummytoken
[19040:16044:0518/164057.732:VERBOSE1:tls_handshaker.cc(105)] TlsClient: Continuing handshake
[19040:16044:0518/164057.732:VERBOSE1:tls_handshaker.cc(126)] TlsClient: SSL_do_handshake returned when entering early data. After retry, rv=-1, SSL_in_early_data=1
[19040:16044:0518/164057.786:VERBOSE1:tls_handshaker.cc(105)] TlsClient: Continuing handshake
[19040:16044:0518/164057.786:VERBOSE1:tls_handshaker.cc(105)] TlsClient: Continuing handshake
[19040:16044:0518/164057.786:VERBOSE1:tls_client_handshaker.cc(528)] Client: handshake finished
[19040:16044:0518/164339.083:VERBOSE1:network_delegate.cc(36)] NetworkDelegate::NotifyBeforeURLRequest: https://optimizationguide-pa.googleapis.com/v1:GetModels?key=dummytoken
[19040:16044:0518/164339.105:VERBOSE1:tls_handshaker.cc(105)] TlsClient: Continuing handshake
[19040:16044:0518/164339.194:VERBOSE1:tls_handshaker.cc(105)] TlsClient: Continuing handshake
[19040:16044:0518/164339.750:VERBOSE1:tls_handshaker.cc(105)] TlsClient: Continuing handshake
[19040:16044:0518/164339.750:VERBOSE1:tls_handshaker.cc(126)] TlsClient: SSL_do_handshake returned when entering early data. After retry, rv=-1, SSL_in_early_data=1
[19040:16044:0518/164339.750:VERBOSE1:tls_handshaker.cc(105)] TlsClient: Continuing handshake
[19040:16044:0518/164339.750:VERBOSE1:tls_client_handshaker.cc(625)] 0-RTT handshake attempted but was rejected by the server
[19040:16044:0518/164339.750:VERBOSE1:tls_handshaker.cc(105)] TlsClient: Continuing handshake
[19040:16044:0518/164339.750:VERBOSE1:tls_handshaker.cc(105)] TlsClient: Continuing handshake
[19040:16044:0518/164339.750:VERBOSE1:tls_handshaker.cc(105)] TlsClient: Continuing handshake
[19040:16044:0518/164339.750:VERBOSE1:tls_handshaker.cc(105)] TlsClient: Continuing handshake
[19040:16044:0518/164339.750:VERBOSE1:tls_client_handshaker.cc(528)] Client: handshake finished
[19040:16044:0518/164636.450:VERBOSE1:network_delegate.cc(36)] NetworkDelegate::NotifyBeforeURLRequest: https://optimizationguide-pa.googleapis.com/v1:GetModels?key=dummytoken
[19040:16044:0518/164636.468:VERBOSE1:tls_handshaker.cc(105)] TlsClient: Continuing handshake
[19040:16044:0518/164636.468:VERBOSE1:tls_handshaker.cc(126)] TlsClient: SSL_do_handshake returned when entering early data. After retry, rv=-1, SSL_in_early_data=1
[19040:16044:0518/164636.512:VERBOSE1:tls_handshaker.cc(105)] TlsClient: Continuing handshake
[19040:16044:0518/164636.519:VERBOSE1:tls_handshaker.cc(105)] TlsClient: Continuing handshake
[19040:16044:0518/164636.519:VERBOSE1:tls_client_handshaker.cc(625)] 0-RTT handshake attempted but was rejected by the server
[19040:16044:0518/164636.519:VERBOSE1:tls_handshaker.cc(105)] TlsClient: Continuing handshake
[19040:16044:0518/164636.519:VERBOSE1:tls_handshaker.cc(105)] TlsClient: Continuing handshake
[19040:16044:0518/164636.519:VERBOSE1:tls_handshaker.cc(105)] TlsClient: Continuing handshake
[19040:16044:0518/164636.519:VERBOSE1:tls_handshaker.cc(105)] TlsClient: Continuing handshake
[19040:16044:0518/164636.520:VERBOSE1:tls_client_handshaker.cc(528)] Client: handshake finished
[19040:16044:0518/164918.477:VERBOSE1:network_delegate.cc(36)] NetworkDelegate::NotifyBeforeURLRequest: https://optimizationguide-pa.googleapis.com/v1:GetModels?key=dummytoken
[19040:16044:0518/164918.501:VERBOSE1:tls_handshaker.cc(105)] TlsClient: Continuing handshake
[19040:16044:0518/164918.501:VERBOSE1:tls_handshaker.cc(126)] TlsClient: SSL_do_handshake returned when entering early data. After retry, rv=-1, SSL_in_early_data=1
[19040:16044:0518/164918.555:VERBOSE1:tls_handshaker.cc(105)] TlsClient: Continuing handshake
[19040:16044:0518/164918.555:VERBOSE1:tls_handshaker.cc(105)] TlsClient: Continuing handshake
[19040:16044:0518/164918.555:VERBOSE1:tls_client_handshaker.cc(528)] Client: handshake finished
[19040:16044:0518/165217.506:VERBOSE1:network_delegate.cc(36)] NetworkDelegate::NotifyBeforeURLRequest: https://optimizationguide-pa.googleapis.com/v1:GetModels?key=dummytoken
[19040:16044:0518/165217.507:VERBOSE1:tls_handshaker.cc(105)] TlsClient: Continuing handshake
[19040:16044:0518/165217.507:VERBOSE1:tls_handshaker.cc(126)] TlsClient: SSL_do_handshake returned when entering early data. After retry, rv=-1, SSL_in_early_data=1
[19040:16044:0518/165217.563:VERBOSE1:tls_handshaker.cc(105)] TlsClient: Continuing handshake
[19040:16044:0518/165217.563:VERBOSE1:tls_handshaker.cc(105)] TlsClient: Continuing handshake
[19040:16044:0518/165217.563:VERBOSE1:tls_client_handshaker.cc(528)] Client: handshake finished
[14404:8864:0518/165430.420:VERBOSE1:frame_host_impl.cc(515)] frame 6-2500150068BC80DA0B88727B8650F5D3 (sub) detached (reason=RENDER_FRAME_DELETED, is_connected=1)
[19540:19544:0518/165430.420:VERBOSE1:dispatcher.cc(596)] Num tracked contexts: 1
[19540:19544:0518/165430.420:VERBOSE1:frame_impl.cc(620)] frame 6-2500150068BC80DA0B88727B8650F5D3 disconnected (reason=DETACHED, current_state=CONNECTION_ACKED, FRAME_INVALID)
[19540:19544:0518/165430.421:VERBOSE1:script_context.cc(164)] Destroyed context for extension
  extension id: 
  effective extension id: 
[19540:19544:0518/165430.421:VERBOSE1:script_context.cc(164)] Destroyed context for extension
  extension id: 
  effective extension id: 
[19540:19544:0518/165430.421:VERBOSE1:frame_impl.cc(620)] frame 6-114C31F79BEA8D41F63818B41E92E1CB disconnected (reason=BROWSER_FRAME_DISCONNECT, current_state=CONNECTION_ACKED)
[19540:19544:0518/165430.421:VERBOSE1:frame_impl.cc(633)] frame 6-114C31F79BEA8D41F63818B41E92E1CB connection retry scheduled
[14404:8864:0518/165430.422:VERBOSE1:frame_host_impl.cc(515)] frame 6-114C31F79BEA8D41F63818B41E92E1CB (main) detached (reason=NEW_MAIN_FRAME, is_connected=1)
[14404:8864:0518/165430.431:VERBOSE1:account_reconcilor.cc(264)] AccountReconcilor::Shutdown
[14404:8864:0518/165430.431:VERBOSE1:account_reconcilor.cc(718)] AccountReconcilor::AbortReconcile: try again later
[14404:8864:0518/165430.431:VERBOSE1:account_reconcilor.cc(827)] AccountReconcilor::CalculateIfMultiloginReconcileIsDone: Error was 
[14404:8864:0518/165430.431:VERBOSE1:account_reconcilor.cc(313)] AccountReconcilor::UnregisterWithIdentityManager
[14404:8864:0518/165430.431:VERBOSE1:account_reconcilor.cc(286)] AccountReconcilor::UnregisterWithContentSettings
[14404:8864:0518/165430.432:VERBOSE1:gaia_cookie_manager_service.cc(628)] GaiaCookieManagerService::CancelAll
[14404:8864:0518/165430.432:VERBOSE1:mutable_profile_oauth2_token_service_delegate.cc(752)] MutablePO2TS::Shutdown
[14404:8864:0518/165430.432:VERBOSE1:mutable_profile_oauth2_token_service_delegate.cc(235)] MutablePO2TS::~MutablePO2TS
[14404:8864:0518/165430.433:VERBOSE1:device_event_log_impl.cc(198)] [16:54:30.433] Bluetooth: EVENT: bluetooth_api.cc:109 BluetoothAPI: Shutdown
[14404:8864:0518/165430.449:VERBOSE1:account_reconcilor.cc(193)] AccountReconcilor::~AccountReconcilor
[14404:8864:0518/165430.459:VERBOSE1:device_event_log_impl.cc(198)] [16:54:30.459] Bluetooth: EVENT: bluetooth_api.cc:95 ~BluetoothAPI: 00004BEC0252A200
[14404:17380:0518/165430.480:VERBOSE1:cast_transport.cc(340)] [192.168.0.5:8009, auth=SSL_VERIFIED] Read error, peer closed the socket.
[14404:17380:0518/165430.484:VERBOSE1:cast_socket.cc(627)] [192.168.0.5:8009, auth=SSL_VERIFIED] Close ReadyState = ReadyState::OPEN
[14404:17380:0518/165430.484:VERBOSE1:cast_socket.cc(227)] [192.168.0.5:8009, auth=SSL_VERIFIED] Connect readyState = ReadyState::NONE
[14404:17380:0518/165430.484:VERBOSE1:cast_socket.cc(391)] [192.168.0.5:8009, auth=SSL_VERIFIED] DoTcpConnect
[14404:8864:0518/165430.531:VERBOSE1:component_updater_service.cc(180)] CrxUpdateService stopping
[14404:8864:0518/165430.531:WARNING:pref_notifier_impl.cc(41)] Pref observer for media_router.cast_allow_all_ips found at shutdown.
[14404:8864:0518/165430.549:VERBOSE1:statistics_recorder.cc(607)] Collections of all histograms
Histogram: API.StorageAccess.AllowedRequests2 recorded 129 samples, mean = 0.1 (flags = 0x41)
0  ------------------------------------------------------------------------O (120 = 93.0%)
1  -----O                                                                    (9 = 7.0%) {93.0%}
2  ... 

Histogram: API.StorageAccess.DocumentInheritedStorageAccess recorded 7 samples, mean = 0.0 (flags = 0x41)
0  -------O                                                                  (7 = 100.0%)
1  ... 

Histogram: API.StorageAccess.DocumentLoadedWithStorageAccess recorded 7 samples, mean = 0.0 (flags = 0x41)
0  -------O                                                                  (7 = 100.0%)
1  ... 

Histogram: Accessibility.CaptionSettingsLoadedFromSystemSettings recorded 1 samples, mean = 0.0 (flags = 0x41)
0  -O                                                                        (1 = 100.0%)
1  ... 

Histogram: Accessibility.ImageLabels2 recorded 1 samples, mean = 0.0 (flags = 0x41)
0  -O                                                                        (1 = 100.0%)
1  ... 

Histogram: Accessibility.LiveCaption.FeatureEnabled2 recorded 1 samples, mean = 1.0 (flags = 0x41)
0  O                                                                         (0 = 0.0%)
1  -O                                                                        (1 = 100.0%) {0.0%}
2  O                                                                         (0 = 0.0%) {100.0%}

Histogram: Accessibility.LiveCaption2 recorded 1 samples, mean = 0.0 (flags = 0x41)
0  -O                                                                        (1 = 100.0%)
1  ... 

Histogram: Accessibility.ManuallyEnabled recorded 1 samples, mean = 0.0 (flags = 0x41)
0  -O                                                                        (1 = 100.0%)
1  ... 

Histogram: Accessibility.WinJAWS recorded 1 samples, mean = 0.0 (flags = 0x41)
0  -O                                                                        (1 = 100.0%)
1  ... 

Histogram: Accessibility.WinNVDA recorded 1 samples, mean = 0.0 (flags = 0x41)
0  -O                                                                        (1 = 100.0%)
1  ... 

Histogram: Accessibility.WinSAToGo recorded 1 samples, mean = 0.0 (flags = 0x41)
0  -O                                                                        (1 = 100.0%)
1  ... 

Histogram: Accessibility.WinScreenReader2 recorded 1 samples, mean = 0.0 (flags = 0x41)
0  -O                                                                        (1 = 100.0%)
1  ... 

Histogram: Accessibility.WinStickyKeys recorded 1 samples, mean = 0.0 (flags = 0x41)
0  -O                                                                        (1 = 100.0%)
1  ... 

Histogram: Accessibility.WinSupernova recorded 1 samples, mean = 0.0 (flags = 0x41)
0  -O                                                                        (1 = 100.0%)
1  ... 

Histogram: Accessibility.WinZoomText recorded 1 samples, mean = 0.0 (flags = 0x41)
0  -O                                                                        (1 = 100.0%)
1  ... 

Histogram: AppBanners.InstallableStatusCode recorded 1 samples (flags = 0x41)
8  -O                                                                        (1 = 100.0%)

Histogram: Apps.PreferredApps.EntryCount recorded 1 samples, mean = 0.0 (flags = 0x41)
0  -O                                                                        (1 = 100.0%)
1  ... 

Histogram: Autofill.Address.IsEnabled.PageLoad recorded 1 samples, mean = 1.0 (flags = 0x41)
0  O                                                                         (0 = 0.0%)
1  -O                                                                        (1 = 100.0%) {0.0%}
2  O                                                                         (0 = 0.0%) {100.0%}

Histogram: Autofill.Address.IsEnabled.PageLoad.SignedOut recorded 1 samples, mean = 1.0 (flags = 0x41)
0  O                                                                         (0 = 0.0%)
1  -O                                                                        (1 = 100.0%) {0.0%}
2  O                                                                         (0 = 0.0%) {100.0%}

Histogram: Autofill.Address.IsEnabled.Startup recorded 1 samples, mean = 1.0 (flags = 0x41)
0  O                                                                         (0 = 0.0%)
1  -O                                                                        (1 = 100.0%) {0.0%}
2  O                                                                         (0 = 0.0%) {100.0%}

Histogram: Autofill.CreditCard.IsEnabled.PageLoad recorded 1 samples, mean = 1.0 (flags = 0x41)
0  O                                                                         (0 = 0.0%)
1  -O                                                                        (1 = 100.0%) {0.0%}
2  O                                                                         (0 = 0.0%) {100.0%}

Histogram: Autofill.CreditCard.IsEnabled.PageLoad.SignedOut recorded 1 samples, mean = 1.0 (flags = 0x41)
0  O                                                                         (0 = 0.0%)
1  -O                                                                        (1 = 100.0%) {0.0%}
2  O                                                                         (0 = 0.0%) {100.0%}

Histogram: Autofill.CreditCard.IsEnabled.Startup recorded 1 samples, mean = 1.0 (flags = 0x41)
0  O                                                                         (0 = 0.0%)
1  -O                                                                        (1 = 100.0%) {0.0%}
2  O                                                                         (0 = 0.0%) {100.0%}

Histogram: Autofill.DOMContentLoadedInOutermostMainFrame recorded 3 samples, mean = 0.3 (flags = 0x41)
0  --O                                                                       (2 = 66.7%)
1  -O                                                                        (1 = 33.3%) {66.7%}
2  O                                                                         (0 = 0.0%) {100.0%}

Histogram: Autofill.ExtractFormUnowned.FieldCount recorded 4 samples, mean = 0.0 (flags = 0x41)
0  ----O                                                                     (4 = 100.0%)
1  ... 

Histogram: Autofill.FormForest.GetBrowserFormOfRendererForm.Duration recorded 1 samples, mean = 0.0 (flags = 0x41)
0  -O                                                                        (1 = 100.0%)
1  ... 

Histogram: Autofill.FormForest.UpdateTreeOfRendererForm.Duration recorded 1 samples, mean = 14.0 (flags = 0x41)
0   ... 
12  -O                                                                        (1 = 100.0%) {0.0%}
16  ... 

Histogram: Autofill.FormForest.UpdateTreeOfRendererForm.Visits recorded 1 samples, mean = 2.0 (flags = 0x41)
0  ... 
2  -O                                                                        (1 = 100.0%) {0.0%}
3  ... 

Histogram: Autofill.Funnel.ParsedAsType.Address recorded 6 samples, mean = 0.0 (flags = 0x41)
0  ------O                                                                   (6 = 100.0%)
1  ... 

Histogram: Autofill.Funnel.ParsedAsType.CreditCard recorded 6 samples, mean = 0.0 (flags = 0x41)
0  ------O                                                                   (6 = 100.0%)
1  ... 

Histogram: Autofill.Funnel.ParsedAsType.VirtualCard.StandaloneCvc recorded 6 samples, mean = 0.0 (flags = 0x41)
0  ------O                                                                   (6 = 100.0%)
1  ... 

Histogram: Autofill.IsEnabled.PageLoad recorded 1 samples, mean = 1.0 (flags = 0x41)
0  O                                                                         (0 = 0.0%)
1  -O                                                                        (1 = 100.0%) {0.0%}
2  O                                                                         (0 = 0.0%) {100.0%}

Histogram: Autofill.IsEnabled.PageLoad.SignedOut recorded 1 samples, mean = 1.0 (flags = 0x41)
0  O                                                                         (0 = 0.0%)
1  -O                                                                        (1 = 100.0%) {0.0%}
2  O                                                                         (0 = 0.0%) {100.0%}

Histogram: Autofill.IsEnabled.Startup recorded 1 samples, mean = 1.0 (flags = 0x41)
0  O                                                                         (0 = 0.0%)
1  -O                                                                        (1 = 100.0%) {0.0%}
2  O                                                                         (0 = 0.0%) {100.0%}

Histogram: Autofill.Leipzig.Duplication.NumberOfLocalSupersetProfilesOnStartup recorded 1 samples, mean = 0.0 (flags = 0x41)
0  -O                                                                        (1 = 100.0%)
1  ... 

Histogram: Autofill.NumberOfDriversPerFactory recorded 1 samples, mean = 3.0 (flags = 0x41)
0  ... 
3  -O                                                                        (1 = 100.0%) {0.0%}
4  ... 

Histogram: Autofill.Offer.StoredOfferCount2.CardLinkedOffer recorded 1 samples, mean = 0.0 (flags = 0x41)
0  -O                                                                        (1 = 100.0%)
1  ... 

Histogram: Autofill.Offer.StoredOfferCount2.GPayPromoCodeOffer recorded 1 samples, mean = 0.0 (flags = 0x41)
0  -O                                                                        (1 = 100.0%)
1  ... 

Histogram: Autofill.PaymentMethods.CvcStorageIsEnabled.Startup recorded 1 samples, mean = 0.0 (flags = 0x41)
0  -O                                                                        (1 = 100.0%)
1  ... 

Histogram: Autofill.StoredCreditCardCount recorded 1 samples, mean = 0.0 (flags = 0x41)
0  -O                                                                        (1 = 100.0%)
1  ... 

Histogram: Autofill.StoredCreditCardCount.Local recorded 1 samples, mean = 0.0 (flags = 0x41)
0  -O                                                                        (1 = 100.0%)
1  ... 

Histogram: Autofill.StoredCreditCardCount.Local.WithInvalidCardNumber recorded 1 samples, mean = 0.0 (flags = 0x41)
0  -O                                                                        (1 = 100.0%)
1  ... 

Histogram: Autofill.StoredCreditCardCount.Local.WithNickname recorded 1 samples, mean = 0.0 (flags = 0x41)
0  -O                                                                        (1 = 100.0%)
1  ... 

Histogram: Autofill.StoredCreditCardCount.Server recorded 1 samples, mean = 0.0 (flags = 0x41)
0  -O                                                                        (1 = 100.0%)
1  ... 

Histogram: Autofill.StoredCreditCardCount.Server.Masked recorded 1 samples, mean = 0.0 (flags = 0x41)
0  -O                                                                        (1 = 100.0%)
1  ... 

Histogram: Autofill.StoredCreditCardCount.Server.Masked.WithNickname recorded 1 samples, mean = 0.0 (flags = 0x41)
0  -O                                                                        (1 = 100.0%)
1  ... 

Histogram: Autofill.StoredCreditCardCount.Server.Unmasked recorded 1 samples, mean = 0.0 (flags = 0x41)
0  -O                                                                        (1 = 100.0%)
1  ... 

Histogram: Autofill.StoredCreditCardCount.Server.WithCardArtImage recorded 1 samples, mean = 0.0 (flags = 0x41)
0  -O                                                                        (1 = 100.0%)
1  ... 

Histogram: Autofill.StoredCreditCardCount.Server.WithVirtualCardMetadata recorded 1 samples, mean = 0.0 (flags = 0x41)
0  -O                                                                        (1 = 100.0%)
1  ... 

Histogram: Autofill.StoredIbanCount recorded 1 samples, mean = 0.0 (flags = 0x41)
0  -O                                                                        (1 = 100.0%)
1  ... 

Histogram: Autofill.StoredProfileCount.AccountChrome recorded 1 samples, mean = 0.0 (flags = 0x41)
0  -O                                                                        (1 = 100.0%)
1  ... 

Histogram: Autofill.StoredProfileCount.AccountNonChrome recorded 1 samples, mean = 0.0 (flags = 0x41)
0  -O                                                                        (1 = 100.0%)
1  ... 

Histogram: Autofill.StoredProfileCount.Legacy recorded 1 samples, mean = 0.0 (flags = 0x41)
0  -O                                                                        (1 = 100.0%)
1  ... 

Histogram: Autofill.StoredProfileCount.Total recorded 1 samples, mean = 0.0 (flags = 0x41)
0  -O                                                                        (1 = 100.0%)
1  ... 

Histogram: Autofill.SubmissionDetectionSource.FormTracker recorded 2 samples, mean = 3.0 (flags = 0x41)
0  ... 
3  --O                                                                       (2 = 100.0%) {0.0%}
4  ... 

Histogram: Autofill.Timing.ParseFormsAsync recorded 1 samples, mean = 6.0 (flags = 0x41)
0  ... 
6  -O                                                                        (1 = 100.0%) {0.0%}
7  ... 

Histogram: Autofill.Timing.ParseFormsAsync.RunHeuristics recorded 1 samples, mean = 0.0 (flags = 0x41)
0  -O                                                                        (1 = 100.0%)
1  ... 

Histogram: Autofill.Timing.ParseFormsAsync.UpdateCache recorded 1 samples, mean = 0.0 (flags = 0x41)
0  -O                                                                        (1 = 100.0%)
1  ... 

Histogram: Autofill.TimingInterval.ExtractFormData.GetFormDataFromUnownedInputElements.AutofillAgentReset recorded 2 samples, mean = 5044624.5 (flags = 0x41)
0        ... 
3952856  -O                                                                        (1 = 50.0%) {0.0%}
4614158  O                                                                         (0 = 0.0%) {50.0%}
5386095  -O                                                                        (1 = 50.0%) {50.0%}
6287174  ... 

Histogram: Autofill.TimingInterval.ExtractFormData.GetFormDataFromUnownedInputElements.DOMContentLoaded recorded 2 samples, mean = 230965328.0 (flags = 0x41)
0         ... 
1338569   -O                                                                        (1 = 50.0%) {0.0%}
1562508   ... 
10000000  -O                                                                        (1 = 50.0%) {50.0%}

Histogram: Autofill.TimingInterval.ExtractFormData.UpdateFormCache.AutofillAgentReset recorded 4 samples, mean = 2524021.0 (flags = 0x41)
0        ... 
50       -O                                                                        (1 = 25.0%) {0.0%}
58       ... 
5961     -O                                                                        (1 = 25.0%) {25.0%}
6958     ... 
3952856  -O                                                                        (1 = 25.0%) {50.0%}
4614158  O                                                                         (0 = 0.0%) {75.0%}
5386095  -O                                                                        (1 = 25.0%) {75.0%}
6287174  ... 

Histogram: Autofill.TimingInterval.ExtractFormData.UpdateFormCache.DOMContentLoaded recorded 4 samples, mean = 370727.8 (flags = 0x41)
0        ... 
5        -O                                                                        (1 = 25.0%) {0.0%}
6        ... 
8        -O                                                                        (1 = 25.0%) {25.0%}
9        ... 
5107     -O                                                                        (1 = 25.0%) {50.0%}
5961     ... 
1338569  -O                                                                        (1 = 25.0%) {75.0%}
1562508  ... 

Histogram: Autofill.TimingInterval.UpdateFormCache.UpdateFormCache.AutofillAgentReset recorded 4 samples, mean = 2524353.8 (flags = 0x41)
0        ... 
58       -O                                                                        (1 = 25.0%) {0.0%}
68       ... 
6958     -O                                                                        (1 = 25.0%) {25.0%}
8122     ... 
3952856  -O                                                                        (1 = 25.0%) {50.0%}
4614158  O                                                                         (0 = 0.0%) {75.0%}
5386095  -O                                                                        (1 = 25.0%) {75.0%}
6287174  ... 

Histogram: Autofill.TimingInterval.UpdateFormCache.UpdateFormCache.DOMContentLoaded recorded 4 samples, mean = 371060.5 (flags = 0x41)
0        ... 
13       --O                                                                       (2 = 50.0%) {0.0%}
15       ... 
5961     -O                                                                        (1 = 25.0%) {50.0%}
6958     ... 
1338569  -O                                                                        (1 = 25.0%) {75.0%}
1562508  ... 

Histogram: Autofill.TimingPrecise.ExtractFormData recorded 6 samples, mean = 1113.3 (flags = 0x41)
0     ... 
2     -O                                                                        (1 = 16.7%) {0.0%}
3     O                                                                         (0 = 0.0%) {16.7%}
4     -O                                                                        (1 = 16.7%) {16.7%}
5     O                                                                         (0 = 0.0%) {33.3%}
6     -O                                                                        (1 = 16.7%) {33.3%}
7     ... 
41    -O                                                                        (1 = 16.7%) {50.0%}
47    ... 
2545  -O                                                                        (1 = 16.7%) {66.7%}
2898  ... 
3758  -O                                                                        (1 = 16.7%) {83.3%}
4279  ... 

Histogram: Autofill.TimingPrecise.ExtractFormData.GetFormDataFromUnownedInputElements recorded 2 samples, mean = 1346.0 (flags = 0x41)
0     ... 
2     -O                                                                        (1 = 50.0%) {0.0%}
3     ... 
2545  -O                                                                        (1 = 50.0%) {50.0%}
2898  ... 

Histogram: Autofill.TimingPrecise.ExtractFormData.UpdateFormCache recorded 4 samples, mean = 997.0 (flags = 0x41)
0     ... 
4     -O                                                                        (1 = 25.0%) {0.0%}
5     O                                                                         (0 = 0.0%) {25.0%}
6     -O                                                                        (1 = 25.0%) {25.0%}
7     ... 
41    -O                                                                        (1 = 25.0%) {50.0%}
47    ... 
3758  -O                                                                        (1 = 25.0%) {75.0%}
4279  ... 

Histogram: Autofill.TimingPrecise.InferLabelForElement recorded 6 samples, mean = 0.0 (flags = 0x41)
0  ------O                                                                   (6 = 100.0%)
1  ... 

Histogram: Autofill.TimingPrecise.UpdateFormCache recorded 4 samples, mean = 1335.0 (flags = 0x41)
0     ... 
11    -O                                                                        (1 = 25.0%) {0.0%}
13    -O                                                                        (1 = 25.0%) {25.0%}
15    ... 
60    -O                                                                        (1 = 25.0%) {50.0%}
68    ... 
4872  -O                                                                        (1 = 25.0%) {75.0%}
5548  ... 

Histogram: Autofill.TimingPrecise.UpdateFormCache.UpdateFormCache recorded 4 samples, mean = 1335.0 (flags = 0x41)
0     ... 
11    -O                                                                        (1 = 25.0%) {0.0%}
13    -O                                                                        (1 = 25.0%) {25.0%}
15    ... 
60    -O                                                                        (1 = 25.0%) {50.0%}
68    ... 
4872  -O                                                                        (1 = 25.0%) {75.0%}
5548  ... 

Histogram: Autofill.VirtualCardUsageData.StoredUsageDataCount recorded 1 samples, mean = 0.0 (flags = 0x41)
0  -O                                                                        (1 = 100.0%)
1  ... 

Histogram: Blink.CSSStyleSheetResource.ParseTime recorded 8 samples, mean = 3674.6 (flags = 0x41)
0      ... 
55     -O                                                                        (1 = 12.5%) {0.0%}
76     O                                                                         (0 = 0.0%) {12.5%}
105    ---O                                                                      (3 = 37.5%) {12.5%}
146    ... 
2786   --O                                                                       (2 = 25.0%) {50.0%}
3865   ... 
10321  --O                                                                       (2 = 25.0%) {75.0%}
14319  ... 

Histogram: Blink.CommitDocumentLoaderTime recorded 7 samples, mean = 50.4 (flags = 0x41)
0    --O                                                                       (2 = 28.6%)
1    --O                                                                       (2 = 28.6%) {28.6%}
2    ... 
8    -O                                                                        (1 = 14.3%) {57.1%}
10   ... 
57   -O                                                                        (1 = 14.3%) {71.4%}
68   ... 
268  -O                                                                        (1 = 14.3%) {85.7%}
318  ... 

Histogram: Blink.CookiesTime recorded 21 samples, mean = 8.0 (flags = 0x41)
0    --------------------O                                                     (20 = 95.2%)
1    ... 
160  -O                                                                        (1 = 4.8%) {95.2%}
190  ... 

Histogram: Blink.CullRect.UpdateTime recorded 16 samples, mean = 93.9 (flags = 0x41)
0     -O                                                                        (1 = 6.2%)
1     -----O                                                                    (5 = 31.2%) {6.2%}
2     -O                                                                        (1 = 6.2%) {37.5%}
3     O                                                                         (0 = 0.0%) {43.8%}
4     -O                                                                        (1 = 6.2%) {43.8%}
6     -O                                                                        (1 = 6.2%) {50.0%}
8     O                                                                         (0 = 0.0%) {56.2%}
11    ---O                                                                      (3 = 18.8%) {56.2%}
15    --O                                                                       (2 = 12.5%) {75.0%}
21    -O                                                                        (1 = 6.2%) {87.5%}
29    ... 
1043  -O                                                                        (1 = 6.2%) {93.8%}
1447  ... 

Histogram: Blink.DocumentLoader.CommitNavigationToStartLoadingResponse.Time.OutermostMainFrame.NewNavigation.IsHTTPOrHTTPS recorded 1 samples, mean = 17.0 (flags = 0x41)
0   ... 
17  -O                                                                        (1 = 100.0%) {0.0%}
20  ... 

Histogram: Blink.DocumentLoader.CreateParserPostCommit.Time.OutermostMainFrame.NewNavigation.IsHTTPOrHTTPS recorded 1 samples, mean = 37.0 (flags = 0x41)
0   ... 
34  -O                                                                        (1 = 100.0%) {0.0%}
40  ... 

Histogram: Blink.Experimental.Cookies.CacheLookupResult2 recorded 21 samples, mean = 0.9 (flags = 0x41)
0  --O                                                                       (2 = 9.5%)
1  -------------------O                                                      (19 = 90.5%) {9.5%}
2  ... 

Histogram: Blink.Experimental.Cookies.FirstCookieRequest recorded 2 samples, mean = 1.0 (flags = 0x41)
0  O                                                                         (0 = 0.0%)
1  --O                                                                       (2 = 100.0%) {0.0%}
2  ... 

Histogram: Blink.Fetch.RequestResourceTime2 recorded 127 samples, mean = 389.0 (flags = 0x41)
0      ... 
8      -O                                                                        (1 = 0.8%) {0.0%}
11     ------------------------------O                                           (30 = 23.6%) {0.8%}
15     ----------O                                                               (10 = 7.9%) {24.4%}
21     --------------O                                                           (14 = 11.0%) {32.3%}
29     ----O                                                                     (4 = 3.1%) {43.3%}
40     --------O                                                                 (8 = 6.3%) {46.5%}
55     --------------------O                                                     (20 = 15.7%) {52.8%}
76     ---------O                                                                (9 = 7.1%) {68.5%}
105    -----------O                                                              (11 = 8.7%) {75.6%}
146    ---O                                                                      (3 = 2.4%) {84.3%}
203    ---------O                                                                (9 = 7.1%) {86.6%}
282    ---O                                                                      (3 = 2.4%) {93.7%}
391    ... 
752    -O                                                                        (1 = 0.8%) {96.1%}
1043   O                                                                         (0 = 0.0%) {96.9%}
1447   -O                                                                        (1 = 0.8%) {96.9%}
2008   ... 
3865   -O                                                                        (1 = 0.8%) {97.6%}
5362   O                                                                         (0 = 0.0%) {98.4%}
7439   -O                                                                        (1 = 0.8%) {98.4%}
10321  ... 
19866  -O                                                                        (1 = 0.8%) {99.2%}
27562  ... 

Histogram: Blink.Fetch.RequestResourceTime2.Preload recorded 41 samples, mean = 253.5 (flags = 0x41)
0     ... 
11    --O                                                                       (2 = 4.9%) {0.0%}
15    -O                                                                        (1 = 2.4%) {4.9%}
21    -O                                                                        (1 = 2.4%) {7.3%}
29    -O                                                                        (1 = 2.4%) {9.8%}
40    ---O                                                                      (3 = 7.3%) {12.2%}
55    --------------O                                                           (14 = 34.1%) {19.5%}
76    ------O                                                                   (6 = 14.6%) {53.7%}
105   ----O                                                                     (4 = 9.8%) {68.3%}
146   --O                                                                       (2 = 4.9%) {78.0%}
203   ----O                                                                     (4 = 9.8%) {82.9%}
282   -O                                                                        (1 = 2.4%) {92.7%}
391   ... 
1447  -O                                                                        (1 = 2.4%) {95.1%}
2008  ... 
3865  -O                                                                        (1 = 2.4%) {97.6%}
5362  ... 

Histogram: Blink.FetchQueuedPreloadsTime.MainFrame.Initial recorded 1 samples, mean = 5.0 (flags = 0x41)
0  ... 
5  -O                                                                        (1 = 100.0%) {0.0%}
6  ... 

Histogram: Blink.Fonts.DecodeTime recorded 5 samples, mean = 8144.4 (flags = 0x41)
0      ... 
2786   ---O                                                                      (3 = 60.0%) {0.0%}
3865   O                                                                         (0 = 0.0%) {60.0%}
5362   -O                                                                        (1 = 20.0%) {60.0%}
7439   ... 
19866  -O                                                                        (1 = 20.0%) {80.0%}
27562  ... 

Histogram: Blink.Fonts.VariableFontsRatio recorded 5 samples, mean = 1.2 (flags = 0x41)
0  O                                                                         (0 = 0.0%)
1  ----O                                                                     (4 = 80.0%) {0.0%}
2  -O                                                                        (1 = 20.0%) {80.0%}
3  ... 

Histogram: Blink.ForcedStyleAndLayout.UpdateTime.PreFCP recorded 2 samples, mean = 28.0 (flags = 0x41)
0   ... 
11  -O                                                                        (1 = 50.0%) {0.0%}
15  ... 
40  -O                                                                        (1 = 50.0%) {50.0%}
55  ... 

Histogram: Blink.HTMLFastPathParser.AbortedParseSize recorded 27 samples, mean = 1.6 (flags = 0x41)
0  -----O                                                                    (5 = 18.5%)
1  O                                                                         (0 = 0.0%) {18.5%}
2  ----------------------O                                                   (22 = 81.5%) {18.5%}
3  ... 

Histogram: Blink.HTMLFastPathParser.AbortedParseTime2 recorded 27 samples, mean = 1.6 (flags = 0x41)
0   ------------O                                                             (12 = 44.4%)
1   -------O                                                                  (7 = 25.9%) {44.4%}
2   ------O                                                                   (6 = 22.2%) {70.4%}
3   ... 
5   -O                                                                        (1 = 3.7%) {92.6%}
6   ... 
18  -O                                                                        (1 = 3.7%) {96.3%}
19  ... 

Histogram: Blink.HTMLFastPathParser.ParseResult recorded 53 samples, mean = 7.8 (flags = 0x41)
0   --------------------------O                                               (26 = 49.1%)
1   ... 
4   -----O                                                                    (5 = 9.4%) {49.1%}
5   ... 
18  ----------------------O                                                   (22 = 41.5%) {58.5%}
19  ... 

Histogram: Blink.HTMLFastPathParser.SuccessfulParseSize recorded 26 samples, mean = 331.4 (flags = 0x41)
0    ... 
146  ---O                                                                      (3 = 11.5%) {0.0%}
203  ------O                                                                   (6 = 23.1%) {11.5%}
282  ----------O                                                               (10 = 38.5%) {34.6%}
391  -------O                                                                  (7 = 26.9%) {73.1%}
542  ... 

Histogram: Blink.HTMLFastPathParser.SuccessfulParseTime2 recorded 26 samples, mean = 86.3 (flags = 0x41)
0     -O                                                                        (1 = 3.8%)
1     ------O                                                                   (6 = 23.1%) {3.8%}
2     -------O                                                                  (7 = 26.9%) {26.9%}
3     ----O                                                                     (4 = 15.4%) {53.8%}
4     --O                                                                       (2 = 7.7%) {69.2%}
5     -O                                                                        (1 = 3.8%) {76.9%}
6     ... 
11    --O                                                                       (2 = 7.7%) {80.8%}
12    O                                                                         (0 = 0.0%) {88.5%}
13    -O                                                                        (1 = 3.8%) {88.5%}
14    ... 
705   -O                                                                        (1 = 3.8%) {92.3%}
762   ... 
1422  -O                                                                        (1 = 3.8%) {96.2%}
1537  ... 

Histogram: Blink.HTMLFastPathParser.TotalParseTime2 recorded 53 samples, mean = 53.2 (flags = 0x41)
0     O                                                                         (0 = 0.0%)
1     ------O                                                                   (6 = 11.3%) {0.0%}
2     -----O                                                                    (5 = 9.4%) {11.3%}
3     ------O                                                                   (6 = 11.3%) {20.8%}
4     ---O                                                                      (3 = 5.7%) {32.1%}
5     -------O                                                                  (7 = 13.2%) {37.7%}
6     ---O                                                                      (3 = 5.7%) {50.9%}
7     ... 
9     --O                                                                       (2 = 3.8%) {56.6%}
10    O                                                                         (0 = 0.0%) {60.4%}
11    -O                                                                        (1 = 1.9%) {60.4%}
12    -O                                                                        (1 = 1.9%) {62.3%}
13    -O                                                                        (1 = 1.9%) {64.2%}
14    -O                                                                        (1 = 1.9%) {66.0%}
15    O                                                                         (0 = 0.0%) {67.9%}
16    --O                                                                       (2 = 3.8%) {67.9%}
17    --O                                                                       (2 = 3.8%) {71.7%}
18    -O                                                                        (1 = 1.9%) {75.5%}
19    O                                                                         (0 = 0.0%) {77.4%}
21    -O                                                                        (1 = 1.9%) {77.4%}
23    ... 
29    -O                                                                        (1 = 1.9%) {79.2%}
31    -O                                                                        (1 = 1.9%) {81.1%}
34    --O                                                                       (2 = 3.8%) {83.0%}
37    -O                                                                        (1 = 1.9%) {86.8%}
40    ... 
46    --O                                                                       (2 = 3.8%) {88.7%}
50    O                                                                         (0 = 0.0%) {92.5%}
54    -O                                                                        (1 = 1.9%) {92.5%}
58    -O                                                                        (1 = 1.9%) {94.3%}
63    ... 
705   -O                                                                        (1 = 1.9%) {96.2%}
762   ... 
1422  -O                                                                        (1 = 1.9%) {98.1%}
1537  ... 

Histogram: Blink.HTMLParsing.ChunkCount4 recorded 1 samples, mean = 2.0 (flags = 0x41)
0  ... 
2  -O                                                                        (1 = 100.0%) {0.0%}
3  ... 

Histogram: Blink.HTMLParsing.InputCharacterCount4 recorded 1 samples, mean = 158292.0 (flags = 0x41)
0       ... 
141691  -O                                                                        (1 = 100.0%) {0.0%}
196583  ... 

Histogram: Blink.HTMLParsing.ParsingTimeMax4 recorded 1 samples, mean = 16155.0 (flags = 0x41)
0      ... 
16026  -O                                                                        (1 = 100.0%) {0.0%}
16274  ... 

Histogram: Blink.HTMLParsing.ParsingTimeMin4 recorded 1 samples, mean = 2014.0 (flags = 0x41)
0     ... 
1963  -O                                                                        (1 = 100.0%) {0.0%}
2235  ... 

Histogram: Blink.HTMLParsing.ParsingTimeTotal4 recorded 1 samples, mean = 18169.0 (flags = 0x41)
0      ... 
18116  -O                                                                        (1 = 100.0%) {0.0%}
18396  ... 

Histogram: Blink.HTMLParsing.PreloadRequestCount recorded 1 samples, mean = 33.0 (flags = 0x41)
0   ... 
33  -O                                                                        (1 = 100.0%) {0.0%}
37  ... 

Histogram: Blink.HTMLParsing.TimeToDeferredPumpTokenizer4 recorded 1 samples, mean = 2234.0 (flags = 0x41)
0     ... 
1963  -O                                                                        (1 = 100.0%) {0.0%}
2235  ... 

Histogram: Blink.HTMLParsing.TokensParsedAverage4 recorded 1 samples, mean = 63.0 (flags = 0x41)
0   ... 
49  -O                                                                        (1 = 100.0%) {0.0%}
65  ... 

Histogram: Blink.HTMLParsing.TokensParsedMax4 recorded 1 samples, mean = 109.0 (flags = 0x41)
0   ... 
86  -O                                                                        (1 = 100.0%) {0.0%}
113 ... 

Histogram: Blink.HTMLParsing.TokensParsedMin4 recorded 1 samples, mean = 18.0 (flags = 0x41)
0   ... 
17  -O                                                                        (1 = 100.0%) {0.0%}
20  ... 

Histogram: Blink.HTMLParsing.TokensParsedTotal4 recorded 1 samples, mean = 127.0 (flags = 0x41)
0    ... 
105  -O                                                                        (1 = 100.0%) {0.0%}
146  ... 

Histogram: Blink.HTMLParsing.YieldedTimeAverage4 recorded 1 samples, mean = 1194.0 (flags = 0x41)
0     ... 
1088  -O                                                                        (1 = 100.0%) {0.0%}
1270  ... 

Histogram: Blink.HTMLParsing.YieldedTimeMax4 recorded 1 samples, mean = 2239.0 (flags = 0x41)
0     ... 
2220  -O                                                                        (1 = 100.0%) {0.0%}
2254  ... 

Histogram: Blink.HTMLParsing.YieldedTimeMin4 recorded 1 samples, mean = 150.0 (flags = 0x41)
0    ... 
146  -O                                                                        (1 = 100.0%) {0.0%}
170  ... 

Histogram: Blink.History.VisitedLinks.IsLinkStyledAsVisited recorded 64 samples, mean = 0.0 (flags = 0x41)
0  ----------------------------------------------------------------O         (64 = 100.0%)
1  ... 

Histogram: Blink.JavascriptDocumentUpdate.UpdateTime.PreFCP recorded 1 samples, mean = 45.0 (flags = 0x41)
0   ... 
40  -O                                                                        (1 = 100.0%) {0.0%}
55  ... 

Histogram: Blink.Layout.InlineNode.ShapeText.MaxTime.InOutermostMainFrame3 recorded 1 samples, mean = 10472.0 (flags = 0x41)
0      ... 
10321  -O                                                                        (1 = 100.0%) {0.0%}
14319  ... 

Histogram: Blink.Layout.InlineNode.ShapeText.TotalTime.InOutermostMainFrame3 recorded 1 samples, mean = 17128.0 (flags = 0x41)
0      ... 
14319  -O                                                                        (1 = 100.0%) {0.0%}
19866  ... 

Histogram: Blink.Layout.SVGImage.Count.InOutermostMainFrame recorded 1 samples, mean = 0.0 (flags = 0x41)
0  -O                                                                        (1 = 100.0%)
1  ... 

Histogram: Blink.Layout.SVGImage.TotalTime.InOutermostMainFrame recorded 1 samples, mean = 0.0 (flags = 0x41)
0  -O                                                                        (1 = 100.0%)
1  ... 

Histogram: Blink.MainFrame.UpdateTime.PreFCP recorded 16 samples, mean = 12749.3 (flags = 0x41)
0       ... 
105     --O                                                                       (2 = 12.5%) {0.0%}
146     --O                                                                       (2 = 12.5%) {12.5%}
203     O                                                                         (0 = 0.0%) {25.0%}
282     --O                                                                       (2 = 12.5%) {25.0%}
391     ... 
752     -O                                                                        (1 = 6.2%) {37.5%}
1043    -O                                                                        (1 = 6.2%) {43.8%}
1447    O                                                                         (0 = 0.0%) {50.0%}
2008    -O                                                                        (1 = 6.2%) {50.0%}
2786    ---O                                                                      (3 = 18.8%) {56.2%}
3865    O                                                                         (0 = 0.0%) {75.0%}
5362    -O                                                                        (1 = 6.2%) {75.0%}
7439    -O                                                                        (1 = 6.2%) {81.2%}
10321   ... 
53055   -O                                                                        (1 = 6.2%) {87.5%}
73609   O                                                                         (0 = 0.0%) {93.8%}
102126  -O                                                                        (1 = 6.2%) {93.8%}
141691  ... 

Histogram: Blink.MemoryCache.RevalidationPolicy.AsyncScript recorded 48 samples, mean = 1.6 (flags = 0x41)
0  -----------------------O                                                  (23 = 47.9%)
1  ... 
3  -------------------------O                                                (25 = 52.1%) {47.9%}
4  ... 

Histogram: Blink.MemoryCache.RevalidationPolicy.CSSStyleSheet recorded 8 samples, mean = 0.0 (flags = 0x41)
0  --------O                                                                 (8 = 100.0%)
1  ... 

Histogram: Blink.MemoryCache.RevalidationPolicy.Dead.CSSStyleSheet recorded 1 samples, mean = 0.0 (flags = 0x41)
0  -O                                                                        (1 = 100.0%)
1  ... 

Histogram: Blink.MemoryCache.RevalidationPolicy.Dead.Font recorded 2 samples, mean = 0.0 (flags = 0x41)
0  --O                                                                       (2 = 100.0%)
1  ... 

Histogram: Blink.MemoryCache.RevalidationPolicy.Dead.Script recorded 22 samples, mean = 0.0 (flags = 0x41)
0  ----------------------O                                                   (22 = 100.0%)
1  ... 

Histogram: Blink.MemoryCache.RevalidationPolicy.Font recorded 23 samples, mean = 4.0 (flags = 0x41)
0  -O                                                                        (1 = 4.3%)
1  ... 
4  ------------------O                                                       (18 = 78.3%) {4.3%}
5  ----O                                                                     (4 = 17.4%) {82.6%}
6  O                                                                         (0 = 0.0%) {100.0%}

Histogram: Blink.MemoryCache.RevalidationPolicy.Image recorded 27 samples, mean = 4.0 (flags = 0x41)
0  ... 
3  -O                                                                        (1 = 3.7%) {0.0%}
4  --------------------------O                                               (26 = 96.3%) {3.7%}
5  ... 

Histogram: Blink.MemoryCache.RevalidationPolicy.Manifest recorded 1 samples, mean = 3.0 (flags = 0x41)
0  ... 
3  -O                                                                        (1 = 100.0%) {0.0%}
4  ... 

Histogram: Blink.MemoryCache.RevalidationPolicy.Preload.CSSStyleSheet recorded 15 samples, mean = 1.6 (flags = 0x41)
0  -------O                                                                  (7 = 46.7%)
1  ... 
3  --------O                                                                 (8 = 53.3%) {46.7%}
4  ... 

Histogram: Blink.MemoryCache.RevalidationPolicy.Preload.Font recorded 2 samples, mean = 1.5 (flags = 0x41)
0  -O                                                                        (1 = 50.0%)
1  ... 
3  -O                                                                        (1 = 50.0%) {50.0%}
4  ... 

Histogram: Blink.MemoryCache.RevalidationPolicy.Preload.Script recorded 24 samples, mean = 2.8 (flags = 0x41)
0  --O                                                                       (2 = 8.3%)
1  ... 
3  ----------------------O                                                   (22 = 91.7%) {8.3%}
4  ... 

Histogram: Blink.MemoryCache.RevalidationPolicy.Raw recorded 5 samples, mean = 3.0 (flags = 0x41)
0  ... 
3  -----O                                                                    (5 = 100.0%) {0.0%}
4  ... 

Histogram: Blink.MemoryCache.RevalidationPolicy.Script recorded 26 samples, mean = 0.5 (flags = 0x41)
0  ----------------------O                                                   (22 = 84.6%)
1  ... 
3  ----O                                                                     (4 = 15.4%) {84.6%}
4  ... 

Histogram: Blink.PreloadRequestStartDuration recorded 41 samples, mean = 308.9 (flags = 0x41)
0     ... 
11    --O                                                                       (2 = 4.9%) {0.0%}
15    -O                                                                        (1 = 2.4%) {4.9%}
21    -O                                                                        (1 = 2.4%) {7.3%}
29    -O                                                                        (1 = 2.4%) {9.8%}
40    --O                                                                       (2 = 4.9%) {12.2%}
55    ---------------O                                                          (15 = 36.6%) {17.1%}
76    ------O                                                                   (6 = 14.6%) {53.7%}
105   ----O                                                                     (4 = 9.8%) {68.3%}
146   --O                                                                       (2 = 4.9%) {78.0%}
203   ----O                                                                     (4 = 9.8%) {82.9%}
282   ... 
752   -O                                                                        (1 = 2.4%) {92.7%}
1043  ... 
2008  -O                                                                        (1 = 2.4%) {95.1%}
2786  ... 
5362  -O                                                                        (1 = 2.4%) {97.6%}
7439  ... 

Histogram: Blink.PreloadRequestWaitTime recorded 31 samples, mean = 8.9 (flags = 0x41)
0   ... 
6   -O                                                                        (1 = 3.2%) {0.0%}
7   ----------O                                                               (10 = 32.3%) {3.2%}
8   ---O                                                                      (3 = 9.7%) {35.5%}
10  -----------------O                                                        (17 = 54.8%) {45.2%}
12  ... 

Histogram: Blink.PrepareToStopParsingTime recorded 34 samples, mean = 23.2 (flags = 0x41)
0    -------------------------------O                                          (31 = 91.2%)
1    ... 
8    -O                                                                        (1 = 2.9%) {91.2%}
10   ... 
48   -O                                                                        (1 = 2.9%) {94.1%}
57   ... 
633  -O                                                                        (1 = 2.9%) {97.1%}
752  ... 

Histogram: Blink.PumpTokenizerTime recorded 69 samples, mean = 2.1 (flags = 0x41)
0   --------------------------------------------------------------O           (62 = 89.9%)
1   O                                                                         (0 = 0.0%) {89.9%}
2   -O                                                                        (1 = 1.4%) {89.9%}
3   ... 
10  -O                                                                        (1 = 1.4%) {91.3%}
12  -O                                                                        (1 = 1.4%) {92.8%}
14  O                                                                         (0 = 0.0%) {94.2%}
17  -O                                                                        (1 = 1.4%) {94.2%}
20  O                                                                         (0 = 0.0%) {95.7%}
24  -O                                                                        (1 = 1.4%) {95.7%}
29  -O                                                                        (1 = 1.4%) {97.1%}
34  O                                                                         (0 = 0.0%) {98.6%}
40  -O                                                                        (1 = 1.4%) {98.6%}
48  ... 

Histogram: Blink.ResourceRequest.BackgroundResourceFetchSupportStatus recorded 46 samples, mean = 0.1 (flags = 0x41)
0  --------------------------------------------O                             (44 = 95.7%)
1  O                                                                         (0 = 0.0%) {95.7%}
2  --O                                                                       (2 = 4.3%) {95.7%}
3  ... 

Histogram: Blink.ResourceRequest.CompletionDelay2 recorded 46 samples, mean = 58.7 (flags = 0x41)
0    ------------O                                                             (12 = 26.1%)
1    -----O                                                                    (5 = 10.9%) {26.1%}
2    ------O                                                                   (6 = 13.0%) {37.0%}
3    O                                                                         (0 = 0.0%) {50.0%}
4    -O                                                                        (1 = 2.2%) {50.0%}
5    O                                                                         (0 = 0.0%) {52.2%}
6    -O                                                                        (1 = 2.2%) {52.2%}
7    O                                                                         (0 = 0.0%) {54.3%}
8    -O                                                                        (1 = 2.2%) {54.3%}
10   --O                                                                       (2 = 4.3%) {56.5%}
12   ----O                                                                     (4 = 8.7%) {60.9%}
14   -----O                                                                    (5 = 10.9%) {69.6%}
17   ... 
24   -O                                                                        (1 = 2.2%) {80.4%}
29   O                                                                         (0 = 0.0%) {82.6%}
34   -O                                                                        (1 = 2.2%) {82.6%}
40   ... 
68   -O                                                                        (1 = 2.2%) {84.8%}
81   ... 
190  -O                                                                        (1 = 2.2%) {87.0%}
226  ... 
378  ----O                                                                     (4 = 8.7%) {89.1%}
449  ... 
633  -O                                                                        (1 = 2.2%) {97.8%}
752  ... 

Histogram: Blink.ResourceRequest.RedirectDelay2 recorded 2 samples, mean = 42.0 (flags = 0x41)
0   -O                                                                        (1 = 50.0%)
1   ... 
81  -O                                                                        (1 = 50.0%) {50.0%}
96  ... 

Histogram: Blink.ResourceRequest.ResponseDelay2 recorded 46 samples, mean = 88.9 (flags = 0x41)
0    -------------O                                                            (13 = 28.3%)
1    -O                                                                        (1 = 2.2%) {28.3%}
2    O                                                                         (0 = 0.0%) {30.4%}
3    -O                                                                        (1 = 2.2%) {30.4%}
4    ... 
7    -O                                                                        (1 = 2.2%) {32.6%}
8    ... 
29   -O                                                                        (1 = 2.2%) {34.8%}
34   -O                                                                        (1 = 2.2%) {37.0%}
40   O                                                                         (0 = 0.0%) {39.1%}
48   -O                                                                        (1 = 2.2%) {39.1%}
57   -------O                                                                  (7 = 15.2%) {41.3%}
68   ------------O                                                             (12 = 26.1%) {56.5%}
81   -O                                                                        (1 = 2.2%) {82.6%}
96   -O                                                                        (1 = 2.2%) {84.8%}
114  ... 
190  -O                                                                        (1 = 2.2%) {87.0%}
226  ... 
378  ----O                                                                     (4 = 8.7%) {89.1%}
449  ... 
633  -O                                                                        (1 = 2.2%) {97.8%}
752  ... 

Histogram: Blink.ResourceRequest.StartDelay2 recorded 46 samples, mean = 1840.8 (flags = 0x41)
0     ... 
226   --O                                                                       (2 = 4.3%) {0.0%}
268   --O                                                                       (2 = 4.3%) {4.3%}
318   --O                                                                       (2 = 4.3%) {8.7%}
378   O                                                                         (0 = 0.0%) {13.0%}
449   -----O                                                                    (5 = 10.9%) {13.0%}
533   O                                                                         (0 = 0.0%) {23.9%}
633   -O                                                                        (1 = 2.2%) {23.9%}
752   -O                                                                        (1 = 2.2%) {26.1%}
894   O                                                                         (0 = 0.0%) {28.3%}
1062  ---O                                                                      (3 = 6.5%) {28.3%}
1262  -O                                                                        (1 = 2.2%) {34.8%}
1500  ... 
2117  -O                                                                        (1 = 2.2%) {37.0%}
2516  ----------------------------O                                             (28 = 60.9%) {39.1%}
2990  ... 

Histogram: Blink.ScanAndPreloadTime.MainFrame.Initial recorded 1 samples, mean = 13.0 (flags = 0x41)
0   ... 
12  -O                                                                        (1 = 100.0%) {0.0%}
14  ... 

Histogram: Blink.ScanAndPreloadTime.MainFrame.NonInitial recorded 1 samples, mean = 0.0 (flags = 0x41)
0  -O                                                                        (1 = 100.0%)
1  ... 

Histogram: Blink.ScanAndPreloadTime2.MainFrame.Initial recorded 1 samples, mean = 13497.0 (flags = 0x41)
0      ... 
10321  -O                                                                        (1 = 100.0%) {0.0%}
14319  ... 

Histogram: Blink.ScanAndPreloadTime2.MainFrame.NonInitial recorded 1 samples, mean = 11.0 (flags = 0x41)
0   ... 
11  -O                                                                        (1 = 100.0%) {0.0%}
15  ... 

Histogram: Blink.ScanAndPreloadTime2.Preload.MainFrame.Initial recorded 1 samples, mean = 5978.0 (flags = 0x41)
0     ... 
5362  -O                                                                        (1 = 100.0%) {0.0%}
7439  ... 

Histogram: Blink.ScanAndPreloadTime2.Preload.MainFrame.NonInitial recorded 1 samples, mean = 0.0 (flags = 0x41)
0  -O                                                                        (1 = 100.0%)
1  ... 

Histogram: Blink.ScanAndPreloadTime2.Scan.MainFrame.Initial recorded 1 samples, mean = 7434.0 (flags = 0x41)
0     ... 
5362  -O                                                                        (1 = 100.0%) {0.0%}
7439  ... 

Histogram: Blink.ScanAndPreloadTime2.Scan.MainFrame.NonInitial recorded 1 samples, mean = 1.0 (flags = 0x41)
0  O                                                                         (0 = 0.0%)
1  -O                                                                        (1 = 100.0%) {0.0%}
2  ... 

Histogram: Blink.Script.AsyncScript.FromReadyToStartExecution.Time recorded 26 samples, mean = 13.6 (flags = 0x41)
0    --------------------O                                                     (20 = 76.9%)
1    ... 
4    --O                                                                       (2 = 7.7%) {76.9%}
5    O                                                                         (0 = 0.0%) {84.6%}
6    -O                                                                        (1 = 3.8%) {84.6%}
8    ... 
13   -O                                                                        (1 = 3.8%) {88.5%}
16   ... 
136  --O                                                                       (2 = 7.7%) {92.3%}
173  ... 

Histogram: Blink.Script.SchedulingType recorded 41 samples, mean = 5.3 (flags = 0x41)
0  ... 
3  -O                                                                        (1 = 2.4%) {0.0%}
4  O                                                                         (0 = 0.0%) {2.4%}
5  -------------------------O                                                (25 = 61.0%) {2.4%}
6  ---------------O                                                          (15 = 36.6%) {63.4%}
7  ... 

Histogram: Blink.UseCounter.AnimatedCSSProperties recorded 1 samples, mean = 1.0 (flags = 0x41)
0  O                                                                         (0 = 0.0%)
1  -O                                                                        (1 = 100.0%) {0.0%}
2  ... 

Histogram: Blink.UseCounter.CSSProperties recorded 96 samples, mean = 275.0 (flags = 0x41)
0    O                                                                         (0 = 0.0%)
1    -O                                                                        (1 = 1.0%) {0.0%}
2    -O                                                                        (1 = 1.0%) {1.0%}
3    -O                                                                        (1 = 1.0%) {2.1%}
4    -O                                                                        (1 = 1.0%) {3.1%}
5    -O                                                                        (1 = 1.0%) {4.2%}
6    -O                                                                        (1 = 1.0%) {5.2%}
7    -O                                                                        (1 = 1.0%) {6.2%}
8    -O                                                                        (1 = 1.0%) {7.3%}
9    O                                                                         (0 = 0.0%) {8.3%}
10   -O                                                                        (1 = 1.0%) {8.3%}
11   ... 
14   -O                                                                        (1 = 1.0%) {9.4%}
15   ... 
20   -O                                                                        (1 = 1.0%) {10.4%}
21   -O                                                                        (1 = 1.0%) {11.5%}
22   ... 
24   -O                                                                        (1 = 1.0%) {12.5%}
25   ... 
34   -O                                                                        (1 = 1.0%) {13.5%}
35   ... 
42   -O                                                                        (1 = 1.0%) {14.6%}
43   ... 
53   -O                                                                        (1 = 1.0%) {15.6%}
54   ... 
59   -O                                                                        (1 = 1.0%) {16.7%}
60   ... 
66   -O                                                                        (1 = 1.0%) {17.7%}
67   ... 
69   -O                                                                        (1 = 1.0%) {18.8%}
70   ... 
72   -O                                                                        (1 = 1.0%) {19.8%}
73   O                                                                         (0 = 0.0%) {20.8%}
74   -O                                                                        (1 = 1.0%) {20.8%}
75   ... 
77   -O                                                                        (1 = 1.0%) {21.9%}
78   ... 
81   -O                                                                        (1 = 1.0%) {22.9%}
82   ... 
84   -O                                                                        (1 = 1.0%) {24.0%}
85   ... 
89   -O                                                                        (1 = 1.0%) {25.0%}
90   ... 
95   -O                                                                        (1 = 1.0%) {26.0%}
96   -O                                                                        (1 = 1.0%) {27.1%}
97   -O                                                                        (1 = 1.0%) {28.1%}
98   -O                                                                        (1 = 1.0%) {29.2%}
99   O                                                                         (0 = 0.0%) {30.2%}
100  -O                                                                        (1 = 1.0%) {30.2%}
101  ... 
105  -O                                                                        (1 = 1.0%) {31.2%}
106  -O                                                                        (1 = 1.0%) {32.3%}
107  -O                                                                        (1 = 1.0%) {33.3%}
108  O                                                                         (0 = 0.0%) {34.4%}
109  -O                                                                        (1 = 1.0%) {34.4%}
110  ... 
118  -O                                                                        (1 = 1.0%) {35.4%}
119  -O                                                                        (1 = 1.0%) {36.5%}
120  ... 
124  -O                                                                        (1 = 1.0%) {37.5%}
125  ... 
127  -O                                                                        (1 = 1.0%) {38.5%}
128  -O                                                                        (1 = 1.0%) {39.6%}
129  -O                                                                        (1 = 1.0%) {40.6%}
130  ... 
143  -O                                                                        (1 = 1.0%) {41.7%}
144  ... 
150  -O                                                                        (1 = 1.0%) {42.7%}
151  O                                                                         (0 = 0.0%) {43.8%}
152  -O                                                                        (1 = 1.0%) {43.8%}
153  -O                                                                        (1 = 1.0%) {44.8%}
154  -O                                                                        (1 = 1.0%) {45.8%}
155  O                                                                         (0 = 0.0%) {46.9%}
156  -O                                                                        (1 = 1.0%) {46.9%}
157  -O                                                                        (1 = 1.0%) {47.9%}
158  O                                                                         (0 = 0.0%) {49.0%}
159  -O                                                                        (1 = 1.0%) {49.0%}
160  O                                                                         (0 = 0.0%) {50.0%}
161  -O                                                                        (1 = 1.0%) {50.0%}
162  ... 
164  -O                                                                        (1 = 1.0%) {51.0%}
165  -O                                                                        (1 = 1.0%) {52.1%}
166  ... 
175  -O                                                                        (1 = 1.0%) {53.1%}
176  ... 
231  -O                                                                        (1 = 1.0%) {54.2%}
232  -O                                                                        (1 = 1.0%) {55.2%}
233  O                                                                         (0 = 0.0%) {56.2%}
234  -O                                                                        (1 = 1.0%) {56.2%}
235  -O                                                                        (1 = 1.0%) {57.3%}
236  O                                                                         (0 = 0.0%) {58.3%}
237  -O                                                                        (1 = 1.0%) {58.3%}
238  -O                                                                        (1 = 1.0%) {59.4%}
239  -O                                                                        (1 = 1.0%) {60.4%}
240  -O                                                                        (1 = 1.0%) {61.5%}
241  O                                                                         (0 = 0.0%) {62.5%}
242  -O                                                                        (1 = 1.0%) {62.5%}
243  ... 
303  -O                                                                        (1 = 1.0%) {63.5%}
304  ... 
369  -O                                                                        (1 = 1.0%) {64.6%}
370  -O                                                                        (1 = 1.0%) {65.6%}
371  ... 
415  -O                                                                        (1 = 1.0%) {66.7%}
416  ... 
432  -O                                                                        (1 = 1.0%) {67.7%}
433  -O                                                                        (1 = 1.0%) {68.8%}
434  ... 
437  -O                                                                        (1 = 1.0%) {69.8%}
438  ... 
446  -O                                                                        (1 = 1.0%) {70.8%}
447  ... 
508  -O                                                                        (1 = 1.0%) {71.9%}
509  ... 
514  -O                                                                        (1 = 1.0%) {72.9%}
515  -O                                                                        (1 = 1.0%) {74.0%}
516  -O                                                                        (1 = 1.0%) {75.0%}
517  ... 
537  -O                                                                        (1 = 1.0%) {76.0%}
538  ... 
549  -O                                                                        (1 = 1.0%) {77.1%}
550  ... 
563  -O                                                                        (1 = 1.0%) {78.1%}
564  ... 
591  -O                                                                        (1 = 1.0%) {79.2%}
592  -O                                                                        (1 = 1.0%) {80.2%}
593  O                                                                         (0 = 0.0%) {81.2%}
594  -O                                                                        (1 = 1.0%) {81.2%}
595  -O                                                                        (1 = 1.0%) {82.3%}
596  ... 
598  -O                                                                        (1 = 1.0%) {83.3%}
599  -O                                                                        (1 = 1.0%) {84.4%}
600  ... 
618  -O                                                                        (1 = 1.0%) {85.4%}
619  -O                                                                        (1 = 1.0%) {86.5%}
620  -O                                                                        (1 = 1.0%) {87.5%}
621  -O                                                                        (1 = 1.0%) {88.5%}
622  ... 
636  -O                                                                        (1 = 1.0%) {89.6%}
637  ... 
657  -O                                                                        (1 = 1.0%) {90.6%}
658  -O                                                                        (1 = 1.0%) {91.7%}
659  ... 
662  -O                                                                        (1 = 1.0%) {92.7%}
663  ... 
672  -O                                                                        (1 = 1.0%) {93.8%}
673  -O                                                                        (1 = 1.0%) {94.8%}
674  O                                                                         (0 = 0.0%) {95.8%}
675  -O                                                                        (1 = 1.0%) {95.8%}
676  ... 
696  -O                                                                        (1 = 1.0%) {96.9%}
697  ... 
746  -O                                                                        (1 = 1.0%) {97.9%}
747  ... 
770  -O                                                                        (1 = 1.0%) {99.0%}
771  ... 

Histogram: Blink.UseCounter.Features recorded 181 samples, mean = 2242.8 (flags = 0x41)
0     ... 
13    -O                                                                        (1 = 0.6%) {0.0%}
14    ... 
16    -O                                                                        (1 = 0.6%) {0.6%}
17    ... 
52    -O                                                                        (1 = 0.6%) {1.1%}
53    ... 
69    -O                                                                        (1 = 0.6%) {1.7%}
70    ... 
123   -O                                                                        (1 = 0.6%) {2.2%}
124   -O                                                                        (1 = 0.6%) {2.8%}
125   -O                                                                        (1 = 0.6%) {3.3%}
126   ... 
138   -O                                                                        (1 = 0.6%) {3.9%}
139   ... 
240   -O                                                                        (1 = 0.6%) {4.4%}
241   ... 
250   -O                                                                        (1 = 0.6%) {5.0%}
251   ... 
429   -O                                                                        (1 = 0.6%) {5.5%}
430   -O                                                                        (1 = 0.6%) {6.1%}
431   -O                                                                        (1 = 0.6%) {6.6%}
432   -O                                                                        (1 = 0.6%) {7.2%}
433   ... 
469   -O                                                                        (1 = 0.6%) {7.7%}
470   ... 
494   -O                                                                        (1 = 0.6%) {8.3%}
495   ... 
522   -O                                                                        (1 = 0.6%) {8.8%}
523   -O                                                                        (1 = 0.6%) {9.4%}
524   -O                                                                        (1 = 0.6%) {9.9%}
525   ... 
540   -O                                                                        (1 = 0.6%) {10.5%}
541   ... 
587   -O                                                                        (1 = 0.6%) {11.0%}
588   -O                                                                        (1 = 0.6%) {11.6%}
589   ... 
675   -O                                                                        (1 = 0.6%) {12.2%}
676   ... 
710   -O                                                                        (1 = 0.6%) {12.7%}
711   -O                                                                        (1 = 0.6%) {13.3%}
712   -O                                                                        (1 = 0.6%) {13.8%}
713   ... 
717   -O                                                                        (1 = 0.6%) {14.4%}
718   ... 
730   -O                                                                        (1 = 0.6%) {14.9%}
731   ... 
744   -O                                                                        (1 = 0.6%) {15.5%}
745   ... 
780   -O                                                                        (1 = 0.6%) {16.0%}
781   -O                                                                        (1 = 0.6%) {16.6%}
782   ... 
786   -O                                                                        (1 = 0.6%) {17.1%}
787   -O                                                                        (1 = 0.6%) {17.7%}
788   ... 
804   -O                                                                        (1 = 0.6%) {18.2%}
805   ... 
900   -O                                                                        (1 = 0.6%) {18.8%}
901   -O                                                                        (1 = 0.6%) {19.3%}
902   ... 
907   -O                                                                        (1 = 0.6%) {19.9%}
908   ... 
954   -O                                                                        (1 = 0.6%) {20.4%}
955   ... 
970   -O                                                                        (1 = 0.6%) {21.0%}
971   O                                                                         (0 = 0.0%) {21.5%}
972   -O                                                                        (1 = 0.6%) {21.5%}
973   -O                                                                        (1 = 0.6%) {22.1%}
974   ... 
976   -O                                                                        (1 = 0.6%) {22.7%}
977   ... 
1023  -O                                                                        (1 = 0.6%) {23.2%}
1024  ... 
1069  -O                                                                        (1 = 0.6%) {23.8%}
1070  -O                                                                        (1 = 0.6%) {24.3%}
1071  ... 
1075  -O                                                                        (1 = 0.6%) {24.9%}
1076  -O                                                                        (1 = 0.6%) {25.4%}
1077  ... 
1124  -O                                                                        (1 = 0.6%) {26.0%}
1125  ... 
1302  -O                                                                        (1 = 0.6%) {26.5%}
1303  ... 
1347  -O                                                                        (1 = 0.6%) {27.1%}
1348  ... 
1351  -O                                                                        (1 = 0.6%) {27.6%}
1352  ... 
1354  -O                                                                        (1 = 0.6%) {28.2%}
1355  ... 
1368  -O                                                                        (1 = 0.6%) {28.7%}
1369  ... 
1417  -O                                                                        (1 = 0.6%) {29.3%}
1418  ... 
1441  -O                                                                        (1 = 0.6%) {29.8%}
1442  ... 
1458  -O                                                                        (1 = 0.6%) {30.4%}
1459  -O                                                                        (1 = 0.6%) {30.9%}
1460  ... 
1462  -O                                                                        (1 = 0.6%) {31.5%}
1463  -O                                                                        (1 = 0.6%) {32.0%}
1464  ... 
1467  -O                                                                        (1 = 0.6%) {32.6%}
1468  ... 
1502  -O                                                                        (1 = 0.6%) {33.1%}
1503  ... 
1692  -O                                                                        (1 = 0.6%) {33.7%}
1693  -O                                                                        (1 = 0.6%) {34.3%}
1694  ... 
1827  -O                                                                        (1 = 0.6%) {34.8%}
1828  ... 
2013  -O                                                                        (1 = 0.6%) {35.4%}
2014  ... 
2077  -O                                                                        (1 = 0.6%) {35.9%}
2078  ... 
2094  -O                                                                        (1 = 0.6%) {36.5%}
2095  O                                                                         (0 = 0.0%) {37.0%}
2096  -O                                                                        (1 = 0.6%) {37.0%}
2097  ... 
2100  -O                                                                        (1 = 0.6%) {37.6%}
2101  ... 
2112  -O                                                                        (1 = 0.6%) {38.1%}
2113  ... 
2121  -O                                                                        (1 = 0.6%) {38.7%}
2122  ... 
2157  -O                                                                        (1 = 0.6%) {39.2%}
2158  ... 
2188  -O                                                                        (1 = 0.6%) {39.8%}
2189  ... 
2191  -O                                                                        (1 = 0.6%) {40.3%}
2192  ... 
2195  -O                                                                        (1 = 0.6%) {40.9%}
2196  ... 
2203  -O                                                                        (1 = 0.6%) {41.4%}
2204  -O                                                                        (1 = 0.6%) {42.0%}
2205  ... 
2217  -O                                                                        (1 = 0.6%) {42.5%}
2218  ... 
2226  -O                                                                        (1 = 0.6%) {43.1%}
2227  O                                                                         (0 = 0.0%) {43.6%}
2228  -O                                                                        (1 = 0.6%) {43.6%}
2229  -O                                                                        (1 = 0.6%) {44.2%}
2230  ... 
2236  -O                                                                        (1 = 0.6%) {44.8%}
2237  ... 
2298  -O                                                                        (1 = 0.6%) {45.3%}
2299  ... 
2314  -O                                                                        (1 = 0.6%) {45.9%}
2315  ... 
2319  -O                                                                        (1 = 0.6%) {46.4%}
2320  ... 
2322  -O                                                                        (1 = 0.6%) {47.0%}
2323  ... 
2347  -O                                                                        (1 = 0.6%) {47.5%}
2348  ... 
2355  -O                                                                        (1 = 0.6%) {48.1%}
2356  ... 
2361  -O                                                                        (1 = 0.6%) {48.6%}
2362  ... 
2387  -O                                                                        (1 = 0.6%) {49.2%}
2388  -O                                                                        (1 = 0.6%) {49.7%}
2389  ... 
2399  -O                                                                        (1 = 0.6%) {50.3%}
2400  ... 
2413  -O                                                                        (1 = 0.6%) {50.8%}
2414  ... 
2429  -O                                                                        (1 = 0.6%) {51.4%}
2430  O                                                                         (0 = 0.0%) {51.9%}
2431  -O                                                                        (1 = 0.6%) {51.9%}
2432  ... 
2487  -O                                                                        (1 = 0.6%) {52.5%}
2488  ... 
2518  -O                                                                        (1 = 0.6%) {53.0%}
2519  ... 
2598  -O                                                                        (1 = 0.6%) {53.6%}
2599  ... 
2618  -O                                                                        (1 = 0.6%) {54.1%}
2619  ... 
2654  -O                                                                        (1 = 0.6%) {54.7%}
2655  -O                                                                        (1 = 0.6%) {55.2%}
2656  -O                                                                        (1 = 0.6%) {55.8%}
2657  -O                                                                        (1 = 0.6%) {56.4%}
2658  -O                                                                        (1 = 0.6%) {56.9%}
2659  -O                                                                        (1 = 0.6%) {57.5%}
2660  -O                                                                        (1 = 0.6%) {58.0%}
2661  -O                                                                        (1 = 0.6%) {58.6%}
2662  -O                                                                        (1 = 0.6%) {59.1%}
2663  -O                                                                        (1 = 0.6%) {59.7%}
2664  ... 
2699  -O                                                                        (1 = 0.6%) {60.2%}
2700  -O                                                                        (1 = 0.6%) {60.8%}
2701  -O                                                                        (1 = 0.6%) {61.3%}
2702  -O                                                                        (1 = 0.6%) {61.9%}
2703  -O                                                                        (1 = 0.6%) {62.4%}
2704  -O                                                                        (1 = 0.6%) {63.0%}
2705  -O                                                                        (1 = 0.6%) {63.5%}
2706  -O                                                                        (1 = 0.6%) {64.1%}
2707  -O                                                                        (1 = 0.6%) {64.6%}
2708  ... 
2710  -O                                                                        (1 = 0.6%) {65.2%}
2711  -O                                                                        (1 = 0.6%) {65.7%}
2712  ... 
2714  -O                                                                        (1 = 0.6%) {66.3%}
2715  -O                                                                        (1 = 0.6%) {66.9%}
2716  -O                                                                        (1 = 0.6%) {67.4%}
2717  ... 
2723  -O                                                                        (1 = 0.6%) {68.0%}
2724  ... 
2738  -O                                                                        (1 = 0.6%) {68.5%}
2739  ... 
2769  -O                                                                        (1 = 0.6%) {69.1%}
2770  ... 
2789  -O                                                                        (1 = 0.6%) {69.6%}
2790  -O                                                                        (1 = 0.6%) {70.2%}
2791  -O                                                                        (1 = 0.6%) {70.7%}
2792  -O                                                                        (1 = 0.6%) {71.3%}
2793  ... 
2841  -O                                                                        (1 = 0.6%) {71.8%}
2842  ... 
2903  -O                                                                        (1 = 0.6%) {72.4%}
2904  -O                                                                        (1 = 0.6%) {72.9%}
2905  ... 
2927  -O                                                                        (1 = 0.6%) {73.5%}
2928  ... 
2935  -O                                                                        (1 = 0.6%) {74.0%}
2936  ... 
3004  -O                                                                        (1 = 0.6%) {74.6%}
3005  ... 
3019  -O                                                                        (1 = 0.6%) {75.1%}
3020  -O                                                                        (1 = 0.6%) {75.7%}
3021  ... 
3028  -O                                                                        (1 = 0.6%) {76.2%}
3029  ... 
3066  -O                                                                        (1 = 0.6%) {76.8%}
3067  ... 
3116  -O                                                                        (1 = 0.6%) {77.3%}
3117  ... 
3157  -O                                                                        (1 = 0.6%) {77.9%}
3158  ... 
3189  -O                                                                        (1 = 0.6%) {78.5%}
3190  ... 
3198  -O                                                                        (1 = 0.6%) {79.0%}
3199  ... 
3254  -O                                                                        (1 = 0.6%) {79.6%}
3255  ... 
3258  -O                                                                        (1 = 0.6%) {80.1%}
3259  ... 
3273  -O                                                                        (1 = 0.6%) {80.7%}
3274  O                                                                         (0 = 0.0%) {81.2%}
3275  -O                                                                        (1 = 0.6%) {81.2%}
3276  ... 
3279  -O                                                                        (1 = 0.6%) {81.8%}
3280  ... 
3307  -O                                                                        (1 = 0.6%) {82.3%}
3308  -O                                                                        (1 = 0.6%) {82.9%}
3309  ... 
3349  -O                                                                        (1 = 0.6%) {83.4%}
3350  ... 
3359  -O                                                                        (1 = 0.6%) {84.0%}
3360  ... 
3409  -O                                                                        (1 = 0.6%) {84.5%}
3410  ... 
3444  -O                                                                        (1 = 0.6%) {85.1%}
3445  ... 
3698  -O                                                                        (1 = 0.6%) {85.6%}
3699  ... 
3789  -O                                                                        (1 = 0.6%) {86.2%}
3790  -O                                                                        (1 = 0.6%) {86.7%}
3791  ... 
3803  -O                                                                        (1 = 0.6%) {87.3%}
3804  ... 
3870  -O                                                                        (1 = 0.6%) {87.8%}
3871  ... 
3945  -O                                                                        (1 = 0.6%) {88.4%}
3946  ... 
3973  -O                                                                        (1 = 0.6%) {89.0%}
3974  ... 
4007  -O                                                                        (1 = 0.6%) {89.5%}
4008  ... 
4079  -O                                                                        (1 = 0.6%) {90.1%}
4080  ... 
4113  -O                                                                        (1 = 0.6%) {90.6%}
4114  ... 
4161  -O                                                                        (1 = 0.6%) {91.2%}
4162  ... 
4177  -O                                                                        (1 = 0.6%) {91.7%}
4178  ... 
4194  -O                                                                        (1 = 0.6%) {92.3%}
4195  O                                                                         (0 = 0.0%) {92.8%}
4196  -O                                                                        (1 = 0.6%) {92.8%}
4197  ... 
4240  -O                                                                        (1 = 0.6%) {93.4%}
4241  O                                                                         (0 = 0.0%) {93.9%}
4242  -O                                                                        (1 = 0.6%) {93.9%}
4243  ... 
4307  -O                                                                        (1 = 0.6%) {94.5%}
4308  ... 
4317  -O                                                                        (1 = 0.6%) {95.0%}
4318  ... 
4372  -O                                                                        (1 = 0.6%) {95.6%}
4373  ... 
4379  -O                                                                        (1 = 0.6%) {96.1%}
4380  ... 
4419  -O                                                                        (1 = 0.6%) {96.7%}
4420  ... 
4561  -O                                                                        (1 = 0.6%) {97.2%}
4562  ... 
4673  -O                                                                        (1 = 0.6%) {97.8%}
4674  ... 
4689  -O                                                                        (1 = 0.6%) {98.3%}
4690  ... 
4743  -O                                                                        (1 = 0.6%) {98.9%}
4744  ... 
4994  -O                                                                        (1 = 0.6%) {99.4%}
4995  ... 

Histogram: Blink.UseCounter.MainFrame.Features recorded 181 samples, mean = 2242.8 (flags = 0x41)
0     ... 
13    -O                                                                        (1 = 0.6%) {0.0%}
14    ... 
16    -O                                                                        (1 = 0.6%) {0.6%}
17    ... 
52    -O                                                                        (1 = 0.6%) {1.1%}
53    ... 
69    -O                                                                        (1 = 0.6%) {1.7%}
70    ... 
123   -O                                                                        (1 = 0.6%) {2.2%}
124   -O                                                                        (1 = 0.6%) {2.8%}
125   -O                                                                        (1 = 0.6%) {3.3%}
126   ... 
138   -O                                                                        (1 = 0.6%) {3.9%}
139   ... 
240   -O                                                                        (1 = 0.6%) {4.4%}
241   ... 
250   -O                                                                        (1 = 0.6%) {5.0%}
251   ... 
429   -O                                                                        (1 = 0.6%) {5.5%}
430   -O                                                                        (1 = 0.6%) {6.1%}
431   -O                                                                        (1 = 0.6%) {6.6%}
432   -O                                                                        (1 = 0.6%) {7.2%}
433   ... 
469   -O                                                                        (1 = 0.6%) {7.7%}
470   ... 
494   -O                                                                        (1 = 0.6%) {8.3%}
495   ... 
522   -O                                                                        (1 = 0.6%) {8.8%}
523   -O                                                                        (1 = 0.6%) {9.4%}
524   -O                                                                        (1 = 0.6%) {9.9%}
525   ... 
540   -O                                                                        (1 = 0.6%) {10.5%}
541   ... 
587   -O                                                                        (1 = 0.6%) {11.0%}
588   -O                                                                        (1 = 0.6%) {11.6%}
589   ... 
675   -O                                                                        (1 = 0.6%) {12.2%}
676   ... 
710   -O                                                                        (1 = 0.6%) {12.7%}
711   -O                                                                        (1 = 0.6%) {13.3%}
712   -O                                                                        (1 = 0.6%) {13.8%}
713   ... 
717   -O                                                                        (1 = 0.6%) {14.4%}
718   ... 
730   -O                                                                        (1 = 0.6%) {14.9%}
731   ... 
744   -O                                                                        (1 = 0.6%) {15.5%}
745   ... 
780   -O                                                                        (1 = 0.6%) {16.0%}
781   -O                                                                        (1 = 0.6%) {16.6%}
782   ... 
786   -O                                                                        (1 = 0.6%) {17.1%}
787   -O                                                                        (1 = 0.6%) {17.7%}
788   ... 
804   -O                                                                        (1 = 0.6%) {18.2%}
805   ... 
900   -O                                                                        (1 = 0.6%) {18.8%}
901   -O                                                                        (1 = 0.6%) {19.3%}
902   ... 
907   -O                                                                        (1 = 0.6%) {19.9%}
908   ... 
954   -O                                                                        (1 = 0.6%) {20.4%}
955   ... 
970   -O                                                                        (1 = 0.6%) {21.0%}
971   O                                                                         (0 = 0.0%) {21.5%}
972   -O                                                                        (1 = 0.6%) {21.5%}
973   -O                                                                        (1 = 0.6%) {22.1%}
974   ... 
976   -O                                                                        (1 = 0.6%) {22.7%}
977   ... 
1023  -O                                                                        (1 = 0.6%) {23.2%}
1024  ... 
1069  -O                                                                        (1 = 0.6%) {23.8%}
1070  -O                                                                        (1 = 0.6%) {24.3%}
1071  ... 
1075  -O                                                                        (1 = 0.6%) {24.9%}
1076  -O                                                                        (1 = 0.6%) {25.4%}
1077  ... 
1124  -O                                                                        (1 = 0.6%) {26.0%}
1125  ... 
1302  -O                                                                        (1 = 0.6%) {26.5%}
1303  ... 
1347  -O                                                                        (1 = 0.6%) {27.1%}
1348  ... 
1351  -O                                                                        (1 = 0.6%) {27.6%}
1352  ... 
1354  -O                                                                        (1 = 0.6%) {28.2%}
1355  ... 
1368  -O                                                                        (1 = 0.6%) {28.7%}
1369  ... 
1417  -O                                                                        (1 = 0.6%) {29.3%}
1418  ... 
1441  -O                                                                        (1 = 0.6%) {29.8%}
1442  ... 
1458  -O                                                                        (1 = 0.6%) {30.4%}
1459  -O                                                                        (1 = 0.6%) {30.9%}
1460  ... 
1462  -O                                                                        (1 = 0.6%) {31.5%}
1463  -O                                                                        (1 = 0.6%) {32.0%}
1464  ... 
1467  -O                                                                        (1 = 0.6%) {32.6%}
1468  ... 
1502  -O                                                                        (1 = 0.6%) {33.1%}
1503  ... 
1692  -O                                                                        (1 = 0.6%) {33.7%}
1693  -O                                                                        (1 = 0.6%) {34.3%}
1694  ... 
1827  -O                                                                        (1 = 0.6%) {34.8%}
1828  ... 
2013  -O                                                                        (1 = 0.6%) {35.4%}
2014  ... 
2077  -O                                                                        (1 = 0.6%) {35.9%}
2078  ... 
2094  -O                                                                        (1 = 0.6%) {36.5%}
2095  O                                                                         (0 = 0.0%) {37.0%}
2096  -O                                                                        (1 = 0.6%) {37.0%}
2097  ... 
2100  -O                                                                        (1 = 0.6%) {37.6%}
2101  ... 
2112  -O                                                                        (1 = 0.6%) {38.1%}
2113  ... 
2121  -O                                                                        (1 = 0.6%) {38.7%}
2122  ... 
2157  -O                                                                        (1 = 0.6%) {39.2%}
2158  ... 
2188  -O                                                                        (1 = 0.6%) {39.8%}
2189  ... 
2191  -O                                                                        (1 = 0.6%) {40.3%}
2192  ... 
2195  -O                                                                        (1 = 0.6%) {40.9%}
2196  ... 
2203  -O                                                                        (1 = 0.6%) {41.4%}
2204  -O                                                                        (1 = 0.6%) {42.0%}
2205  ... 
2217  -O                                                                        (1 = 0.6%) {42.5%}
2218  ... 
2226  -O                                                                        (1 = 0.6%) {43.1%}
2227  O                                                                         (0 = 0.0%) {43.6%}
2228  -O                                                                        (1 = 0.6%) {43.6%}
2229  -O                                                                        (1 = 0.6%) {44.2%}
2230  ... 
2236  -O                                                                        (1 = 0.6%) {44.8%}
2237  ... 
2298  -O                                                                        (1 = 0.6%) {45.3%}
2299  ... 
2314  -O                                                                        (1 = 0.6%) {45.9%}
2315  ... 
2319  -O                                                                        (1 = 0.6%) {46.4%}
2320  ... 
2322  -O                                                                        (1 = 0.6%) {47.0%}
2323  ... 
2347  -O                                                                        (1 = 0.6%) {47.5%}
2348  ... 
2355  -O                                                                        (1 = 0.6%) {48.1%}
2356  ... 
2361  -O                                                                        (1 = 0.6%) {48.6%}
2362  ... 
2387  -O                                                                        (1 = 0.6%) {49.2%}
2388  -O                                                                        (1 = 0.6%) {49.7%}
2389  ... 
2399  -O                                                                        (1 = 0.6%) {50.3%}
2400  ... 
2413  -O                                                                        (1 = 0.6%) {50.8%}
2414  ... 
2429  -O                                                                        (1 = 0.6%) {51.4%}
2430  O                                                                         (0 = 0.0%) {51.9%}
2431  -O                                                                        (1 = 0.6%) {51.9%}
2432  ... 
2487  -O                                                                        (1 = 0.6%) {52.5%}
2488  ... 
2518  -O                                                                        (1 = 0.6%) {53.0%}
2519  ... 
2598  -O                                                                        (1 = 0.6%) {53.6%}
2599  ... 
2618  -O                                                                        (1 = 0.6%) {54.1%}
2619  ... 
2654  -O                                                                        (1 = 0.6%) {54.7%}
2655  -O                                                                        (1 = 0.6%) {55.2%}
2656  -O                                                                        (1 = 0.6%) {55.8%}
2657  -O                                                                        (1 = 0.6%) {56.4%}
2658  -O                                                                        (1 = 0.6%) {56.9%}
2659  -O                                                                        (1 = 0.6%) {57.5%}
2660  -O                                                                        (1 = 0.6%) {58.0%}
2661  -O                                                                        (1 = 0.6%) {58.6%}
2662  -O                                                                        (1 = 0.6%) {59.1%}
2663  -O                                                                        (1 = 0.6%) {59.7%}
2664  ... 
2699  -O                                                                        (1 = 0.6%) {60.2%}
2700  -O                                                                        (1 = 0.6%) {60.8%}
2701  -O                                                                        (1 = 0.6%) {61.3%}
2702  -O                                                                        (1 = 0.6%) {61.9%}
2703  -O                                                                        (1 = 0.6%) {62.4%}
2704  -O                                                                        (1 = 0.6%) {63.0%}
2705  -O                                                                        (1 = 0.6%) {63.5%}
2706  -O                                                                        (1 = 0.6%) {64.1%}
2707  -O                                                                        (1 = 0.6%) {64.6%}
2708  ... 
2710  -O                                                                        (1 = 0.6%) {65.2%}
2711  -O                                                                        (1 = 0.6%) {65.7%}
2712  ... 
2714  -O                                                                        (1 = 0.6%) {66.3%}
2715  -O                                                                        (1 = 0.6%) {66.9%}
2716  -O                                                                        (1 = 0.6%) {67.4%}
2717  ... 
2723  -O                                                                        (1 = 0.6%) {68.0%}
2724  ... 
2738  -O                                                                        (1 = 0.6%) {68.5%}
2739  ... 
2769  -O                                                                        (1 = 0.6%) {69.1%}
2770  ... 
2789  -O                                                                        (1 = 0.6%) {69.6%}
2790  -O                                                                        (1 = 0.6%) {70.2%}
2791  -O                                                                        (1 = 0.6%) {70.7%}
2792  -O                                                                        (1 = 0.6%) {71.3%}
2793  ... 
2841  -O                                                                        (1 = 0.6%) {71.8%}
2842  ... 
2903  -O                                                                        (1 = 0.6%) {72.4%}
2904  -O                                                                        (1 = 0.6%) {72.9%}
2905  ... 
2927  -O                                                                        (1 = 0.6%) {73.5%}
2928  ... 
2935  -O                                                                        (1 = 0.6%) {74.0%}
2936  ... 
3004  -O                                                                        (1 = 0.6%) {74.6%}
3005  ... 
3019  -O                                                                        (1 = 0.6%) {75.1%}
3020  -O                                                                        (1 = 0.6%) {75.7%}
3021  ... 
3028  -O                                                                        (1 = 0.6%) {76.2%}
3029  ... 
3066  -O                                                                        (1 = 0.6%) {76.8%}
3067  ... 
3116  -O                                                                        (1 = 0.6%) {77.3%}
3117  ... 
3157  -O                                                                        (1 = 0.6%) {77.9%}
3158  ... 
3189  -O                                                                        (1 = 0.6%) {78.5%}
3190  ... 
3198  -O                                                                        (1 = 0.6%) {79.0%}
3199  ... 
3254  -O                                                                        (1 = 0.6%) {79.6%}
3255  ... 
3258  -O                                                                        (1 = 0.6%) {80.1%}
3259  ... 
3273  -O                                                                        (1 = 0.6%) {80.7%}
3274  O                                                                         (0 = 0.0%) {81.2%}
3275  -O                                                                        (1 = 0.6%) {81.2%}
3276  ... 
3279  -O                                                                        (1 = 0.6%) {81.8%}
3280  ... 
3307  -O                                                                        (1 = 0.6%) {82.3%}
3308  -O                                                                        (1 = 0.6%) {82.9%}
3309  ... 
3349  -O                                                                        (1 = 0.6%) {83.4%}
3350  ... 
3359  -O                                                                        (1 = 0.6%) {84.0%}
3360  ... 
3409  -O                                                                        (1 = 0.6%) {84.5%}
3410  ... 
3444  -O                                                                        (1 = 0.6%) {85.1%}
3445  ... 
3698  -O                                                                        (1 = 0.6%) {85.6%}
3699  ... 
3789  -O                                                                        (1 = 0.6%) {86.2%}
3790  -O                                                                        (1 = 0.6%) {86.7%}
3791  ... 
3803  -O                                                                        (1 = 0.6%) {87.3%}
3804  ... 
3870  -O                                                                        (1 = 0.6%) {87.8%}
3871  ... 
3945  -O                                                                        (1 = 0.6%) {88.4%}
3946  ... 
3973  -O                                                                        (1 = 0.6%) {89.0%}
3974  ... 
4007  -O                                                                        (1 = 0.6%) {89.5%}
4008  ... 
4079  -O                                                                        (1 = 0.6%) {90.1%}
4080  ... 
4113  -O                                                                        (1 = 0.6%) {90.6%}
4114  ... 
4161  -O                                                                        (1 = 0.6%) {91.2%}
4162  ... 
4177  -O                                                                        (1 = 0.6%) {91.7%}
4178  ... 
4194  -O                                                                        (1 = 0.6%) {92.3%}
4195  O                                                                         (0 = 0.0%) {92.8%}
4196  -O                                                                        (1 = 0.6%) {92.8%}
4197  ... 
4240  -O                                                                        (1 = 0.6%) {93.4%}
4241  O                                                                         (0 = 0.0%) {93.9%}
4242  -O                                                                        (1 = 0.6%) {93.9%}
4243  ... 
4307  -O                                                                        (1 = 0.6%) {94.5%}
4308  ... 
4317  -O                                                                        (1 = 0.6%) {95.0%}
4318  ... 
4372  -O                                                                        (1 = 0.6%) {95.6%}
4373  ... 
4379  -O                                                                        (1 = 0.6%) {96.1%}
4380  ... 
4419  -O                                                                        (1 = 0.6%) {96.7%}
4420  ... 
4561  -O                                                                        (1 = 0.6%) {97.2%}
4562  ... 
4673  -O                                                                        (1 = 0.6%) {97.8%}
4674  ... 
4689  -O                                                                        (1 = 0.6%) {98.3%}
4690  ... 
4743  -O                                                                        (1 = 0.6%) {98.9%}
4744  ... 
4994  -O                                                                        (1 = 0.6%) {99.4%}
4995  ... 

Histogram: Blink.UseCounter.PermissionsPolicy.Allow2 recorded 0 samples (flags = 0x41)
0 ... 

Histogram: Blink.UseCounter.PermissionsPolicy.Header2 recorded 0 samples (flags = 0x41)
0 ... 

Histogram: Blink.UseCounter.PermissionsPolicy.Violation.Enforce recorded 0 samples (flags = 0x41)
0 ... 

Histogram: Blink.UseCounter.WebDXFeatures recorded 15 samples, mean = 37.7 (flags = 0x41)
0   ... 
5   -O                                                                        (1 = 6.7%) {0.0%}
6   ... 
8   -O                                                                        (1 = 6.7%) {6.7%}
9   -O                                                                        (1 = 6.7%) {13.3%}
10  O                                                                         (0 = 0.0%) {20.0%}
11  -O                                                                        (1 = 6.7%) {20.0%}
12  ... 
27  -O                                                                        (1 = 6.7%) {26.7%}
28  -O                                                                        (1 = 6.7%) {33.3%}
29  -O                                                                        (1 = 6.7%) {40.0%}
30  ... 
38  -O                                                                        (1 = 6.7%) {46.7%}
39  -O                                                                        (1 = 6.7%) {53.3%}
40  ... 
45  -O                                                                        (1 = 6.7%) {60.0%}
46  -O                                                                        (1 = 6.7%) {66.7%}
47  ... 
58  -O                                                                        (1 = 6.7%) {73.3%}
59  ... 
68  -O                                                                        (1 = 6.7%) {80.0%}
69  ... 
71  -O                                                                        (1 = 6.7%) {86.7%}
72  ... 
83  -O                                                                        (1 = 6.7%) {93.3%}
84  ... 

Histogram: Blink.UserDrivenDocumentUpdate.UpdateTime.PreFCP recorded 1 samples, mean = 11.0 (flags = 0x41)
0   ... 
11  -O                                                                        (1 = 100.0%) {0.0%}
15  ... 

Histogram: Bookmarks.BookmarkBar.Shown recorded 1 samples, mean = 0.0 (flags = 0x41)
0  -O                                                                        (1 = 100.0%)
1  ... 

Histogram: Bookmarks.Count.OnProfileLoad3 recorded 1 samples, mean = 0.0 (flags = 0x41)
0  -O                                                                        (1 = 100.0%)
1  ... 

Histogram: Bookmarks.Storage.TimeToLoadAtStartup2 recorded 1 samples, mean = 8775.0 (flags = 0x41)
0     ... 
8416  -O                                                                        (1 = 100.0%) {0.0%}
10000 O                                                                         (0 = 0.0%) {100.0%}

Histogram: Bookmarks.Times.OnProfileLoad.TimeSinceAdded3 recorded 1 samples, mean = 0.0 (flags = 0x41)
0  -O                                                                        (1 = 100.0%)
1  ... 

Histogram: Bookmarks.Utilization.OnProfileLoad.PercentageUsed recorded 1 samples, mean = 0.0 (flags = 0x41)
0  -O                                                                        (1 = 100.0%)
1  ... 

Histogram: Bookmarks.Utilization.OnProfileLoad.TotalUnused recorded 1 samples, mean = 0.0 (flags = 0x41)
0  -O                                                                        (1 = 100.0%)
1  ... 

Histogram: Bookmarks.Utilization.OnProfileLoad.TotalUsed recorded 1 samples, mean = 0.0 (flags = 0x41)
0  -O                                                                        (1 = 100.0%)
1  ... 

Histogram: BrotliFilter.CompressionPercent recorded 34 samples, mean = 35.3 (flags = 0x41)
0    ... 
10   -O                                                                        (1 = 2.9%) {0.0%}
11   --O                                                                       (2 = 5.9%) {2.9%}
12   -O                                                                        (1 = 2.9%) {8.8%}
13   O                                                                         (0 = 0.0%) {11.8%}
14   -O                                                                        (1 = 2.9%) {11.8%}
15   -O                                                                        (1 = 2.9%) {14.7%}
16   -O                                                                        (1 = 2.9%) {17.6%}
17   -O                                                                        (1 = 2.9%) {20.6%}
18   -O                                                                        (1 = 2.9%) {23.5%}
19   ... 
22   -O                                                                        (1 = 2.9%) {26.5%}
23   -O                                                                        (1 = 2.9%) {29.4%}
24   --O                                                                       (2 = 5.9%) {32.4%}
25   -O                                                                        (1 = 2.9%) {38.2%}
26   -O                                                                        (1 = 2.9%) {41.2%}
27   O                                                                         (0 = 0.0%) {44.1%}
28   -O                                                                        (1 = 2.9%) {44.1%}
29   --O                                                                       (2 = 5.9%) {47.1%}
30   --O                                                                       (2 = 5.9%) {52.9%}
31   O                                                                         (0 = 0.0%) {58.8%}
32   -O                                                                        (1 = 2.9%) {58.8%}
33   O                                                                         (0 = 0.0%) {61.8%}
34   --O                                                                       (2 = 5.9%) {61.8%}
35   ... 
38   -O                                                                        (1 = 2.9%) {67.6%}
39   -O                                                                        (1 = 2.9%) {70.6%}
40   O                                                                         (0 = 0.0%) {73.5%}
41   -O                                                                        (1 = 2.9%) {73.5%}
42   O                                                                         (0 = 0.0%) {76.5%}
43   -O                                                                        (1 = 2.9%) {76.5%}
44   -O                                                                        (1 = 2.9%) {79.4%}
45   O                                                                         (0 = 0.0%) {82.4%}
46   -O                                                                        (1 = 2.9%) {82.4%}
47   --O                                                                       (2 = 5.9%) {85.3%}
48   ... 
84   -O                                                                        (1 = 2.9%) {91.2%}
85   ... 
101  --O                                                                       (2 = 5.9%) {94.1%}

Histogram: BrotliFilter.Status recorded 34 samples, mean = 1.0 (flags = 0x41)
0  O                                                                         (0 = 0.0%)
1  ----------------------------------O                                       (34 = 100.0%) {0.0%}
2  ... 

Histogram: BrotliFilter.UsedMemoryKB recorded 34 samples, mean = 214.7 (flags = 0x41)
0    ... 
16   --O                                                                       (2 = 5.9%) {0.0%}
20   O                                                                         (0 = 0.0%) {5.9%}
25   ---O                                                                      (3 = 8.8%) {5.9%}
31   -------O                                                                  (7 = 20.6%) {14.7%}
39   O                                                                         (0 = 0.0%) {35.3%}
49   --O                                                                       (2 = 5.9%) {35.3%}
61   -O                                                                        (1 = 2.9%) {41.2%}
76   ----O                                                                     (4 = 11.8%) {44.1%}
95   O                                                                         (0 = 0.0%) {55.9%}
119  ---O                                                                      (3 = 8.8%) {55.9%}
149  O                                                                         (0 = 0.0%) {64.7%}
187  -O                                                                        (1 = 2.9%) {64.7%}
234  ... 
367  -------O                                                                  (7 = 20.6%) {67.6%}
460  O                                                                         (0 = 0.0%) {88.2%}
576  -O                                                                        (1 = 2.9%) {88.2%}
722  ---O                                                                      (3 = 8.8%) {91.2%}
905  ... 

Histogram: Browser.ERP.RequestPayloadSizePerHour recorded 1 samples, mean = 0.0 (flags = 0x41)
0  -O                                                                        (1 = 100.0%)
1  ... 

Histogram: Browser.ERP.ResponsePayloadSizePerHour recorded 1 samples, mean = 0.0 (flags = 0x41)
0  -O                                                                        (1 = 100.0%)
1  ... 

Histogram: Browser.MainThreadsCongestion.RunningOnly recorded 144 samples, mean = 0.0 (flags = 0x41)
0  ------------------------------------------------------------------------O (143 = 99.3%)
1  ... 
4  -O                                                                        (1 = 0.7%) {99.3%}
5  ... 

Histogram: Browser.MainThreadsCongestion.RunningOnly.Initial recorded 1 samples, mean = 4.0 (flags = 0x41)
0  ... 
4  -O                                                                        (1 = 100.0%) {0.0%}
5  ... 

Histogram: Browser.Responsiveness.IOJanksTotalPerMinute recorded 72 samples, mean = 0.0 (flags = 0x41)
0  ------------------------------------------------------------------------O (72 = 100.0%)
1  ... 

Histogram: Browser.Responsiveness.IOJankyIntervalsPerMinute recorded 72 samples, mean = 0.0 (flags = 0x41)
0  ------------------------------------------------------------------------O (72 = 100.0%)
1  ... 

Histogram: BrowserRenderProcessHost.Cleanup.DelayReason recorded 12 samples, mean = 6.8 (flags = 0x41)
0  ---O                                                                      (3 = 25.0%)
1  ... 
9  ---------O                                                                (9 = 75.0%) {25.0%}
10 ... 

Histogram: BrowserRenderProcessHost.Cleanup.Total recorded 12 samples, mean = 1.0 (flags = 0x41)
0  O                                                                         (0 = 0.0%)
1  ------------O                                                             (12 = 100.0%) {0.0%}
2  O                                                                         (0 = 0.0%) {100.0%}

Histogram: BrowserRenderProcessHost.ExistingRendererIsInitializedAndNotDead recorded 1 samples, mean = 1.0 (flags = 0x41)
0  O                                                                         (0 = 0.0%)
1  -O                                                                        (1 = 100.0%) {0.0%}
2  O                                                                         (0 = 0.0%) {100.0%}

Histogram: BrowserRenderProcessHost.FastShutdownIfPossible.DelayReason recorded 1 samples, mean = 4.0 (flags = 0x41)
0  ... 
4  -O                                                                        (1 = 100.0%) {0.0%}
5  ... 

Histogram: BrowserRenderProcessHost.FastShutdownIfPossible.Total recorded 1 samples, mean = 1.0 (flags = 0x41)
0  O                                                                         (0 = 0.0%)
1  -O                                                                        (1 = 100.0%) {0.0%}
2  O                                                                         (0 = 0.0%) {100.0%}

Histogram: BrowserRenderProcessHost.SpareProcessEvictedOtherSpare recorded 2 samples, mean = 0.0 (flags = 0x41)
0  --O                                                                       (2 = 100.0%)
1  ... 

Histogram: BrowserRenderProcessHost.SpareProcessMaybeTakeAction recorded 2 samples, mean = 2.0 (flags = 0x41)
0  -O                                                                        (1 = 50.0%)
1  ... 
4  -O                                                                        (1 = 50.0%) {50.0%}
5  ... 

Histogram: BrowserRenderProcessHost.SpareProcessStartupTime recorded 2 samples, mean = 5421.0 (flags = 0x41)
0     ... 
894   -O                                                                        (1 = 50.0%) {0.0%}
1062  ... 
8416  -O                                                                        (1 = 50.0%) {50.0%}
10000 O                                                                         (0 = 0.0%) {100.0%}

Histogram: BrowserSwitcher.ExternalGreylistSize recorded 1 samples, mean = 0.0 (flags = 0x41)
0  -O                                                                        (1 = 100.0%)
1  ... 

Histogram: BrowserSwitcher.ExternalSitelistSize recorded 1 samples, mean = 0.0 (flags = 0x41)
0  -O                                                                        (1 = 100.0%)
1  ... 

Histogram: BrowserSwitcher.IeemSitelistSize recorded 1 samples, mean = 0.0 (flags = 0x41)
0  -O                                                                        (1 = 100.0%)
1  ... 

Histogram: BrowsingTopics.BrowsingTopicsState.LoadFinishStatus recorded 1 samples, mean = 1.0 (flags = 0x41)
0  O                                                                         (0 = 0.0%)
1  -O                                                                        (1 = 100.0%) {0.0%}
2  O                                                                         (0 = 0.0%) {100.0%}

Histogram: BrowsingTopics.SiteDataStorage.FileSize.KB recorded 1 samples, mean = 28.0 (flags = 0x41)
0   ... 
28  -O                                                                        (1 = 100.0%) {0.0%}
37  ... 

Histogram: BrowsingTopics.SiteDataStorage.InitStatus recorded 1 samples, mean = 1.0 (flags = 0x41)
0  O                                                                         (0 = 0.0%)
1  -O                                                                        (1 = 100.0%) {0.0%}
2  O                                                                         (0 = 0.0%) {100.0%}

Histogram: CPU.Experimental.CpuEstimationTaskMigrated recorded 14 samples, mean = 0.0 (flags = 0x41)
0  --------------O                                                           (14 = 100.0%)
1  ... 

Histogram: CPU.Experimental.CpuEstimationTaskQueuedTime.Performance recorded 14 samples, mean = 10.3 (flags = 0x41)
0   ... 
5   ---O                                                                      (3 = 21.4%) {0.0%}
7   -O                                                                        (1 = 7.1%) {21.4%}
9   ---O                                                                      (3 = 21.4%) {28.6%}
12  ------O                                                                   (6 = 42.9%) {50.0%}
16  -O                                                                        (1 = 7.1%) {92.9%}
21  ... 

Histogram: CPU.Experimental.CpuEstimationTaskThreadTime.Performance recorded 14 samples, mean = 102.1 (flags = 0x41)
0   ... 
86  --------------O                                                           (14 = 100.0%) {0.0%}
113 ... 

Histogram: CPU.Experimental.CpuEstimationTaskTotalTime.Performance recorded 14 samples, mean = 114.2 (flags = 0x41)
0    ... 
86   -----O                                                                    (5 = 35.7%) {0.0%}
113  ---------O                                                                (9 = 64.3%) {35.7%}
149  ... 

Histogram: CPU.Experimental.CpuEstimationTaskWallTime.Performance recorded 14 samples, mean = 103.9 (flags = 0x41)
0   ... 
86  --------------O                                                           (14 = 100.0%) {0.0%}
113 ... 

Histogram: CPU.Experimental.CpuEstimationThreadTimePercent.Performance recorded 14 samples, mean = 98.1 (flags = 0x41)
0   ... 
93  -O                                                                        (1 = 7.1%) {0.0%}
94  ... 
98  ------O                                                                   (6 = 42.9%) {7.1%}
99  -------O                                                                  (7 = 50.0%) {50.0%}
100 ... 

Histogram: CPU.Experimental.EstimatedFrequencyAsPercentOfLimit.Performance recorded 14 samples, mean = 133.3 (flags = 0x41)
0    ... 
101  --------------O                                                           (14 = 100.0%) {0.0%}

Histogram: CPU.Experimental.EstimatedFrequencyAsPercentOfMax.Performance recorded 14 samples, mean = 133.3 (flags = 0x41)
0    ... 
101  --------------O                                                           (14 = 100.0%) {0.0%}

Histogram: Cast.Channel.Certificate recorded 1 samples, mean = 0.0 (flags = 0x41)
0  -O                                                                        (1 = 100.0%)
1  ... 

Histogram: Cast.Channel.Nonce recorded 1 samples, mean = 0.0 (flags = 0x41)
0  -O                                                                        (1 = 100.0%)
1  ... 

Histogram: Cast.Channel.Signature recorded 1 samples, mean = 0.0 (flags = 0x41)
0  -O                                                                        (1 = 100.0%)
1  ... 

Histogram: CertificateType2.BR.Intermediate.ECDSA recorded 4 samples, mean = 256.0 (flags = 0x41)
0    ... 
256  ----O                                                                     (4 = 100.0%) {0.0%}
257  ... 

Histogram: CertificateType2.BR.Intermediate.RSA recorded 8 samples, mean = 2048.0 (flags = 0x41)
0     ... 
2048  --------O                                                                 (8 = 100.0%) {0.0%}
2049  ... 

Histogram: CertificateType2.BR.Leaf.ECDSA recorded 10 samples, mean = 256.0 (flags = 0x41)
0    ... 
256  ----------O                                                               (10 = 100.0%) {0.0%}
257  ... 

Histogram: CertificateType2.BR.Leaf.RSA recorded 2 samples, mean = 2048.0 (flags = 0x41)
0     ... 
2048  --O                                                                       (2 = 100.0%) {0.0%}
2049  ... 

Histogram: CertificateType2.BR.Root.ECDSA recorded 4 samples, mean = 384.0 (flags = 0x41)
0    ... 
384  ----O                                                                     (4 = 100.0%) {0.0%}
385  ... 

Histogram: CertificateType2.BR.Root.RSA recorded 8 samples, mean = 3584.0 (flags = 0x41)
0     ... 
2048  --O                                                                       (2 = 25.0%) {0.0%}
2049  ... 
4096  ------O                                                                   (6 = 75.0%) {25.0%}
4097  ... 

Histogram: ChildProcess.Launched.UtilityProcessHash recorded 5 samples (flags = 0x41)
-2043041185 -O                                                                        (1 = 20.0%)
-1468742076 -O                                                                        (1 = 20.0%)
331504207   -O                                                                        (1 = 20.0%)
1411170475  -O                                                                        (1 = 20.0%)
1893208764  -O                                                                        (1 = 20.0%)

Histogram: ChildProcess.ProcessLifetime.Utility recorded 5 samples, mean = 1731629.6 (flags = 0x41)
0        -O                                                                        (1 = 20.0%)
1        ... 
4        -O                                                                        (1 = 20.0%) {20.0%}
5        ... 
6118     -O                                                                        (1 = 20.0%) {40.0%}
8289     ... 
3600000  --O                                                                       (2 = 40.0%) {60.0%}

Histogram: Chrome.ProcessSingleton.NotifyResult recorded 1 samples, mean = 0.0 (flags = 0x41)
0  -O                                                                        (1 = 100.0%)
1  ... 

Histogram: Chrome.ProcessSingleton.TimeToCreate recorded 1 samples, mean = 2.0 (flags = 0x41)
0  -O                                                                        (1 = 100.0%)
10 ... 

Histogram: Chrome.SystemNetworkContextManager.NetworkSandboxState recorded 4 samples, mean = 0.0 (flags = 0x41)
0  ----O                                                                     (4 = 100.0%)
1  ... 

Histogram: ChromeElf.Beacon.RetryAttemptsBeforeSuccess recorded 1 samples, mean = 0.0 (flags = 0x41)
0  -O                                                                        (1 = 100.0%)
1  ... 

Histogram: ChromeElf.Beacon.SetupStatus recorded 2 samples, mean = 0.5 (flags = 0x41)
0  -O                                                                        (1 = 50.0%)
1  -O                                                                        (1 = 50.0%) {50.0%}
2  ... 

Histogram: ChromeElf.ExtensionPoint.EnableState recorded 1 samples, mean = 1.0 (flags = 0x41)
0  O                                                                         (0 = 0.0%)
1  -O                                                                        (1 = 100.0%) {0.0%}
2  O                                                                         (0 = 0.0%) {100.0%}

Histogram: ClientHints.CriticalCHRestart recorded 1 samples, mean = 0.0 (flags = 0x41)
0  -O                                                                        (1 = 100.0%)
1  ... 

Histogram: ClientHints.FetchLatency_PrefRead recorded 5 samples, mean = 10.8 (flags = 0x41)
0   ... 
4   -O                                                                        (1 = 20.0%) {0.0%}
6   --O                                                                       (2 = 40.0%) {20.0%}
8   -O                                                                        (1 = 20.0%) {60.0%}
11  ... 
21  -O                                                                        (1 = 20.0%) {80.0%}
29  ... 

Histogram: ClientHints.FetchLatency_PrerenderHost recorded 5 samples, mean = 168.4 (flags = 0x41)
0    ----O                                                                     (4 = 80.0%)
1    ... 
752  -O                                                                        (1 = 20.0%) {80.0%}
1043 ... 

Histogram: ClientHints.FetchLatency_Total recorded 5 samples, mean = 179.2 (flags = 0x41)
0    ... 
4    -O                                                                        (1 = 20.0%) {0.0%}
6    --O                                                                       (2 = 40.0%) {20.0%}
8    -O                                                                        (1 = 20.0%) {60.0%}
11   ... 
752  -O                                                                        (1 = 20.0%) {80.0%}
1043 ... 

Histogram: Commerce.PDPNavigation.ShoppingList.IneligibilityReason recorded 6 samples, mean = 4.0 (flags = 0x41)
0  ... 
3  --O                                                                       (2 = 33.3%) {0.0%}
4  --O                                                                       (2 = 33.3%) {33.3%}
5  --O                                                                       (2 = 33.3%) {66.7%}
6  ... 

Histogram: Compositing.Browser.CompositorFrame.Quads recorded 3 samples, mean = 1.0 (flags = 0x41)
0  O                                                                         (0 = 0.0%)
1  ---O                                                                      (3 = 100.0%) {0.0%}
2  ... 

Histogram: Compositing.Browser.LayerTreeImpl.CalculateDrawPropertiesUs recorded 3 samples, mean = 647.0 (flags = 0x41)
0     ... 
7     --O                                                                       (2 = 66.7%) {0.0%}
9     ... 
1774  -O                                                                        (1 = 33.3%) {66.7%}
2336  ... 

Histogram: Compositing.Browser.LayersUpdateTime recorded 3 samples, mean = 1747.7 (flags = 0x41)
0     ... 
4     -O                                                                        (1 = 33.3%) {0.0%}
6     ... 
21    -O                                                                        (1 = 33.3%) {33.3%}
29    ... 
3865  -O                                                                        (1 = 33.3%) {66.7%}
5362  ... 

Histogram: Compositing.ColorGamut recorded 6 samples, mean = 0.0 (flags = 0x41)
0  ------O                                                                   (6 = 100.0%)
1  ... 

Histogram: Compositing.DidMainThreadBlockDuringCommit recorded 10 samples, mean = 0.0 (flags = 0x41)
0  ----------O                                                               (10 = 100.0%)
1  ... 

Histogram: Compositing.DirectRenderer.OverlayProcessingUs recorded 6 samples, mean = 0.0 (flags = 0x41)
0  ------O                                                                   (6 = 100.0%)
5  ... 

Histogram: Compositing.DirectRenderer.PartialSwap.ExtraDamage recorded 6 samples, mean = 0.0 (flags = 0x41)
0  ------O                                                                   (6 = 100.0%)
1  ... 

Histogram: Compositing.DirectRenderer.PartialSwap.FrameBufferDamage recorded 6 samples, mean = 0.0 (flags = 0x41)
0  ------O                                                                   (6 = 100.0%)
1  ... 

Histogram: Compositing.DirectRenderer.PartialSwap.RootDamage recorded 6 samples, mean = 100.0 (flags = 0x41)
0    ... 
100  ------O                                                                   (6 = 100.0%) {0.0%}
101  O                                                                         (0 = 0.0%) {100.0%}

Histogram: Compositing.DirectRenderer.PartialSwap.TotalDamage recorded 6 samples, mean = 100.0 (flags = 0x41)
0    ... 
100  ------O                                                                   (6 = 100.0%) {0.0%}
101  O                                                                         (0 = 0.0%) {100.0%}

Histogram: Compositing.DirectRenderer.SkipAllNonRootRenderPassesPerFrame recorded 4 samples, mean = 0.0 (flags = 0x41)
0  ----O                                                                     (4 = 100.0%)
1  ... 

Histogram: Compositing.DirectRenderer.SkipNonRootRenderPass recorded 4 samples, mean = 0.0 (flags = 0x41)
0  ----O                                                                     (4 = 100.0%)
1  ... 

Histogram: Compositing.DirectRenderer.TotalPixelsRendered recorded 6 samples, mean = 1.7 (flags = 0x41)
0  O                                                                         (0 = 0.0%)
1  --O                                                                       (2 = 33.3%) {0.0%}
2  ----O                                                                     (4 = 66.7%) {33.3%}
3  ... 

Histogram: Compositing.Display.Draw.Occlusion.Calculation.Time recorded 6 samples, mean = 4.0 (flags = 0x41)
0   -O                                                                        (1 = 16.7%)
1   O                                                                         (0 = 0.0%) {16.7%}
2   --O                                                                       (2 = 33.3%) {16.7%}
3   -O                                                                        (1 = 16.7%) {50.0%}
4   ... 
7   -O                                                                        (1 = 16.7%) {66.7%}
8   ... 
10  -O                                                                        (1 = 16.7%) {83.3%}
11  ... 

Histogram: Compositing.Display.Draw.Quads recorded 6 samples, mean = 2.3 (flags = 0x41)
0  O                                                                         (0 = 0.0%)
1  --O                                                                       (2 = 33.3%) {0.0%}
2  O                                                                         (0 = 0.0%) {33.3%}
3  ----O                                                                     (4 = 66.7%) {33.3%}
4  ... 

Histogram: Compositing.Display.DrawToSwapUs recorded 6 samples, mean = 31500.5 (flags = 0x41)
0      ... 
227    -O                                                                        (1 = 16.7%) {0.0%}
275    ... 
490    -O                                                                        (1 = 16.7%) {16.7%}
594    O                                                                         (0 = 0.0%) {33.3%}
720    -O                                                                        (1 = 16.7%) {33.3%}
873    ... 
1557   -O                                                                        (1 = 16.7%) {50.0%}
1888   ... 
23130  -O                                                                        (1 = 16.7%) {66.7%}
28046  ... 
50000  -O                                                                        (1 = 16.7%) {83.3%}

Histogram: Compositing.Display.FlattenedRenderPassCount recorded 6 samples, mean = 1.7 (flags = 0x41)
0  O                                                                         (0 = 0.0%)
1  --O                                                                       (2 = 33.3%) {0.0%}
2  ----O                                                                     (4 = 66.7%) {33.3%}
3  ... 

Histogram: Compositing.Display.PendingSwaps recorded 6 samples, mean = 1.0 (flags = 0x41)
0  O                                                                         (0 = 0.0%)
1  ------O                                                                   (6 = 100.0%) {0.0%}
2  ... 

Histogram: Compositing.Display.VizDependencyResolvedToGpuStartedDrawUs recorded 6 samples, mean = 28.2 (flags = 0x41)
0   ... 
15  --O                                                                       (2 = 33.3%) {0.0%}
18  O                                                                         (0 = 0.0%) {33.3%}
22  --O                                                                       (2 = 33.3%) {33.3%}
27  -O                                                                        (1 = 16.7%) {66.7%}
33  ... 
59  -O                                                                        (1 = 16.7%) {83.3%}
72  ... 

Histogram: Compositing.Display.VizScheduledDrawToDependencyResolvedUs recorded 6 samples, mean = 2.5 (flags = 0x41)
0  ------O                                                                   (6 = 100.0%)
5  ... 

Histogram: Compositing.Display.VizScheduledDrawToGpuStartedDrawUs recorded 6 samples, mean = 30.7 (flags = 0x41)
0   ... 
18  --O                                                                       (2 = 33.3%) {0.0%}
22  --O                                                                       (2 = 33.3%) {33.3%}
27  O                                                                         (0 = 0.0%) {66.7%}
33  -O                                                                        (1 = 16.7%) {66.7%}
40  ... 
59  -O                                                                        (1 = 16.7%) {83.3%}
72  ... 

Histogram: Compositing.Renderer.CompositorFrame.Quads recorded 3 samples, mean = 2.0 (flags = 0x41)
0  ... 
2  ---O                                                                      (3 = 100.0%) {0.0%}
3  ... 

Histogram: Compositing.Renderer.LayersUpdateTime recorded 7 samples, mean = 453.6 (flags = 0x41)
0     ... 
6     -O                                                                        (1 = 14.3%) {0.0%}
8     --O                                                                       (2 = 28.6%) {14.3%}
11    -O                                                                        (1 = 14.3%) {42.9%}
15    --O                                                                       (2 = 28.6%) {57.1%}
21    ... 
2786  -O                                                                        (1 = 14.3%) {85.7%}
3865  ... 

Histogram: Compositing.Renderer.NumRenderSurfaces recorded 12 samples, mean = 1.0 (flags = 0x41)
0  O                                                                         (0 = 0.0%)
1  ------------O                                                             (12 = 100.0%) {0.0%}
2  ... 

Histogram: Compositing.SurfaceAggregator.AggregateUs recorded 6 samples, mean = 6503.2 (flags = 0x41)
0      ... 
21     --O                                                                       (2 = 33.3%) {0.0%}
28     ... 
49     -O                                                                        (1 = 16.7%) {33.3%}
65     ... 
340    -O                                                                        (1 = 16.7%) {50.0%}
448    ... 
5338   -O                                                                        (1 = 16.7%) {66.7%}
7031   ... 
27864  -O                                                                        (1 = 16.7%) {83.3%}
36699  ... 

Histogram: Compositing.SurfaceAggregator.CopiedSurfaceCount recorded 6 samples, mean = 1.7 (flags = 0x41)
0  O                                                                         (0 = 0.0%)
1  --O                                                                       (2 = 33.3%) {0.0%}
2  ----O                                                                     (4 = 66.7%) {33.3%}
3  ... 

Histogram: Compositing.SurfaceAggregator.CopyUs recorded 6 samples, mean = 129.7 (flags = 0x41)
0    -O                                                                        (1 = 16.7%)
5    -O                                                                        (1 = 16.7%) {16.7%}
6    O                                                                         (0 = 0.0%) {33.3%}
7    -O                                                                        (1 = 16.7%) {33.3%}
8    -O                                                                        (1 = 16.7%) {50.0%}
9    ... 
21   -O                                                                        (1 = 16.7%) {66.7%}
25   ... 
684  -O                                                                        (1 = 16.7%) {83.3%}
801  ... 

Histogram: Compositing.SurfaceAggregator.HasCopyRequestsPerFrame recorded 6 samples, mean = 0.5 (flags = 0x41)
0  ---O                                                                      (3 = 50.0%)
1  ---O                                                                      (3 = 50.0%) {50.0%}
2  O                                                                         (0 = 0.0%) {100.0%}

Histogram: Compositing.SurfaceAggregator.HasPixelMovingBackdropFiltersPerFrame recorded 6 samples, mean = 0.0 (flags = 0x41)
0  ------O                                                                   (6 = 100.0%)
1  ... 

Histogram: Compositing.SurfaceAggregator.HasPixelMovingFiltersPerFrame recorded 6 samples, mean = 0.0 (flags = 0x41)
0  ------O                                                                   (6 = 100.0%)
1  ... 

Histogram: Compositing.SurfaceAggregator.HasUnembeddedRenderPassesPerFrame recorded 6 samples, mean = 0.0 (flags = 0x41)
0  ------O                                                                   (6 = 100.0%)
1  ... 

Histogram: Compositing.SurfaceAggregator.PrewalkUs recorded 6 samples, mean = 5650.3 (flags = 0x41)
0      ... 
11     -O                                                                        (1 = 16.7%) {0.0%}
13     O                                                                         (0 = 0.0%) {16.7%}
15     -O                                                                        (1 = 16.7%) {16.7%}
18     ... 
34     -O                                                                        (1 = 16.7%) {33.3%}
40     ... 
311    -O                                                                        (1 = 16.7%) {50.0%}
364    ... 
684    -O                                                                        (1 = 16.7%) {66.7%}
801    ... 
10000  -O                                                                        (1 = 16.7%) {83.3%}

Histogram: Compositing.SurfaceAggregator.PrewalkedSurfaceCount recorded 6 samples, mean = 1.7 (flags = 0x41)
0  O                                                                         (0 = 0.0%)
1  --O                                                                       (2 = 33.3%) {0.0%}
2  ----O                                                                     (4 = 66.7%) {33.3%}
3  ... 

Histogram: Compositing.SurfaceManager.MarkForDestructionToDestroy recorded 1 samples, mean = 995.0 (flags = 0x41)
0    ... 
894  -O                                                                        (1 = 100.0%) {0.0%}
1062 ... 

Histogram: Content.Classification.OpenGraph recorded 1 samples, mean = 4.0 (flags = 0x41)
0  ... 
4  -O                                                                        (1 = 100.0%) {0.0%}
5  ... 

Histogram: ContentSettings.AllowStorageAccessSync recorded 4 samples, mean = 0.0 (flags = 0x41)
0  ----O                                                                     (4 = 100.0%)
1  ... 

Histogram: ContentSettings.GetContentSetting.Network.Duration recorded 407 samples, mean = 0.4 (flags = 0x41)
0  ------------------------------------------------------------------------O (288 = 70.8%)
1  -----------------------O                                                  (90 = 22.1%) {70.8%}
2  ------O                                                                   (22 = 5.4%) {92.9%}
3  -O                                                                        (4 = 1.0%) {98.3%}
4  -O                                                                        (2 = 0.5%) {99.3%}
5  O                                                                         (0 = 0.0%) {99.8%}
7  O                                                                         (1 = 0.2%) {99.8%}
9  ... 

Histogram: ContentSettings.GetCookieSettingInternal.Duration recorded 129 samples, mean = 3.5 (flags = 0x41)
0   ------O                                                                   (6 = 4.7%)
1   -------------------------------------------------------------O            (61 = 47.3%) {4.7%}
2   ---------------------O                                                    (21 = 16.3%) {51.9%}
3   ------O                                                                   (6 = 4.7%) {68.2%}
4   ----O                                                                     (4 = 3.1%) {72.9%}
5   -----------O                                                              (11 = 8.5%) {76.0%}
7   ---O                                                                      (3 = 2.3%) {84.5%}
9   ------O                                                                   (6 = 4.7%) {86.8%}
12  -----O                                                                    (5 = 3.9%) {91.5%}
16  -----O                                                                    (5 = 3.9%) {95.3%}
21  -O                                                                        (1 = 0.8%) {99.2%}
28  ... 

Histogram: ContentSettings.NumberOfExceptions recorded 1 samples, mean = 4.0 (flags = 0x41)
0  ... 
4  -O                                                                        (1 = 100.0%) {0.0%}
5  ... 

Histogram: ContentSettings.Popups.StrongBlockerActions recorded 1 samples, mean = 0.0 (flags = 0x41)
0  -O                                                                        (1 = 100.0%)
1  ... 

Histogram: ContentSettings.RegularProfile.DefaultAutoVerifySetting recorded 1 samples, mean = 1.0 (flags = 0x41)
0  O                                                                         (0 = 0.0%)
1  -O                                                                        (1 = 100.0%) {0.0%}
2  ... 

Histogram: ContentSettings.RegularProfile.DefaultAutoplaySetting recorded 1 samples, mean = 1.0 (flags = 0x41)
0  O                                                                         (0 = 0.0%)
1  -O                                                                        (1 = 100.0%) {0.0%}
2  ... 

Histogram: ContentSettings.RegularProfile.DefaultBackgroundSyncSetting recorded 1 samples, mean = 1.0 (flags = 0x41)
0  O                                                                         (0 = 0.0%)
1  -O                                                                        (1 = 100.0%) {0.0%}
2  ... 

Histogram: ContentSettings.RegularProfile.DefaultCookiesSetting recorded 1 samples, mean = 1.0 (flags = 0x41)
0  O                                                                         (0 = 0.0%)
1  -O                                                                        (1 = 100.0%) {0.0%}
2  ... 

Histogram: ContentSettings.RegularProfile.DefaultIdleDetectionSetting recorded 1 samples, mean = 3.0 (flags = 0x41)
0  ... 
3  -O                                                                        (1 = 100.0%) {0.0%}
4  ... 

Histogram: ContentSettings.RegularProfile.DefaultImagesSetting recorded 1 samples, mean = 1.0 (flags = 0x41)
0  O                                                                         (0 = 0.0%)
1  -O                                                                        (1 = 100.0%) {0.0%}
2  ... 

Histogram: ContentSettings.RegularProfile.DefaultJavaScriptSetting recorded 1 samples, mean = 1.0 (flags = 0x41)
0  O                                                                         (0 = 0.0%)
1  -O                                                                        (1 = 100.0%) {0.0%}
2  ... 

Histogram: ContentSettings.RegularProfile.DefaultLocationSetting recorded 1 samples, mean = 3.0 (flags = 0x41)
0  ... 
3  -O                                                                        (1 = 100.0%) {0.0%}
4  ... 

Histogram: ContentSettings.RegularProfile.DefaultMIDISysExSetting recorded 1 samples, mean = 3.0 (flags = 0x41)
0  ... 
3  -O                                                                        (1 = 100.0%) {0.0%}
4  ... 

Histogram: ContentSettings.RegularProfile.DefaultMediaStreamCameraSetting recorded 1 samples, mean = 3.0 (flags = 0x41)
0  ... 
3  -O                                                                        (1 = 100.0%) {0.0%}
4  ... 

Histogram: ContentSettings.RegularProfile.DefaultMediaStreamMicSetting recorded 1 samples, mean = 3.0 (flags = 0x41)
0  ... 
3  -O                                                                        (1 = 100.0%) {0.0%}
4  ... 

Histogram: ContentSettings.RegularProfile.DefaultNotificationsSetting recorded 1 samples, mean = 3.0 (flags = 0x41)
0  ... 
3  -O                                                                        (1 = 100.0%) {0.0%}
4  ... 

Histogram: ContentSettings.RegularProfile.DefaultPopupsSetting recorded 1 samples, mean = 2.0 (flags = 0x41)
0  ... 
2  -O                                                                        (1 = 100.0%) {0.0%}
3  ... 

Histogram: ContentSettings.RegularProfile.DefaultSoundSetting recorded 1 samples, mean = 1.0 (flags = 0x41)
0  O                                                                         (0 = 0.0%)
1  -O                                                                        (1 = 100.0%) {0.0%}
2  ... 

Histogram: ContentSettings.RegularProfile.DefaultStorageAccessSetting recorded 1 samples, mean = 3.0 (flags = 0x41)
0  ... 
3  -O                                                                        (1 = 100.0%) {0.0%}
4  ... 

Histogram: ContentSettings.RegularProfile.DefaultSubresourceFilterSetting recorded 1 samples, mean = 2.0 (flags = 0x41)
0  ... 
2  -O                                                                        (1 = 100.0%) {0.0%}
3  ... 

Histogram: ContentSettings.RegularProfile.DefaultUsbGuardSetting recorded 1 samples, mean = 3.0 (flags = 0x41)
0  ... 
3  -O                                                                        (1 = 100.0%) {0.0%}
4  ... 

Histogram: ContentSettings.RegularProfile.DefaultWebBluetoothGuardSetting recorded 1 samples, mean = 3.0 (flags = 0x41)
0  ... 
3  -O                                                                        (1 = 100.0%) {0.0%}
4  ... 

Histogram: ContentSettings.RegularProfile.Exceptions.3pcd-heuristics-grants recorded 1 samples, mean = 0.0 (flags = 0x41)
0  -O                                                                        (1 = 100.0%)
1  ... 

Histogram: ContentSettings.RegularProfile.Exceptions.3pcd-support recorded 1 samples, mean = 0.0 (flags = 0x41)
0  -O                                                                        (1 = 100.0%)
1  ... 

Histogram: ContentSettings.RegularProfile.Exceptions.abusive-notification-permissions recorded 1 samples, mean = 0.0 (flags = 0x41)
0  -O                                                                        (1 = 100.0%)
1  ... 

Histogram: ContentSettings.RegularProfile.Exceptions.access-to-get-all-screens-media-in-session recorded 1 samples, mean = 0.0 (flags = 0x41)
0  -O                                                                        (1 = 100.0%)
1  ... 

Histogram: ContentSettings.RegularProfile.Exceptions.accessibility-events recorded 1 samples, mean = 0.0 (flags = 0x41)
0  -O                                                                        (1 = 100.0%)
1  ... 

Histogram: ContentSettings.RegularProfile.Exceptions.anti-abuse recorded 1 samples, mean = 0.0 (flags = 0x41)
0  -O                                                                        (1 = 100.0%)
1  ... 

Histogram: ContentSettings.RegularProfile.Exceptions.app-banner recorded 1 samples, mean = 0.0 (flags = 0x41)
0  -O                                                                        (1 = 100.0%)
1  ... 

Histogram: ContentSettings.RegularProfile.Exceptions.ar recorded 1 samples, mean = 0.0 (flags = 0x41)
0  -O                                                                        (1 = 100.0%)
1  ... 

Histogram: ContentSettings.RegularProfile.Exceptions.auto-picture-in-picture recorded 1 samples, mean = 0.0 (flags = 0x41)
0  -O                                                                        (1 = 100.0%)
1  ... 

Histogram: ContentSettings.RegularProfile.Exceptions.auto-select-certificate recorded 1 samples, mean = 0.0 (flags = 0x41)
0  -O                                                                        (1 = 100.0%)
1  ... 

Histogram: ContentSettings.RegularProfile.Exceptions.automatic-downloads recorded 1 samples, mean = 0.0 (flags = 0x41)
0  -O                                                                        (1 = 100.0%)
1  ... 

Histogram: ContentSettings.RegularProfile.Exceptions.automatic-fullscreen recorded 1 samples, mean = 0.0 (flags = 0x41)
0  -O                                                                        (1 = 100.0%)
1  ... 

Histogram: ContentSettings.RegularProfile.Exceptions.autoplay recorded 1 samples, mean = 0.0 (flags = 0x41)
0  -O                                                                        (1 = 100.0%)
1  ... 

Histogram: ContentSettings.RegularProfile.Exceptions.background-sync recorded 1 samples, mean = 0.0 (flags = 0x41)
0  -O                                                                        (1 = 100.0%)
1  ... 

Histogram: ContentSettings.RegularProfile.Exceptions.bluetooth-chooser-data recorded 1 samples, mean = 0.0 (flags = 0x41)
0  -O                                                                        (1 = 100.0%)
1  ... 

Histogram: ContentSettings.RegularProfile.Exceptions.bluetooth-guard recorded 1 samples, mean = 0.0 (flags = 0x41)
0  -O                                                                        (1 = 100.0%)
1  ... 

Histogram: ContentSettings.RegularProfile.Exceptions.bluetooth-scanning recorded 1 samples, mean = 0.0 (flags = 0x41)
0  -O                                                                        (1 = 100.0%)
1  ... 

Histogram: ContentSettings.RegularProfile.Exceptions.camera-pan-tilt-zoom recorded 1 samples, mean = 0.0 (flags = 0x41)
0  -O                                                                        (1 = 100.0%)
1  ... 

Histogram: ContentSettings.RegularProfile.Exceptions.captured-surface-control recorded 1 samples, mean = 0.0 (flags = 0x41)
0  -O                                                                        (1 = 100.0%)
1  ... 

Histogram: ContentSettings.RegularProfile.Exceptions.client-hints recorded 1 samples, mean = 1.0 (flags = 0x41)
0  O                                                                         (0 = 0.0%)
1  -O                                                                        (1 = 100.0%) {0.0%}
2  ... 

Histogram: ContentSettings.RegularProfile.Exceptions.clipboard recorded 1 samples, mean = 0.0 (flags = 0x41)
0  -O                                                                        (1 = 100.0%)
1  ... 

Histogram: ContentSettings.RegularProfile.Exceptions.cookie-controls-metadata recorded 1 samples, mean = 0.0 (flags = 0x41)
0  -O                                                                        (1 = 100.0%)
1  ... 

Histogram: ContentSettings.RegularProfile.Exceptions.cookies recorded 1 samples, mean = 0.0 (flags = 0x41)
0  -O                                                                        (1 = 100.0%)
1  ... 

Histogram: ContentSettings.RegularProfile.Exceptions.cookies.Allow recorded 1 samples, mean = 0.0 (flags = 0x41)
0  -O                                                                        (1 = 100.0%)
1  ... 

Histogram: ContentSettings.RegularProfile.Exceptions.cookies.AllowThirdParty recorded 1 samples, mean = 0.0 (flags = 0x41)
0  -O                                                                        (1 = 100.0%)
1  ... 

Histogram: ContentSettings.RegularProfile.Exceptions.cookies.Block recorded 1 samples, mean = 0.0 (flags = 0x41)
0  -O                                                                        (1 = 100.0%)
1  ... 

Histogram: ContentSettings.RegularProfile.Exceptions.cookies.DomainWildcardAllowThirdParty recorded 1 samples, mean = 0.0 (flags = 0x41)
0  -O                                                                        (1 = 100.0%)
1  ... 

Histogram: ContentSettings.RegularProfile.Exceptions.cookies.SessionOnly recorded 1 samples, mean = 0.0 (flags = 0x41)
0  -O                                                                        (1 = 100.0%)
1  ... 

Histogram: ContentSettings.RegularProfile.Exceptions.cookies.TemporaryAllowThirdParty recorded 1 samples, mean = 0.0 (flags = 0x41)
0  -O                                                                        (1 = 100.0%)
1  ... 

Histogram: ContentSettings.RegularProfile.Exceptions.direct-sockets recorded 1 samples, mean = 0.0 (flags = 0x41)
0  -O                                                                        (1 = 100.0%)
1  ... 

Histogram: ContentSettings.RegularProfile.Exceptions.display-media-system-audio recorded 1 samples, mean = 0.0 (flags = 0x41)
0  -O                                                                        (1 = 100.0%)
1  ... 

Histogram: ContentSettings.RegularProfile.Exceptions.durable-storage recorded 1 samples, mean = 0.0 (flags = 0x41)
0  -O                                                                        (1 = 100.0%)
1  ... 

Histogram: ContentSettings.RegularProfile.Exceptions.fedcm-idp-registration recorded 1 samples, mean = 0.0 (flags = 0x41)
0  -O                                                                        (1 = 100.0%)
1  ... 

Histogram: ContentSettings.RegularProfile.Exceptions.fedcm-idp-signin recorded 1 samples, mean = 1.0 (flags = 0x41)
0  O                                                                         (0 = 0.0%)
1  -O                                                                        (1 = 100.0%) {0.0%}
2  ... 

Histogram: ContentSettings.RegularProfile.Exceptions.fedcm-share recorded 1 samples, mean = 0.0 (flags = 0x41)
0  -O                                                                        (1 = 100.0%)
1  ... 

Histogram: ContentSettings.RegularProfile.Exceptions.file-system-access-chooser-data recorded 1 samples, mean = 0.0 (flags = 0x41)
0  -O                                                                        (1 = 100.0%)
1  ... 

Histogram: ContentSettings.RegularProfile.Exceptions.file-system-access-extended-permission recorded 1 samples, mean = 0.0 (flags = 0x41)
0  -O                                                                        (1 = 100.0%)
1  ... 

Histogram: ContentSettings.RegularProfile.Exceptions.file-system-access-restore-permission recorded 1 samples, mean = 0.0 (flags = 0x41)
0  -O                                                                        (1 = 100.0%)
1  ... 

Histogram: ContentSettings.RegularProfile.Exceptions.file-system-last-picked-directory recorded 1 samples, mean = 0.0 (flags = 0x41)
0  -O                                                                        (1 = 100.0%)
1  ... 

Histogram: ContentSettings.RegularProfile.Exceptions.file-system-read-guard recorded 1 samples, mean = 0.0 (flags = 0x41)
0  -O                                                                        (1 = 100.0%)
1  ... 

Histogram: ContentSettings.RegularProfile.Exceptions.file-system-write-guard recorded 1 samples, mean = 0.0 (flags = 0x41)
0  -O                                                                        (1 = 100.0%)
1  ... 

Histogram: ContentSettings.RegularProfile.Exceptions.formfill-metadata recorded 1 samples, mean = 0.0 (flags = 0x41)
0  -O                                                                        (1 = 100.0%)
1  ... 

Histogram: ContentSettings.RegularProfile.Exceptions.geolocation recorded 1 samples, mean = 0.0 (flags = 0x41)
0  -O                                                                        (1 = 100.0%)
1  ... 

Histogram: ContentSettings.RegularProfile.Exceptions.hid-chooser-data recorded 1 samples, mean = 0.0 (flags = 0x41)
0  -O                                                                        (1 = 100.0%)
1  ... 

Histogram: ContentSettings.RegularProfile.Exceptions.hid-guard recorded 1 samples, mean = 0.0 (flags = 0x41)
0  -O                                                                        (1 = 100.0%)
1  ... 

Histogram: ContentSettings.RegularProfile.Exceptions.http-allowed recorded 1 samples, mean = 0.0 (flags = 0x41)
0  -O                                                                        (1 = 100.0%)
1  ... 

Histogram: ContentSettings.RegularProfile.Exceptions.https-enforced recorded 1 samples, mean = 0.0 (flags = 0x41)
0  -O                                                                        (1 = 100.0%)
1  ... 

Histogram: ContentSettings.RegularProfile.Exceptions.idle-detection recorded 1 samples, mean = 0.0 (flags = 0x41)
0  -O                                                                        (1 = 100.0%)
1  ... 

Histogram: ContentSettings.RegularProfile.Exceptions.images recorded 1 samples, mean = 0.0 (flags = 0x41)
0  -O                                                                        (1 = 100.0%)
1  ... 

Histogram: ContentSettings.RegularProfile.Exceptions.important-site-info recorded 1 samples, mean = 0.0 (flags = 0x41)
0  -O                                                                        (1 = 100.0%)
1  ... 

Histogram: ContentSettings.RegularProfile.Exceptions.insecure-private-network recorded 1 samples, mean = 0.0 (flags = 0x41)
0  -O                                                                        (1 = 100.0%)
1  ... 

Histogram: ContentSettings.RegularProfile.Exceptions.intent-picker-auto-display recorded 1 samples, mean = 0.0 (flags = 0x41)
0  -O                                                                        (1 = 100.0%)
1  ... 

Histogram: ContentSettings.RegularProfile.Exceptions.javascript recorded 1 samples, mean = 0.0 (flags = 0x41)
0  -O                                                                        (1 = 100.0%)
1  ... 

Histogram: ContentSettings.RegularProfile.Exceptions.javascript-jit recorded 1 samples, mean = 0.0 (flags = 0x41)
0  -O                                                                        (1 = 100.0%)
1  ... 

Histogram: ContentSettings.RegularProfile.Exceptions.javascript-optimizer recorded 1 samples, mean = 0.0 (flags = 0x41)
0  -O                                                                        (1 = 100.0%)
1  ... 

Histogram: ContentSettings.RegularProfile.Exceptions.keyboard-lock recorded 1 samples, mean = 0.0 (flags = 0x41)
0  -O                                                                        (1 = 100.0%)
1  ... 

Histogram: ContentSettings.RegularProfile.Exceptions.legacy-cookie-access recorded 1 samples, mean = 0.0 (flags = 0x41)
0  -O                                                                        (1 = 100.0%)
1  ... 

Histogram: ContentSettings.RegularProfile.Exceptions.local-fonts recorded 1 samples, mean = 0.0 (flags = 0x41)
0  -O                                                                        (1 = 100.0%)
1  ... 

Histogram: ContentSettings.RegularProfile.Exceptions.media-engagement recorded 1 samples, mean = 1.0 (flags = 0x41)
0  O                                                                         (0 = 0.0%)
1  -O                                                                        (1 = 100.0%) {0.0%}
2  ... 

Histogram: ContentSettings.RegularProfile.Exceptions.media-stream-camera recorded 1 samples, mean = 0.0 (flags = 0x41)
0  -O                                                                        (1 = 100.0%)
1  ... 

Histogram: ContentSettings.RegularProfile.Exceptions.media-stream-mic recorded 1 samples, mean = 0.0 (flags = 0x41)
0  -O                                                                        (1 = 100.0%)
1  ... 

Histogram: ContentSettings.RegularProfile.Exceptions.midi-sysex recorded 1 samples, mean = 0.0 (flags = 0x41)
0  -O                                                                        (1 = 100.0%)
1  ... 

Histogram: ContentSettings.RegularProfile.Exceptions.mixed-script recorded 1 samples, mean = 0.0 (flags = 0x41)
0  -O                                                                        (1 = 100.0%)
1  ... 

Histogram: ContentSettings.RegularProfile.Exceptions.nfc-devices recorded 1 samples, mean = 0.0 (flags = 0x41)
0  -O                                                                        (1 = 100.0%)
1  ... 

Histogram: ContentSettings.RegularProfile.Exceptions.notification-interactions recorded 1 samples, mean = 0.0 (flags = 0x41)
0  -O                                                                        (1 = 100.0%)
1  ... 

Histogram: ContentSettings.RegularProfile.Exceptions.notification-permission-review recorded 1 samples, mean = 0.0 (flags = 0x41)
0  -O                                                                        (1 = 100.0%)
1  ... 

Histogram: ContentSettings.RegularProfile.Exceptions.notifications recorded 1 samples, mean = 0.0 (flags = 0x41)
0  -O                                                                        (1 = 100.0%)
1  ... 

Histogram: ContentSettings.RegularProfile.Exceptions.password-protection recorded 1 samples, mean = 0.0 (flags = 0x41)
0  -O                                                                        (1 = 100.0%)
1  ... 

Histogram: ContentSettings.RegularProfile.Exceptions.payment-handler recorded 1 samples, mean = 0.0 (flags = 0x41)
0  -O                                                                        (1 = 100.0%)
1  ... 

Histogram: ContentSettings.RegularProfile.Exceptions.permission-autoblocking-data recorded 1 samples, mean = 0.0 (flags = 0x41)
0  -O                                                                        (1 = 100.0%)
1  ... 

Histogram: ContentSettings.RegularProfile.Exceptions.permission-autorevocation-data recorded 1 samples, mean = 0.0 (flags = 0x41)
0  -O                                                                        (1 = 100.0%)
1  ... 

Histogram: ContentSettings.RegularProfile.Exceptions.pointer-lock recorded 1 samples, mean = 0.0 (flags = 0x41)
0  -O                                                                        (1 = 100.0%)
1  ... 

Histogram: ContentSettings.RegularProfile.Exceptions.popups recorded 1 samples, mean = 0.0 (flags = 0x41)
0  -O                                                                        (1 = 100.0%)
1  ... 

Histogram: ContentSettings.RegularProfile.Exceptions.popups.Allow recorded 1 samples, mean = 0.0 (flags = 0x41)
0  -O                                                                        (1 = 100.0%)
1  ... 

Histogram: ContentSettings.RegularProfile.Exceptions.popups.Block recorded 1 samples, mean = 0.0 (flags = 0x41)
0  -O                                                                        (1 = 100.0%)
1  ... 

Histogram: ContentSettings.RegularProfile.Exceptions.private-network-chooser-data recorded 1 samples, mean = 0.0 (flags = 0x41)
0  -O                                                                        (1 = 100.0%)
1  ... 

Histogram: ContentSettings.RegularProfile.Exceptions.private-network-guard recorded 1 samples, mean = 0.0 (flags = 0x41)
0  -O                                                                        (1 = 100.0%)
1  ... 

Histogram: ContentSettings.RegularProfile.Exceptions.protected-media-identifier recorded 1 samples, mean = 0.0 (flags = 0x41)
0  -O                                                                        (1 = 100.0%)
1  ... 

Histogram: ContentSettings.RegularProfile.Exceptions.protocol-handler recorded 1 samples, mean = 0.0 (flags = 0x41)
0  -O                                                                        (1 = 100.0%)
1  ... 

Histogram: ContentSettings.RegularProfile.Exceptions.reduced-accept-language recorded 1 samples, mean = 0.0 (flags = 0x41)
0  -O                                                                        (1 = 100.0%)
1  ... 

Histogram: ContentSettings.RegularProfile.Exceptions.safe-browsing-url-check-data recorded 1 samples, mean = 0.0 (flags = 0x41)
0  -O                                                                        (1 = 100.0%)
1  ... 

Histogram: ContentSettings.RegularProfile.Exceptions.sensors recorded 1 samples, mean = 0.0 (flags = 0x41)
0  -O                                                                        (1 = 100.0%)
1  ... 

Histogram: ContentSettings.RegularProfile.Exceptions.serial-chooser-data recorded 1 samples, mean = 0.0 (flags = 0x41)
0  -O                                                                        (1 = 100.0%)
1  ... 

Histogram: ContentSettings.RegularProfile.Exceptions.serial-guard recorded 1 samples, mean = 0.0 (flags = 0x41)
0  -O                                                                        (1 = 100.0%)
1  ... 

Histogram: ContentSettings.RegularProfile.Exceptions.site-engagement recorded 1 samples, mean = 1.0 (flags = 0x41)
0  O                                                                         (0 = 0.0%)
1  -O                                                                        (1 = 100.0%) {0.0%}
2  ... 

Histogram: ContentSettings.RegularProfile.Exceptions.sound recorded 1 samples, mean = 0.0 (flags = 0x41)
0  -O                                                                        (1 = 100.0%)
1  ... 

Histogram: ContentSettings.RegularProfile.Exceptions.speaker-selection recorded 1 samples, mean = 0.0 (flags = 0x41)
0  -O                                                                        (1 = 100.0%)
1  ... 

Histogram: ContentSettings.RegularProfile.Exceptions.ssl-cert-decisions recorded 1 samples, mean = 0.0 (flags = 0x41)
0  -O                                                                        (1 = 100.0%)
1  ... 

Histogram: ContentSettings.RegularProfile.Exceptions.storage-access recorded 1 samples, mean = 0.0 (flags = 0x41)
0  -O                                                                        (1 = 100.0%)
1  ... 

Histogram: ContentSettings.RegularProfile.Exceptions.storage-access-header-origin-trial recorded 1 samples, mean = 0.0 (flags = 0x41)
0  -O                                                                        (1 = 100.0%)
1  ... 

Histogram: ContentSettings.RegularProfile.Exceptions.storage-access.Allow recorded 1 samples, mean = 0.0 (flags = 0x41)
0  -O                                                                        (1 = 100.0%)
1  ... 

Histogram: ContentSettings.RegularProfile.Exceptions.storage-access.Ask recorded 1 samples, mean = 0.0 (flags = 0x41)
0  -O                                                                        (1 = 100.0%)
1  ... 

Histogram: ContentSettings.RegularProfile.Exceptions.storage-access.Block recorded 1 samples, mean = 0.0 (flags = 0x41)
0  -O                                                                        (1 = 100.0%)
1  ... 

Histogram: ContentSettings.RegularProfile.Exceptions.storage-access.MaxRequester recorded 1 samples, mean = 0.0 (flags = 0x41)
0  -O                                                                        (1 = 100.0%)
1  ... 

Histogram: ContentSettings.RegularProfile.Exceptions.storage-access.MaxTopLevel recorded 1 samples, mean = 0.0 (flags = 0x41)
0  -O                                                                        (1 = 100.0%)
1  ... 

Histogram: ContentSettings.RegularProfile.Exceptions.subresource-filter recorded 1 samples, mean = 0.0 (flags = 0x41)
0  -O                                                                        (1 = 100.0%)
1  ... 

Histogram: ContentSettings.RegularProfile.Exceptions.subresource-filter-data recorded 1 samples, mean = 0.0 (flags = 0x41)
0  -O                                                                        (1 = 100.0%)
1  ... 

Histogram: ContentSettings.RegularProfile.Exceptions.subresource-filter.Allow recorded 1 samples, mean = 0.0 (flags = 0x41)
0  -O                                                                        (1 = 100.0%)
1  ... 

Histogram: ContentSettings.RegularProfile.Exceptions.subresource-filter.Block recorded 1 samples, mean = 0.0 (flags = 0x41)
0  -O                                                                        (1 = 100.0%)
1  ... 

Histogram: ContentSettings.RegularProfile.Exceptions.third-party-storage-partitioning recorded 1 samples, mean = 0.0 (flags = 0x41)
0  -O                                                                        (1 = 100.0%)
1  ... 

Histogram: ContentSettings.RegularProfile.Exceptions.top-level-3pcd-origin-trial recorded 1 samples, mean = 0.0 (flags = 0x41)
0  -O                                                                        (1 = 100.0%)
1  ... 

Histogram: ContentSettings.RegularProfile.Exceptions.top-level-3pcd-support recorded 1 samples, mean = 0.0 (flags = 0x41)
0  -O                                                                        (1 = 100.0%)
1  ... 

Histogram: ContentSettings.RegularProfile.Exceptions.top-level-storage-access recorded 1 samples, mean = 0.0 (flags = 0x41)
0  -O                                                                        (1 = 100.0%)
1  ... 

Histogram: ContentSettings.RegularProfile.Exceptions.tracking-protection recorded 1 samples, mean = 0.0 (flags = 0x41)
0  -O                                                                        (1 = 100.0%)
1  ... 

Histogram: ContentSettings.RegularProfile.Exceptions.tracking-protection.Allow recorded 1 samples, mean = 0.0 (flags = 0x41)
0  -O                                                                        (1 = 100.0%)
1  ... 

Histogram: ContentSettings.RegularProfile.Exceptions.tracking-protection.Block recorded 1 samples, mean = 0.0 (flags = 0x41)
0  -O                                                                        (1 = 100.0%)
1  ... 

Histogram: ContentSettings.RegularProfile.Exceptions.unused-site-permissions recorded 1 samples, mean = 0.0 (flags = 0x41)
0  -O                                                                        (1 = 100.0%)
1  ... 

Histogram: ContentSettings.RegularProfile.Exceptions.usb-chooser-data recorded 1 samples, mean = 0.0 (flags = 0x41)
0  -O                                                                        (1 = 100.0%)
1  ... 

Histogram: ContentSettings.RegularProfile.Exceptions.usb-guard recorded 1 samples, mean = 0.0 (flags = 0x41)
0  -O                                                                        (1 = 100.0%)
1  ... 

Histogram: ContentSettings.RegularProfile.Exceptions.vr recorded 1 samples, mean = 0.0 (flags = 0x41)
0  -O                                                                        (1 = 100.0%)
1  ... 

Histogram: ContentSettings.RegularProfile.Exceptions.webid-api recorded 1 samples, mean = 0.0 (flags = 0x41)
0  -O                                                                        (1 = 100.0%)
1  ... 

Histogram: ContentSettings.RegularProfile.Exceptions.webid-auto-reauthn recorded 1 samples, mean = 0.0 (flags = 0x41)
0  -O                                                                        (1 = 100.0%)
1  ... 

Histogram: ContentSettings.RegularProfile.Exceptions.window-placement recorded 1 samples, mean = 0.0 (flags = 0x41)
0  -O                                                                        (1 = 100.0%)
1  ... 

Histogram: Conversions.DelayOnAttestationsLoaded recorded 1 samples, mean = 300094.0 (flags = 0x41)
0       ... 
300000  -O                                                                        (1 = 100.0%) {0.0%}

Histogram: Cookie.ClockSkew.AddMinutes recorded 6 samples, mean = 0.0 (flags = 0x41)
0  ------O                                                                   (6 = 100.0%)
1  ... 

Histogram: Cookie.ClockSkew.AddMinutes12To24Hours recorded 6 samples, mean = 0.0 (flags = 0x41)
0  ------O                                                                   (6 = 100.0%)
720... 

Histogram: Cookie.ClockSkew.ExpiredWithoutSkew recorded 6 samples, mean = 0.0 (flags = 0x41)
0  ------O                                                                   (6 = 100.0%)
1  ... 

Histogram: Cookie.CookiePrefix recorded 7 samples, mean = 0.0 (flags = 0x41)
0  -------O                                                                  (7 = 100.0%)
1  ... 

Histogram: Cookie.CookieSchemeRequestScheme recorded 76 samples, mean = 2.0 (flags = 0x41)
0  ... 
2  ------------------------------------------------------------------------O (76 = 100.0%) {0.0%}
3  ... 

Histogram: Cookie.CookieSourceScheme recorded 7 samples, mean = 0.0 (flags = 0x41)
0  -------O                                                                  (7 = 100.0%)
1  ... 

Histogram: Cookie.CookieSourceSchemeName recorded 7 samples, mean = 14.0 (flags = 0x41)
0   ... 
14  -------O                                                                  (7 = 100.0%) {0.0%}
15  ... 

Histogram: Cookie.CrossSiteRedirectType.Read recorded 121 samples, mean = 1.0 (flags = 0x41)
0  O                                                                         (0 = 0.0%)
1  ------------------------------------------------------------------------O (121 = 100.0%) {0.0%}
2  ... 

Histogram: Cookie.CrossSiteRedirectType.Write recorded 7 samples, mean = 1.0 (flags = 0x41)
0  O                                                                         (0 = 0.0%)
1  -------O                                                                  (7 = 100.0%) {0.0%}
2  ... 

Histogram: Cookie.DaysSinceRefreshForRetrieval recorded 4 samples, mean = 0.0 (flags = 0x41)
0  ----O                                                                     (4 = 100.0%)
1  ... 

Histogram: Cookie.DomainHasNonASCII recorded 7 samples, mean = 0.0 (flags = 0x41)
0  -------O                                                                  (7 = 100.0%)
1  ... 

Histogram: Cookie.DomainSet recorded 7 samples, mean = 1.0 (flags = 0x41)
0  O                                                                         (0 = 0.0%)
1  -------O                                                                  (7 = 100.0%) {0.0%}
2  O                                                                         (0 = 0.0%) {100.0%}

Histogram: Cookie.DoubleUnderscorePrefixedName recorded 7 samples, mean = 0.7 (flags = 0x41)
0  --O                                                                       (2 = 28.6%)
1  -----O                                                                    (5 = 71.4%) {28.6%}
2  O                                                                         (0 = 0.0%) {100.0%}

Histogram: Cookie.ExpirationDuration400DaysLTE recorded 6 samples, mean = 60.8 (flags = 0x41)
0    -----O                                                                    (5 = 83.3%)
1    ... 
364  -O                                                                        (1 = 16.7%) {83.3%}
400  O                                                                         (0 = 0.0%) {100.0%}

Histogram: Cookie.ExpirationDurationMinutesSecure recorded 6 samples, mean = 87625.0 (flags = 0x41)
0       ... 
26      -----O                                                                    (5 = 83.3%) {0.0%}
36      ... 
429766  -O                                                                        (1 = 16.7%) {83.3%}
587706  ... 

Histogram: Cookie.FirstPartyPartitioned.HasCrossSiteAncestor recorded 45 samples, mean = 0.0 (flags = 0x41)
0  ---------------------------------------------O                            (45 = 100.0%)
1  ... 

Histogram: Cookie.FirstPartySets.Browser.DelayedQueriesCount recorded 1 samples, mean = 2.0 (flags = 0x41)
0  ... 
2  -O                                                                        (1 = 100.0%) {0.0%}
3  ... 

Histogram: Cookie.FirstPartySets.Browser.MostDelayedQueryDelta recorded 1 samples, mean = 985.0 (flags = 0x41)
0    ... 
894  -O                                                                        (1 = 100.0%) {0.0%}
1062 ... 

Histogram: Cookie.FirstPartySets.ComponentSetsNonfatalErrors recorded 1 samples, mean = 0.0 (flags = 0x41)
0  -O                                                                        (1 = 100.0%)
1  ... 

Histogram: Cookie.FirstPartySets.ComponentSetsParsedSuccessfully recorded 1 samples, mean = 0.0 (flags = 0x41)
0  -O                                                                        (1 = 100.0%)
1  ... 

Histogram: Cookie.FirstPartySets.ContextDelayedQueriesCount recorded 1 samples, mean = 0.0 (flags = 0x41)
0  -O                                                                        (1 = 100.0%)
1  ... 

Histogram: Cookie.FirstPartySets.ContextMostDelayedQueryDelta recorded 1 samples, mean = 0.0 (flags = 0x41)
0  -O                                                                        (1 = 100.0%)
1  ... 

Histogram: Cookie.FirstPartySets.EnqueueingDelay.ContextConfig2 recorded 1 samples, mean = 371.0 (flags = 0x41)
0    ... 
318  -O                                                                        (1 = 100.0%) {0.0%}
378  ... 

Histogram: Cookie.FirstPartySets.InitializationDuration.ContextReadyToServeQueries2 recorded 1 samples, mean = 5360.0 (flags = 0x41)
0     ... 
5017  -O                                                                        (1 = 100.0%) {0.0%}
5961  ... 

Histogram: Cookie.FirstPartySets.InitializationDuration.ReadCommandLineSet2 recorded 1 samples, mean = 991.0 (flags = 0x41)
0    ... 
894  -O                                                                        (1 = 100.0%) {0.0%}
1062 ... 

Histogram: Cookie.FirstPartySets.InitializationDuration.ReadComponentSets2 recorded 1 samples, mean = 5.0 (flags = 0x41)
0  ... 
5  -O                                                                        (1 = 100.0%) {0.0%}
6  ... 

Histogram: Cookie.FirstPartySets.InitializationDuration.ReadyToServeQueries2 recorded 1 samples, mean = 925.0 (flags = 0x41)
0    ... 
894  -O                                                                        (1 = 100.0%) {0.0%}
1062 ... 

Histogram: Cookie.FirstPartySets.Network.DelayedQueriesCount recorded 1 samples, mean = 0.0 (flags = 0x41)
0  -O                                                                        (1 = 100.0%)
1  ... 

Histogram: Cookie.FirstPartySets.Network.MostDelayedQueryDelta recorded 1 samples, mean = 0.0 (flags = 0x41)
0  -O                                                                        (1 = 100.0%)
1  ... 

Histogram: Cookie.FirstPartySets.ProcessedEntireComponent recorded 1 samples, mean = 1.0 (flags = 0x41)
0  O                                                                         (0 = 0.0%)
1  -O                                                                        (1 = 100.0%) {0.0%}
2  O                                                                         (0 = 0.0%) {100.0%}

Histogram: Cookie.FromStorageWithValidLength recorded 80 samples, mean = 1.0 (flags = 0x41)
0  O                                                                         (0 = 0.0%)
1  ------------------------------------------------------------------------O (80 = 100.0%) {0.0%}
2  O                                                                         (0 = 0.0%) {100.0%}

Histogram: Cookie.HasNonASCII.Name recorded 7 samples, mean = 0.0 (flags = 0x41)
0  -------O                                                                  (7 = 100.0%)
1  ... 

Histogram: Cookie.HasNonASCII.Value recorded 7 samples, mean = 0.0 (flags = 0x41)
0  -------O                                                                  (7 = 100.0%)
1  ... 

Histogram: Cookie.IncludedRequestEffectiveSameSite recorded 121 samples, mean = 0.0 (flags = 0x41)
0  ------------------------------------------------------------------------O (121 = 100.0%)
1  ... 

Histogram: Cookie.IncludedResponseEffectiveSameSite recorded 7 samples, mean = 0.0 (flags = 0x41)
0  -------O                                                                  (7 = 100.0%)
1  ... 

Histogram: Cookie.IsPartitionedValid recorded 1 samples, mean = 1.0 (flags = 0x41)
0  O                                                                         (0 = 0.0%)
1  -O                                                                        (1 = 100.0%) {0.0%}
2  O                                                                         (0 = 0.0%) {100.0%}

Histogram: Cookie.NameOrValueHtab recorded 7 samples, mean = 0.0 (flags = 0x41)
0  -------O                                                                  (7 = 100.0%)
1  ... 

Histogram: Cookie.OnCookiesAccessed.BatchSize recorded 8 samples, mean = 1.4 (flags = 0x41)
0  O                                                                         (0 = 0.0%)
1  -----O                                                                    (5 = 62.5%) {0.0%}
2  ---O                                                                      (3 = 37.5%) {62.5%}
3  ... 

Histogram: Cookie.OnCookiesAccessed.TotalAccesses recorded 8 samples, mean = 2.4 (flags = 0x41)
0  O                                                                         (0 = 0.0%)
1  -O                                                                        (1 = 12.5%) {0.0%}
2  ----O                                                                     (4 = 50.0%) {12.5%}
3  --O                                                                       (2 = 25.0%) {62.5%}
4  -O                                                                        (1 = 12.5%) {87.5%}
5  ... 

Histogram: Cookie.PartitionedCookiesInRequest recorded 39 samples, mean = 1.0 (flags = 0x41)
0  O                                                                         (0 = 0.0%)
1  ---------------------------------------O                                  (39 = 100.0%) {0.0%}
2  ... 

Histogram: Cookie.Port.Read.RemoteHost recorded 117 samples, mean = 7.0 (flags = 0x41)
0  ... 
7  ------------------------------------------------------------------------O (117 = 100.0%) {0.0%}
8  ... 

Histogram: Cookie.Port.ReadDiffersFromSet.DomainSet recorded 117 samples, mean = 4.0 (flags = 0x41)
0  ... 
4  ------------------------------------------------------------------------O (117 = 100.0%) {0.0%}
5  O                                                                         (0 = 0.0%) {100.0%}

Histogram: Cookie.Port.ReadDiffersFromSet.RemoteHost recorded 117 samples, mean = 4.0 (flags = 0x41)
0  ... 
4  ------------------------------------------------------------------------O (117 = 100.0%) {0.0%}
5  O                                                                         (0 = 0.0%) {100.0%}

Histogram: Cookie.Port.Set.RemoteHost recorded 7 samples, mean = 7.0 (flags = 0x41)
0  ... 
7  -------O                                                                  (7 = 100.0%) {0.0%}
8  ... 

Histogram: Cookie.RequestSameSiteContext recorded 125 samples, mean = 3.0 (flags = 0x41)
0  -O                                                                        (2 = 1.6%)
1  ... 
3  ------------------------------------------------------------------------O (123 = 98.4%) {1.6%}
4  O                                                                         (0 = 0.0%) {100.0%}

Histogram: Cookie.SameSiteAttributeValue recorded 7 samples, mean = 5.0 (flags = 0x41)
0  ... 
5  -------O                                                                  (7 = 100.0%) {0.0%}
6  ... 

Histogram: Cookie.SameSiteNoneSizeBytes recorded 7 samples, mean = 212.4 (flags = 0x41)
0    ... 
40   -O                                                                        (1 = 14.3%) {0.0%}
48   ... 
190  -----O                                                                    (5 = 71.4%) {14.3%}
226  ... 
378  -O                                                                        (1 = 14.3%) {85.7%}
449  ... 

Histogram: Cookie.SameSiteNoneSizeBytes.Partitioned recorded 1 samples, mean = 417.0 (flags = 0x41)
0    ... 
378  -O                                                                        (1 = 100.0%) {0.0%}
449  ... 

Histogram: Cookie.SameSiteNoneSizeBytes.Unpartitioned recorded 6 samples, mean = 178.3 (flags = 0x41)
0    ... 
40   -O                                                                        (1 = 16.7%) {0.0%}
48   ... 
190  -----O                                                                    (5 = 83.3%) {16.7%}
226  ... 

Histogram: Cookie.SessionAgeInHoursLTEOneWeek2 recorded 1 samples, mean = 15.0 (flags = 0x41)
0   ... 
15  -O                                                                        (1 = 100.0%) {0.0%}
16  ... 

Histogram: Cookie.SessionAgeSinceLastUpdateInHoursLTEOneWeek recorded 1 samples, mean = 15.0 (flags = 0x41)
0   ... 
15  -O                                                                        (1 = 100.0%) {0.0%}
16  ... 

Histogram: Cookie.SourceType recorded 11 samples, mean = 1.0 (flags = 0x41)
0  O                                                                         (0 = 0.0%)
1  -----------O                                                              (11 = 100.0%) {0.0%}
2  ... 

Histogram: Cookie.TimeBlockedOnLoad recorded 2 samples, mean = 1356.5 (flags = 0x41)
0     ... 
5     -O                                                                        (1 = 50.0%) {0.0%}
6     ... 
2391  -O                                                                        (1 = 50.0%) {50.0%}
2964  ... 

Histogram: Cookie.TimeInitializeDB recorded 2 samples, mean = 3.0 (flags = 0x41)
0  ... 
3  --O                                                                       (2 = 100.0%) {0.0%}
4  ... 

Histogram: Cookie.TimeOpsBlockedDueToGlobalOp recorded 2 samples, mean = 2.5 (flags = 0x41)
0  -O                                                                        (1 = 50.0%)
1  ... 
5  -O                                                                        (1 = 50.0%) {50.0%}
6  ... 

Histogram: Cookie.Type2 recorded 11 samples, mean = 12.2 (flags = 0x41)
0   ... 
4   --O                                                                       (2 = 18.2%) {0.0%}
5   ... 
14  ---------O                                                                (9 = 81.8%) {18.2%}
15  ... 

Histogram: Crypto.TPMDuration.MessageSigningECDSA recorded 1 samples, mean = 233.0 (flags = 0x41)
0    ... 
220  -O                                                                        (1 = 100.0%) {0.0%}
280  ... 

Histogram: Crypto.TPMDuration.NewKeyCreationECDSA recorded 1 samples, mean = 516.0 (flags = 0x41)
0    ... 
452  -O                                                                        (1 = 100.0%) {0.0%}
574  ... 

Histogram: Crypto.TPMDuration.Virtual.MessageSigningECDSA recorded 1 samples, mean = 0.0 (flags = 0x41)
0  -O                                                                        (1 = 100.0%)
1  ... 

Histogram: Crypto.TPMDuration.Virtual.NewKeyCreationECDSA recorded 1 samples, mean = 25.0 (flags = 0x41)
0   ... 
25  -O                                                                        (1 = 100.0%) {0.0%}
32  ... 

Histogram: Crypto.TPMDuration.Virtual.WrappedKeyCreationECDSA recorded 1 samples, mean = 2.0 (flags = 0x41)
0  ... 
2  -O                                                                        (1 = 100.0%) {0.0%}
3  ... 

Histogram: Crypto.TPMDuration.WrappedKeyCreationECDSA recorded 1 samples, mean = 155.0 (flags = 0x41)
0    ... 
136  -O                                                                        (1 = 100.0%) {0.0%}
173  ... 

Histogram: Crypto.TPMOperation.MessageSigningECDSA recorded 1 samples, mean = 1.0 (flags = 0x41)
0  O                                                                         (0 = 0.0%)
1  -O                                                                        (1 = 100.0%) {0.0%}
2  O                                                                         (0 = 0.0%) {100.0%}

Histogram: Crypto.TPMOperation.MessageVerifyECDSA recorded 1 samples, mean = 1.0 (flags = 0x41)
0  O                                                                         (0 = 0.0%)
1  -O                                                                        (1 = 100.0%) {0.0%}
2  O                                                                         (0 = 0.0%) {100.0%}

Histogram: Crypto.TPMOperation.NewKeyCreationECDSA recorded 1 samples, mean = 1.0 (flags = 0x41)
0  O                                                                         (0 = 0.0%)
1  -O                                                                        (1 = 100.0%) {0.0%}
2  O                                                                         (0 = 0.0%) {100.0%}

Histogram: Crypto.TPMOperation.Virtual.MessageSigningECDSA recorded 1 samples, mean = 1.0 (flags = 0x41)
0  O                                                                         (0 = 0.0%)
1  -O                                                                        (1 = 100.0%) {0.0%}
2  O                                                                         (0 = 0.0%) {100.0%}

Histogram: Crypto.TPMOperation.Virtual.MessageVerifyECDSA recorded 1 samples, mean = 1.0 (flags = 0x41)
0  O                                                                         (0 = 0.0%)
1  -O                                                                        (1 = 100.0%) {0.0%}
2  O                                                                         (0 = 0.0%) {100.0%}

Histogram: Crypto.TPMOperation.Virtual.NewKeyCreationECDSA recorded 1 samples, mean = 1.0 (flags = 0x41)
0  O                                                                         (0 = 0.0%)
1  -O                                                                        (1 = 100.0%) {0.0%}
2  O                                                                         (0 = 0.0%) {100.0%}

Histogram: Crypto.TPMOperation.Virtual.WrappedKeyCreationECDSA recorded 1 samples, mean = 1.0 (flags = 0x41)
0  O                                                                         (0 = 0.0%)
1  -O                                                                        (1 = 100.0%) {0.0%}
2  O                                                                         (0 = 0.0%) {100.0%}

Histogram: Crypto.TPMOperation.WrappedKeyCreationECDSA recorded 1 samples, mean = 1.0 (flags = 0x41)
0  O                                                                         (0 = 0.0%)
1  -O                                                                        (1 = 100.0%) {0.0%}
2  O                                                                         (0 = 0.0%) {100.0%}

Histogram: Crypto.TPMSupport2 recorded 1 samples, mean = 2.0 (flags = 0x41)
0  ... 
2  -O                                                                        (1 = 100.0%) {0.0%}
3  O                                                                         (0 = 0.0%) {100.0%}

Histogram: Crypto.TPMSupportType recorded 1 samples, mean = 3.0 (flags = 0x41)
0  ... 
3  -O                                                                        (1 = 100.0%) {0.0%}
4  O                                                                         (0 = 0.0%) {100.0%}

Histogram: Crypto.VirtualKeySupport recorded 1 samples, mean = 2.0 (flags = 0x41)
0  ... 
2  -O                                                                        (1 = 100.0%) {0.0%}
3  O                                                                         (0 = 0.0%) {100.0%}

Histogram: DOMStorage.CommitMeasuredDelay recorded 4 samples, mean = 3726.0 (flags = 0x41)
0     ... 
7     -O                                                                        (1 = 25.0%) {0.0%}
8     ... 
4249  -O                                                                        (1 = 25.0%) {25.0%}
4904  --O                                                                       (2 = 50.0%) {50.0%}
5660  ... 

Histogram: DOMStorage.CommitSizeBytes recorded 2 samples, mean = 6370.5 (flags = 0x41)
0     ... 
5848  --O                                                                       (2 = 100.0%) {0.0%}
6593  ... 

Histogram: DataUse.BytesReceived3.Delegate recorded 42 samples, mean = 4020.0 (flags = 0x41)
0      ... 
64     -O                                                                        (1 = 2.4%) {0.0%}
83     ... 
297    -O                                                                        (1 = 2.4%) {2.4%}
383    --O                                                                       (2 = 4.8%) {4.8%}
494    --O                                                                       (2 = 4.8%) {9.5%}
637    -O                                                                        (1 = 2.4%) {14.3%}
821    -O                                                                        (1 = 2.4%) {16.7%}
1059   ---------------------------O                                              (27 = 64.3%) {19.0%}
1366   -O                                                                        (1 = 2.4%) {83.3%}
1761   ... 
2928   ---O                                                                      (3 = 7.1%) {85.7%}
3776   ... 
10441  -O                                                                        (1 = 2.4%) {92.9%}
13464  O                                                                         (0 = 0.0%) {95.2%}
17362  -O                                                                        (1 = 2.4%) {95.2%}
22388  ... 
79817  -O                                                                        (1 = 2.4%) {97.6%}
102923 ... 

Histogram: DataUse.BytesSent3.Delegate recorded 42 samples, mean = 1344.2 (flags = 0x41)
0      ... 
21     -O                                                                        (1 = 2.4%) {0.0%}
28     ... 
196    -O                                                                        (1 = 2.4%) {2.4%}
258    -O                                                                        (1 = 2.4%) {4.8%}
340    --O                                                                       (2 = 4.8%) {7.1%}
448    --O                                                                       (2 = 4.8%) {11.9%}
590    --O                                                                       (2 = 4.8%) {16.7%}
777    ---O                                                                      (3 = 7.1%) {21.4%}
1023   -----------------------------O                                            (29 = 69.0%) {28.6%}
1347   ... 
16063  -O                                                                        (1 = 2.4%) {97.6%}
21156  ... 

Histogram: DefaultBrowser.State recorded 1 samples, mean = 0.0 (flags = 0x41)
0  -O                                                                        (1 = 100.0%)
1  ... 

Histogram: DiskCache.0.Error recorded 1 samples, mean = 0.0 (flags = 0x41)
0  -O                                                                        (1 = 100.0%)
1  ... 

Histogram: DiskCache.0.TotalIOTimeRead recorded 99 samples, mean = 21.0 (flags = 0x41)
0   -----------------O                                                        (17 = 17.2%)
1   ------------O                                                             (12 = 12.1%) {17.2%}
2   ---O                                                                      (3 = 3.0%) {29.3%}
3   ---O                                                                      (3 = 3.0%) {32.3%}
4   -O                                                                        (1 = 1.0%) {35.4%}
5   --O                                                                       (2 = 2.0%) {36.4%}
6   ---O                                                                      (3 = 3.0%) {38.4%}
7   --O                                                                       (2 = 2.0%) {41.4%}
8   ----------------O                                                         (16 = 16.2%) {43.4%}
10  --O                                                                       (2 = 2.0%) {59.6%}
12  -O                                                                        (1 = 1.0%) {61.6%}
14  --O                                                                       (2 = 2.0%) {62.6%}
17  ---O                                                                      (3 = 3.0%) {64.6%}
20  -O                                                                        (1 = 1.0%) {67.7%}
24  ---O                                                                      (3 = 3.0%) {68.7%}
29  O                                                                         (0 = 0.0%) {71.7%}
34  ---O                                                                      (3 = 3.0%) {71.7%}
40  --O                                                                       (2 = 2.0%) {74.7%}
48  ---------O                                                                (9 = 9.1%) {76.8%}
57  -----O                                                                    (5 = 5.1%) {85.9%}
68  -------O                                                                  (7 = 7.1%) {90.9%}
81  --O                                                                       (2 = 2.0%) {98.0%}
96  ... 

Histogram: DiskCache.0.TotalIOTimeWrite recorded 24 samples, mean = 0.0 (flags = 0x41)
0  ------------------------O                                                 (24 = 100.0%)
1  ... 

Histogram: Download.Database.IsAvailable recorded 1 samples, mean = 1.0 (flags = 0x41)
0  O                                                                         (0 = 0.0%)
1  -O                                                                        (1 = 100.0%) {0.0%}
2  O                                                                         (0 = 0.0%) {100.0%}

Histogram: Download.Service.Db.Operation.Success recorded 1 samples, mean = 0.0 (flags = 0x41)
0  -O                                                                        (1 = 100.0%)
1  ... 

Histogram: Download.Service.Db.Records recorded 1 samples, mean = 0.0 (flags = 0x41)
0  -O                                                                        (1 = 100.0%)
1  ... 

Histogram: Download.Service.Db.Records.Active recorded 1 samples, mean = 0.0 (flags = 0x41)
0  -O                                                                        (1 = 100.0%)
1  ... 

Histogram: Download.Service.Db.Records.Available recorded 1 samples, mean = 0.0 (flags = 0x41)
0  -O                                                                        (1 = 100.0%)
1  ... 

Histogram: Download.Service.Db.Records.Complete recorded 1 samples, mean = 0.0 (flags = 0x41)
0  -O                                                                        (1 = 100.0%)
1  ... 

Histogram: Download.Service.Db.Records.New recorded 1 samples, mean = 0.0 (flags = 0x41)
0  -O                                                                        (1 = 100.0%)
1  ... 

Histogram: Download.Service.Db.Records.Paused recorded 1 samples, mean = 0.0 (flags = 0x41)
0  -O                                                                        (1 = 100.0%)
1  ... 

Histogram: Download.Service.Files.CleanUp.External recorded 3 samples, mean = 0.0 (flags = 0x41)
0  ---O                                                                      (3 = 100.0%)
1  ... 

Histogram: Download.Service.Files.CleanUp.External.Orphaned recorded 1 samples, mean = 0.0 (flags = 0x41)
0  -O                                                                        (1 = 100.0%)
1  ... 

Histogram: Download.Service.Files.CleanUp.External.Timeout recorded 1 samples, mean = 0.0 (flags = 0x41)
0  -O                                                                        (1 = 100.0%)
1  ... 

Histogram: Download.Service.Files.CleanUp.External.Unknown recorded 1 samples, mean = 0.0 (flags = 0x41)
0  -O                                                                        (1 = 100.0%)
1  ... 

Histogram: Download.Service.Files.CleanUp.Failure recorded 3 samples, mean = 0.0 (flags = 0x41)
0  ---O                                                                      (3 = 100.0%)
1  ... 

Histogram: Download.Service.Files.CleanUp.Failure.Orphaned recorded 1 samples, mean = 0.0 (flags = 0x41)
0  -O                                                                        (1 = 100.0%)
1  ... 

Histogram: Download.Service.Files.CleanUp.Failure.Timeout recorded 1 samples, mean = 0.0 (flags = 0x41)
0  -O                                                                        (1 = 100.0%)
1  ... 

Histogram: Download.Service.Files.CleanUp.Failure.Unknown recorded 1 samples, mean = 0.0 (flags = 0x41)
0  -O                                                                        (1 = 100.0%)
1  ... 

Histogram: Download.Service.Files.CleanUp.Success recorded 3 samples, mean = 0.0 (flags = 0x41)
0  ---O                                                                      (3 = 100.0%)
1  ... 

Histogram: Download.Service.Files.CleanUp.Success.Orphaned recorded 1 samples, mean = 0.0 (flags = 0x41)
0  -O                                                                        (1 = 100.0%)
1  ... 

Histogram: Download.Service.Files.CleanUp.Success.Timeout recorded 1 samples, mean = 0.0 (flags = 0x41)
0  -O                                                                        (1 = 100.0%)
1  ... 

Histogram: Download.Service.Files.CleanUp.Success.Unknown recorded 1 samples, mean = 0.0 (flags = 0x41)
0  -O                                                                        (1 = 100.0%)
1  ... 

Histogram: Download.Service.StartUpStatus.Initialization recorded 1 samples, mean = 0.0 (flags = 0x41)
0  -O                                                                        (1 = 100.0%)
1  ... 

Histogram: Enterprise.TimeToFirstPolicyLoad.Profile.Unmanaged recorded 1 samples, mean = 0.0 (flags = 0x41)
0  -O                                                                        (1 = 100.0%)
1  ... 

Histogram: EnterpriseCheck.AzureADJoinStatusCheckTime recorded 1 samples, mean = 13.0 (flags = 0x41)
0   ... 
12  -O                                                                        (1 = 100.0%) {0.0%}
14  ... 

Histogram: Event.GestureCreated recorded 3 samples, mean = 12.0 (flags = 0x41)
0   ... 
12  ---O                                                                      (3 = 100.0%) {0.0%}
13  ... 

Histogram: Extension.Toolbar.BrowserActionsCount2 recorded 1 samples, mean = 0.0 (flags = 0x41)
0  -O                                                                        (1 = 100.0%)
1  ... 

Histogram: ExtensionToolbarModel.BrowserActionsCount recorded 1 samples, mean = 0.0 (flags = 0x41)
0  -O                                                                        (1 = 100.0%)
1  ... 

Histogram: Extensions.AppLocation2 recorded 1 samples, mean = 5.0 (flags = 0x41)
0  ... 
5  -O                                                                        (1 = 100.0%) {0.0%}
6  ... 

Histogram: Extensions.CorruptExtensionTotalDisables recorded 1 samples, mean = 0.0 (flags = 0x41)
0  -O                                                                        (1 = 100.0%)
1  ... 

Histogram: Extensions.CorruptExtensionTotalDisables2 recorded 1 samples, mean = 0.0 (flags = 0x41)
0  -O                                                                        (1 = 100.0%)
1  ... 

Histogram: Extensions.Database.Open.State recorded 1 samples, mean = 0.0 (flags = 0x41)
0  -O                                                                        (1 = 100.0%)
1  ... 

Histogram: Extensions.DeveloperModeEnabled recorded 2 samples, mean = 0.0 (flags = 0x41)
0  --O                                                                       (2 = 100.0%)
1  ... 

Histogram: Extensions.DidCreateScriptContext_Unspecified recorded 1 samples, mean = 7.0 (flags = 0x41)
0  ... 
7  -O                                                                        (1 = 100.0%) {0.0%}
8  ... 

Histogram: Extensions.DidCreateScriptContext_WebPage recorded 3 samples, mean = 0.0 (flags = 0x41)
0  ---O                                                                      (3 = 100.0%)
1  ... 

Histogram: Extensions.Disabled recorded 1 samples, mean = 0.0 (flags = 0x41)
0  -O                                                                        (1 = 100.0%)
1  ... 

Histogram: Extensions.Disabled2 recorded 1 samples, mean = 0.0 (flags = 0x41)
0  -O                                                                        (1 = 100.0%)
1  ... 

Histogram: Extensions.DisabledForPermissions recorded 1 samples, mean = 0.0 (flags = 0x41)
0  -O                                                                        (1 = 100.0%)
1  ... 

Histogram: Extensions.DisabledForPermissions2 recorded 1 samples, mean = 0.0 (flags = 0x41)
0  -O                                                                        (1 = 100.0%)
1  ... 

Histogram: Extensions.EventlessEventPages2 recorded 1 samples, mean = 0.0 (flags = 0x41)
0  -O                                                                        (1 = 100.0%)
1  ... 

Histogram: Extensions.ExtensionLocation recorded 1 samples, mean = 5.0 (flags = 0x41)
0  ... 
5  -O                                                                        (1 = 100.0%) {0.0%}
6  ... 

Histogram: Extensions.ExtensionLocation2 recorded 1 samples, mean = 5.0 (flags = 0x41)
0  ... 
5  -O                                                                        (1 = 100.0%) {0.0%}
6  ... 

Histogram: Extensions.ExtensionsWithPageActions recorded 1 samples, mean = 0.0 (flags = 0x41)
0  -O                                                                        (1 = 100.0%)
1  ... 

Histogram: Extensions.HomepageOverrides recorded 1 samples, mean = 0.0 (flags = 0x41)
0  -O                                                                        (1 = 100.0%)
1  ... 

Histogram: Extensions.HomepageOverrides2 recorded 1 samples, mean = 0.0 (flags = 0x41)
0  -O                                                                        (1 = 100.0%)
1  ... 

Histogram: Extensions.InjectEnd_ScriptCount recorded 3 samples, mean = 0.0 (flags = 0x41)
0  ---O                                                                      (3 = 100.0%)
1  ... 

Histogram: Extensions.InjectIdle_ScriptCount recorded 3 samples, mean = 0.0 (flags = 0x41)
0  ---O                                                                      (3 = 100.0%)
1  ... 

Histogram: Extensions.InjectStart_CssCount recorded 5 samples, mean = 0.0 (flags = 0x41)
0  -----O                                                                    (5 = 100.0%)
1  ... 

Histogram: Extensions.InjectStart_ScriptCount recorded 5 samples, mean = 0.0 (flags = 0x41)
0  -----O                                                                    (5 = 100.0%)
1  ... 

Histogram: Extensions.LoadAll recorded 1 samples, mean = 2.0 (flags = 0x41)
0  ... 
2  -O                                                                        (1 = 100.0%) {0.0%}
3  ... 

Histogram: Extensions.LoadAll2 recorded 1 samples, mean = 2.0 (flags = 0x41)
0  ... 
2  -O                                                                        (1 = 100.0%) {0.0%}
3  ... 

Histogram: Extensions.LoadAllComponentTime recorded 1 samples, mean = 13.0 (flags = 0x41)
0   ... 
12  -O                                                                        (1 = 100.0%) {0.0%}
14  ... 

Histogram: Extensions.LoadAllComponentTime.User recorded 1 samples, mean = 13.0 (flags = 0x41)
0   ... 
12  -O                                                                        (1 = 100.0%) {0.0%}
14  ... 

Histogram: Extensions.LoadAllTime2 recorded 1 samples, mean = 0.0 (flags = 0x41)
0  -O                                                                        (1 = 100.0%)
1  ... 

Histogram: Extensions.LoadAllTime2.User recorded 1 samples, mean = 0.0 (flags = 0x41)
0  -O                                                                        (1 = 100.0%)
1  ... 

Histogram: Extensions.LoadApp recorded 1 samples, mean = 0.0 (flags = 0x41)
0  -O                                                                        (1 = 100.0%)
1  ... 

Histogram: Extensions.LoadApp2 recorded 1 samples, mean = 0.0 (flags = 0x41)
0  -O                                                                        (1 = 100.0%)
1  ... 

Histogram: Extensions.LoadAppExternal recorded 1 samples, mean = 0.0 (flags = 0x41)
0  -O                                                                        (1 = 100.0%)
1  ... 

Histogram: Extensions.LoadAppExternal2 recorded 1 samples, mean = 0.0 (flags = 0x41)
0  -O                                                                        (1 = 100.0%)
1  ... 

Histogram: Extensions.LoadAppUser recorded 1 samples, mean = 0.0 (flags = 0x41)
0  -O                                                                        (1 = 100.0%)
1  ... 

Histogram: Extensions.LoadAppUser2 recorded 1 samples, mean = 0.0 (flags = 0x41)
0  -O                                                                        (1 = 100.0%)
1  ... 

Histogram: Extensions.LoadBrowserAction recorded 1 samples, mean = 0.0 (flags = 0x41)
0  -O                                                                        (1 = 100.0%)
1  ... 

Histogram: Extensions.LoadBrowserAction2 recorded 1 samples, mean = 0.0 (flags = 0x41)
0  -O                                                                        (1 = 100.0%)
1  ... 

Histogram: Extensions.LoadExtension recorded 1 samples, mean = 0.0 (flags = 0x41)
0  -O                                                                        (1 = 100.0%)
1  ... 

Histogram: Extensions.LoadExtension2 recorded 1 samples, mean = 0.0 (flags = 0x41)
0  -O                                                                        (1 = 100.0%)
1  ... 

Histogram: Extensions.LoadExtensionExternal recorded 1 samples, mean = 0.0 (flags = 0x41)
0  -O                                                                        (1 = 100.0%)
1  ... 

Histogram: Extensions.LoadExtensionExternal2 recorded 1 samples, mean = 0.0 (flags = 0x41)
0  -O                                                                        (1 = 100.0%)
1  ... 

Histogram: Extensions.LoadExtensionUser2 recorded 1 samples, mean = 0.0 (flags = 0x41)
0  -O                                                                        (1 = 100.0%)
1  ... 

Histogram: Extensions.LoadHostedApp recorded 1 samples, mean = 0.0 (flags = 0x41)
0  -O                                                                        (1 = 100.0%)
1  ... 

Histogram: Extensions.LoadHostedApp2 recorded 1 samples, mean = 0.0 (flags = 0x41)
0  -O                                                                        (1 = 100.0%)
1  ... 

Histogram: Extensions.LoadNoExtensionAction recorded 1 samples, mean = 0.0 (flags = 0x41)
0  -O                                                                        (1 = 100.0%)
1  ... 

Histogram: Extensions.LoadNoExtensionAction2 recorded 1 samples, mean = 0.0 (flags = 0x41)
0  -O                                                                        (1 = 100.0%)
1  ... 

Histogram: Extensions.LoadOffStoreItems recorded 1 samples, mean = 0.0 (flags = 0x41)
0  -O                                                                        (1 = 100.0%)
1  ... 

Histogram: Extensions.LoadOffStoreItems2 recorded 1 samples, mean = 0.0 (flags = 0x41)
0  -O                                                                        (1 = 100.0%)
1  ... 

Histogram: Extensions.LoadPackagedApp recorded 1 samples, mean = 0.0 (flags = 0x41)
0  -O                                                                        (1 = 100.0%)
1  ... 

Histogram: Extensions.LoadPackagedApp2 recorded 1 samples, mean = 0.0 (flags = 0x41)
0  -O                                                                        (1 = 100.0%)
1  ... 

Histogram: Extensions.LoadPlatformApp recorded 1 samples, mean = 0.0 (flags = 0x41)
0  -O                                                                        (1 = 100.0%)
1  ... 

Histogram: Extensions.LoadPlatformApp2 recorded 1 samples, mean = 0.0 (flags = 0x41)
0  -O                                                                        (1 = 100.0%)
1  ... 

Histogram: Extensions.LoadTheme recorded 1 samples, mean = 0.0 (flags = 0x41)
0  -O                                                                        (1 = 100.0%)
1  ... 

Histogram: Extensions.LoadTheme2 recorded 1 samples, mean = 0.0 (flags = 0x41)
0  -O                                                                        (1 = 100.0%)
1  ... 

Histogram: Extensions.LoadUserScript recorded 1 samples, mean = 0.0 (flags = 0x41)
0  -O                                                                        (1 = 100.0%)
1  ... 

Histogram: Extensions.LoadUserScript2 recorded 1 samples, mean = 0.0 (flags = 0x41)
0  -O                                                                        (1 = 100.0%)
1  ... 

Histogram: Extensions.Management_Refresh recorded 1 samples, mean = 1.0 (flags = 0x41)
0  O                                                                         (0 = 0.0%)
1  -O                                                                        (1 = 100.0%) {0.0%}
2  ... 

Histogram: Extensions.ManifestVersion2Count.Component recorded 1 samples, mean = 1.0 (flags = 0x41)
0  O                                                                         (0 = 0.0%)
1  -O                                                                        (1 = 100.0%) {0.0%}
2  ... 

Histogram: Extensions.ManifestVersion2Count.External recorded 1 samples, mean = 0.0 (flags = 0x41)
0  -O                                                                        (1 = 100.0%)
1  ... 

Histogram: Extensions.ManifestVersion2Count.Internal recorded 1 samples, mean = 0.0 (flags = 0x41)
0  -O                                                                        (1 = 100.0%)
1  ... 

Histogram: Extensions.ManifestVersion2Count.Policy recorded 1 samples, mean = 0.0 (flags = 0x41)
0  -O                                                                        (1 = 100.0%)
1  ... 

Histogram: Extensions.ManifestVersion2Count.Unpacked recorded 1 samples, mean = 0.0 (flags = 0x41)
0  -O                                                                        (1 = 100.0%)
1  ... 

Histogram: Extensions.ManifestVersion3Count.Component recorded 1 samples, mean = 0.0 (flags = 0x41)
0  -O                                                                        (1 = 100.0%)
1  ... 

Histogram: Extensions.ManifestVersion3Count.External recorded 1 samples, mean = 0.0 (flags = 0x41)
0  -O                                                                        (1 = 100.0%)
1  ... 

Histogram: Extensions.ManifestVersion3Count.Internal recorded 1 samples, mean = 0.0 (flags = 0x41)
0  -O                                                                        (1 = 100.0%)
1  ... 

Histogram: Extensions.ManifestVersion3Count.Policy recorded 1 samples, mean = 0.0 (flags = 0x41)
0  -O                                                                        (1 = 100.0%)
1  ... 

Histogram: Extensions.ManifestVersion3Count.Unpacked recorded 1 samples, mean = 0.0 (flags = 0x41)
0  -O                                                                        (1 = 100.0%)
1  ... 

Histogram: Extensions.ManifestVersionByLocation.Component recorded 1 samples, mean = 2.0 (flags = 0x41)
0  ... 
2  -O                                                                        (1 = 100.0%) {0.0%}
3  ... 

Histogram: Extensions.ManifestVersionPopulationSplit.Component recorded 1 samples, mean = 1.0 (flags = 0x41)
0  O                                                                         (0 = 0.0%)
1  -O                                                                        (1 = 100.0%) {0.0%}
2  ... 

Histogram: Extensions.ManifestVersionPopulationSplit.External recorded 1 samples, mean = 0.0 (flags = 0x41)
0  -O                                                                        (1 = 100.0%)
1  ... 

Histogram: Extensions.ManifestVersionPopulationSplit.Internal recorded 1 samples, mean = 0.0 (flags = 0x41)
0  -O                                                                        (1 = 100.0%)
1  ... 

Histogram: Extensions.ManifestVersionPopulationSplit.InternalAndExternal recorded 1 samples, mean = 0.0 (flags = 0x41)
0  -O                                                                        (1 = 100.0%)
1  ... 

Histogram: Extensions.ManifestVersionPopulationSplit.Unpacked recorded 1 samples, mean = 0.0 (flags = 0x41)
0  -O                                                                        (1 = 100.0%)
1  ... 

Histogram: Extensions.NewTabPageOverrides recorded 1 samples, mean = 0.0 (flags = 0x41)
0  -O                                                                        (1 = 100.0%)
1  ... 

Histogram: Extensions.NewTabPageOverrides2 recorded 1 samples, mean = 0.0 (flags = 0x41)
0  -O                                                                        (1 = 100.0%)
1  ... 

Histogram: Extensions.NonWebStoreNewTabPageOverrides recorded 1 samples, mean = 0.0 (flags = 0x41)
0  -O                                                                        (1 = 100.0%)
1  ... 

Histogram: Extensions.NonWebStoreNewTabPageOverrides2 recorded 1 samples, mean = 0.0 (flags = 0x41)
0  -O                                                                        (1 = 100.0%)
1  ... 

Histogram: Extensions.NonWebstoreLocation recorded 2 samples, mean = 5.0 (flags = 0x41)
0  ... 
5  --O                                                                       (2 = 100.0%) {0.0%}
6  ... 

Histogram: Extensions.NonWebstoreLocation2 recorded 2 samples, mean = 5.0 (flags = 0x41)
0  ... 
5  --O                                                                       (2 = 100.0%) {0.0%}
6  ... 

Histogram: Extensions.NonWebstoreLocationWithDeveloperModeOff.Enabled3 recorded 2 samples, mean = 5.0 (flags = 0x41)
0  ... 
5  --O                                                                       (2 = 100.0%) {0.0%}
6  ... 

Histogram: Extensions.NotAllowlistedDisabled recorded 1 samples, mean = 0.0 (flags = 0x41)
0  -O                                                                        (1 = 100.0%)
1  ... 

Histogram: Extensions.NotAllowlistedDisabled2 recorded 1 samples, mean = 0.0 (flags = 0x41)
0  -O                                                                        (1 = 100.0%)
1  ... 

Histogram: Extensions.NotAllowlistedEnabled recorded 1 samples, mean = 0.0 (flags = 0x41)
0  -O                                                                        (1 = 100.0%)
1  ... 

Histogram: Extensions.NotAllowlistedEnabled2 recorded 1 samples, mean = 0.0 (flags = 0x41)
0  -O                                                                        (1 = 100.0%)
1  ... 

Histogram: Extensions.ProcessManagerStartupHostsTime2 recorded 1 samples, mean = 0.0 (flags = 0x41)
0  -O                                                                        (1 = 100.0%)
1  ... 

Histogram: Extensions.SearchEngineOverrides recorded 1 samples, mean = 0.0 (flags = 0x41)
0  -O                                                                        (1 = 100.0%)
1  ... 

Histogram: Extensions.SearchEngineOverrides2 recorded 1 samples, mean = 0.0 (flags = 0x41)
0  -O                                                                        (1 = 100.0%)
1  ... 

Histogram: Extensions.StartupPagesOverrides recorded 1 samples, mean = 0.0 (flags = 0x41)
0  -O                                                                        (1 = 100.0%)
1  ... 

Histogram: Extensions.StartupPagesOverrides2 recorded 1 samples, mean = 0.0 (flags = 0x41)
0  -O                                                                        (1 = 100.0%)
1  ... 

Histogram: Extensions.WebRequestBlockingCount recorded 1 samples, mean = 0.0 (flags = 0x41)
0  -O                                                                        (1 = 100.0%)
1  ... 

Histogram: Extensions.WebRequestBlockingCount2 recorded 1 samples, mean = 0.0 (flags = 0x41)
0  -O                                                                        (1 = 100.0%)
1  ... 

Histogram: Extensions.WebRequestCount recorded 1 samples, mean = 0.0 (flags = 0x41)
0  -O                                                                        (1 = 100.0%)
1  ... 

Histogram: Extensions.WebRequestCount2 recorded 1 samples, mean = 0.0 (flags = 0x41)
0  -O                                                                        (1 = 100.0%)
1  ... 

Histogram: FetchKeepAlive.Renderer.Total.ReceivedResponse recorded 1 samples, mean = 1.0 (flags = 0x41)
0  O                                                                         (0 = 0.0%)
1  -O                                                                        (1 = 100.0%) {0.0%}
2  O                                                                         (0 = 0.0%) {100.0%}

Histogram: FetchKeepAlive.Renderer.Total.Started recorded 1 samples, mean = 1.0 (flags = 0x41)
0  O                                                                         (0 = 0.0%)
1  -O                                                                        (1 = 100.0%) {0.0%}
2  O                                                                         (0 = 0.0%) {100.0%}

Histogram: FetchKeepAlive.Requests2.Network recorded 2 samples, mean = 0.5 (flags = 0x41)
0  -O                                                                        (1 = 50.0%)
1  -O                                                                        (1 = 50.0%) {50.0%}
2  O                                                                         (0 = 0.0%) {100.0%}

Histogram: FetchKeepAlive.Requests2.SentToService.Renderer recorded 1 samples, mean = 2.0 (flags = 0x41)
0  ... 
2  -O                                                                        (1 = 100.0%) {0.0%}
3  ... 

Histogram: FetchKeepAlive.Requests2.Started.IsContextDetached.Renderer recorded 1 samples, mean = 0.0 (flags = 0x41)
0  -O                                                                        (1 = 100.0%)
1  ... 

Histogram: FetchKeepAlive.Requests2.Started.Renderer recorded 1 samples, mean = 1.0 (flags = 0x41)
0  O                                                                         (0 = 0.0%)
1  -O                                                                        (1 = 100.0%) {0.0%}
2  ... 

Histogram: FetchKeepAlive.Requests2.Succeeded.IsContextDetached.Renderer recorded 1 samples, mean = 0.0 (flags = 0x41)
0  -O                                                                        (1 = 100.0%)
1  ... 

Histogram: FetchKeepAlive.Requests2.Succeeded.Renderer recorded 1 samples, mean = 1.0 (flags = 0x41)
0  O                                                                         (0 = 0.0%)
1  -O                                                                        (1 = 100.0%) {0.0%}
2  ... 

Histogram: FetchKeepAlive.Requests2.Total.Renderer recorded 1 samples, mean = 1.0 (flags = 0x41)
0  O                                                                         (0 = 0.0%)
1  -O                                                                        (1 = 100.0%) {0.0%}
2  ... 

Histogram: FirstPartySets.Database.InitStatus recorded 1 samples, mean = 1.0 (flags = 0x41)
0  O                                                                         (0 = 0.0%)
1  -O                                                                        (1 = 100.0%) {0.0%}
2  ... 

Histogram: FirstPartySets.Database.TransactionFailed recorded 7 samples, mean = 0.0 (flags = 0x41)
0  -------O                                                                  (7 = 100.0%)
1  ... 

Histogram: FirstPartySets.Initialization.ClearSiteDataOutcome recorded 1 samples, mean = 1.0 (flags = 0x41)
0  O                                                                         (0 = 0.0%)
1  -O                                                                        (1 = 100.0%) {0.0%}
2  O                                                                         (0 = 0.0%) {100.0%}

Histogram: FirstPartySets.Initialization.SitesToClear.Count recorded 1 samples, mean = 0.0 (flags = 0x41)
0  -O                                                                        (1 = 100.0%)
1  ... 

Histogram: GPU.ANGLE.D3DShaderBlobSizeKB recorded 4 samples, mean = 0.5 (flags = 0x41)
0  ----O                                                                     (4 = 100.0%)
1000... 

Histogram: GPU.ANGLE.D3DShaderCompilationTimeUs recorded 4 samples, mean = 13474.2 (flags = 0x41)
0      ... 
4053   -O                                                                        (1 = 25.0%) {0.0%}
5338   -O                                                                        (1 = 25.0%) {25.0%}
7031   ... 
21156  --O                                                                       (2 = 50.0%) {50.0%}
27864  ... 

Histogram: GPU.BlocklistFeatureTestResults.Accelerated2dCanvas recorded 1 samples, mean = 0.0 (flags = 0x41)
0  -O                                                                        (1 = 100.0%)
1  ... 

Histogram: GPU.BlocklistFeatureTestResults.GpuCompositing recorded 1 samples, mean = 0.0 (flags = 0x41)
0  -O                                                                        (1 = 100.0%)
1  ... 

Histogram: GPU.BlocklistFeatureTestResults.GpuRasterization recorded 1 samples, mean = 0.0 (flags = 0x41)
0  -O                                                                        (1 = 100.0%)
1  ... 

Histogram: GPU.BlocklistFeatureTestResults.Webgl recorded 1 samples, mean = 0.0 (flags = 0x41)
0  -O                                                                        (1 = 100.0%)
1  ... 

Histogram: GPU.BlocklistFeatureTestResults.Webgl2 recorded 1 samples, mean = 0.0 (flags = 0x41)
0  -O                                                                        (1 = 100.0%)
1  ... 

Histogram: GPU.BlocklistFeatureTestResults.Webgpu recorded 1 samples, mean = 2.0 (flags = 0x41)
0  ... 
2  -O                                                                        (1 = 100.0%) {0.0%}
3  ... 

Histogram: GPU.BlocklistTestResultsPerEntry recorded 1 samples, mean = 0.0 (flags = 0x41)
0  -O                                                                        (1 = 100.0%)
1  ... 

Histogram: GPU.CanvasOopRaster.OopRasterAndGpuAcceleration recorded 1 samples, mean = 0.0 (flags = 0x41)
0  -O                                                                        (1 = 100.0%)
1  ... 

Histogram: GPU.CompositingMode recorded 14 samples, mean = 1.0 (flags = 0x41)
0  O                                                                         (0 = 0.0%)
1  --------------O                                                           (14 = 100.0%) {0.0%}
2  ... 

Histogram: GPU.D3D12FeatureLevel recorded 1 samples, mean = 2.0 (flags = 0x41)
0  ... 
2  -O                                                                        (1 = 100.0%) {0.0%}
3  ... 

Histogram: GPU.D3D12HighestShaderModel2 recorded 1 samples, mean = 9.0 (flags = 0x41)
0  ... 
9  -O                                                                        (1 = 100.0%) {0.0%}
10 O                                                                         (0 = 0.0%) {100.0%}

Histogram: GPU.DriverBugTestResultsPerEntry recorded 8 samples (flags = 0x41)
0    -O                                                                        (1 = 12.5%)
17   -O                                                                        (1 = 12.5%)
165  -O                                                                        (1 = 12.5%)
206  -O                                                                        (1 = 12.5%)
256  -O                                                                        (1 = 12.5%)
315  -O                                                                        (1 = 12.5%)
426  -O                                                                        (1 = 12.5%)
430  -O                                                                        (1 = 12.5%)

Histogram: GPU.EstablishGpuChannelSyncTime recorded 2 samples, mean = 1466.0 (flags = 0x41)
0     ... 
894   -O                                                                        (1 = 50.0%) {0.0%}
1062  ... 
1782  -O                                                                        (1 = 50.0%) {50.0%}
2117  ... 

Histogram: GPU.EstablishGpuChannelSyncTime.FirstRun recorded 2 samples, mean = 1466.0 (flags = 0x41)
0     ... 
894   -O                                                                        (1 = 50.0%) {0.0%}
1062  ... 
1782  -O                                                                        (1 = 50.0%) {50.0%}
2117  ... 

Histogram: GPU.GPUProcessLaunchTime recorded 2 samples, mean = 4698.5 (flags = 0x41)
0     ... 
318   -O                                                                        (1 = 50.0%) {0.0%}
378   ... 
8416  -O                                                                        (1 = 50.0%) {50.0%}
10000 O                                                                         (0 = 0.0%) {100.0%}

Histogram: GPU.GPUProcessTerminationStatus2 recorded 1 samples, mean = 4.0 (flags = 0x41)
0  ... 
4  -O                                                                        (1 = 100.0%) {0.0%}
5  ... 

Histogram: GPU.HardwareAccelerationModeEnabled recorded 1 samples, mean = 1.0 (flags = 0x41)
0  O                                                                         (0 = 0.0%)
1  -O                                                                        (1 = 100.0%) {0.0%}
2  O                                                                         (0 = 0.0%) {100.0%}

Histogram: GPU.ProcessLifetimeEvents.HardwareAccelerated recorded 1 samples, mean = 0.0 (flags = 0x41)
0  -O                                                                        (1 = 100.0%)
1  ... 

Histogram: GPU.RasterDecoder.TimeToFlush recorded 2 samples, mean = 1651.5 (flags = 0x41)
0     ... 
191   -O                                                                        (1 = 50.0%) {0.0%}
217   ... 
2898  -O                                                                        (1 = 50.0%) {50.0%}
3300  ... 

Histogram: GPU.SchedulerDfs.TaskDependencyTime recorded 1 samples, mean = 0.0 (flags = 0x41)
0  -O                                                                        (1 = 100.0%)
10 ... 

Histogram: GPU.SchedulerDfs.TaskSchedulingDelayTime recorded 1 samples, mean = 150.0 (flags = 0x41)
0    ... 
138  -O                                                                        (1 = 100.0%) {0.0%}
161  ... 

Histogram: GPU.SchedulerDfs.ThreadSuspendedTime recorded 1 samples, mean = 124.0 (flags = 0x41)
0    ... 
119  -O                                                                        (1 = 100.0%) {0.0%}
138  ... 

Histogram: GPU.SharedImage.BackingType recorded 4 samples, mean = 7.0 (flags = 0x41)
0   ... 
2   --O                                                                       (2 = 50.0%) {0.0%}
3   ... 
12  --O                                                                       (2 = 50.0%) {50.0%}
13  ... 

Histogram: GPU.SharedImage.ContentConsumed recorded 14 samples, mean = 0.4 (flags = 0x41)
0  --------O                                                                 (8 = 57.1%)
1  ------O                                                                   (6 = 42.9%) {57.1%}
2  O                                                                         (0 = 0.0%) {100.0%}

Histogram: GPU.SkiaBackendType recorded 1 samples, mean = 2.0 (flags = 0x41)
0  ... 
2  -O                                                                        (1 = 100.0%) {0.0%}
3  ... 

Histogram: GPU.SupportsDX12 recorded 1 samples, mean = 1.0 (flags = 0x41)
0  O                                                                         (0 = 0.0%)
1  -O                                                                        (1 = 100.0%) {0.0%}
2  O                                                                         (0 = 0.0%) {100.0%}

Histogram: GPU.WatchdogThread.Event recorded 1 samples, mean = 0.0 (flags = 0x41)
0  -O                                                                        (1 = 100.0%)
1  ... 

Histogram: GPU.WatchdogThread.Event.main recorded 1 samples, mean = 0.0 (flags = 0x41)
0  -O                                                                        (1 = 100.0%)
1  ... 

Histogram: GPU.WatchdogThread.Timeout recorded 215 samples, mean = 0.0 (flags = 0x41)
0  ------------------------------------------------------------------------O (215 = 100.0%)
1  ... 

Histogram: GPU.WatchdogThread.Timeout.Normal recorded 215 samples, mean = 0.0 (flags = 0x41)
0  ------------------------------------------------------------------------O (215 = 100.0%)
1  ... 

Histogram: GPU.WatchdogThread.Timeout.Normal.main recorded 215 samples, mean = 0.0 (flags = 0x41)
0  ------------------------------------------------------------------------O (215 = 100.0%)
1  ... 

Histogram: GPU.WatchdogThread.Timeout.main recorded 215 samples, mean = 0.0 (flags = 0x41)
0  ------------------------------------------------------------------------O (215 = 100.0%)
1  ... 

Histogram: Gaia.AuthFetcher.ListAccounts.NetErrorCodes recorded 1 samples (flags = 0x41)
0  -O                                                                        (1 = 100.0%)

Histogram: Gpu.FenceHandle.CloneCountsPerSubmit recorded 6 samples, mean = 0.0 (flags = 0x41)
0  ------O                                                                   (6 = 100.0%)
1  ... 

Histogram: Gpu.GrCompileShaderUs recorded 4 samples, mean = 15403.0 (flags = 0x41)
0      ... 
340    -O                                                                        (1 = 25.0%) {0.0%}
448    ... 
4053   -O                                                                        (1 = 25.0%) {25.0%}
5338   -O                                                                        (1 = 25.0%) {50.0%}
7031   ... 
48336  -O                                                                        (1 = 25.0%) {75.0%}
63662  ... 

Histogram: Gpu.GrLinkProgramUs recorded 2 samples, mean = 20194.0 (flags = 0x41)
0      ... 
5338   -O                                                                        (1 = 50.0%) {0.0%}
7031   ... 
27864  -O                                                                        (1 = 50.0%) {50.0%}
36699  ... 

Histogram: Gpu.PassthroughProgramCacheLoadHitInCache recorded 2 samples, mean = 0.0 (flags = 0x41)
0  --O                                                                       (2 = 100.0%)
1  ... 

Histogram: Gpu.Rasterization.Raster.MSAASampleCountLog2 recorded 2 samples, mean = 0.0 (flags = 0x41)
0  --O                                                                       (2 = 100.0%)
1  ... 

Histogram: HangWatcher.IsThreadHung.BrowserProcess.IOThread.Normal recorded 433 samples, mean = 0.0 (flags = 0x41)
0  ------------------------------------------------------------------------O (433 = 100.0%)
1  ... 

Histogram: HangWatcher.IsThreadHung.BrowserProcess.UIThread.Normal recorded 433 samples, mean = 0.0 (flags = 0x41)
0  ------------------------------------------------------------------------O (433 = 100.0%)
1  ... 

Histogram: HangWatcher.IsThreadHung.RendererProcess.IOThread recorded 431 samples, mean = 0.0 (flags = 0x41)
0  ------------------------------------------------------------------------O (431 = 100.0%)
1  ... 

Histogram: HangWatcher.IsThreadHung.RendererProcess.IOThread.BestEffort recorded 433 samples, mean = 0.0 (flags = 0x41)
0  ------------------------------------------------------------------------O (433 = 100.0%)
1  ... 

Histogram: HangWatcher.IsThreadHung.RendererProcess.MainThread recorded 431 samples, mean = 0.0 (flags = 0x41)
0  ------------------------------------------------------------------------O (431 = 100.0%)
1  ... 

Histogram: HangWatcher.IsThreadHung.RendererProcess.MainThread.BestEffort recorded 433 samples, mean = 0.0 (flags = 0x41)
0  ------------------------------------------------------------------------O (433 = 100.0%)
1  ... 

Histogram: HangWatcher.IsThreadHung.UtilityProcess.IOThread recorded 866 samples, mean = 0.0 (flags = 0x41)
0  ------------------------------------------------------------------------O (866 = 100.0%)
1  ... 

Histogram: HangWatcher.IsThreadHung.UtilityProcess.MainThread recorded 866 samples, mean = 0.0 (flags = 0x41)
0  ------------------------------------------------------------------------O (866 = 100.0%)
1  ... 

Histogram: HangWatcher.SleepDrift.BrowserProcess recorded 2163 samples, mean = 6.2 (flags = 0x41)
0   ------------------------------------------------------------------------O (491 = 22.7%)
1   ---------------------O                                                    (145 = 6.7%) {22.7%}
2   ---------------O                                                          (101 = 4.7%) {29.4%}
3   --------------O                                                           (98 = 4.5%) {34.1%}
4   ----------------O                                                         (110 = 5.1%) {38.6%}
5   --------------O                                                           (94 = 4.3%) {43.7%}
6   ----------------O                                                         (107 = 4.9%) {48.0%}
7   ----------------O                                                         (107 = 4.9%) {53.0%}
8   ------------------------------------O                                     (245 = 11.3%) {57.9%}
10  ---------------------------------O                                        (223 = 10.3%) {69.3%}
12  -----------------------------------O                                      (242 = 11.2%) {79.6%}
14  ----------------------------O                                             (189 = 8.7%) {90.8%}
17  -O                                                                        (4 = 0.2%) {99.5%}
20  -O                                                                        (4 = 0.2%) {99.7%}
24  O                                                                         (1 = 0.0%) {99.9%}
29  O                                                                         (0 = 0.0%) {99.9%}
34  O                                                                         (1 = 0.0%) {99.9%}
40  O                                                                         (0 = 0.0%) {100.0%}
48  O                                                                         (1 = 0.0%) {100.0%}
57  ... 

Histogram: Hardware.Display.Count.OnStartup recorded 1 samples, mean = 2.0 (flags = 0x41)
0  ... 
2  -O                                                                        (1 = 100.0%) {0.0%}
3  ... 

Histogram: Hardware.Display.SupportsHDR recorded 2 samples, mean = 0.0 (flags = 0x41)
0  --O                                                                       (2 = 100.0%)
1  ... 

Histogram: HeapProfiling.InProcess.Enabled recorded 1 samples, mean = 1.0 (flags = 0x41)
0  O                                                                         (0 = 0.0%)
1  -O                                                                        (1 = 100.0%) {0.0%}
2  O                                                                         (0 = 0.0%) {100.0%}

Histogram: HeapProfiling.InProcess.Enabled.Browser recorded 1 samples, mean = 1.0 (flags = 0x41)
0  O                                                                         (0 = 0.0%)
1  -O                                                                        (1 = 100.0%) {0.0%}
2  O                                                                         (0 = 0.0%) {100.0%}

Histogram: Histogram.TooManyBuckets.1000 recorded 4 samples (flags = 0x41)
-2140283801 --O                                                                       (2 = 50.0%)
1721222685  --O                                                                       (2 = 50.0%)

Histogram: History.Backend.TransactionCommitSuccess recorded 3 samples, mean = 1.0 (flags = 0x41)
0  O                                                                         (0 = 0.0%)
1  ---O                                                                      (3 = 100.0%) {0.0%}
2  O                                                                         (0 = 0.0%) {100.0%}

Histogram: History.ClearBrowsingData.TaskQueueAtShutdown recorded 1 samples, mean = 0.0 (flags = 0x41)
0  -O                                                                        (1 = 100.0%)
1  ... 

Histogram: History.Clusters.ContextClusterer.VisitProcessingLatency.CleanUpTimer recorded 7 samples, mean = 0.0 (flags = 0x41)
0  -------O                                                                  (7 = 100.0%)
1  ... 

Histogram: History.Clusters.ContextClusterer.VisitProcessingLatency.UrlVisited recorded 4 samples, mean = 0.0 (flags = 0x41)
0  ----O                                                                     (4 = 100.0%)
1  ... 

Histogram: History.Clusters.JourneysEligibleAndEnabledAtSessionStart recorded 1 samples, mean = 1.0 (flags = 0x41)
0  O                                                                         (0 = 0.0%)
1  -O                                                                        (1 = 100.0%) {0.0%}
2  O                                                                         (0 = 0.0%) {100.0%}

Histogram: History.Clusters.KeywordCache.LoadCachesFromPrefs.Latency recorded 1 samples, mean = 0.0 (flags = 0x41)
0  -O                                                                        (1 = 100.0%)
1  ... 

Histogram: History.DomainCount1Day_V2 recorded 1 samples, mean = 1.0 (flags = 0x41)
0  O                                                                         (0 = 0.0%)
1  -O                                                                        (1 = 100.0%) {0.0%}
2  ... 

Histogram: History.DomainCount1Day_V3 recorded 1 samples, mean = 1.0 (flags = 0x41)
0  O                                                                         (0 = 0.0%)
1  -O                                                                        (1 = 100.0%) {0.0%}
2  ... 

Histogram: History.DomainCount28Day_V2 recorded 1 samples, mean = 1.0 (flags = 0x41)
0  O                                                                         (0 = 0.0%)
1  -O                                                                        (1 = 100.0%) {0.0%}
2  ... 

Histogram: History.DomainCount28Day_V3 recorded 1 samples, mean = 1.0 (flags = 0x41)
0  O                                                                         (0 = 0.0%)
1  -O                                                                        (1 = 100.0%) {0.0%}
2  ... 

Histogram: History.DomainCount7Day_V2 recorded 1 samples, mean = 1.0 (flags = 0x41)
0  O                                                                         (0 = 0.0%)
1  -O                                                                        (1 = 100.0%) {0.0%}
2  ... 

Histogram: History.DomainCount7Day_V3 recorded 1 samples, mean = 1.0 (flags = 0x41)
0  O                                                                         (0 = 0.0%)
1  -O                                                                        (1 = 100.0%) {0.0%}
2  ... 

Histogram: History.InMemoryDBItemCount recorded 1 samples, mean = 2.0 (flags = 0x41)
0  ... 
2  -O                                                                        (1 = 100.0%) {0.0%}
3  ... 

Histogram: History.TopSites.QueryFromHistoryTime recorded 1 samples, mean = 329.0 (flags = 0x41)
0    ... 
318  -O                                                                        (1 = 100.0%) {0.0%}
378  ... 

Histogram: History.VisitedLinks.HashTableLengthOnReaderInit recorded 3 samples, mean = 16381.0 (flags = 0x41)
0      ... 
14319  ---O                                                                      (3 = 100.0%) {0.0%}
19866  ... 

Histogram: History.VisitedLinks.HashTableSizeOnTableCreate recorded 2 samples, mean = 0.0 (flags = 0x41)
0  --O                                                                       (2 = 100.0%)
1  ... 

Histogram: History.VisitedLinks.HashTableUsageOnLinkAdded recorded 4 samples, mean = 3.8 (flags = 0x41)
0  -O                                                                        (1 = 25.0%)
1  ... 
4  ---O                                                                      (3 = 75.0%) {25.0%}
6  ... 

Histogram: History.VisitedLinks.TryToAddFingerprint recorded 5 samples, mean = 0.8 (flags = 0x41)
0  -O                                                                        (1 = 20.0%)
1  ----O                                                                     (4 = 80.0%) {20.0%}
2  ... 

Histogram: History.VisitedLinks.VisitLoggedFromMainFrame recorded 3 samples, mean = 1.0 (flags = 0x41)
0  O                                                                         (0 = 0.0%)
1  ---O                                                                      (3 = 100.0%) {0.0%}
2  O                                                                         (0 = 0.0%) {100.0%}

Histogram: History.VisitedLinks.VisitLoggedFromTransition recorded 3 samples, mean = 1.7 (flags = 0x41)
0  O                                                                         (0 = 0.0%)
1  -O                                                                        (1 = 33.3%) {0.0%}
2  --O                                                                       (2 = 66.7%) {33.3%}
3  ... 

Histogram: HttpCache.AccessToDone2 recorded 48 samples, mean = 109.4 (flags = 0x41)
0    ... 
5    -O                                                                        (1 = 2.1%) {0.0%}
6    ... 
9    -O                                                                        (1 = 2.1%) {2.1%}
10   O                                                                         (0 = 0.0%) {4.2%}
11   --O                                                                       (2 = 4.2%) {4.2%}
12   ---O                                                                      (3 = 6.2%) {8.3%}
13   -O                                                                        (1 = 2.1%) {14.6%}
14   ... 
16   -O                                                                        (1 = 2.1%) {16.7%}
18   -O                                                                        (1 = 2.1%) {18.8%}
20   O                                                                         (0 = 0.0%) {20.8%}
22   -O                                                                        (1 = 2.1%) {20.8%}
24   O                                                                         (0 = 0.0%) {22.9%}
26   ---O                                                                      (3 = 6.2%) {22.9%}
28   O                                                                         (0 = 0.0%) {29.2%}
31   -O                                                                        (1 = 2.1%) {29.2%}
34   ... 
41   -O                                                                        (1 = 2.1%) {31.2%}
45   ... 
54   ---O                                                                      (3 = 6.2%) {33.3%}
59   --O                                                                       (2 = 4.2%) {39.6%}
65   ... 
78   -------O                                                                  (7 = 14.6%) {43.8%}
85   O                                                                         (0 = 0.0%) {58.3%}
93   ------------O                                                             (12 = 25.0%) {58.3%}
102  O                                                                         (0 = 0.0%) {83.3%}
112  --O                                                                       (2 = 4.2%) {83.3%}
123  ... 
162  -O                                                                        (1 = 2.1%) {87.5%}
177  ... 
232  -O                                                                        (1 = 2.1%) {89.6%}
254  -O                                                                        (1 = 2.1%) {91.7%}
278  O                                                                         (0 = 0.0%) {93.8%}
304  -O                                                                        (1 = 2.1%) {93.8%}
333  ... 
684  -O                                                                        (1 = 2.1%) {95.8%}
748  ... 
979  -O                                                                        (1 = 2.1%) {97.9%}
1071 ... 

Histogram: HttpCache.AccessToDone2.SentRequest recorded 11 samples, mean = 258.7 (flags = 0x41)
0    ... 
18   -O                                                                        (1 = 9.1%) {0.0%}
20   ... 
31   -O                                                                        (1 = 9.1%) {9.1%}
34   ... 
59   -O                                                                        (1 = 9.1%) {18.2%}
65   ... 
78   -O                                                                        (1 = 9.1%) {27.3%}
85   O                                                                         (0 = 0.0%) {36.4%}
93   -O                                                                        (1 = 9.1%) {36.4%}
102  O                                                                         (0 = 0.0%) {45.5%}
112  -O                                                                        (1 = 9.1%) {45.5%}
123  ... 
162  -O                                                                        (1 = 9.1%) {54.5%}
177  ... 
232  -O                                                                        (1 = 9.1%) {63.6%}
254  ... 
304  -O                                                                        (1 = 9.1%) {72.7%}
333  ... 
684  -O                                                                        (1 = 9.1%) {81.8%}
748  ... 
979  -O                                                                        (1 = 9.1%) {90.9%}
1071 ... 

Histogram: HttpCache.AccessToDone2.Used recorded 37 samples, mean = 65.0 (flags = 0x41)
0    ... 
5    -O                                                                        (1 = 2.7%) {0.0%}
6    ... 
9    -O                                                                        (1 = 2.7%) {2.7%}
10   O                                                                         (0 = 0.0%) {5.4%}
11   --O                                                                       (2 = 5.4%) {5.4%}
12   ---O                                                                      (3 = 8.1%) {10.8%}
13   -O                                                                        (1 = 2.7%) {18.9%}
14   ... 
17   -O                                                                        (1 = 2.7%) {21.6%}
18   ... 
22   -O                                                                        (1 = 2.7%) {24.3%}
23   O                                                                         (0 = 0.0%) {27.0%}
25   --O                                                                       (2 = 5.4%) {27.0%}
27   -O                                                                        (1 = 2.7%) {32.4%}
29   ... 
39   -O                                                                        (1 = 2.7%) {35.1%}
42   ... 
54   -O                                                                        (1 = 2.7%) {37.8%}
58   --O                                                                       (2 = 5.4%) {40.5%}
62   -O                                                                        (1 = 2.7%) {45.9%}
66   ... 
80   ------O                                                                   (6 = 16.2%) {48.6%}
85   O                                                                         (0 = 0.0%) {64.9%}
91   ----------O                                                               (10 = 27.0%) {64.9%}
97   -O                                                                        (1 = 2.7%) {91.9%}
103  O                                                                         (0 = 0.0%) {94.6%}
110  -O                                                                        (1 = 2.7%) {94.6%}
117  ... 
270  -O                                                                        (1 = 2.7%) {97.3%}
288  ... 

Histogram: HttpCache.AddTransactionToEntry recorded 48 samples, mean = 0.0 (flags = 0x41)
0  ------------------------------------------------O                         (48 = 100.0%)
1  ... 

Histogram: HttpCache.BeforeSend recorded 11 samples, mean = 7.8 (flags = 0x41)
0   ----O                                                                     (4 = 36.4%)
1   -O                                                                        (1 = 9.1%) {36.4%}
2   O                                                                         (0 = 0.0%) {45.5%}
3   --O                                                                       (2 = 18.2%) {45.5%}
4   -O                                                                        (1 = 9.1%) {63.6%}
5   ... 
7   -O                                                                        (1 = 9.1%) {72.7%}
8   ... 
14  -O                                                                        (1 = 9.1%) {81.8%}
17  ... 
48  -O                                                                        (1 = 9.1%) {90.9%}
57  ... 

Histogram: HttpCache.BeforeSend.CantConditionalize recorded 3 samples, mean = 8.0 (flags = 0x41)
0   ... 
3   -O                                                                        (1 = 33.3%) {0.0%}
4   ... 
7   -O                                                                        (1 = 33.3%) {33.3%}
8   ... 
14  -O                                                                        (1 = 33.3%) {66.7%}
17  ... 

Histogram: HttpCache.BeforeSend.NotCached recorded 5 samples, mean = 0.2 (flags = 0x41)
0  ----O                                                                     (4 = 80.0%)
1  -O                                                                        (1 = 20.0%) {80.0%}
2  ... 

Histogram: HttpCache.BeforeSend.Updated recorded 1 samples, mean = 54.0 (flags = 0x41)
0   ... 
48  -O                                                                        (1 = 100.0%) {0.0%}
57  ... 

Histogram: HttpCache.BeforeSend.Validated recorded 2 samples, mean = 3.5 (flags = 0x41)
0  ... 
3  -O                                                                        (1 = 50.0%) {0.0%}
4  -O                                                                        (1 = 50.0%) {50.0%}
5  ... 

Histogram: HttpCache.CreateDiskEntry recorded 5 samples, mean = 0.2 (flags = 0x41)
0  ----O                                                                     (4 = 80.0%)
1  -O                                                                        (1 = 20.0%) {80.0%}
2  ... 

Histogram: HttpCache.HardReset recorded 1 samples, mean = 0.0 (flags = 0x40)
0  -O                                                                        (1 = 100.0%)
1  ... 

Histogram: HttpCache.IsNoStore recorded 48 samples, mean = 0.1 (flags = 0x41)
0  --------------------------------------------O                             (44 = 91.7%)
1  ----O                                                                     (4 = 8.3%) {91.7%}
2  O                                                                         (0 = 0.0%) {100.0%}

Histogram: HttpCache.IsNoStore.MainFrameHTML recorded 1 samples, mean = 1.0 (flags = 0x41)
0  O                                                                         (0 = 0.0%)
1  -O                                                                        (1 = 100.0%) {0.0%}
2  O                                                                         (0 = 0.0%) {100.0%}

Histogram: HttpCache.MaxFileSizeOnInit recorded 1 samples, mean = 40960.0 (flags = 0x41)
0      ... 
37526  -O                                                                        (1 = 100.0%) {0.0%}
42713  ... 

Histogram: HttpCache.OpenDiskEntry recorded 43 samples, mean = 0.7 (flags = 0x41)
0   -----------------------------------O                                      (35 = 81.4%)
1   O                                                                         (0 = 0.0%) {81.4%}
2   ------O                                                                   (6 = 14.0%) {81.4%}
3   ... 
5   -O                                                                        (1 = 2.3%) {95.3%}
6   ... 
12  -O                                                                        (1 = 2.3%) {97.7%}
14  ... 

Histogram: HttpCache.Pattern recorded 48 samples, mean = 3.2 (flags = 0x41)
0  ... 
2  -----O                                                                    (5 = 10.4%) {0.0%}
3  -------------------------------------O                                    (37 = 77.1%) {10.4%}
4  --O                                                                       (2 = 4.2%) {87.5%}
5  -O                                                                        (1 = 2.1%) {91.7%}
6  ---O                                                                      (3 = 6.2%) {93.8%}
7  O                                                                         (0 = 0.0%) {100.0%}

Histogram: HttpCache.Pattern.CSS recorded 8 samples, mean = 3.1 (flags = 0x41)
0  ... 
3  -------O                                                                  (7 = 87.5%) {0.0%}
4  -O                                                                        (1 = 12.5%) {87.5%}
5  ... 

Histogram: HttpCache.Pattern.CSSThirdParty recorded 8 samples, mean = 3.1 (flags = 0x41)
0  ... 
3  -------O                                                                  (7 = 87.5%) {0.0%}
4  -O                                                                        (1 = 12.5%) {87.5%}
5  ... 

Histogram: HttpCache.Pattern.Font recorded 5 samples, mean = 3.0 (flags = 0x41)
0  ... 
3  -----O                                                                    (5 = 100.0%) {0.0%}
4  ... 

Histogram: HttpCache.Pattern.FontThirdParty recorded 5 samples, mean = 3.0 (flags = 0x41)
0  ... 
3  -----O                                                                    (5 = 100.0%) {0.0%}
4  ... 

Histogram: HttpCache.Pattern.JavaScript recorded 26 samples, mean = 3.0 (flags = 0x41)
0  ... 
2  -O                                                                        (1 = 3.8%) {0.0%}
3  ------------------------O                                                 (24 = 92.3%) {3.8%}
4  O                                                                         (0 = 0.0%) {96.2%}
5  -O                                                                        (1 = 3.8%) {96.2%}
6  ... 

Histogram: HttpCache.Pattern.JavaScriptThirdParty recorded 25 samples, mean = 3.1 (flags = 0x41)
0  ... 
3  ------------------------O                                                 (24 = 96.0%) {0.0%}
4  O                                                                         (0 = 0.0%) {96.0%}
5  -O                                                                        (1 = 4.0%) {96.0%}
6  ... 

Histogram: HttpCache.Pattern.MainFrameHTML recorded 1 samples, mean = 2.0 (flags = 0x41)
0  ... 
2  -O                                                                        (1 = 100.0%) {0.0%}
3  ... 

Histogram: HttpCache.TotalDiskCacheTimePerTransaction.Read recorded 6 samples, mean = 13.3 (flags = 0x41)
0   O                                                                         (0 = 0.0%)
1   -O                                                                        (1 = 16.7%) {0.0%}
2   -O                                                                        (1 = 16.7%) {16.7%}
3   O                                                                         (0 = 0.0%) {33.3%}
4   -O                                                                        (1 = 16.7%) {33.3%}
5   O                                                                         (0 = 0.0%) {50.0%}
6   -O                                                                        (1 = 16.7%) {50.0%}
7   ... 
14  -O                                                                        (1 = 16.7%) {66.7%}
17  ... 
48  -O                                                                        (1 = 16.7%) {83.3%}
57  ... 

Histogram: HttpCache.TotalDiskCacheTimePerTransaction.Write recorded 7 samples, mean = 0.1 (flags = 0x41)
0  ------O                                                                   (6 = 85.7%)
1  -O                                                                        (1 = 14.3%) {85.7%}
2  ... 

Histogram: ImageDecoder.Png.UiGfxIntoSkBitmap recorded 1 samples, mean = 12014.0 (flags = 0x41)
0     ... 
9260  -O                                                                        (1 = 100.0%) {0.0%}
12196 ... 

Histogram: ImportantFile.FileReplaceRetryCount recorded 41 samples, mean = 0.0 (flags = 0x41)
0  -----------------------------------------O                                (41 = 100.0%)
1  ... 

Histogram: ImportantFile.SerializationDuration recorded 27 samples, mean = 0.0 (flags = 0x41)
0  ---------------------------O                                              (27 = 100.0%)
1  ... 

Histogram: ImportantFile.SerializationDuration.Local_State recorded 5 samples, mean = 0.0 (flags = 0x41)
0  -----O                                                                    (5 = 100.0%)
1  ... 

Histogram: ImportantFile.SerializationDuration.Preferences recorded 4 samples, mean = 0.0 (flags = 0x41)
0  ----O                                                                     (4 = 100.0%)
1  ... 

Histogram: ImportantFile.SerializationDuration.TransportSecurityPersister recorded 2 samples, mean = 0.0 (flags = 0x41)
0  --O                                                                       (2 = 100.0%)
1  ... 

Histogram: ImportantFile.WriteDuration recorded 27 samples, mean = 15.4 (flags = 0x41)
0   ... 
12  -O                                                                        (1 = 3.7%) {0.0%}
14  --------------------O                                                     (20 = 74.1%) {3.7%}
17  -----O                                                                    (5 = 18.5%) {77.8%}
20  -O                                                                        (1 = 3.7%) {96.3%}
24  ... 

Histogram: ImportantFile.WriteDuration.Local_State recorded 5 samples, mean = 16.4 (flags = 0x41)
0   ... 
7   -O                                                                        (1 = 20.0%) {0.0%}
8   ... 
17  ---O                                                                      (3 = 60.0%) {20.0%}
20  -O                                                                        (1 = 20.0%) {80.0%}
24  ... 

Histogram: ImportantFile.WriteDuration.Preferences recorded 4 samples, mean = 18.8 (flags = 0x41)
0   ... 
12  -O                                                                        (1 = 25.0%) {0.0%}
14  -O                                                                        (1 = 25.0%) {25.0%}
17  -O                                                                        (1 = 25.0%) {50.0%}
20  ... 
29  -O                                                                        (1 = 25.0%) {75.0%}
34  ... 

Histogram: ImportantFile.WriteDuration.SCTAuditing recorded 2 samples, mean = 85.0 (flags = 0x41)
0   ... 
68  -O                                                                        (1 = 50.0%) {0.0%}
81  -O                                                                        (1 = 50.0%) {50.0%}
96  ... 

Histogram: ImportantFile.WriteDuration.TransportSecurityPersister recorded 2 samples, mean = 12.5 (flags = 0x41)
0   ... 
12  --O                                                                       (2 = 100.0%) {0.0%}
14  ... 

Histogram: ImportantFile.WriteDuration.TrustedVault recorded 1 samples, mean = 17.0 (flags = 0x41)
0   ... 
17  -O                                                                        (1 = 100.0%) {0.0%}
20  ... 

Histogram: InProductHelp.Config.ParsingEvent recorded 68 samples, mean = 6.4 (flags = 0x41)
0   -----------------------------O                                            (29 = 42.6%)
1   O                                                                         (0 = 0.0%) {42.6%}
2   ---------O                                                                (9 = 13.2%) {42.6%}
3   ... 
14  ------------------------------O                                           (30 = 44.1%) {55.9%}
15  ... 

Histogram: InProductHelp.Db.Init.AvailabilityStore recorded 1 samples, mean = 1.0 (flags = 0x41)
0  O                                                                         (0 = 0.0%)
1  -O                                                                        (1 = 100.0%) {0.0%}
2  O                                                                         (0 = 0.0%) {100.0%}

Histogram: InProductHelp.Db.Init.EventStore recorded 1 samples, mean = 1.0 (flags = 0x41)
0  O                                                                         (0 = 0.0%)
1  -O                                                                        (1 = 100.0%) {0.0%}
2  O                                                                         (0 = 0.0%) {100.0%}

Histogram: InProductHelp.Db.Load.AvailabilityStore recorded 1 samples, mean = 1.0 (flags = 0x41)
0  O                                                                         (0 = 0.0%)
1  -O                                                                        (1 = 100.0%) {0.0%}
2  O                                                                         (0 = 0.0%) {100.0%}

Histogram: InProductHelp.Db.Load.EventStore recorded 1 samples, mean = 1.0 (flags = 0x41)
0  O                                                                         (0 = 0.0%)
1  -O                                                                        (1 = 100.0%) {0.0%}
2  O                                                                         (0 = 0.0%) {100.0%}

Histogram: InProductHelp.Db.TotalEvents recorded 1 samples, mean = 0.0 (flags = 0x41)
0  -O                                                                        (1 = 100.0%)
1  ... 

Histogram: InProductHelp.Db.Update.AvailabilityStore recorded 1 samples, mean = 1.0 (flags = 0x41)
0  O                                                                         (0 = 0.0%)
1  -O                                                                        (1 = 100.0%) {0.0%}
2  O                                                                         (0 = 0.0%) {100.0%}

Histogram: IndexedDB.ContextShutdownDuration recorded 1 samples, mean = 5.0 (flags = 0x41)
0  ... 
5  -O                                                                        (1 = 100.0%) {0.0%}
6  ... 

Histogram: Input.Digitizer.MaxTouchPointsSupportedBySystemAtStartup recorded 1 samples, mean = 0.0 (flags = 0x41)
0  -O                                                                        (1 = 100.0%)
1  ... 

Histogram: Input.PointerTypePrimary recorded 1 samples, mean = 2.0 (flags = 0x41)
0  ... 
2  -O                                                                        (1 = 100.0%) {0.0%}
3  O                                                                         (0 = 0.0%) {100.0%}

Histogram: Input.PointerTypesAll recorded 1 samples, mean = 2.0 (flags = 0x41)
0  ... 
2  -O                                                                        (1 = 100.0%) {0.0%}
3  ... 

Histogram: LanguageDetection.TFLiteModel.WasModelAvailableForDetection recorded 1 samples, mean = 0.0 (flags = 0x41)
0  -O                                                                        (1 = 100.0%)
1  ... 

Histogram: LanguageDetection.TFLiteModel.WasModelRequestDeferred recorded 2 samples, mean = 1.0 (flags = 0x41)
0  O                                                                         (0 = 0.0%)
1  --O                                                                       (2 = 100.0%) {0.0%}
2  O                                                                         (0 = 0.0%) {100.0%}

Histogram: LanguageDetection.TFLiteModel.WasModelUnavailableDueToDeferredLoad recorded 1 samples, mean = 0.0 (flags = 0x41)
0  -O                                                                        (1 = 100.0%)
1  ... 

Histogram: LanguageUsage.AcceptLanguage recorded 1 samples (flags = 0x41)
25966  -O                                                                        (1 = 100.0%)

Histogram: LanguageUsage.AcceptLanguage.Count recorded 1 samples, mean = 1.0 (flags = 0x41)
0  O                                                                         (0 = 0.0%)
1  -O                                                                        (1 = 100.0%) {0.0%}
2  ... 

Histogram: LanguageUsage.AcceptLanguageAndContentLanguageUsage recorded 1 samples, mean = 0.0 (flags = 0x41)
0  -O                                                                        (1 = 100.0%)
1  ... 

Histogram: LanguageUsage.AcceptLanguageAndXmlHtmlLangUsage recorded 1 samples, mean = 7.0 (flags = 0x41)
0  ... 
7  -O                                                                        (1 = 100.0%) {0.0%}
8  O                                                                         (0 = 0.0%) {100.0%}

Histogram: LevelDB.ApproximateMemTableMemoryUse.BudgetManager recorded 0 samples (flags = 0x41)
0 ... 

Histogram: LevelDB.ApproximateMemTableMemoryUse.CartDatabase recorded 0 samples (flags = 0x41)
0 ... 

Histogram: LevelDB.ApproximateMemTableMemoryUse.ClientCertificatesDatabase recorded 0 samples (flags = 0x41)
0 ... 

Histogram: LevelDB.ApproximateMemTableMemoryUse.CommerceParcelTrackingDatabase recorded 0 samples (flags = 0x41)
0 ... 

Histogram: LevelDB.ApproximateMemTableMemoryUse.CommerceSubscriptionDatabase recorded 0 samples (flags = 0x41)
0 ... 

Histogram: LevelDB.ApproximateMemTableMemoryUse.CouponDatabase recorded 0 samples (flags = 0x41)
0 ... 

Histogram: LevelDB.ApproximateMemTableMemoryUse.DiscountsDatabase recorded 0 samples (flags = 0x41)
0 ... 

Histogram: LevelDB.ApproximateMemTableMemoryUse.DownloadDB recorded 0 samples (flags = 0x41)
0 ... 

Histogram: LevelDB.ApproximateMemTableMemoryUse.DownloadService recorded 0 samples (flags = 0x41)
0 ... 

Histogram: LevelDB.ApproximateMemTableMemoryUse.FeatureEngagementTrackerAvailabilityStore recorded 0 samples (flags = 0x41)
0 ... 

Histogram: LevelDB.ApproximateMemTableMemoryUse.FeatureEngagementTrackerEventStore recorded 0 samples (flags = 0x41)
0 ... 

Histogram: LevelDB.ApproximateMemTableMemoryUse.Metadata recorded 1 samples, mean = 4104.0 (flags = 0x41)
0  O                                                                         (0 = 0.0%)
1  -O                                                                        (1 = 100.0%) {0.0%}
270601... 

Histogram: LevelDB.ApproximateMemTableMemoryUse.PersistentOriginTrials recorded 0 samples (flags = 0x41)
0 ... 

Histogram: LevelDB.ApproximateMemTableMemoryUse.PreviewsHintCacheStore recorded 0 samples (flags = 0x41)
0 ... 

Histogram: LevelDB.ApproximateMemTableMemoryUse.SegmentInfoDatabase recorded 0 samples (flags = 0x41)
0 ... 

Histogram: LevelDB.ApproximateMemTableMemoryUse.SharedProtoDB recorded 1 samples, mean = 123120.0 (flags = 0x41)
0  O                                                                         (0 = 0.0%)
1  -O                                                                        (1 = 100.0%) {0.0%}
270601... 

Histogram: LevelDB.ApproximateMemTableMemoryUse.SignalDatabase recorded 0 samples (flags = 0x41)
0 ... 

Histogram: LevelDB.ApproximateMemTableMemoryUse.SignalStorageConfigDatabase recorded 0 samples (flags = 0x41)
0 ... 

Histogram: LevelDB.ApproximateMemTableMemoryUse.StrikeService recorded 0 samples (flags = 0x41)
0 ... 

Histogram: LevelDBEnv.DeleteTableBackupFile recorded 0 samples (flags = 0x41)
0 ... 

Histogram: LevelDBEnv.SyncResult recorded 28 samples, mean = 0.0 (flags = 0x41)
0  ----------------------------O                                             (28 = 100.0%)
1  ... 

Histogram: LevelDBWrapper.CommitDelay recorded 2 samples, mean = 5000.0 (flags = 0x41)
0     ... 
4516  --O                                                                       (2 = 100.0%) {0.0%}
6118  ... 

Histogram: LoadingPredictor.PreconnectCount recorded 1 samples, mean = 1.0 (flags = 0x41)
0  O                                                                         (0 = 0.0%)
1  -O                                                                        (1 = 100.0%) {0.0%}
2  ... 

Histogram: LoadingPredictor.PreconnectHitsPercentage recorded 1 samples, mean = 100.0 (flags = 0x41)
0    ... 
100  -O                                                                        (1 = 100.0%) {0.0%}
101  O                                                                         (0 = 0.0%) {100.0%}

Histogram: LoadingPredictor.PreconnectLearningCount.Navigation recorded 1 samples, mean = 3.0 (flags = 0x41)
0  ... 
3  -O                                                                        (1 = 100.0%) {0.0%}
4  ... 

Histogram: LoadingPredictor.PreconnectLearningPrecision.Navigation recorded 1 samples, mean = 100.0 (flags = 0x41)
0    ... 
100  -O                                                                        (1 = 100.0%) {0.0%}

Histogram: LoadingPredictor.PreconnectLearningRecall.Navigation recorded 1 samples, mean = 100.0 (flags = 0x41)
0    ... 
100  -O                                                                        (1 = 100.0%) {0.0%}

Histogram: LoadingPredictor.PreconnectLearningRedirectStatus.Navigation recorded 1 samples, mean = 2.0 (flags = 0x41)
0  ... 
2  -O                                                                        (1 = 100.0%) {0.0%}
3  ... 

Histogram: LoadingPredictor.PredictorDatabaseFileSize recorded 1 samples, mean = 44.0 (flags = 0x41)
0   ... 
37  -O                                                                        (1 = 100.0%) {0.0%}
49  ... 

Histogram: LoadingPredictor.PreresolveCount recorded 1 samples, mean = 1.0 (flags = 0x41)
0  O                                                                         (0 = 0.0%)
1  -O                                                                        (1 = 100.0%) {0.0%}
2  ... 

Histogram: LoadingPredictor.PreresolveHitsPercentage recorded 1 samples, mean = 100.0 (flags = 0x41)
0    ... 
100  -O                                                                        (1 = 100.0%) {0.0%}
101  O                                                                         (0 = 0.0%) {100.0%}

Histogram: LocalStorage.MojoSizeInKB recorded 1 samples, mean = 11.0 (flags = 0x41)
0   ... 
11  -O                                                                        (1 = 100.0%) {0.0%}
13  ... 

Histogram: LocalStorage.MojoTimeToPrime recorded 1 samples, mean = 1.0 (flags = 0x41)
0  O                                                                         (0 = 0.0%)
1  -O                                                                        (1 = 100.0%) {0.0%}
2  ... 

Histogram: LocalStorage.MojoTimeToPrimeForUnder100KB recorded 1 samples, mean = 1.0 (flags = 0x41)
0  O                                                                         (0 = 0.0%)
1  -O                                                                        (1 = 100.0%) {0.0%}
2  ... 

Histogram: LocalStorage.RendererAreaCacheHit recorded 2 samples, mean = 1.0 (flags = 0x41)
0  -O                                                                        (1 = 50.0%)
1  O                                                                         (0 = 0.0%) {50.0%}
2  -O                                                                        (1 = 50.0%) {50.0%}
3  O                                                                         (0 = 0.0%) {100.0%}

Histogram: LocalStorageContext.ShutDown.MaybeDroppedChanges recorded 1 samples, mean = 0.0 (flags = 0x40)
0  -O                                                                        (1 = 100.0%)
1  ... 

Histogram: MPArch.ChildProcessLaunchFirst recorded 1 samples, mean = 26.0 (flags = 0x41)
0   ... 
24  -O                                                                        (1 = 100.0%) {0.0%}
29  ... 

Histogram: MPArch.ChildProcessLaunchSubsequent recorded 9 samples, mean = 3.6 (flags = 0x41)
0  ... 
3  -----O                                                                    (5 = 55.6%) {0.0%}
4  ---O                                                                      (3 = 33.3%) {55.6%}
5  -O                                                                        (1 = 11.1%) {88.9%}
6  ... 

Histogram: ManagedUsers.BlockedIframeCount recorded 1 samples, mean = 0.0 (flags = 0x41)
0  -O                                                                        (1 = 100.0%)
1  ... 

Histogram: Manifest.HasProperty.description recorded 1 samples, mean = 0.0 (flags = 0x41)
0  -O                                                                        (1 = 100.0%)
1  ... 

Histogram: Manifest.HasProperty.display recorded 1 samples, mean = 1.0 (flags = 0x41)
0  O                                                                         (0 = 0.0%)
1  -O                                                                        (1 = 100.0%) {0.0%}
2  O                                                                         (0 = 0.0%) {100.0%}

Histogram: Manifest.HasProperty.gcm_sender_id recorded 1 samples, mean = 0.0 (flags = 0x41)
0  -O                                                                        (1 = 100.0%)
1  ... 

Histogram: Manifest.HasProperty.icons recorded 1 samples, mean = 1.0 (flags = 0x41)
0  O                                                                         (0 = 0.0%)
1  -O                                                                        (1 = 100.0%) {0.0%}
2  O                                                                         (0 = 0.0%) {100.0%}

Histogram: Manifest.HasProperty.name recorded 1 samples, mean = 1.0 (flags = 0x41)
0  O                                                                         (0 = 0.0%)
1  -O                                                                        (1 = 100.0%) {0.0%}
2  O                                                                         (0 = 0.0%) {100.0%}

Histogram: Manifest.HasProperty.orientation recorded 1 samples, mean = 0.0 (flags = 0x41)
0  -O                                                                        (1 = 100.0%)
1  ... 

Histogram: Manifest.HasProperty.protocol_handlers recorded 1 samples, mean = 0.0 (flags = 0x41)
0  -O                                                                        (1 = 100.0%)
1  ... 

Histogram: Manifest.HasProperty.screenshots recorded 1 samples, mean = 0.0 (flags = 0x41)
0  -O                                                                        (1 = 100.0%)
1  ... 

Histogram: Manifest.HasProperty.share_target recorded 1 samples, mean = 0.0 (flags = 0x41)
0  -O                                                                        (1 = 100.0%)
1  ... 

Histogram: Manifest.HasProperty.short_name recorded 1 samples, mean = 1.0 (flags = 0x41)
0  O                                                                         (0 = 0.0%)
1  -O                                                                        (1 = 100.0%) {0.0%}
2  O                                                                         (0 = 0.0%) {100.0%}

Histogram: Manifest.HasProperty.start_url recorded 1 samples, mean = 1.0 (flags = 0x41)
0  O                                                                         (0 = 0.0%)
1  -O                                                                        (1 = 100.0%) {0.0%}
2  O                                                                         (0 = 0.0%) {100.0%}

Histogram: Manifest.ParseIdResult recorded 1 samples, mean = 1.0 (flags = 0x41)
0  O                                                                         (0 = 0.0%)
1  -O                                                                        (1 = 100.0%) {0.0%}
2  ... 

Histogram: Media.GPU.VideoDecoderType recorded 1 samples, mean = 11.0 (flags = 0x41)
0   ... 
11  -O                                                                        (1 = 100.0%) {0.0%}
12  ... 

Histogram: Media.MediaHistory.DatabaseExists recorded 1 samples, mean = 0.0 (flags = 0x41)
0  -O                                                                        (1 = 100.0%)
1  ... 

Histogram: MediaRouter.Cast.Channel.ConnectResult recorded 2 samples, mean = 0.5 (flags = 0x41)
0  -O                                                                        (1 = 50.0%)
1  -O                                                                        (1 = 50.0%) {50.0%}
2  O                                                                         (0 = 0.0%) {100.0%}

Histogram: MediaRouter.Cast.Channel.Error recorded 5 samples, mean = 1.6 (flags = 0x41)
0  -O                                                                        (1 = 20.0%)
1  O                                                                         (0 = 0.0%) {20.0%}
2  ----O                                                                     (4 = 80.0%) {20.0%}
3  ... 

Histogram: MediaRouter.Cast.DeviceNameLength recorded 1 samples, mean = 11.0 (flags = 0x41)
0   ... 
11  -O                                                                        (1 = 100.0%) {0.0%}
12  ... 

Histogram: MediaRouter.Cast.Discovery.ConnectedDevicesCount recorded 1 samples, mean = 0.0 (flags = 0x41)
0  -O                                                                        (1 = 100.0%)
1  ... 

Histogram: MediaRouter.Cast.Discovery.KnownDevicesCount recorded 1 samples, mean = 0.0 (flags = 0x41)
0  -O                                                                        (1 = 100.0%)
1  ... 

Histogram: MediaRouter.Cast.Discovery.SinkSource recorded 1 samples, mean = 1.0 (flags = 0x41)
0  O                                                                         (0 = 0.0%)
1  -O                                                                        (1 = 100.0%) {0.0%}
2  ... 

Histogram: MediaRouter.Cast.Mdns.Channel.Open_Failure recorded 4 samples, mean = 2626.8 (flags = 0x41)
0     ... 
2117  -O                                                                        (1 = 25.0%) {0.0%}
2516  ---O                                                                      (3 = 75.0%) {25.0%}
2990  ... 

Histogram: MediaRouter.Cast.Mdns.Channel.Open_Success recorded 1 samples, mean = 2302.0 (flags = 0x41)
0     ... 
2117  -O                                                                        (1 = 100.0%) {0.0%}
2516  ... 

Histogram: MediaRouter.Dial.AvailableDevicesCount recorded 1 samples, mean = 0.0 (flags = 0x41)
0  -O                                                                        (1 = 100.0%)
1  ... 

Histogram: MediaRouter.Dial.DeviceDescriptionParsingResult recorded 1 samples, mean = 0.0 (flags = 0x41)
0  -O                                                                        (1 = 100.0%)
1  ... 

Histogram: MediaRouter.Dial.KnownDevicesCount recorded 1 samples, mean = 0.0 (flags = 0x41)
0  -O                                                                        (1 = 100.0%)
1  ... 

Histogram: Memory.Discardable.FreelistSize.Foreground recorded 4 samples, mean = 0.0 (flags = 0x41)
0  ----O                                                                     (4 = 100.0%)
1  ... 

Histogram: Memory.Discardable.Size.Foreground recorded 4 samples, mean = 0.0 (flags = 0x41)
0  ----O                                                                     (4 = 100.0%)
1  ... 

Histogram: Memory.Discardable.VirtualSize.Foreground recorded 4 samples, mean = 0.0 (flags = 0x41)
0  ----O                                                                     (4 = 100.0%)
1  ... 

Histogram: Memory.Experimental.AvailableMemoryMB recorded 36 samples, mean = 34756.5 (flags = 0x41)
0      ... 
31988  -------------------------------O                                          (31 = 86.1%) {0.0%}
35320  -----O                                                                    (5 = 13.9%) {86.1%}
38998  ... 

Histogram: Memory.Experimental.AvailableMemoryPercent recorded 36 samples, mean = 70.4 (flags = 0x41)
0   ... 
69  ---------O                                                                (9 = 25.0%) {0.0%}
70  -----------O                                                              (11 = 30.6%) {25.0%}
71  --------O                                                                 (8 = 22.2%) {55.6%}
72  --------O                                                                 (8 = 22.2%) {77.8%}
73  ... 

Histogram: Memory.Experimental.Renderer.HighestPrivateMemoryFootprint.0to2min recorded 1 samples, mean = 83.0 (flags = 0x41)
0   ... 
75  -O                                                                        (1 = 100.0%) {0.0%}
84  ... 

Histogram: Memory.Experimental.Renderer.HighestPrivateMemoryFootprint.2to4min recorded 1 samples, mean = 67.0 (flags = 0x41)
0   ... 
67  -O                                                                        (1 = 100.0%) {0.0%}
75  ... 

Histogram: Memory.Experimental.Renderer.HighestPrivateMemoryFootprint.4to8min recorded 1 samples, mean = 67.0 (flags = 0x41)
0   ... 
67  -O                                                                        (1 = 100.0%) {0.0%}
75  ... 

Histogram: Memory.Experimental.Renderer.HighestPrivateMemoryFootprint.8to16min recorded 1 samples, mean = 67.0 (flags = 0x41)
0   ... 
67  -O                                                                        (1 = 100.0%) {0.0%}
75  ... 

Histogram: Memory.GPU.PeakMemoryAllocationSource2.PageLoad.SharedContextState recorded 1 samples, mean = 0.0 (flags = 0x41)
0  -O                                                                        (1 = 100.0%)
1  ... 

Histogram: Memory.GPU.PeakMemoryAllocationSource2.PageLoad.SharedImageStub recorded 1 samples, mean = 0.0 (flags = 0x41)
0  -O                                                                        (1 = 100.0%)
1  ... 

Histogram: Memory.GPU.PeakMemoryAllocationSource2.PageLoad.Skia recorded 1 samples, mean = 0.0 (flags = 0x41)
0  -O                                                                        (1 = 100.0%)
1  ... 

Histogram: Memory.GPU.PeakMemoryUsage2.PageLoad recorded 1 samples, mean = 0.0 (flags = 0x41)
0  -O                                                                        (1 = 100.0%)
1  ... 

Histogram: Memory.ParkableString.Compression.Latency recorded 18 samples, mean = 8050.1 (flags = 0x41)
0      ----O                                                                     (4 = 22.2%)
500    ... 
584    -O                                                                        (1 = 5.6%) {22.2%}
631    ... 
860    -O                                                                        (1 = 5.6%) {27.8%}
929    ... 
1728   -O                                                                        (1 = 5.6%) {33.3%}
1867   ... 
2974   -O                                                                        (1 = 5.6%) {38.9%}
3214   -O                                                                        (1 = 5.6%) {44.4%}
3473   O                                                                         (0 = 0.0%) {50.0%}
3753   --O                                                                       (2 = 11.1%) {50.0%}
4056   O                                                                         (0 = 0.0%) {61.1%}
4383   -O                                                                        (1 = 5.6%) {61.1%}
4737   ... 
5532   -O                                                                        (1 = 5.6%) {66.7%}
5978   ... 
6981   -O                                                                        (1 = 5.6%) {72.2%}
7544   ... 
19137  -O                                                                        (1 = 5.6%) {77.8%}
20681  -O                                                                        (1 = 5.6%) {83.3%}
22349  ... 
28205  -O                                                                        (1 = 5.6%) {88.9%}
30480  ... 
35595  -O                                                                        (1 = 5.6%) {94.4%}
38466  ... 

Histogram: Memory.ParkableString.Compression.SizeKb recorded 18 samples, mean = 262.7 (flags = 0x41)
0    ... 
14   -O                                                                        (1 = 5.6%) {0.0%}
16   ... 
23   -O                                                                        (1 = 5.6%) {5.6%}
26   -O                                                                        (1 = 5.6%) {11.1%}
29   -O                                                                        (1 = 5.6%) {16.7%}
33   O                                                                         (0 = 0.0%) {22.2%}
37   -O                                                                        (1 = 5.6%) {22.2%}
42   ... 
75   -O                                                                        (1 = 5.6%) {27.8%}
84   -O                                                                        (1 = 5.6%) {33.3%}
95   O                                                                         (0 = 0.0%) {38.9%}
107  -O                                                                        (1 = 5.6%) {38.9%}
120  O                                                                         (0 = 0.0%) {44.4%}
135  -O                                                                        (1 = 5.6%) {44.4%}
152  O                                                                         (0 = 0.0%) {50.0%}
171  --O                                                                       (2 = 11.1%) {50.0%}
192  -O                                                                        (1 = 5.6%) {61.1%}
216  ... 
307  -O                                                                        (1 = 5.6%) {66.7%}
345  -O                                                                        (1 = 5.6%) {72.2%}
388  ... 
554  -O                                                                        (1 = 5.6%) {77.8%}
623  O                                                                         (0 = 0.0%) {83.3%}
701  --O                                                                       (2 = 11.1%) {83.3%}
789  -O                                                                        (1 = 5.6%) {94.4%}
888  ... 

Histogram: Memory.ParkableString.Decompression.Latency recorded 3 samples, mean = 193.7 (flags = 0x41)
0  ---O                                                                      (3 = 100.0%)
500... 

Histogram: Memory.ParkableString.Decompression.ThroughputMBps recorded 3 samples, mean = 540.7 (flags = 0x41)
0    ... 
437  -O                                                                        (1 = 33.3%) {0.0%}
492  -O                                                                        (1 = 33.3%) {33.3%}
554  O                                                                         (0 = 0.0%) {66.7%}
623  -O                                                                        (1 = 33.3%) {66.7%}
701  ... 

Histogram: Memory.ParkableString.DiskReadTime.5min recorded 1 samples, mean = 0.0 (flags = 0x41)
0  -O                                                                        (1 = 100.0%)
1  ... 

Histogram: Memory.ParkableString.DiskWriteTime.5min recorded 1 samples, mean = 9.0 (flags = 0x41)
0  ... 
8  -O                                                                        (1 = 100.0%) {0.0%}
10 ... 

Histogram: Memory.ParkableString.OnDiskSizeKb.5min recorded 1 samples, mean = 932.0 (flags = 0x41)
0    ... 
896  -O                                                                        (1 = 100.0%) {0.0%}
1122 ... 

Histogram: Memory.ParkableString.Read.Latency recorded 3 samples, mean = 29.0 (flags = 0x41)
0  ---O                                                                      (3 = 100.0%)
500... 

Histogram: Memory.ParkableString.TotalParkingThreadTime.5min recorded 1 samples, mean = 104.0 (flags = 0x41)
0   ... 
96  -O                                                                        (1 = 100.0%) {0.0%}
114 ... 

Histogram: Memory.ParkableString.TotalUnparkingTime.5min recorded 1 samples, mean = 0.0 (flags = 0x41)
0  -O                                                                        (1 = 100.0%)
1  ... 

Histogram: Memory.PartitionAlloc.MemoryReclaim recorded 4271 samples, mean = 247.9 (flags = 0x41)
0     ... 
37    --------O                                                                 (76 = 1.8%) {0.0%}
49    ---------------------------------------------------O                      (484 = 11.3%) {1.8%}
65    ------------------------------------------------------------------------O (685 = 16.0%) {13.1%}
86    ---------------------------------------------------------O                (544 = 12.7%) {29.2%}
113   -----------------------O                                                  (222 = 5.2%) {41.9%}
149   -------O                                                                  (71 = 1.7%) {47.1%}
196   -------------------------------------------------------------O            (577 = 13.5%) {48.7%}
258   ---------------------------------------O                                  (371 = 8.7%) {62.3%}
340   ---------------------------------------------------------------O          (596 = 14.0%) {70.9%}
448   ----------------------------------------------O                           (440 = 10.3%) {84.9%}
590   -------------O                                                            (120 = 2.8%) {95.2%}
777   -----O                                                                    (46 = 1.1%) {98.0%}
1023  --O                                                                       (20 = 0.5%) {99.1%}
1347  -O                                                                        (9 = 0.2%) {99.6%}
1774  -O                                                                        (5 = 0.1%) {99.8%}
2336  O                                                                         (3 = 0.1%) {99.9%}
3077  O                                                                         (1 = 0.0%) {100.0%}
4053  ... 
7031  O                                                                         (1 = 0.0%) {100.0%}
9260  ... 

Histogram: Memory.PartitionAlloc.PartitionRoot.ExtrasSize recorded 1 samples, mean = 4.0 (flags = 0x41)
0  ... 
4  -O                                                                        (1 = 100.0%) {0.0%}
5  ... 

Histogram: Memory.PartitionAlloc.PeriodicPurge recorded 500 samples, mean = 23.7 (flags = 0x41)
0    ... 
3    -O                                                                        (2 = 0.4%) {0.0%}
4    ---------O                                                                (12 = 2.4%) {0.4%}
5    -----------------------O                                                  (31 = 6.2%) {2.8%}
7    -----------------O                                                        (23 = 4.6%) {9.0%}
9    -------------------------------O                                          (42 = 8.4%) {13.6%}
12   ---------------------------------------------------------------O          (85 = 17.0%) {22.0%}
16   -----------------------------------------------------------------------O  (96 = 19.2%) {39.0%}
21   ------------------------------------------------------------------------O (97 = 19.4%) {58.2%}
28   ----------------------------O                                             (38 = 7.6%) {77.6%}
37   --------------------------O                                               (35 = 7.0%) {85.2%}
49   ------------------O                                                       (24 = 4.8%) {92.2%}
65   ------O                                                                   (8 = 1.6%) {97.0%}
86   -O                                                                        (1 = 0.2%) {98.6%}
113  -O                                                                        (2 = 0.4%) {98.8%}
149  -O                                                                        (2 = 0.4%) {99.2%}
196  -O                                                                        (2 = 0.4%) {99.6%}
258  ... 

Histogram: Memory.PressureLevel2 recorded 4334 samples, mean = 0.0 (flags = 0x41)
0  ------------------------------------------------------------------------O (4334 = 100.0%)
1  ... 

Histogram: Mojo.Channel.WriteReceiveMessageProcessType recorded 5 samples, mean = 5.4 (flags = 0x41)
0  --O                                                                       (2 = 40.0%)
1  ... 
9  ---O                                                                      (3 = 60.0%) {40.0%}
10 ... 

Histogram: NQE.ContentObserver.NetworkQualityMeaningfullyChanged recorded 14 samples, mean = 0.1 (flags = 0x40)
0  ------------O                                                             (12 = 85.7%)
1  --O                                                                       (2 = 14.3%) {85.7%}
2  O                                                                         (0 = 0.0%) {100.0%}

Histogram: NQE.RTT.Error.Absolute recorded 6 samples, mean = 49.0 (flags = 0x41)
0   ... 
17  -O                                                                        (1 = 16.7%) {0.0%}
20  -O                                                                        (1 = 16.7%) {16.7%}
24  O                                                                         (0 = 0.0%) {33.3%}
29  -O                                                                        (1 = 16.7%) {33.3%}
34  O                                                                         (0 = 0.0%) {50.0%}
40  -O                                                                        (1 = 16.7%) {50.0%}
48  ... 
81  --O                                                                       (2 = 33.3%) {66.7%}
96  ... 

Histogram: NQE.RTT.Error.IsZero recorded 6 samples, mean = 0.0 (flags = 0x41)
0  ------O                                                                   (6 = 100.0%)
1  ... 

Histogram: NQE.RTT.Error.Negative recorded 3 samples, mean = 66.0 (flags = 0x41)
0   ... 
20  -O                                                                        (1 = 33.3%) {0.0%}
24  ... 
81  --O                                                                       (2 = 66.7%) {33.3%}
96  ... 

Histogram: NQE.RTT.Error.Positive recorded 3 samples, mean = 32.0 (flags = 0x41)
0   ... 
17  -O                                                                        (1 = 33.3%) {0.0%}
20  ... 
29  -O                                                                        (1 = 33.3%) {33.3%}
34  O                                                                         (0 = 0.0%) {66.7%}
40  -O                                                                        (1 = 33.3%) {66.7%}
48  ... 

Histogram: NQE.RenderThreadNotified recorded 7 samples, mean = 1.0 (flags = 0x40)
0  O                                                                         (0 = 0.0%)
1  -------O                                                                  (7 = 100.0%) {0.0%}
2  O                                                                         (0 = 0.0%) {100.0%}

Histogram: Navigation.BeginNavigationImpl.MainFrame recorded 2 samples, mean = 4.0 (flags = 0x41)
0  -O                                                                        (1 = 50.0%)
1  ... 
8  -O                                                                        (1 = 50.0%) {50.0%}
10 ... 

Histogram: Navigation.BrowserInitiatedSessionHistoryCount recorded 1 samples, mean = 0.0 (flags = 0x41)
0  -O                                                                        (1 = 100.0%)
1  ... 

Histogram: Navigation.CommitRenderFrame recorded 1 samples, mean = 75.0 (flags = 0x41)
0   ... 
68  -O                                                                        (1 = 100.0%) {0.0%}
81  ... 

Histogram: Navigation.CommitToCompositorCreation recorded 1 samples, mean = 2320.0 (flags = 0x41)
0     ... 
1821  -O                                                                        (1 = 100.0%) {0.0%}
2370  ... 

Histogram: Navigation.CompositorRequestedBeforeCommit2 recorded 1 samples, mean = 0.0 (flags = 0x41)
0  -O                                                                        (1 = 100.0%)
1  ... 

Histogram: Navigation.CompositorRequestedBeforeSwapRFH2 recorded 1 samples, mean = 0.0 (flags = 0x41)
0  -O                                                                        (1 = 100.0%)
1  ... 

Histogram: Navigation.CreateSpeculativeRFH recorded 1 samples, mean = 2.0 (flags = 0x41)
0  ... 
2  -O                                                                        (1 = 100.0%) {0.0%}
3  ... 

Histogram: Navigation.DidCommitSameDocumentNavigation.Duration recorded 1 samples, mean = 0.0 (flags = 0x41)
0  -O                                                                        (1 = 100.0%)
1  ... 

Histogram: Navigation.DidStartLoading.MainFrame recorded 4 samples, mean = 0.5 (flags = 0x41)
0  ---O                                                                      (3 = 75.0%)
1  O                                                                         (0 = 0.0%) {75.0%}
2  -O                                                                        (1 = 25.0%) {75.0%}
3  ... 

Histogram: Navigation.DidStartLoading.Subframe recorded 2 samples, mean = 0.0 (flags = 0x41)
0  --O                                                                       (2 = 100.0%)
1  ... 

Histogram: Navigation.EarlyRenderFrameHostSwapType recorded 6 samples, mean = 0.0 (flags = 0x41)
0  ------O                                                                   (6 = 100.0%)
1  ... 

Histogram: Navigation.EngagementTime.HTTPS recorded 1 samples, mean = 4325502.0 (flags = 0x41)
0        ... 
3600000  -O                                                                        (1 = 100.0%) {0.0%}

Histogram: Navigation.GetFrameHostForNavigation recorded 4 samples, mean = 48.8 (flags = 0x41)
0    --O                                                                       (2 = 50.0%)
1    O                                                                         (0 = 0.0%) {50.0%}
2    -O                                                                        (1 = 25.0%) {50.0%}
3    ... 
190  -O                                                                        (1 = 25.0%) {75.0%}
226  ... 

Histogram: Navigation.GetFrameHostForNavigationTime.InDidCreateNavigationRequest.IsHTTPOrHTTPS recorded 3 samples, mean = 64451.3 (flags = 0x41)
0       ... 
76      --O                                                                       (2 = 66.7%) {0.0%}
105     ... 
141691  -O                                                                        (1 = 33.3%) {66.7%}
196583  ... 

Histogram: Navigation.IsGuest recorded 1 samples, mean = 0.0 (flags = 0x41)
0  -O                                                                        (1 = 100.0%)
1  ... 

Histogram: Navigation.IsLockedProcess recorded 1 samples, mean = 1.0 (flags = 0x41)
0  O                                                                         (0 = 0.0%)
1  -O                                                                        (1 = 100.0%) {0.0%}
2  O                                                                         (0 = 0.0%) {100.0%}

Histogram: Navigation.IsLockedProcess.HTTPOrHTTPS recorded 1 samples, mean = 1.0 (flags = 0x41)
0  O                                                                         (0 = 0.0%)
1  -O                                                                        (1 = 100.0%) {0.0%}
2  O                                                                         (0 = 0.0%) {100.0%}

Histogram: Navigation.IsProcessBackgrounded.OnCommit recorded 1 samples, mean = 0.0 (flags = 0x41)
0  -O                                                                        (1 = 100.0%)
1  ... 

Histogram: Navigation.IsProcessBackgrounded.OnDOMContentLoaded recorded 1 samples, mean = 0.0 (flags = 0x41)
0  -O                                                                        (1 = 100.0%)
1  ... 

Histogram: Navigation.IsSameBrowsingInstance recorded 1 samples, mean = 0.0 (flags = 0x41)
0  -O                                                                        (1 = 100.0%)
1  ... 

Histogram: Navigation.IsSameSiteInstance recorded 1 samples, mean = 0.0 (flags = 0x41)
0  -O                                                                        (1 = 100.0%)
1  ... 

Histogram: Navigation.IsSameSiteInstance.MainFrame recorded 1 samples, mean = 0.0 (flags = 0x41)
0  -O                                                                        (1 = 100.0%)
1  ... 

Histogram: Navigation.LoaderCreateToRequestStart.MainFrame recorded 1 samples, mean = 4.0 (flags = 0x41)
0  ... 
4  -O                                                                        (1 = 100.0%) {0.0%}
5  ... 

Histogram: Navigation.MainFrame.FrameCount recorded 1 samples, mean = 2.0 (flags = 0x41)
0  ... 
2  -O                                                                        (1 = 100.0%) {0.0%}
3  ... 

Histogram: Navigation.MainFrame.MaxFrameCount recorded 3 samples, mean = 2.0 (flags = 0x41)
0  O                                                                         (0 = 0.0%)
1  -O                                                                        (1 = 33.3%) {0.0%}
2  -O                                                                        (1 = 33.3%) {33.3%}
3  -O                                                                        (1 = 33.3%) {66.7%}
4  ... 

Histogram: Navigation.MainFrame.NewNavigation.IgnoreRestore.IsHTTPOrHTTPS.BeginNavigationToLoaderStart.Time2 recorded 1 samples, mean = 8.0 (flags = 0x41)
0  ... 
8  -O                                                                        (1 = 100.0%) {0.0%}
10 ... 

Histogram: Navigation.MainFrame.NewNavigation.IgnoreRestore.IsHTTPOrHTTPS.FetchStart.Time2 recorded 1 samples, mean = 3.0 (flags = 0x41)
0  ... 
3  -O                                                                        (1 = 100.0%) {0.0%}
4  ... 

Histogram: Navigation.MainFrame.NewNavigation.IgnoreRestore.IsHTTPOrHTTPS.LoaderStartToFetchStart.Time2 recorded 1 samples, mean = 6515.0 (flags = 0x41)
0     ... 
5961  -O                                                                        (1 = 100.0%) {0.0%}
7083  ... 

Histogram: Navigation.MainFrame.NewNavigation.IgnoreRestore.IsHTTPOrHTTPS.LoaderStartToReceiveResponse.Time2 recorded 1 samples, mean = 7462.0 (flags = 0x41)
0     ... 
7083  -O                                                                        (1 = 100.0%) {0.0%}
8416  ... 

Histogram: Navigation.MainFrame.NewNavigation.IgnoreRestore.IsHTTPOrHTTPS.NavigationStartToBeginNavigation.Time2 recorded 1 samples, mean = 7087.0 (flags = 0x41)
0     ... 
7083  -O                                                                        (1 = 100.0%) {0.0%}
8416  ... 

Histogram: Navigation.MainFrame.NewNavigation.IgnoreRestore.IsHTTPOrHTTPS.ReceiveHeaders.Time2 recorded 1 samples, mean = 813.0 (flags = 0x41)
0    ... 
752  -O                                                                        (1 = 100.0%) {0.0%}
894  ... 

Histogram: Navigation.MainFrame.NewNavigation.IgnoreRestore.IsHTTPOrHTTPS.ReceiveHeadersToReceiveResponse.Time2 recorded 1 samples, mean = 130.0 (flags = 0x41)
0    ... 
114  -O                                                                        (1 = 100.0%) {0.0%}
135  ... 

Histogram: Navigation.MainFrame.NewNavigation.IgnoreRestore.IsHTTPOrHTTPS.ReceiveResponseToCommitNavigation.Time2 recorded 1 samples, mean = 16.0 (flags = 0x41)
0   ... 
14  -O                                                                        (1 = 100.0%) {0.0%}
17  ... 

Histogram: Navigation.MainFrame.RendererInitiated.InitiatorFramePresentAtStart recorded 1 samples, mean = 0.0 (flags = 0x41)
0  -O                                                                        (1 = 100.0%)
1  ... 

Histogram: Navigation.MainFrame.SiteEngagementLevel recorded 1 samples, mean = 3.0 (flags = 0x41)
0  ... 
3  -O                                                                        (1 = 100.0%) {0.0%}
4  ... 

Histogram: Navigation.MainFrame.ThirdPartyCookieBlockingEnabled recorded 2 samples, mean = 0.0 (flags = 0x41)
0  --O                                                                       (2 = 100.0%)
1  ... 

Histogram: Navigation.MainFrameHasRTLDomain2 recorded 2 samples, mean = 0.0 (flags = 0x41)
0  --O                                                                       (2 = 100.0%)
1  ... 

Histogram: Navigation.MainFrameHasRTLDomainDifferentPage2 recorded 1 samples, mean = 0.0 (flags = 0x41)
0  -O                                                                        (1 = 100.0%)
1  ... 

Histogram: Navigation.MainFrameProfileType2 recorded 2 samples, mean = 0.0 (flags = 0x41)
0  --O                                                                       (2 = 100.0%)
1  ... 

Histogram: Navigation.MainFrameScheme2 recorded 2 samples, mean = 2.0 (flags = 0x41)
0  ... 
2  --O                                                                       (2 = 100.0%) {0.0%}
3  ... 

Histogram: Navigation.MainFrameSchemeDifferentPage2 recorded 1 samples, mean = 2.0 (flags = 0x41)
0  ... 
2  -O                                                                        (1 = 100.0%) {0.0%}
3  ... 

Histogram: Navigation.OnBeforeUnloadOverheadTime recorded 2 samples, mean = 3548.0 (flags = 0x41)
0     ... 
10    -O                                                                        (1 = 50.0%) {0.0%}
12    ... 
7083  -O                                                                        (1 = 50.0%) {50.0%}
8416  ... 

Histogram: Navigation.OnBeforeUnloadTotalTime recorded 2 samples, mean = 0.0 (flags = 0x41)
0  --O                                                                       (2 = 100.0%)
1  ... 

Histogram: Navigation.OriginAgentCluster.Result recorded 1 samples, mean = 9.0 (flags = 0x41)
0  ... 
9  -O                                                                        (1 = 100.0%) {0.0%}
10 O                                                                         (0 = 0.0%) {100.0%}

Histogram: Navigation.PendingCommit.DidBlockGetFrameHostForNavigation.Regular recorded 1 samples, mean = 0.0 (flags = 0x41)
0  -O                                                                        (1 = 100.0%)
1  ... 

Histogram: Navigation.PendingCommit.Duration.Regular recorded 1 samples, mean = 1010.0 (flags = 0x41)
0    ... 
894  -O                                                                        (1 = 100.0%) {0.0%}
1062 ... 

Histogram: Navigation.Preconnect.PreresolveJobQueueLength recorded 16 samples, mean = 0.5 (flags = 0x41)
0  --------O                                                                 (8 = 50.0%)
1  --------O                                                                 (8 = 50.0%) {50.0%}
2  ... 

Histogram: Navigation.Preconnect.PreresolveJobQueueingTime recorded 8 samples, mean = 0.0 (flags = 0x41)
0  --------O                                                                 (8 = 100.0%)
1  ... 

Histogram: Navigation.Preconnect.ProxyLookupCallbackQueueingTime recorded 8 samples, mean = 951.0 (flags = 0x41)
0     O                                                                         (0 = 0.0%)
1     -O                                                                        (1 = 12.5%) {0.0%}
2     ... 
268   --O                                                                       (2 = 25.0%) {12.5%}
318   --O                                                                       (2 = 25.0%) {37.5%}
378   ... 
1062  -O                                                                        (1 = 12.5%) {62.5%}
1262  ... 
2516  --O                                                                       (2 = 25.0%) {75.0%}
2990  ... 

Histogram: Navigation.Preconnect.ProxyLookupLatency recorded 8 samples, mean = 2070.9 (flags = 0x41)
0      O                                                                         (0 = 0.0%)
1      -O                                                                        (1 = 12.5%) {0.0%}
2      ... 
318    ----O                                                                     (4 = 50.0%) {12.5%}
378    ... 
1062   -O                                                                        (1 = 12.5%) {62.5%}
1262   ... 
2990   -O                                                                        (1 = 12.5%) {75.0%}
3553   ... 
10000  -O                                                                        (1 = 12.5%) {87.5%}

Histogram: Navigation.Preconnect.ResolveHostCallbackQueueingTime recorded 8 samples, mean = 367.4 (flags = 0x41)
0    O                                                                         (0 = 0.0%)
1    --O                                                                       (2 = 25.0%) {0.0%}
2    -O                                                                        (1 = 12.5%) {25.0%}
3    ... 
268  --O                                                                       (2 = 25.0%) {37.5%}
318  ... 
633  --O                                                                       (2 = 25.0%) {62.5%}
752  O                                                                         (0 = 0.0%) {87.5%}
894  -O                                                                        (1 = 12.5%) {87.5%}
1062 ... 

Histogram: Navigation.Preconnect.ResolveHostLatency recorded 8 samples, mean = 378.9 (flags = 0x41)
0    O                                                                         (0 = 0.0%)
1    --O                                                                       (2 = 25.0%) {0.0%}
2    -O                                                                        (1 = 12.5%) {25.0%}
3    ... 
318  --O                                                                       (2 = 25.0%) {37.5%}
378  ... 
633  --O                                                                       (2 = 25.0%) {62.5%}
752  O                                                                         (0 = 0.0%) {87.5%}
894  -O                                                                        (1 = 12.5%) {87.5%}
1062 ... 

Histogram: Navigation.ProcessNavigationThrottlesTime.WillStartRequest.MainFrame recorded 2 samples, mean = 14.5 (flags = 0x41)
0   ... 
8   -O                                                                        (1 = 50.0%) {0.0%}
10  ... 
20  -O                                                                        (1 = 50.0%) {50.0%}
24  ... 

Histogram: Navigation.QueueTime.OnReceiveRedirect.MainFrame recorded 1 samples, mean = 273.0 (flags = 0x41)
0    ... 
268  -O                                                                        (1 = 100.0%) {0.0%}
318  ... 

Histogram: Navigation.QueueTime.OnReceiveResponse.MainFrame recorded 1 samples, mean = 85.0 (flags = 0x41)
0   ... 
81  -O                                                                        (1 = 100.0%) {0.0%}
96  ... 

Histogram: Navigation.ReadyToCommitUntilCommit2 recorded 1 samples, mean = 1008.0 (flags = 0x41)
0    ... 
926  -O                                                                        (1 = 100.0%) {0.0%}
1177 ... 

Histogram: Navigation.ReadyToCommitUntilCommit2.ForegroundProcessPriority recorded 1 samples, mean = 1008.0 (flags = 0x41)
0    ... 
926  -O                                                                        (1 = 100.0%) {0.0%}
1177 ... 

Histogram: Navigation.ReadyToCommitUntilCommit2.NewNavigation recorded 1 samples, mean = 1008.0 (flags = 0x41)
0    ... 
926  -O                                                                        (1 = 100.0%) {0.0%}
1177 ... 

Histogram: Navigation.RegisterNavigationThrottlesTime.MainFrame recorded 2 samples, mean = 5.0 (flags = 0x41)
0   -O                                                                        (1 = 50.0%)
1   ... 
10  -O                                                                        (1 = 50.0%) {50.0%}
12  ... 

Histogram: Navigation.RenderFrameDelete recorded 1 samples, mean = 0.0 (flags = 0x41)
0  -O                                                                        (1 = 100.0%)
1  ... 

Histogram: Navigation.RenderFrameHostConstructor recorded 4 samples, mean = 0.8 (flags = 0x41)
0  ---O                                                                      (3 = 75.0%)
1  ... 
3  -O                                                                        (1 = 25.0%) {75.0%}
4  ... 

Histogram: Navigation.RenderFrameHostDestructor recorded 4 samples, mean = 2.5 (flags = 0x41)
0   ---O                                                                      (3 = 75.0%)
1   ... 
10  -O                                                                        (1 = 25.0%) {75.0%}
12  ... 

Histogram: Navigation.RenderViewHostConstructor recorded 2 samples, mean = 1.0 (flags = 0x41)
0  -O                                                                        (1 = 50.0%)
1  O                                                                         (0 = 0.0%) {50.0%}
2  -O                                                                        (1 = 50.0%) {50.0%}
3  ... 

Histogram: Navigation.RenderViewHostDestructor recorded 2 samples, mean = 1.5 (flags = 0x41)
0  -O                                                                        (1 = 50.0%)
1  ... 
3  -O                                                                        (1 = 50.0%) {50.0%}
4  ... 

Histogram: Navigation.RenderWidgetHostConstructor recorded 2 samples, mean = 3.5 (flags = 0x41)
0  -O                                                                        (1 = 50.0%)
1  ... 
7  -O                                                                        (1 = 50.0%) {50.0%}
8  ... 

Histogram: Navigation.RenderWidgetHostDestructor recorded 2 samples, mean = 0.0 (flags = 0x41)
0  --O                                                                       (2 = 100.0%)
1  ... 

Histogram: Navigation.RendererCommitDelay.MainFrame recorded 1 samples, mean = 6.0 (flags = 0x41)
0  ... 
6  -O                                                                        (1 = 100.0%) {0.0%}
7  ... 

Histogram: Navigation.RendererCommitQueueTime.MainFrame recorded 1 samples, mean = 4.0 (flags = 0x41)
0  ... 
4  -O                                                                        (1 = 100.0%) {0.0%}
5  ... 

Histogram: Navigation.RendererDidNavigateTime.MainFrame recorded 1 samples, mean = 1.0 (flags = 0x41)
0  O                                                                         (0 = 0.0%)
1  -O                                                                        (1 = 100.0%) {0.0%}
2  ... 

Histogram: Navigation.RendererDidNavigateTime.Subframe recorded 2 samples, mean = 0.0 (flags = 0x41)
0  --O                                                                       (2 = 100.0%)
1  ... 

Histogram: Navigation.RequiresDedicatedProcess recorded 1 samples, mean = 1.0 (flags = 0x41)
0  O                                                                         (0 = 0.0%)
1  -O                                                                        (1 = 100.0%) {0.0%}
2  O                                                                         (0 = 0.0%) {100.0%}

Histogram: Navigation.RequiresDedicatedProcess.HTTPOrHTTPS recorded 1 samples, mean = 1.0 (flags = 0x41)
0  O                                                                         (0 = 0.0%)
1  -O                                                                        (1 = 100.0%) {0.0%}
2  O                                                                         (0 = 0.0%) {100.0%}

Histogram: Navigation.SameDocumentNavigationWithScreenshot recorded 1 samples, mean = 0.0 (flags = 0x41)
0  -O                                                                        (1 = 100.0%)
1  ... 

Histogram: Navigation.SendCommitNavigationTime.MainFrame recorded 1 samples, mean = 1.0 (flags = 0x41)
0  O                                                                         (0 = 0.0%)
1  -O                                                                        (1 = 100.0%) {0.0%}
2  ... 

Histogram: Navigation.StartToCommit recorded 3 samples, mean = 5191.7 (flags = 0x41)
0      --O                                                                       (2 = 66.7%)
1      ... 
12916  -O                                                                        (1 = 33.3%) {66.7%}
16411  ... 

Histogram: Navigation.StartToCommit.CrossProcess recorded 1 samples, mean = 15575.0 (flags = 0x41)
0      ... 
12916  -O                                                                        (1 = 100.0%) {0.0%}
16411  ... 

Histogram: Navigation.StartToCommit.CrossProcess.ForegroundProcessPriority recorded 1 samples, mean = 15575.0 (flags = 0x41)
0      ... 
12916  -O                                                                        (1 = 100.0%) {0.0%}
16411  ... 

Histogram: Navigation.StartToCommit.CrossProcess.MainFrame recorded 1 samples, mean = 15575.0 (flags = 0x41)
0      ... 
12916  -O                                                                        (1 = 100.0%) {0.0%}
16411  ... 

Histogram: Navigation.StartToCommit.CrossProcess.MainFrame.ForegroundProcessPriority recorded 1 samples, mean = 15575.0 (flags = 0x41)
0      ... 
12916  -O                                                                        (1 = 100.0%) {0.0%}
16411  ... 

Histogram: Navigation.StartToCommit.CrossProcess.MainFrame.NewNavigation recorded 1 samples, mean = 15575.0 (flags = 0x41)
0      ... 
12916  -O                                                                        (1 = 100.0%) {0.0%}
16411  ... 

Histogram: Navigation.StartToCommit.CrossProcess.NewNavigation recorded 1 samples, mean = 15575.0 (flags = 0x41)
0      ... 
12916  -O                                                                        (1 = 100.0%) {0.0%}
16411  ... 

Histogram: Navigation.StartToCommit.ForegroundProcessPriority recorded 3 samples, mean = 5191.7 (flags = 0x41)
0      --O                                                                       (2 = 66.7%)
1      ... 
12916  -O                                                                        (1 = 33.3%) {66.7%}
16411  ... 

Histogram: Navigation.StartToCommit.MainFrame recorded 1 samples, mean = 15575.0 (flags = 0x41)
0      ... 
12916  -O                                                                        (1 = 100.0%) {0.0%}
16411  ... 

Histogram: Navigation.StartToCommit.MainFrame.ForegroundProcessPriority recorded 1 samples, mean = 15575.0 (flags = 0x41)
0      ... 
12916  -O                                                                        (1 = 100.0%) {0.0%}
16411  ... 

Histogram: Navigation.StartToCommit.MainFrame.NewNavigation recorded 1 samples, mean = 15575.0 (flags = 0x41)
0      ... 
12916  -O                                                                        (1 = 100.0%) {0.0%}
16411  ... 

Histogram: Navigation.StartToCommit.NewNavigation recorded 3 samples, mean = 5191.7 (flags = 0x41)
0      --O                                                                       (2 = 66.7%)
1      ... 
12916  -O                                                                        (1 = 33.3%) {66.7%}
16411  ... 

Histogram: Navigation.StartToCommit.SameProcess recorded 2 samples, mean = 0.0 (flags = 0x41)
0  --O                                                                       (2 = 100.0%)
1  ... 

Histogram: Navigation.StartToCommit.SameProcess.ForegroundProcessPriority recorded 2 samples, mean = 0.0 (flags = 0x41)
0  --O                                                                       (2 = 100.0%)
1  ... 

Histogram: Navigation.StartToCommit.SameProcess.NewNavigation recorded 2 samples, mean = 0.0 (flags = 0x41)
0  --O                                                                       (2 = 100.0%)
1  ... 

Histogram: Navigation.StartToCommit.SameProcess.Subframe recorded 2 samples, mean = 0.0 (flags = 0x41)
0  --O                                                                       (2 = 100.0%)
1  ... 

Histogram: Navigation.StartToCommit.SameProcess.Subframe.ForegroundProcessPriority recorded 2 samples, mean = 0.0 (flags = 0x41)
0  --O                                                                       (2 = 100.0%)
1  ... 

Histogram: Navigation.StartToCommit.SameProcess.Subframe.NewNavigation recorded 2 samples, mean = 0.0 (flags = 0x41)
0  --O                                                                       (2 = 100.0%)
1  ... 

Histogram: Navigation.StartToCommit.Subframe recorded 2 samples, mean = 0.0 (flags = 0x41)
0  --O                                                                       (2 = 100.0%)
1  ... 

Histogram: Navigation.StartToCommit.Subframe.ForegroundProcessPriority recorded 2 samples, mean = 0.0 (flags = 0x41)
0  --O                                                                       (2 = 100.0%)
1  ... 

Histogram: Navigation.StartToCommit.Subframe.NewNavigation recorded 2 samples, mean = 0.0 (flags = 0x41)
0  --O                                                                       (2 = 100.0%)
1  ... 

Histogram: Navigation.SuddenTerminationDisabler.AllOrigins recorded 1 samples, mean = 13.0 (flags = 0x41)
0   ... 
13  -O                                                                        (1 = 100.0%) {0.0%}
14  ... 

Histogram: Navigation.SuddenTerminationDisabler.SameOrigin recorded 1 samples, mean = 13.0 (flags = 0x41)
0   ... 
13  -O                                                                        (1 = 100.0%) {0.0%}
14  ... 

Histogram: Navigation.SwapRFHToCompositorCreation recorded 1 samples, mean = 1321.0 (flags = 0x41)
0     ... 
1075  -O                                                                        (1 = 100.0%) {0.0%}
1399  ... 

Histogram: Navigation.ThrottleCount recorded 2 samples, mean = 20.0 (flags = 0x41)
0   ... 
20  --O                                                                       (2 = 100.0%) {0.0%}
21  ... 

Histogram: Navigation.ThrottleEventDurationTime.WillProcessResponse recorded 1 samples, mean = 3.0 (flags = 0x41)
0  ... 
3  -O                                                                        (1 = 100.0%) {0.0%}
4  ... 

Histogram: Navigation.ThrottleEventDurationTime.WillRedirectRequest recorded 1 samples, mean = 0.0 (flags = 0x41)
0  -O                                                                        (1 = 100.0%)
1  ... 

Histogram: Navigation.ThrottleEventDurationTime.WillStartRequest recorded 2 samples, mean = 9.5 (flags = 0x41)
0   ... 
3   -O                                                                        (1 = 50.0%) {0.0%}
4   ... 
14  -O                                                                        (1 = 50.0%) {50.0%}
17  ... 

Histogram: Navigation.ThrottleEventExecutionTime.WillProcessResponse recorded 1 samples, mean = 3.0 (flags = 0x41)
0  ... 
3  -O                                                                        (1 = 100.0%) {0.0%}
4  ... 

Histogram: Navigation.ThrottleEventExecutionTime.WillRedirectRequest recorded 1 samples, mean = 0.0 (flags = 0x41)
0  -O                                                                        (1 = 100.0%)
1  ... 

Histogram: Navigation.ThrottleEventExecutionTime.WillStartRequest recorded 2 samples, mean = 9.5 (flags = 0x41)
0   ... 
3   -O                                                                        (1 = 50.0%) {0.0%}
4   ... 
14  -O                                                                        (1 = 50.0%) {50.0%}
17  ... 

Histogram: Navigation.ThrottleExecutionTime.WillProcessResponse recorded 20 samples, mean = 0.1 (flags = 0x41)
0  ------------------O                                                       (18 = 90.0%)
1  --O                                                                       (2 = 10.0%) {90.0%}
2  ... 

Histogram: Navigation.ThrottleExecutionTime.WillRedirectRequest recorded 20 samples, mean = 0.0 (flags = 0x41)
0  --------------------O                                                     (20 = 100.0%)
1  ... 

Histogram: Navigation.ThrottleExecutionTime.WillStartRequest recorded 40 samples, mean = 0.4 (flags = 0x41)
0   -----------------------------------O                                      (35 = 87.5%)
1   -O                                                                        (1 = 2.5%) {87.5%}
2   ---O                                                                      (3 = 7.5%) {90.0%}
3   ... 
10  -O                                                                        (1 = 2.5%) {97.5%}
12  ... 

Histogram: Navigation.ThrottleTotalDeferCount recorded 5 samples, mean = 0.0 (flags = 0x41)
0  -----O                                                                    (5 = 100.0%)
1  ... 

Histogram: Navigation.ThrottleTotalDeferCount.Request recorded 5 samples, mean = 0.0 (flags = 0x41)
0  -----O                                                                    (5 = 100.0%)
1  ... 

Histogram: Navigation.ThrottleTotalDeferTime recorded 5 samples, mean = 0.0 (flags = 0x41)
0  -----O                                                                    (5 = 100.0%)
1  ... 

Histogram: Navigation.ThrottleTotalDeferTime.Request recorded 5 samples, mean = 0.0 (flags = 0x41)
0  -----O                                                                    (5 = 100.0%)
1  ... 

Histogram: Navigation.Throttles.PolicyBlocklist.DeferDurationTime recorded 2 samples, mean = 0.0 (flags = 0x41)
0  --O                                                                       (2 = 100.0%)
1  ... 

Histogram: Navigation.Throttles.PolicyBlocklist.RequestThrottleAction recorded 2 samples, mean = 2.5 (flags = 0x41)
0  O                                                                         (0 = 0.0%)
1  -O                                                                        (1 = 50.0%) {0.0%}
2  ... 
4  -O                                                                        (1 = 50.0%) {50.0%}
5  ... 

Histogram: Navigation.Throttles.PolicyBlocklist.RequestToResponseTime recorded 1 samples, mean = 0.0 (flags = 0x41)
0  -O                                                                        (1 = 100.0%)
1  ... 

Histogram: Navigation.TimeToReadyToCommit2 recorded 1 samples, mean = 14567.0 (flags = 0x41)
0      ... 
12916  -O                                                                        (1 = 100.0%) {0.0%}
16411  ... 

Histogram: Navigation.TimeToReadyToCommit2.CrossProcess recorded 1 samples, mean = 14567.0 (flags = 0x41)
0      ... 
12916  -O                                                                        (1 = 100.0%) {0.0%}
16411  ... 

Histogram: Navigation.TimeToReadyToCommit2.CrossProcess.NewNavigation recorded 1 samples, mean = 14567.0 (flags = 0x41)
0      ... 
12916  -O                                                                        (1 = 100.0%) {0.0%}
16411  ... 

Histogram: Navigation.TimeToReadyToCommit2.MainFrame recorded 1 samples, mean = 14567.0 (flags = 0x41)
0      ... 
12916  -O                                                                        (1 = 100.0%) {0.0%}
16411  ... 

Histogram: Navigation.TimeToReadyToCommit2.MainFrame.NewNavigation recorded 1 samples, mean = 14567.0 (flags = 0x41)
0      ... 
12916  -O                                                                        (1 = 100.0%) {0.0%}
16411  ... 

Histogram: Navigation.TimeToReadyToCommit2.NewNavigation recorded 1 samples, mean = 14567.0 (flags = 0x41)
0      ... 
12916  -O                                                                        (1 = 100.0%) {0.0%}
16411  ... 

Histogram: Navigation.Unload recorded 1 samples, mean = 0.0 (flags = 0x41)
0  -O                                                                        (1 = 100.0%)
1  ... 

Histogram: Navigation.UserAgentStringType recorded 4 samples, mean = 1.0 (flags = 0x41)
0  O                                                                         (0 = 0.0%)
1  ----O                                                                     (4 = 100.0%) {0.0%}
2  ... 

Histogram: Navigation.WillStartRequestToLoaderStart.MainFrame recorded 2 samples, mean = 15.0 (flags = 0x41)
0   ... 
3   -O                                                                        (1 = 50.0%) {0.0%}
4   ... 
24  -O                                                                        (1 = 50.0%) {50.0%}
29  ... 

Histogram: NavigationPredictor.SearchEnginePreconnector.IsBrowserAppLikelyInForeground recorded 72 samples, mean = 0.0 (flags = 0x41)
0  ---------------------------------------------------------------------O    (69 = 95.8%)
1  ---O                                                                      (3 = 4.2%) {95.8%}
2  O                                                                         (0 = 0.0%) {100.0%}

Histogram: NavigationSuggestion.GetDomainInfoDelayBeforeAllowingNavigation recorded 1 samples, mean = 0.0 (flags = 0x41)
0  -O                                                                        (1 = 100.0%)
1  ... 

Histogram: NavigationSuggestion.IsLookalikeUrlDelayBeforeAllowingNavigation recorded 1 samples, mean = 0.0 (flags = 0x41)
0  -O                                                                        (1 = 100.0%)
1  ... 

Histogram: NavigationSuggestion.PerformChecksDelayBeforeAllowingNavigation recorded 1 samples, mean = 0.0 (flags = 0x41)
0  -O                                                                        (1 = 100.0%)
1  ... 

Histogram: Net.AlternateProtocolUsage recorded 42 samples, mean = 1.5 (flags = 0x41)
0  -------O                                                                  (7 = 16.7%)
1  ------------------------------O                                           (30 = 71.4%) {16.7%}
2  ... 
7  -----O                                                                    (5 = 11.9%) {88.1%}
8  O                                                                         (0 = 0.0%) {100.0%}

Histogram: Net.AlternateProtocolUsageGoogle recorded 28 samples, mean = 1.0 (flags = 0x41)
0  -O                                                                        (1 = 3.6%)
1  ---------------------------O                                              (27 = 96.4%) {3.6%}
2  ... 

Histogram: Net.AlternativeServiceTypeForRequest recorded 52 samples, mean = 0.8 (flags = 0x41)
0  ----------O                                                               (10 = 19.2%)
1  ------------------------------------------O                               (42 = 80.8%) {19.2%}
2  ... 

Histogram: Net.CertVerifier.PathBuilderIterationCount recorded 12 samples, mean = 2.0 (flags = 0x41)
0  ... 
2  ------------O                                                             (12 = 100.0%) {0.0%}
3  ... 

Histogram: Net.CertVerifier_First_Job_Latency recorded 1 samples, mean = 5511.0 (flags = 0x41)
0     ... 
5352  -O                                                                        (1 = 100.0%) {0.0%}
6060  ... 

Histogram: Net.CertVerifier_Job_Latency recorded 12 samples, mean = 1539.2 (flags = 0x41)
0     ... 
239   -O                                                                        (1 = 8.3%) {0.0%}
271   ... 
348   -O                                                                        (1 = 8.3%) {8.3%}
394   O                                                                         (0 = 0.0%) {16.7%}
446   -O                                                                        (1 = 8.3%) {16.7%}
505   --O                                                                       (2 = 16.7%) {25.0%}
572   --O                                                                       (2 = 16.7%) {41.7%}
648   ... 
1206  -O                                                                        (1 = 8.3%) {58.3%}
1365  ... 
2540  --O                                                                       (2 = 16.7%) {66.7%}
2876  -O                                                                        (1 = 8.3%) {83.3%}
3256  ... 
5352  -O                                                                        (1 = 8.3%) {91.7%}
6060  ... 

Histogram: Net.Certificate.TrustAnchor.Request recorded 41 samples (flags = 0x41)
210  ----O                                                                     (4 = 9.8%)
483  ----------------------------O                                             (28 = 68.3%)
486  ---------O                                                                (9 = 22.0%)

Histogram: Net.Certificate.TrustAnchor.Verify recorded 12 samples (flags = 0x41)
210  --O                                                                       (2 = 16.7%)
483  ------O                                                                   (6 = 50.0%)
486  ----O                                                                     (4 = 33.3%)

Histogram: Net.ConnectionInfo.MainFrame recorded 1 samples, mean = 40.0 (flags = 0x41)
0   ... 
40  -O                                                                        (1 = 100.0%) {0.0%}
41  ... 

Histogram: Net.ConnectionInfo.SubResource recorded 10 samples, mean = 29.2 (flags = 0x41)
0   ... 
4   ---O                                                                      (3 = 30.0%) {0.0%}
5   ... 
40  -------O                                                                  (7 = 70.0%) {30.0%}
41  ... 

Histogram: Net.ContentEncodingType recorded 76 samples, mean = 0.5 (flags = 0x41)
0  ---------------------------------------O                                  (39 = 51.3%)
1  ----------------------------------O                                       (34 = 44.7%) {51.3%}
2  ---O                                                                      (3 = 3.9%) {96.1%}
3  ... 

Histogram: Net.Cors.AccessCheckResult recorded 8 samples, mean = 0.0 (flags = 0x41)
0  --------O                                                                 (8 = 100.0%)
1  ... 

Histogram: Net.CountOfQuicServerInfos recorded 1 samples, mean = 0.0 (flags = 0x41)
0  -O                                                                        (1 = 100.0%)
1  ... 

Histogram: Net.DNS.DnsConfig.DnsClientCapability recorded 57 samples, mean = 1.0 (flags = 0x41)
0  O                                                                         (0 = 0.0%)
1  ---------------------------------------------------------O                (57 = 100.0%) {0.0%}
2  ... 

Histogram: Net.DNS.DnsConfig.SecureDnsMode recorded 1 samples, mean = 4.0 (flags = 0x41)
0  ... 
4  -O                                                                        (1 = 100.0%) {0.0%}
5  ... 

Histogram: Net.DNS.DnsConfig.Windows.Compatibility recorded 6 samples, mean = 0.0 (flags = 0x41)
0  ------O                                                                   (6 = 100.0%)
1  ... 

Histogram: Net.DNS.DnsConfig.Windows.ReadSystemSettings0 recorded 4 samples, mean = 0.0 (flags = 0x41)
0  ----O                                                                     (4 = 100.0%)
1  ... 

Histogram: Net.DNS.DnsHosts.Count recorded 1 samples, mean = 0.0 (flags = 0x41)
0  -O                                                                        (1 = 100.0%)
1  ... 

Histogram: Net.DNS.DnsHosts.EstimateMemoryUsage recorded 1 samples, mean = 0.0 (flags = 0x41)
0  -O                                                                        (1 = 100.0%)
1000... 

Histogram: Net.DNS.DnsHosts.FileSize recorded 1 samples, mean = 824.0 (flags = 0x41)
0    ... 
737  -O                                                                        (1 = 100.0%) {0.0%}
1065 ... 

Histogram: Net.DNS.DnsTask.SuccessTime recorded 27 samples, mean = 23.5 (flags = 0x41)
0   ... 
16  -O                                                                        (1 = 3.7%) {0.0%}
18  ---O                                                                      (3 = 11.1%) {3.7%}
21  ----------------O                                                         (16 = 59.3%) {14.8%}
24  ----O                                                                     (4 = 14.8%) {74.1%}
28  O                                                                         (0 = 0.0%) {88.9%}
32  --O                                                                       (2 = 7.4%) {88.9%}
37  -O                                                                        (1 = 3.7%) {96.3%}
43  ... 

Histogram: Net.DNS.DnsTask.SvcbHttpsTransactionError recorded 14 samples, mean = 0.0 (flags = 0x41)
0  --------------O                                                           (14 = 100.0%)
1  ... 

Histogram: Net.DNS.DnsTransaction.AttemptType recorded 54 samples, mean = 0.0 (flags = 0x41)
0  ------------------------------------------------------O                   (54 = 100.0%)
1  ... 

Histogram: Net.DNS.DnsTransaction.Insecure.Other.SuccessTime recorded 41 samples, mean = 20.4 (flags = 0x41)
0   ... 
13  ------O                                                                   (6 = 14.6%) {0.0%}
16  --------------O                                                           (14 = 34.1%) {14.6%}
20  -------------O                                                            (13 = 31.7%) {48.8%}
25  -------O                                                                  (7 = 17.1%) {80.5%}
32  O                                                                         (0 = 0.0%) {97.6%}
41  -O                                                                        (1 = 2.4%) {97.6%}
52  ... 

Histogram: Net.DNS.H3SupportedGoogleHost.TaskTypeMetadataAvailability2 recorded 2 samples, mean = 3.0 (flags = 0x41)
0  ... 
3  --O                                                                       (2 = 100.0%) {0.0%}
4  ... 

Histogram: Net.DNS.HTTPSSVC.RecordHttps.Insecure.ExpectNoerror.DnsRcode recorded 27 samples, mean = 1.6 (flags = 0x41)
0  -------------O                                                            (13 = 48.1%)
1  ... 
3  --------------O                                                           (14 = 51.9%) {48.1%}
4  ... 

Histogram: Net.DNS.HTTPSSVC.RecordHttps.Insecure.ExpectNoerror.Parsable recorded 3 samples, mean = 1.0 (flags = 0x41)
0  O                                                                         (0 = 0.0%)
1  ---O                                                                      (3 = 100.0%) {0.0%}
2  O                                                                         (0 = 0.0%) {100.0%}

Histogram: Net.DNS.HTTPSSVC.RecordHttps.Insecure.ExpectNoerror.ResolveTimeAddress recorded 27 samples, mean = 19.6 (flags = 0x41)
0   ... 
13  -----O                                                                    (5 = 18.5%) {0.0%}
16  ------------O                                                             (12 = 44.4%) {18.5%}
20  ------O                                                                   (6 = 22.2%) {63.0%}
25  ---O                                                                      (3 = 11.1%) {85.2%}
32  O                                                                         (0 = 0.0%) {96.3%}
41  -O                                                                        (1 = 3.7%) {96.3%}
52  ... 

Histogram: Net.DNS.HTTPSSVC.RecordHttps.Insecure.ExpectNoerror.ResolveTimeExperimental recorded 27 samples, mean = 22.8 (flags = 0x41)
0   ... 
16  ---O                                                                      (3 = 11.1%) {0.0%}
20  ------------------O                                                       (18 = 66.7%) {11.1%}
25  ----O                                                                     (4 = 14.8%) {77.8%}
32  --O                                                                       (2 = 7.4%) {92.6%}
41  ... 

Histogram: Net.DNS.HTTPSSVC.RecordHttps.Insecure.ExpectNoerror.ResolveTimeRatio recorded 27 samples, mean = 11.5 (flags = 0x41)
0   ... 
6   -O                                                                        (1 = 3.7%) {0.0%}
7   ... 
9   ----O                                                                     (4 = 14.8%) {3.7%}
10  -----O                                                                    (5 = 18.5%) {18.5%}
11  --O                                                                       (2 = 7.4%) {37.0%}
12  ---O                                                                      (3 = 11.1%) {44.4%}
13  --------O                                                                 (8 = 29.6%) {55.6%}
14  ----O                                                                     (4 = 14.8%) {85.2%}
15  ... 

Histogram: Net.DNS.JobQueueTime.PerTransaction recorded 54 samples, mean = 0.0 (flags = 0x41)
0  -----------------------------------------------------O                    (53 = 98.1%)
1  -O                                                                        (1 = 1.9%) {98.1%}
2  ... 

Histogram: Net.DNS.JobQueueTime.Success recorded 27 samples, mean = 0.0 (flags = 0x41)
0  --------------------------O                                               (26 = 96.3%)
1  -O                                                                        (1 = 3.7%) {96.3%}
2  ... 

Histogram: Net.DNS.Request.TotalTime recorded 210 samples, mean = 2.8 (flags = 0x41)
0   ------------------------------------------------------------------------O (185 = 88.1%)
10  ... 
15  O                                                                         (1 = 0.5%) {88.1%}
18  ----O                                                                     (9 = 4.3%) {88.6%}
22  ----O                                                                     (10 = 4.8%) {92.9%}
27  --O                                                                       (4 = 1.9%) {97.6%}
33  O                                                                         (1 = 0.5%) {99.5%}
41  ... 

Histogram: Net.DNS.Request.TotalTimeAsync recorded 33 samples, mean = 17.5 (flags = 0x41)
0   --------O                                                                 (8 = 24.2%)
10  ... 
15  -O                                                                        (1 = 3.0%) {24.2%}
18  ---------O                                                                (9 = 27.3%) {27.3%}
22  ----------O                                                               (10 = 30.3%) {54.5%}
27  ----O                                                                     (4 = 12.1%) {84.8%}
33  -O                                                                        (1 = 3.0%) {97.0%}
41  ... 

Histogram: Net.DNS.ResolveCategory recorded 35 samples, mean = 0.3 (flags = 0x41)
0  -------------------------O                                                (25 = 71.4%)
1  --------O                                                                 (8 = 22.9%) {71.4%}
2  --O                                                                       (2 = 5.7%) {94.3%}
3  ... 

Histogram: Net.DNS.ResolveError.Fast recorded 8 samples (flags = 0x41)
105  --------O                                                                 (8 = 100.0%)

Histogram: Net.DNS.ResolveFailureTime recorded 8 samples, mean = 0.1 (flags = 0x41)
0  -------O                                                                  (7 = 87.5%)
1  -O                                                                        (1 = 12.5%) {87.5%}
2  ... 

Histogram: Net.DNS.ResolveSuccessTime recorded 25 samples, mean = 23.7 (flags = 0x41)
0   ... 
16  -O                                                                        (1 = 4.0%) {0.0%}
18  ---O                                                                      (3 = 12.0%) {4.0%}
21  --------------O                                                           (14 = 56.0%) {16.0%}
24  ----O                                                                     (4 = 16.0%) {72.0%}
28  O                                                                         (0 = 0.0%) {88.0%}
32  --O                                                                       (2 = 8.0%) {88.0%}
37  -O                                                                        (1 = 4.0%) {96.0%}
43  ... 

Histogram: Net.DNS.SystemTask.FailureTime recorded 8 samples, mean = 0.1 (flags = 0x41)
0  -------O                                                                  (7 = 87.5%)
1  -O                                                                        (1 = 12.5%) {87.5%}
2  ... 

Histogram: Net.DNS.UpgradeConfig.HasPublicInsecureNameserver recorded 1 samples, mean = 1.0 (flags = 0x41)
0  O                                                                         (0 = 0.0%)
1  -O                                                                        (1 = 100.0%) {0.0%}
2  O                                                                         (0 = 0.0%) {100.0%}

Histogram: Net.DNS.UpgradeConfig.Ineligible.DohSpecified recorded 1 samples, mean = 0.0 (flags = 0x41)
0  -O                                                                        (1 = 100.0%)
1  ... 

Histogram: Net.DNS.UpgradeConfig.Ineligible.UnhandledOptions recorded 1 samples, mean = 0.0 (flags = 0x41)
0  -O                                                                        (1 = 100.0%)
1  ... 

Histogram: Net.DNS.UpgradeConfig.InsecureUpgradeSucceeded recorded 1 samples, mean = 0.0 (flags = 0x41)
0  -O                                                                        (1 = 100.0%)
1  ... 

Histogram: Net.DNS_Resolution_And_TCP_Connection_Latency2 recorded 9 samples, mean = 42.9 (flags = 0x41)
0   O                                                                         (0 = 0.0%)
1   -O                                                                        (1 = 11.1%) {0.0%}
2   ... 
10  -O                                                                        (1 = 11.1%) {11.1%}
11  ... 
20  -O                                                                        (1 = 11.1%) {22.2%}
23  -O                                                                        (1 = 11.1%) {33.3%}
26  -O                                                                        (1 = 11.1%) {44.4%}
29  ... 
37  -O                                                                        (1 = 11.1%) {55.6%}
42  ... 
78  --O                                                                       (2 = 22.2%) {66.7%}
88  -O                                                                        (1 = 11.1%) {88.9%}
100 ... 

Histogram: Net.ErrorCodesForMainFrame4 recorded 2 samples (flags = 0x41)
0  -O                                                                        (1 = 50.0%)
3  -O                                                                        (1 = 50.0%)

Histogram: Net.ErrorCodesForSubresources3 recorded 46 samples (flags = 0x41)
0  ----------------------------------------------O                           (46 = 100.0%)

Histogram: Net.HttpJob.BytesReceived2 recorded 42 samples, mean = 4020.0 (flags = 0x41)
0      ... 
56     -O                                                                        (1 = 2.4%) {0.0%}
80     ... 
340    ---O                                                                      (3 = 7.1%) {2.4%}
488    ---O                                                                      (3 = 7.1%) {9.5%}
700    -O                                                                        (1 = 2.4%) {16.7%}
1004   ---------------------------O                                              (27 = 64.3%) {19.0%}
1440   -O                                                                        (1 = 2.4%) {83.3%}
2065   O                                                                         (0 = 0.0%) {85.7%}
2961   ---O                                                                      (3 = 7.1%) {85.7%}
4246   ... 
8732   -O                                                                        (1 = 2.4%) {92.9%}
12523  O                                                                         (0 = 0.0%) {95.2%}
17959  -O                                                                        (1 = 2.4%) {95.2%}
25755  ... 
75961  -O                                                                        (1 = 2.4%) {97.6%}
108935 ... 

Histogram: Net.HttpJob.BytesSent2 recorded 42 samples, mean = 1344.2 (flags = 0x41)
0      ... 
19     -O                                                                        (1 = 2.4%) {0.0%}
27     ... 
165    -O                                                                        (1 = 2.4%) {2.4%}
237    -O                                                                        (1 = 2.4%) {4.8%}
340    ----O                                                                     (4 = 9.5%) {7.1%}
488    -O                                                                        (1 = 2.4%) {16.7%}
700    ----O                                                                     (4 = 9.5%) {19.0%}
1004   -----------------------------O                                            (29 = 69.0%) {28.6%}
1440   ... 
12523  -O                                                                        (1 = 2.4%) {97.6%}
17959  ... 

Histogram: Net.HttpJob.MainJobWaitTimeWithoutAvailableSpdySession recorded 32 samples, mean = 124.1 (flags = 0x41)
0    ... 
20   -O                                                                        (1 = 3.1%) {0.0%}
24   ... 
57   -----O                                                                    (5 = 15.6%) {3.1%}
68   --------O                                                                 (8 = 25.0%) {18.8%}
81   ... 
114  -----------O                                                              (11 = 34.4%) {43.8%}
135  ---O                                                                      (3 = 9.4%) {78.1%}
160  ... 
268  ----O                                                                     (4 = 12.5%) {87.5%}
318  ... 

Histogram: Net.HttpJob.PrefilterBytesRead recorded 79 samples, mean = 17477.5 (flags = 0x41)
0       -----O                                                                    (5 = 6.3%)
1       ... 
13      -O                                                                        (1 = 1.3%) {6.3%}
19      -O                                                                        (1 = 1.3%) {7.6%}
27      O                                                                         (0 = 0.0%) {8.9%}
39      -O                                                                        (1 = 1.3%) {8.9%}
56      -O                                                                        (1 = 1.3%) {10.1%}
80      -O                                                                        (1 = 1.3%) {11.4%}
115     O                                                                         (0 = 0.0%) {12.7%}
165     -O                                                                        (1 = 1.3%) {12.7%}
237     O                                                                         (0 = 0.0%) {13.9%}
340     -O                                                                        (1 = 1.3%) {13.9%}
488     ----O                                                                     (4 = 5.1%) {15.2%}
700     ----O                                                                     (4 = 5.1%) {20.3%}
1004    -----------------------------O                                            (29 = 36.7%) {25.3%}
1440    --O                                                                       (2 = 2.5%) {62.0%}
2065    -O                                                                        (1 = 1.3%) {64.6%}
2961    --O                                                                       (2 = 2.5%) {65.8%}
4246    -O                                                                        (1 = 1.3%) {68.4%}
6089    -O                                                                        (1 = 1.3%) {69.6%}
8732    ----O                                                                     (4 = 5.1%) {70.9%}
12523   -O                                                                        (1 = 1.3%) {75.9%}
17959   ----O                                                                     (4 = 5.1%) {77.2%}
25755   --O                                                                       (2 = 2.5%) {82.3%}
36935   ----O                                                                     (4 = 5.1%) {84.8%}
52968   O                                                                         (0 = 0.0%) {89.9%}
75961   -----O                                                                    (5 = 6.3%) {89.9%}
108935  --O                                                                       (2 = 2.5%) {96.2%}
156223  -O                                                                        (1 = 1.3%) {98.7%}
224038  ... 

Histogram: Net.HttpJob.PrefilterBytesRead.Cache recorded 39 samples, mean = 31582.1 (flags = 0x41)
0       -O                                                                        (1 = 2.6%)
1       ... 
165     -O                                                                        (1 = 2.6%) {2.6%}
237     O                                                                         (0 = 0.0%) {5.1%}
340     -O                                                                        (1 = 2.6%) {5.1%}
488     ----O                                                                     (4 = 10.3%) {7.7%}
700     ----O                                                                     (4 = 10.3%) {17.9%}
1004    -O                                                                        (1 = 2.6%) {28.2%}
1440    --O                                                                       (2 = 5.1%) {30.8%}
2065    -O                                                                        (1 = 2.6%) {35.9%}
2961    --O                                                                       (2 = 5.1%) {38.5%}
4246    -O                                                                        (1 = 2.6%) {43.6%}
6089    -O                                                                        (1 = 2.6%) {46.2%}
8732    ---O                                                                      (3 = 7.7%) {48.7%}
12523   O                                                                         (0 = 0.0%) {56.4%}
17959   ----O                                                                     (4 = 10.3%) {56.4%}
25755   --O                                                                       (2 = 5.1%) {66.7%}
36935   ----O                                                                     (4 = 10.3%) {71.8%}
52968   O                                                                         (0 = 0.0%) {82.1%}
75961   ----O                                                                     (4 = 10.3%) {82.1%}
108935  --O                                                                       (2 = 5.1%) {92.3%}
156223  -O                                                                        (1 = 2.6%) {97.4%}
224038  ... 

Histogram: Net.HttpJob.PrefilterBytesRead.Net recorded 40 samples, mean = 3725.6 (flags = 0x41)
0      ----O                                                                     (4 = 10.0%)
1      ... 
13     -O                                                                        (1 = 2.5%) {10.0%}
19     -O                                                                        (1 = 2.5%) {12.5%}
27     O                                                                         (0 = 0.0%) {15.0%}
39     -O                                                                        (1 = 2.5%) {15.0%}
56     -O                                                                        (1 = 2.5%) {17.5%}
80     -O                                                                        (1 = 2.5%) {20.0%}
115    ... 
1004   ----------------------------O                                             (28 = 70.0%) {22.5%}
1440   ... 
8732   -O                                                                        (1 = 2.5%) {92.5%}
12523  -O                                                                        (1 = 2.5%) {95.0%}
17959  ... 
75961  -O                                                                        (1 = 2.5%) {97.5%}
108935 ... 

Histogram: Net.HttpJob.ProxyTypeSuccess recorded 42 samples, mean = 1.0 (flags = 0x41)
0  O                                                                         (0 = 0.0%)
1  ------------------------------------------O                               (42 = 100.0%) {0.0%}
2  ... 

Histogram: Net.HttpJob.TotalTime recorded 79 samples, mean = 325.4 (flags = 0x41)
0     ... 
2     -O                                                                        (1 = 1.3%) {0.0%}
3     ... 
5     -O                                                                        (1 = 1.3%) {1.3%}
6     ... 
8     -O                                                                        (1 = 1.3%) {2.5%}
10    --O                                                                       (2 = 2.5%) {3.8%}
12    ----O                                                                     (4 = 5.1%) {6.3%}
14    O                                                                         (0 = 0.0%) {11.4%}
17    --O                                                                       (2 = 2.5%) {11.4%}
20    -O                                                                        (1 = 1.3%) {13.9%}
24    ---O                                                                      (3 = 3.8%) {15.2%}
29    --O                                                                       (2 = 2.5%) {19.0%}
34    -O                                                                        (1 = 1.3%) {21.5%}
40    -O                                                                        (1 = 1.3%) {22.8%}
48    O                                                                         (0 = 0.0%) {24.1%}
57    -------O                                                                  (7 = 8.9%) {24.1%}
68    -O                                                                        (1 = 1.3%) {32.9%}
81    ----------------O                                                         (16 = 20.3%) {34.2%}
96    --O                                                                       (2 = 2.5%) {54.4%}
114   -O                                                                        (1 = 1.3%) {57.0%}
135   O                                                                         (0 = 0.0%) {58.2%}
160   -O                                                                        (1 = 1.3%) {58.2%}
190   O                                                                         (0 = 0.0%) {59.5%}
226   -O                                                                        (1 = 1.3%) {59.5%}
268   O                                                                         (0 = 0.0%) {60.8%}
318   ---O                                                                      (3 = 3.8%) {60.8%}
378   ------O                                                                   (6 = 7.6%) {64.6%}
449   ----------O                                                               (10 = 12.7%) {72.2%}
533   ----O                                                                     (4 = 5.1%) {84.8%}
633   ---O                                                                      (3 = 3.8%) {89.9%}
752   O                                                                         (0 = 0.0%) {93.7%}
894   -O                                                                        (1 = 1.3%) {93.7%}
1062  -O                                                                        (1 = 1.3%) {94.9%}
1262  -O                                                                        (1 = 1.3%) {96.2%}
1500  ... 
2990  --O                                                                       (2 = 2.5%) {97.5%}
3553  ... 

Histogram: Net.HttpJob.TotalTime.Secure.Quic recorded 28 samples, mean = 737.8 (flags = 0x41)
0     ... 
356   ---------O                                                                (9 = 32.1%) {0.0%}
452   ----------O                                                               (10 = 35.7%) {32.1%}
574   -----O                                                                    (5 = 17.9%) {67.9%}
729   O                                                                         (0 = 0.0%) {85.7%}
926   -O                                                                        (1 = 3.6%) {85.7%}
1177  -O                                                                        (1 = 3.6%) {89.3%}
1496  ... 
3069  --O                                                                       (2 = 7.1%) {92.9%}
3900  ... 

Histogram: Net.HttpJob.TotalTimeCached recorded 39 samples, mean = 67.3 (flags = 0x41)
0    ... 
2    -O                                                                        (1 = 2.6%) {0.0%}
3    ... 
5    -O                                                                        (1 = 2.6%) {2.6%}
6    ... 
8    -O                                                                        (1 = 2.6%) {5.1%}
10   --O                                                                       (2 = 5.1%) {7.7%}
12   ----O                                                                     (4 = 10.3%) {12.8%}
14   O                                                                         (0 = 0.0%) {23.1%}
17   -O                                                                        (1 = 2.6%) {23.1%}
20   -O                                                                        (1 = 2.6%) {25.6%}
24   ---O                                                                      (3 = 7.7%) {28.2%}
29   ... 
40   -O                                                                        (1 = 2.6%) {35.9%}
48   O                                                                         (0 = 0.0%) {38.5%}
57   ----O                                                                     (4 = 10.3%) {38.5%}
68   O                                                                         (0 = 0.0%) {48.7%}
81   ---------------O                                                          (15 = 38.5%) {48.7%}
96   --O                                                                       (2 = 5.1%) {87.2%}
114  -O                                                                        (1 = 2.6%) {92.3%}
135  O                                                                         (0 = 0.0%) {94.9%}
160  -O                                                                        (1 = 2.6%) {94.9%}
190  ... 
318  -O                                                                        (1 = 2.6%) {97.4%}
378  ... 

Histogram: Net.HttpJob.TotalTimeNotCached recorded 40 samples, mean = 577.0 (flags = 0x41)
0     ... 
17    -O                                                                        (1 = 2.5%) {0.0%}
20    ... 
29    --O                                                                       (2 = 5.0%) {2.5%}
34    -O                                                                        (1 = 2.5%) {7.5%}
40    ... 
57    ---O                                                                      (3 = 7.5%) {10.0%}
68    -O                                                                        (1 = 2.5%) {17.5%}
81    -O                                                                        (1 = 2.5%) {20.0%}
96    ... 
226   -O                                                                        (1 = 2.5%) {22.5%}
268   O                                                                         (0 = 0.0%) {25.0%}
318   --O                                                                       (2 = 5.0%) {25.0%}
378   ------O                                                                   (6 = 15.0%) {30.0%}
449   ----------O                                                               (10 = 25.0%) {45.0%}
533   ----O                                                                     (4 = 10.0%) {70.0%}
633   ---O                                                                      (3 = 7.5%) {80.0%}
752   O                                                                         (0 = 0.0%) {87.5%}
894   -O                                                                        (1 = 2.5%) {87.5%}
1062  -O                                                                        (1 = 2.5%) {90.0%}
1262  -O                                                                        (1 = 2.5%) {92.5%}
1500  ... 
2990  --O                                                                       (2 = 5.0%) {95.0%}
3553  ... 

Histogram: Net.HttpJob.TotalTimeNotCached.Secure.Quic recorded 28 samples, mean = 737.8 (flags = 0x41)
0     ... 
356   ---------O                                                                (9 = 32.1%) {0.0%}
452   ----------O                                                               (10 = 35.7%) {32.1%}
574   -----O                                                                    (5 = 17.9%) {67.9%}
729   O                                                                         (0 = 0.0%) {85.7%}
926   -O                                                                        (1 = 3.6%) {85.7%}
1177  -O                                                                        (1 = 3.6%) {89.3%}
1496  ... 
3069  --O                                                                       (2 = 7.1%) {92.9%}
3900  ... 

Histogram: Net.HttpJob.TotalTimeSuccess recorded 79 samples, mean = 325.4 (flags = 0x41)
0     ... 
2     -O                                                                        (1 = 1.3%) {0.0%}
3     ... 
5     -O                                                                        (1 = 1.3%) {1.3%}
6     ... 
8     -O                                                                        (1 = 1.3%) {2.5%}
10    --O                                                                       (2 = 2.5%) {3.8%}
12    ----O                                                                     (4 = 5.1%) {6.3%}
14    O                                                                         (0 = 0.0%) {11.4%}
17    --O                                                                       (2 = 2.5%) {11.4%}
20    -O                                                                        (1 = 1.3%) {13.9%}
24    ---O                                                                      (3 = 3.8%) {15.2%}
29    --O                                                                       (2 = 2.5%) {19.0%}
34    -O                                                                        (1 = 1.3%) {21.5%}
40    -O                                                                        (1 = 1.3%) {22.8%}
48    O                                                                         (0 = 0.0%) {24.1%}
57    -------O                                                                  (7 = 8.9%) {24.1%}
68    -O                                                                        (1 = 1.3%) {32.9%}
81    ----------------O                                                         (16 = 20.3%) {34.2%}
96    --O                                                                       (2 = 2.5%) {54.4%}
114   -O                                                                        (1 = 1.3%) {57.0%}
135   O                                                                         (0 = 0.0%) {58.2%}
160   -O                                                                        (1 = 1.3%) {58.2%}
190   O                                                                         (0 = 0.0%) {59.5%}
226   -O                                                                        (1 = 1.3%) {59.5%}
268   O                                                                         (0 = 0.0%) {60.8%}
318   ---O                                                                      (3 = 3.8%) {60.8%}
378   ------O                                                                   (6 = 7.6%) {64.6%}
449   ----------O                                                               (10 = 12.7%) {72.2%}
533   ----O                                                                     (4 = 5.1%) {84.8%}
633   ---O                                                                      (3 = 3.8%) {89.9%}
752   O                                                                         (0 = 0.0%) {93.7%}
894   -O                                                                        (1 = 1.3%) {93.7%}
1062  -O                                                                        (1 = 1.3%) {94.9%}
1262  -O                                                                        (1 = 1.3%) {96.2%}
1500  ... 
2990  --O                                                                       (2 = 2.5%) {97.5%}
3553  ... 

Histogram: Net.HttpJob.TotalTimeSuccess.Priority1 recorded 30 samples, mean = 692.6 (flags = 0x41)
0     ... 
57    --O                                                                       (2 = 6.7%) {0.0%}
68    ... 
318   --O                                                                       (2 = 6.7%) {6.7%}
378   ------O                                                                   (6 = 20.0%) {13.3%}
449   ----------O                                                               (10 = 33.3%) {33.3%}
533   ----O                                                                     (4 = 13.3%) {66.7%}
633   --O                                                                       (2 = 6.7%) {80.0%}
752   ... 
1062  -O                                                                        (1 = 3.3%) {86.7%}
1262  -O                                                                        (1 = 3.3%) {90.0%}
1500  ... 
2990  --O                                                                       (2 = 6.7%) {93.3%}
3553  ... 

Histogram: Net.HttpJob.TotalTimeSuccess.Priority2 recorded 29 samples, mean = 122.0 (flags = 0x41)
0    ... 
5    -O                                                                        (1 = 3.4%) {0.0%}
6    ... 
10   --O                                                                       (2 = 6.9%) {3.4%}
12   -O                                                                        (1 = 3.4%) {10.3%}
14   O                                                                         (0 = 0.0%) {13.8%}
17   -O                                                                        (1 = 3.4%) {13.8%}
20   ... 
29   --O                                                                       (2 = 6.9%) {17.2%}
34   ... 
57   ---O                                                                      (3 = 10.3%) {24.1%}
68   O                                                                         (0 = 0.0%) {34.5%}
81   ---------------O                                                          (15 = 51.7%) {34.5%}
96   --O                                                                       (2 = 6.9%) {86.2%}
114  ... 
633  -O                                                                        (1 = 3.4%) {93.1%}
752  O                                                                         (0 = 0.0%) {96.6%}
894  -O                                                                        (1 = 3.4%) {96.6%}
1062 ... 

Histogram: Net.HttpJob.TotalTimeSuccess.Priority3 recorded 1 samples, mean = 166.0 (flags = 0x41)
0    ... 
160  -O                                                                        (1 = 100.0%) {0.0%}
190  ... 

Histogram: Net.HttpJob.TotalTimeSuccess.Priority4 recorded 5 samples, mean = 58.6 (flags = 0x41)
0   ... 
20  -O                                                                        (1 = 20.0%) {0.0%}
24  ... 
34  -O                                                                        (1 = 20.0%) {20.0%}
40  ... 
57  -O                                                                        (1 = 20.0%) {40.0%}
68  -O                                                                        (1 = 20.0%) {60.0%}
81  -O                                                                        (1 = 20.0%) {80.0%}
96  ... 

Histogram: Net.HttpJob.TotalTimeSuccess.Priority5 recorded 14 samples, mean = 66.2 (flags = 0x41)
0    ... 
2    -O                                                                        (1 = 7.1%) {0.0%}
3    ... 
8    -O                                                                        (1 = 7.1%) {7.1%}
10   O                                                                         (0 = 0.0%) {14.3%}
12   ---O                                                                      (3 = 21.4%) {14.3%}
14   O                                                                         (0 = 0.0%) {35.7%}
17   -O                                                                        (1 = 7.1%) {35.7%}
20   O                                                                         (0 = 0.0%) {42.9%}
24   ---O                                                                      (3 = 21.4%) {42.9%}
29   ... 
40   -O                                                                        (1 = 7.1%) {64.3%}
48   O                                                                         (0 = 0.0%) {71.4%}
57   -O                                                                        (1 = 7.1%) {71.4%}
68   ... 
114  -O                                                                        (1 = 7.1%) {78.6%}
135  ... 
226  -O                                                                        (1 = 7.1%) {85.7%}
268  O                                                                         (0 = 0.0%) {92.9%}
318  -O                                                                        (1 = 7.1%) {92.9%}
378  ... 

Histogram: Net.HttpRequestSSLUpgradeDecision recorded 2 samples, mean = 5.0 (flags = 0x41)
0  ... 
5  --O                                                                       (2 = 100.0%) {0.0%}
6  O                                                                         (0 = 0.0%) {100.0%}

Histogram: Net.HttpRequestStsState recorded 2 samples, mean = 2.0 (flags = 0x41)
0  ... 
2  --O                                                                       (2 = 100.0%) {0.0%}
3  ... 

Histogram: Net.HttpResponseCode recorded 240 samples, mean = 225.9 (flags = 0x41)
0    ... 
200  ------------------------------------------------------------------------O (204 = 85.0%) {0.0%}
201  ... 
204  -O                                                                        (2 = 0.8%) {85.0%}
205  ... 
302  -O                                                                        (4 = 1.7%) {85.8%}
303  O                                                                         (0 = 0.0%) {87.5%}
304  -O                                                                        (2 = 0.8%) {87.5%}
305  ... 
308  O                                                                         (1 = 0.4%) {88.3%}
309  ... 
403  ----------O                                                               (27 = 11.2%) {88.8%}
404  ... 

Histogram: Net.HttpTimeToFirstByte recorded 79 samples, mean = 339.4 (flags = 0x41)
0     -----------O                                                              (11 = 13.9%)
10    O                                                                         (0 = 0.0%) {13.9%}
12    -O                                                                        (1 = 1.3%) {13.9%}
15    -O                                                                        (1 = 1.3%) {15.2%}
18    O                                                                         (0 = 0.0%) {16.5%}
22    -----------O                                                              (11 = 13.9%) {16.5%}
27    ---------O                                                                (9 = 11.4%) {30.4%}
33    ---O                                                                      (3 = 3.8%) {41.8%}
41    -O                                                                        (1 = 1.3%) {45.6%}
50    -----O                                                                    (5 = 6.3%) {46.8%}
61    --O                                                                       (2 = 2.5%) {53.2%}
75    -O                                                                        (1 = 1.3%) {55.7%}
92    -O                                                                        (1 = 1.3%) {57.0%}
113   O                                                                         (0 = 0.0%) {58.2%}
139   -O                                                                        (1 = 1.3%) {58.2%}
171   -O                                                                        (1 = 1.3%) {59.5%}
210   ... 
317   -----O                                                                    (5 = 6.3%) {60.8%}
389   ----------O                                                               (10 = 12.7%) {67.1%}
477   -----O                                                                    (5 = 6.3%) {79.7%}
585   ------O                                                                   (6 = 7.6%) {86.1%}
718   -O                                                                        (1 = 1.3%) {93.7%}
881   O                                                                         (0 = 0.0%) {94.9%}
1081  -O                                                                        (1 = 1.3%) {94.9%}
1326  -O                                                                        (1 = 1.3%) {96.2%}
1627  ... 
3005  -O                                                                        (1 = 1.3%) {97.5%}
3687  ... 
5551  -O                                                                        (1 = 1.3%) {98.7%}
6812  ... 

Histogram: Net.NetworkChangeNotifier.NewConnectionCost recorded 2 samples, mean = 1.0 (flags = 0x41)
0  O                                                                         (0 = 0.0%)
1  --O                                                                       (2 = 100.0%) {0.0%}
2  ... 

Histogram: Net.NumQuicSessionsAtShutdown recorded 3 samples, mean = 0.0 (flags = 0x41)
0  ---O                                                                      (3 = 100.0%)
1  ... 

Histogram: Net.OnTransferSizeUpdated.Experimental.OverridenBy recorded 71 samples, mean = 8.3 (flags = 0x41)
0   O                                                                         (0 = 0.0%)
1   -------------------------------------------O                              (43 = 60.6%) {0.0%}
2   ... 
11  ------------O                                                             (12 = 16.9%) {60.6%}
12  --O                                                                       (2 = 2.8%) {77.5%}
13  ... 
26  --O                                                                       (2 = 2.8%) {80.3%}
27  O                                                                         (0 = 0.0%) {83.1%}
28  ------------O                                                             (12 = 16.9%) {83.1%}
29  ... 

Histogram: Net.QuicActiveSessions recorded 33 samples, mean = 0.5 (flags = 0x41)
0  ----------------------------O                                             (28 = 84.8%)
1  -O                                                                        (1 = 3.0%) {84.8%}
2  -O                                                                        (1 = 3.0%) {87.9%}
3  -O                                                                        (1 = 3.0%) {90.9%}
4  -O                                                                        (1 = 3.0%) {93.9%}
5  -O                                                                        (1 = 3.0%) {97.0%}
7  ... 

Histogram: Net.QuicChromiumClientStream.HandleOnCloseConnectionError recorded 37 samples (flags = 0x41)
0  -------------------------------------O                                    (37 = 100.0%)

Histogram: Net.QuicChromiumClientStream.HandleOnCloseNetError recorded 37 samples (flags = 0x41)
100  -------------------------------------O                                    (37 = 100.0%)

Histogram: Net.QuicChromiumClientStream.HandleOnCloseStreamError recorded 37 samples (flags = 0x41)
0  -------------------------------------O                                    (37 = 100.0%)

Histogram: Net.QuicChromiumClientStream.HeaderDecodingDelay recorded 37 samples, mean = 0.0 (flags = 0x41)
0  -------------------------------------O                                    (37 = 100.0%)
1  ... 

Histogram: Net.QuicChromiumClientStream.HeaderDecodingDelayGoogle recorded 28 samples, mean = 0.0 (flags = 0x41)
0  ----------------------------O                                             (28 = 100.0%)
1  ... 

Histogram: Net.QuicConnection.WritePacketStatus recorded 461 samples, mean = 0.0 (flags = 0x41)
0  ------------------------------------------------------------------------O (461 = 100.0%)
1  ... 

Histogram: Net.QuicCryptoClientConfig.PopulatedFromCanonicalConfig recorded 6 samples, mean = 0.0 (flags = 0x41)
0  ------O                                                                   (6 = 100.0%)
1  ... 

Histogram: Net.QuicDroppedPacketReason recorded 23 samples, mean = 6.0 (flags = 0x41)
0  ... 
6  -----------------------O                                                  (23 = 100.0%) {0.0%}
7  O                                                                         (0 = 0.0%) {100.0%}

Histogram: Net.QuicHandshakeNotConfirmedNumPacketsReceived recorded 2 samples, mean = 7.0 (flags = 0x41)
0  ... 
7  --O                                                                       (2 = 100.0%) {0.0%}
9  ... 

Histogram: Net.QuicHandshakeState recorded 101 samples, mean = 1.0 (flags = 0x41)
0  ----------------------------------O                                       (34 = 33.7%)
1  ---------------------------------O                                        (33 = 32.7%) {33.7%}
2  ---------------------------------O                                        (33 = 32.7%) {66.3%}
3  -O                                                                        (1 = 1.0%) {99.0%}
4  O                                                                         (0 = 0.0%) {100.0%}

Histogram: Net.QuicHttpStream.ProcessResponseHeaderSuccess recorded 37 samples, mean = 1.0 (flags = 0x41)
0  O                                                                         (0 = 0.0%)
1  -------------------------------------O                                    (37 = 100.0%) {0.0%}
2  O                                                                         (0 = 0.0%) {100.0%}

Histogram: Net.QuicSession.AbortedPendingStreamRequests recorded 34 samples, mean = 0.0 (flags = 0x41)
0  ----------------------------------O                                       (34 = 100.0%)
1  ... 

Histogram: Net.QuicSession.AcceptChForOrigin recorded 37 samples, mean = 0.1 (flags = 0x41)
0  ----------------------------------O                                       (34 = 91.9%)
1  ---O                                                                      (3 = 8.1%) {91.9%}
2  O                                                                         (0 = 0.0%) {100.0%}

Histogram: Net.QuicSession.AcceptChFrameReceivedViaAlps recorded 30 samples, mean = 1.0 (flags = 0x41)
0  O                                                                         (0 = 0.0%)
1  ------------------------------O                                           (30 = 100.0%) {0.0%}
2  ... 

Histogram: Net.QuicSession.AsyncRead recorded 601 samples, mean = 0.6 (flags = 0x41)
0  ------------------------------------------------O                         (239 = 39.8%)
1  ------------------------------------------------------------------------O (362 = 60.2%) {39.8%}
2  O                                                                         (0 = 0.0%) {100.0%}

Histogram: Net.QuicSession.BlockedFrames.Received recorded 34 samples, mean = 0.0 (flags = 0x41)
0  ----------------------------------O                                       (34 = 100.0%)
1  ... 

Histogram: Net.QuicSession.BlockedFrames.Sent recorded 34 samples, mean = 0.0 (flags = 0x41)
0  ----------------------------------O                                       (34 = 100.0%)
1  ... 

Histogram: Net.QuicSession.CertVerificationResult recorded 43 samples (flags = 0x41)
0  -------------------------------------------O                              (43 = 100.0%)

Histogram: Net.QuicSession.ClientSideMtu recorded 33 samples (flags = 0x41)
1250  ---------------------------------O                                        (33 = 100.0%)

Histogram: Net.QuicSession.CloseAllSessionsError recorded 3 samples (flags = 0x41)
3  ---O                                                                      (3 = 100.0%)

Histogram: Net.QuicSession.ClosedDuringInitializeSession recorded 34 samples, mean = 0.0 (flags = 0x41)
0  ----------------------------------O                                       (34 = 100.0%)
1  ... 

Histogram: Net.QuicSession.CoalesceStreamFrameStatus recorded 308 samples, mean = 0.4 (flags = 0x41)
0  ------------------------------------------------------------------------O (195 = 63.3%)
1  ------------------------------------------O                               (113 = 36.7%) {63.3%}
2  O                                                                         (0 = 0.0%) {100.0%}

Histogram: Net.QuicSession.ConnectRandomPortForHTTPS recorded 33 samples, mean = 0.0 (flags = 0x41)
0  ---------------------------------O                                        (33 = 100.0%)
1  ... 

Histogram: Net.QuicSession.ConnectionClose.HandshakeFailureUnknown.QuicError recorded 1 samples (flags = 0x41)
25  -O                                                                        (1 = 100.0%)

Histogram: Net.QuicSession.ConnectionClose.HandshakeNotConfirmed.Reason recorded 1 samples, mean = 0.0 (flags = 0x41)
0  -O                                                                        (1 = 100.0%)
1  ... 

Histogram: Net.QuicSession.ConnectionClose.NumOpenStreams.HandshakeTimedOut recorded 1 samples, mean = 0.0 (flags = 0x41)
0  -O                                                                        (1 = 100.0%)
1  ... 

Histogram: Net.QuicSession.ConnectionClose.NumOpenStreams.TimedOut recorded 34 samples, mean = 0.0 (flags = 0x41)
0  ----------------------------------O                                       (34 = 100.0%)
1  ... 

Histogram: Net.QuicSession.ConnectionClose.NumTotalStreams.HandshakeTimedOut recorded 1 samples, mean = 0.0 (flags = 0x41)
0  -O                                                                        (1 = 100.0%)
1  ... 

Histogram: Net.QuicSession.ConnectionCloseErrorCodeClient recorded 34 samples (flags = 0x41)
25  ----------------------------------O                                       (34 = 100.0%)

Histogram: Net.QuicSession.ConnectionCloseErrorCodeClient.HandshakeConfirmed recorded 33 samples (flags = 0x41)
25  ---------------------------------O                                        (33 = 100.0%)

Histogram: Net.QuicSession.ConnectionCloseErrorCodeClient.HandshakeNotConfirmed recorded 1 samples (flags = 0x41)
25  -O                                                                        (1 = 100.0%)

Histogram: Net.QuicSession.ConnectionCloseErrorCodeClientGoogle recorded 30 samples (flags = 0x41)
25  ------------------------------O                                           (30 = 100.0%)

Histogram: Net.QuicSession.ConnectionCloseErrorCodeClientGoogle.HandshakeConfirmed recorded 30 samples (flags = 0x41)
25  ------------------------------O                                           (30 = 100.0%)

Histogram: Net.QuicSession.ConnectionDuration recorded 33 samples, mean = 29955.7 (flags = 0x41)
0      ... 
27425  -------------------------------O                                          (31 = 93.9%) {0.0%}
31655  -O                                                                        (1 = 3.0%) {93.9%}
36538  -O                                                                        (1 = 3.0%) {97.0%}
42174  ... 

Histogram: Net.QuicSession.ConnectionFlowControlBlocked recorded 17 samples, mean = 1.0 (flags = 0x41)
0  O                                                                         (0 = 0.0%)
1  -----------------O                                                        (17 = 100.0%) {0.0%}
2  O                                                                         (0 = 0.0%) {100.0%}

Histogram: Net.QuicSession.ConnectionIpPooled recorded 33 samples, mean = 0.0 (flags = 0x41)
0  ---------------------------------O                                        (33 = 100.0%)
1  ... 

Histogram: Net.QuicSession.ConnectionTypeFromSelf recorded 34 samples, mean = 1.0 (flags = 0x41)
0  O                                                                         (0 = 0.0%)
1  ----------------------------------O                                       (34 = 100.0%) {0.0%}
2  O                                                                         (0 = 0.0%) {100.0%}

Histogram: Net.QuicSession.CryptoRetransmitCount.HandshakeConfirmed recorded 33 samples, mean = 0.4 (flags = 0x41)
0  ---------------------------O                                              (27 = 81.8%)
1  ----O                                                                     (4 = 12.1%) {81.8%}
2  ... 
4  --O                                                                       (2 = 6.1%) {93.9%}
5  ... 

Histogram: Net.QuicSession.CryptoRetransmitCount.HandshakeNotConfirmed recorded 1 samples, mean = 1.0 (flags = 0x41)
0  O                                                                         (0 = 0.0%)
1  -O                                                                        (1 = 100.0%) {0.0%}
2  ... 

Histogram: Net.QuicSession.DuplicatePacketsReceived recorded 34 samples, mean = 0.0 (flags = 0x41)
0  ----------------------------------O                                       (34 = 100.0%)
1  ... 

Histogram: Net.QuicSession.EcnMarksObserved recorded 34 samples, mean = 1.0 (flags = 0x41)
0  O                                                                         (0 = 0.0%)
1  ----------------------------------O                                       (34 = 100.0%) {0.0%}
2  ... 

Histogram: Net.QuicSession.EncryptionEstablishedTime recorded 33 samples, mean = 269.5 (flags = 0x41)
0     -------------------------O                                                (25 = 75.8%)
1     ... 
20    -O                                                                        (1 = 3.0%) {75.8%}
24    -O                                                                        (1 = 3.0%) {78.8%}
29    ... 
533   -O                                                                        (1 = 3.0%) {81.8%}
633   --O                                                                       (2 = 6.1%) {84.8%}
752   ... 
1262  -O                                                                        (1 = 3.0%) {90.9%}
1500  ... 
2516  --O                                                                       (2 = 6.1%) {93.9%}
2990  ... 

Histogram: Net.QuicSession.FinchConfigIsValid recorded 3 samples, mean = 1.0 (flags = 0x41)
0  O                                                                         (0 = 0.0%)
1  ---O                                                                      (3 = 100.0%) {0.0%}
2  O                                                                         (0 = 0.0%) {100.0%}

Histogram: Net.QuicSession.FindMatchingIpSessionResult recorded 68 samples, mean = 2.0 (flags = 0x41)
0  ... 
2  --------------------------------------------------------------------O     (68 = 100.0%) {0.0%}
3  O                                                                         (0 = 0.0%) {100.0%}

Histogram: Net.QuicSession.FindMatchingIpSessionResultGoogle recorded 60 samples, mean = 2.0 (flags = 0x41)
0  ... 
2  ------------------------------------------------------------O             (60 = 100.0%) {0.0%}
3  O                                                                         (0 = 0.0%) {100.0%}

Histogram: Net.QuicSession.HandshakeConfirmedTime recorded 33 samples, mean = 325.1 (flags = 0x41)
0     ... 
20    -O                                                                        (1 = 3.0%) {0.0%}
24    -O                                                                        (1 = 3.0%) {3.0%}
29    ... 
48    -------------O                                                            (13 = 39.4%) {6.1%}
57    ---O                                                                      (3 = 9.1%) {45.5%}
68    ... 
96    ---------O                                                                (9 = 27.3%) {54.5%}
114   ... 
533   -O                                                                        (1 = 3.0%) {81.8%}
633   --O                                                                       (2 = 6.1%) {84.8%}
752   ... 
1262  -O                                                                        (1 = 3.0%) {90.9%}
1500  ... 
2516  --O                                                                       (2 = 6.1%) {93.9%}
2990  ... 

Histogram: Net.QuicSession.HeaderCompressionRatioQpackReceived recorded 37 samples, mean = 20.4 (flags = 0x41)
0   O                                                                         (0 = 0.0%)
1   -O                                                                        (1 = 2.7%) {0.0%}
2   ... 
5   ---------------------------O                                              (27 = 73.0%) {2.7%}
6   ... 
62  -O                                                                        (1 = 2.7%) {75.7%}
63  ... 
67  -O                                                                        (1 = 2.7%) {78.4%}
68  O                                                                         (0 = 0.0%) {81.1%}
69  -----O                                                                    (5 = 13.5%) {81.1%}
70  -O                                                                        (1 = 2.7%) {94.6%}
71  ... 
74  -O                                                                        (1 = 2.7%) {97.3%}
75  ... 

Histogram: Net.QuicSession.HeaderCompressionRatioQpackSent recorded 37 samples, mean = 68.2 (flags = 0x41)
0   ... 
4   -O                                                                        (1 = 2.7%) {0.0%}
5   ... 
63  -O                                                                        (1 = 2.7%) {2.7%}
64  ... 
69  --------------------------O                                               (26 = 70.3%) {5.4%}
70  -O                                                                        (1 = 2.7%) {75.7%}
71  O                                                                         (0 = 0.0%) {78.4%}
72  --O                                                                       (2 = 5.4%) {78.4%}
73  O                                                                         (0 = 0.0%) {83.8%}
74  --O                                                                       (2 = 5.4%) {83.8%}
75  --O                                                                       (2 = 5.4%) {89.2%}
76  --O                                                                       (2 = 5.4%) {94.6%}
77  ... 

Histogram: Net.QuicSession.HostResolution.HandshakeConfirmedTime recorded 33 samples, mean = 325.3 (flags = 0x41)
0     ... 
20    -O                                                                        (1 = 3.0%) {0.0%}
24    -O                                                                        (1 = 3.0%) {3.0%}
29    ... 
48    -------------O                                                            (13 = 39.4%) {6.1%}
57    ---O                                                                      (3 = 9.1%) {45.5%}
68    ... 
96    --------O                                                                 (8 = 24.2%) {54.5%}
114   -O                                                                        (1 = 3.0%) {78.8%}
135   ... 
533   -O                                                                        (1 = 3.0%) {81.8%}
633   --O                                                                       (2 = 6.1%) {84.8%}
752   ... 
1262  -O                                                                        (1 = 3.0%) {90.9%}
1500  ... 
2516  --O                                                                       (2 = 6.1%) {93.9%}
2990  ... 

Histogram: Net.QuicSession.IncorrectConnectionIDsReceived recorded 34 samples, mean = 0.0 (flags = 0x41)
0  ----------------------------------O                                       (34 = 100.0%)
1  ... 

Histogram: Net.QuicSession.InitialRttEsitmateSource recorded 34 samples, mean = 0.9 (flags = 0x41)
0  --O                                                                       (2 = 5.9%)
1  --------------------------------O                                         (32 = 94.1%) {5.9%}
2  ... 

Histogram: Net.QuicSession.KeyUpdate.PerConnection2 recorded 33 samples, mean = 0.0 (flags = 0x41)
0  ---------------------------------O                                        (33 = 100.0%)
1  ... 

Histogram: Net.QuicSession.KeyUpdate.PotentialPeerKeyUpdateAttemptCount recorded 33 samples, mean = 0.0 (flags = 0x41)
0  ---------------------------------O                                        (33 = 100.0%)
1  ... 

Histogram: Net.QuicSession.MaxConsecutiveRtoWithForwardProgress recorded 33 samples, mean = 0.2 (flags = 0x41)
0  ---------------------------O                                              (27 = 81.8%)
1  ------O                                                                   (6 = 18.2%) {81.8%}
2  ... 

Histogram: Net.QuicSession.MinRTT recorded 34 samples, mean = 52.0 (flags = 0x41)
0   ... 
12  ---O                                                                      (3 = 8.8%) {0.0%}
14  O                                                                         (0 = 0.0%) {8.8%}
17  -O                                                                        (1 = 2.9%) {8.8%}
20  ... 
34  ---------O                                                                (9 = 26.5%) {11.8%}
40  ---------O                                                                (9 = 26.5%) {38.2%}
48  ... 
68  -O                                                                        (1 = 2.9%) {64.7%}
81  -----------O                                                              (11 = 32.4%) {67.6%}
96  ... 

Histogram: Net.QuicSession.MtuProbesSent recorded 33 samples, mean = 0.0 (flags = 0x41)
0  ---------------------------------O                                        (33 = 100.0%)
1  ... 

Histogram: Net.QuicSession.NumDefaultPathDegrading recorded 34 samples, mean = 0.0 (flags = 0x41)
0  ----------------------------------O                                       (34 = 100.0%)
1  ... 

Histogram: Net.QuicSession.NumMigrations recorded 33 samples, mean = 0.0 (flags = 0x41)
0  ---------------------------------O                                        (33 = 100.0%)
1  ... 

Histogram: Net.QuicSession.NumOpenStreams recorded 37 samples, mean = 1.0 (flags = 0x41)
0  O                                                                         (0 = 0.0%)
1  ------------------------------------O                                     (36 = 97.3%) {0.0%}
2  -O                                                                        (1 = 2.7%) {97.3%}
3  ... 

Histogram: Net.QuicSession.NumPingsSent recorded 33 samples, mean = 0.3 (flags = 0x41)
0  ---------------------------O                                              (27 = 81.8%)
1  ----O                                                                     (4 = 12.1%) {81.8%}
2  O                                                                         (0 = 0.0%) {93.9%}
3  --O                                                                       (2 = 6.1%) {93.9%}
4  ... 

Histogram: Net.QuicSession.NumQueuedPacketsBeforeWrite recorded 568 samples, mean = 0.0 (flags = 0x41)
0  ------------------------------------------------------------------------O (568 = 100.0%)
1  ... 

Histogram: Net.QuicSession.NumTotalStreams recorded 34 samples, mean = 1.1 (flags = 0x41)
0  ----O                                                                     (4 = 11.8%)
1  ----------------------------O                                             (28 = 82.4%) {11.8%}
2  -O                                                                        (1 = 2.9%) {94.1%}
3  ... 
7  -O                                                                        (1 = 2.9%) {97.1%}
9  ... 

Histogram: Net.QuicSession.OutOfOrderGapReceived recorded 5 samples, mean = 4.2 (flags = 0x41)
0  O                                                                         (0 = 0.0%)
1  ---O                                                                      (3 = 60.0%) {0.0%}
2  ... 
9  --O                                                                       (2 = 40.0%) {60.0%}
12 ... 

Histogram: Net.QuicSession.OutOfOrderLargePacketsReceived recorded 34 samples, mean = 0.0 (flags = 0x41)
0  ----------------------------------O                                       (34 = 100.0%)
1  ... 

Histogram: Net.QuicSession.OutOfOrderPacketsReceived recorded 34 samples, mean = 0.1 (flags = 0x41)
0  -----------------------------O                                            (29 = 85.3%)
1  -----O                                                                    (5 = 14.7%) {85.3%}
2  ... 

Histogram: Net.QuicSession.PacketGapReceived recorded 12 samples, mean = 1.8 (flags = 0x41)
0  O                                                                         (0 = 0.0%)
1  --------O                                                                 (8 = 66.7%) {0.0%}
2  --O                                                                       (2 = 16.7%) {66.7%}
3  ... 
5  --O                                                                       (2 = 16.7%) {83.3%}
7  ... 

Histogram: Net.QuicSession.PacketGapReceivedNearPing recorded 11 samples, mean = 2.5 (flags = 0x41)
0  O                                                                         (0 = 0.0%)
1  ----O                                                                     (4 = 36.4%) {0.0%}
2  ---O                                                                      (3 = 27.3%) {36.4%}
3  --O                                                                       (2 = 18.2%) {63.6%}
4  O                                                                         (0 = 0.0%) {81.8%}
5  --O                                                                       (2 = 18.2%) {81.8%}
7  ... 

Histogram: Net.QuicSession.PacketLossRate_CONNECTION_ETHERNET recorded 2 samples, mean = 18.5 (flags = 0x41)
0   ... 
10  -O                                                                        (1 = 50.0%) {0.0%}
11  ... 
26  -O                                                                        (1 = 50.0%) {50.0%}
28  ... 

Histogram: Net.QuicSession.PacketWriteTime.Synchronous recorded 448 samples, mean = 0.0 (flags = 0x41)
0  ------------------------------------------------------------------------O (447 = 99.8%)
1  O                                                                         (0 = 0.0%) {99.8%}
2  O                                                                         (1 = 0.2%) {99.8%}
3  ... 

Histogram: Net.QuicSession.PacketsBeforeEcnTransition recorded 34 samples, mean = 0.0 (flags = 0x41)
0  ----------------------------------O                                       (34 = 100.0%)
1  ... 

Histogram: Net.QuicSession.PreferAesGcm recorded 1 samples, mean = 1.0 (flags = 0x41)
0  O                                                                         (0 = 0.0%)
1  -O                                                                        (1 = 100.0%) {0.0%}
2  O                                                                         (0 = 0.0%) {100.0%}

Histogram: Net.QuicSession.Qpack.HeaderListCountWhenBlockedStreamLimited recorded 9 samples, mean = 3.3 (flags = 0x41)
0  O                                                                         (0 = 0.0%)
1  ---O                                                                      (3 = 33.3%) {0.0%}
2  -O                                                                        (1 = 11.1%) {33.3%}
3  -O                                                                        (1 = 11.1%) {44.4%}
4  -O                                                                        (1 = 11.1%) {55.6%}
5  -O                                                                        (1 = 11.1%) {66.7%}
6  -O                                                                        (1 = 11.1%) {77.8%}
7  -O                                                                        (1 = 11.1%) {88.9%}
8  ... 

Histogram: Net.QuicSession.Qpack.HeaderListCountWhenInsertionNotBlocked recorded 37 samples, mean = 1.6 (flags = 0x41)
0  O                                                                         (0 = 0.0%)
1  ------------------------------O                                           (30 = 81.1%) {0.0%}
2  --O                                                                       (2 = 5.4%) {81.1%}
3  -O                                                                        (1 = 2.7%) {86.5%}
4  -O                                                                        (1 = 2.7%) {89.2%}
5  -O                                                                        (1 = 2.7%) {91.9%}
6  -O                                                                        (1 = 2.7%) {94.6%}
7  -O                                                                        (1 = 2.7%) {97.3%}
8  ... 

Histogram: Net.QuicSession.Qpack.HeaderListCountWhenNotBlockedStreamLimited recorded 28 samples, mean = 1.0 (flags = 0x41)
0  O                                                                         (0 = 0.0%)
1  ---------------------------O                                              (27 = 96.4%) {0.0%}
2  -O                                                                        (1 = 3.6%) {96.4%}
3  ... 

Histogram: Net.QuicSession.QuicVersion recorded 34 samples (flags = 0x41)
80  ----------------------------------O                                       (34 = 100.0%)

Histogram: Net.QuicSession.ReceivedSettings.BlockedStreams recorded 30 samples, mean = 100.0 (flags = 0x41)
0   ... 
95  ------------------------------O                                           (30 = 100.0%) {0.0%}
107 ... 

Histogram: Net.QuicSession.ReceivedSettings.CountPlusOne recorded 33 samples, mean = 6.6 (flags = 0x41)
0  ... 
3  ---O                                                                      (3 = 9.1%) {0.0%}
4  ... 
7  ------------------------------O                                           (30 = 90.9%) {9.1%}
8  ... 

Histogram: Net.QuicSession.ReceivedSettings.MaxHeaderListSize2 recorded 33 samples, mean = 71493.8 (flags = 0x41)
0       ... 
63662   ------------------------------O                                           (30 = 90.9%) {0.0%}
83848   O                                                                         (0 = 0.0%) {90.9%}
110434  ---O                                                                      (3 = 9.1%) {90.9%}
145450  ... 

Histogram: Net.QuicSession.ReceivedSettings.MaxTableCapacity2 recorded 30 samples, mean = 65536.0 (flags = 0x41)
0      ... 
63662  ------------------------------O                                           (30 = 100.0%) {0.0%}
83848  ... 

Histogram: Net.QuicSession.ReceivedSettings.ReservedCountPlusOne recorded 33 samples, mean = 2.0 (flags = 0x41)
0  ... 
2  ---------------------------------O                                        (33 = 100.0%) {0.0%}
3  ... 

Histogram: Net.QuicSession.RstStreamErrorCodeServer recorded 3 samples (flags = 0x41)
20  ---O                                                                      (3 = 100.0%)

Histogram: Net.QuicSession.SendPacketSize.0RTT recorded 27 samples, mean = 78.8 (flags = 0x41)
0   ... 
68  --------O                                                                 (8 = 29.6%) {0.0%}
77  -------------------O                                                      (19 = 70.4%) {29.6%}
87  ... 

Histogram: Net.QuicSession.SendPacketSize.ForwardSecure recorded 268 samples, mean = 278.3 (flags = 0x41)
0     ... 
28    ------------------------------------------O                               (42 = 15.7%) {0.0%}
32    --------------------------------O                                         (32 = 11.9%) {15.7%}
36    ----------------------------O                                             (28 = 10.4%) {27.6%}
41    ---------------------------------------------------------------------O    (69 = 25.7%) {38.1%}
47    -----O                                                                    (5 = 1.9%) {63.8%}
53    O                                                                         (0 = 0.0%) {65.7%}
60    -O                                                                        (1 = 0.4%) {65.7%}
68    --------O                                                                 (8 = 3.0%) {66.0%}
77    ------O                                                                   (6 = 2.2%) {69.0%}
87    ... 
128   -O                                                                        (1 = 0.4%) {71.3%}
145   ... 
276   -------------------------O                                                (25 = 9.3%) {71.6%}
314   ... 
406   -O                                                                        (1 = 0.4%) {81.0%}
461   -O                                                                        (1 = 0.4%) {81.3%}
524   ... 
676   --O                                                                       (2 = 0.7%) {81.7%}
768   --O                                                                       (2 = 0.7%) {82.5%}
872   --O                                                                       (2 = 0.7%) {83.2%}
991   O                                                                         (0 = 0.0%) {84.0%}
1126  -------------------------------------------O                              (43 = 16.0%) {84.0%}
1279  ... 

Histogram: Net.QuicSession.SendPacketSize.Handshake recorded 59 samples, mean = 66.1 (flags = 0x41)
0    ... 
36   ----------------O                                                         (16 = 27.1%) {0.0%}
41   --O                                                                       (2 = 3.4%) {27.1%}
47   -------O                                                                  (7 = 11.9%) {30.5%}
53   ... 
77   --------------------------O                                               (26 = 44.1%) {42.4%}
87   -------O                                                                  (7 = 11.9%) {86.4%}
99   ... 
145  -O                                                                        (1 = 1.7%) {98.3%}
165  ... 

Histogram: Net.QuicSession.SendPacketSize.Initial recorded 107 samples, mean = 787.7 (flags = 0x41)
0     ... 
41    --O                                                                       (2 = 1.9%) {0.0%}
47    ---O                                                                      (3 = 2.8%) {1.9%}
53    -O                                                                        (1 = 0.9%) {4.7%}
60    ... 
99    --------------O                                                           (14 = 13.1%) {5.6%}
113   -----------O                                                              (11 = 10.3%) {18.7%}
128   --O                                                                       (2 = 1.9%) {29.0%}
145   ------O                                                                   (6 = 5.6%) {30.8%}
165   ... 
524   ------O                                                                   (6 = 5.6%) {36.4%}
595   -O                                                                        (1 = 0.9%) {42.1%}
676   ... 
1126  -------------------------------------------------------------O            (61 = 57.0%) {43.0%}
1279  ... 

Histogram: Net.QuicSession.ServerSideMtu recorded 33 samples (flags = 0x41)
1200  ---O                                                                      (3 = 9.1%)
1250  ------------------------------O                                           (30 = 90.9%)

Histogram: Net.QuicSession.SmoothedRTT recorded 34 samples, mean = 57.1 (flags = 0x41)
0   ... 
17  ---O                                                                      (3 = 8.8%) {0.0%}
20  -O                                                                        (1 = 2.9%) {8.8%}
24  ... 
34  -O                                                                        (1 = 2.9%) {11.8%}
40  ----------------O                                                         (16 = 47.1%) {14.7%}
48  -O                                                                        (1 = 2.9%) {61.8%}
57  ... 
81  -----------O                                                              (11 = 32.4%) {64.7%}
96  -O                                                                        (1 = 2.9%) {97.1%}
114 ... 

Histogram: Net.QuicSession.StopSendingErrorCodeClient recorded 3 samples (flags = 0x41)
20  ---O                                                                      (3 = 100.0%)

Histogram: Net.QuicSession.StreamFlowControlBlocked recorded 17 samples, mean = 1.0 (flags = 0x41)
0  O                                                                         (0 = 0.0%)
1  -----------------O                                                        (17 = 100.0%) {0.0%}
2  O                                                                         (0 = 0.0%) {100.0%}

Histogram: Net.QuicSession.StreamFrameDuplicatedShortConnection recorded 30 samples, mean = 0.0 (flags = 0x41)
0  ------------------------------O                                           (30 = 100.0%)
1  ... 

Histogram: Net.QuicSession.TimeFromResolveHostToConfirmConnection recorded 34 samples, mean = 399.2 (flags = 0x41)
0     ------O                                                                   (6 = 17.6%)
1     --O                                                                       (2 = 5.9%) {17.6%}
2     ... 
17    --O                                                                       (2 = 5.9%) {23.5%}
20    ------------O                                                             (12 = 35.3%) {29.4%}
24    -----O                                                                    (5 = 14.7%) {64.7%}
29    ... 
533   -O                                                                        (1 = 2.9%) {79.4%}
633   --O                                                                       (2 = 5.9%) {82.4%}
752   ... 
1262  -O                                                                        (1 = 2.9%) {88.2%}
1500  ... 
2516  --O                                                                       (2 = 5.9%) {91.2%}
2990  O                                                                         (0 = 0.0%) {97.1%}
3553  -O                                                                        (1 = 2.9%) {97.1%}
4222  ... 

Histogram: Net.QuicSession.TooManyOpenStreams recorded 37 samples, mean = 0.0 (flags = 0x41)
0  -------------------------------------O                                    (37 = 100.0%)
1  ... 

Histogram: Net.QuicSession.TooSmallInitialSentPacket recorded 46 samples, mean = 1019.8 (flags = 0x41)
0     ... 
571   ---O                                                                      (3 = 6.5%) {0.0%}
646   ----O                                                                     (4 = 8.7%) {6.5%}
731   ... 
936   ------O                                                                   (6 = 13.0%) {15.2%}
1060  ---------------------------------O                                        (33 = 71.7%) {28.3%}
1200  O                                                                         (0 = 0.0%) {100.0%}

Histogram: Net.QuicSession.UndecryptablePacketsReceived recorded 34 samples, mean = 0.7 (flags = 0x41)
0  -----------------------------O                                            (29 = 85.3%)
1  ... 
3  ---O                                                                      (3 = 8.8%) {85.3%}
4  ... 
7  --O                                                                       (2 = 5.9%) {94.1%}
9  ... 

Histogram: Net.QuicSession.UndecryptablePacketsReceivedWithDecrypter recorded 34 samples, mean = 0.0 (flags = 0x41)
0  ----------------------------------O                                       (34 = 100.0%)
1  ... 

Histogram: Net.QuicSession.ValidConnectionTime recorded 25 samples, mean = 0.1 (flags = 0x41)
0  -----------------------O                                                  (23 = 92.0%)
1  --O                                                                       (2 = 8.0%) {92.0%}
2  ... 

Histogram: Net.QuicSession.VerifyProofTime recorded 43 samples, mean = 328.0 (flags = 0x41)
0     ------------------------------------O                                     (36 = 83.7%)
1     ... 
533   -O                                                                        (1 = 2.3%) {83.7%}
633   --O                                                                       (2 = 4.7%) {86.0%}
752   ... 
1262  -O                                                                        (1 = 2.3%) {90.7%}
1500  ... 
2516  --O                                                                       (2 = 4.7%) {93.0%}
2990  ... 
5017  -O                                                                        (1 = 2.3%) {97.7%}
5961  ... 

Histogram: Net.QuicSession.VerifyProofTime.google recorded 3 samples, mean = 442.3 (flags = 0x41)
0     --O                                                                       (2 = 66.7%)
1     ... 
1262  -O                                                                        (1 = 33.3%) {66.7%}
1500  ... 

Histogram: Net.QuicSession.ZeroRttReason recorded 33 samples, mean = 3.6 (flags = 0x41)
0  ... 
2  ------------------O                                                       (18 = 54.5%) {0.0%}
3  ... 
5  ------O                                                                   (6 = 18.2%) {54.5%}
6  ---------O                                                                (9 = 27.3%) {72.7%}
7  ... 

Histogram: Net.QuicSession.ZeroRttReasonGoogle recorded 30 samples, mean = 3.5 (flags = 0x41)
0  ... 
2  ------------------O                                                       (18 = 60.0%) {0.0%}
3  ... 
5  ---O                                                                      (3 = 10.0%) {60.0%}
6  ---------O                                                                (9 = 30.0%) {70.0%}
7  ... 

Histogram: Net.QuicSession.ZeroRttReasonNonGoogle recorded 3 samples, mean = 5.0 (flags = 0x41)
0  ... 
5  ---O                                                                      (3 = 100.0%) {0.0%}
6  ... 

Histogram: Net.QuicSession.ZeroRttState recorded 33 samples, mean = 0.6 (flags = 0x41)
0  ------------------O                                                       (18 = 54.5%)
1  ---------O                                                                (9 = 27.3%) {54.5%}
2  ------O                                                                   (6 = 18.2%) {81.8%}
3  O                                                                         (0 = 0.0%) {100.0%}

Histogram: Net.QuicStreamFactory.DoConnectFailureLocation recorded 1 samples, mean = 5.0 (flags = 0x41)
0  ... 
5  -O                                                                        (1 = 100.0%) {0.0%}
6  O                                                                         (0 = 0.0%) {100.0%}

Histogram: Net.RestrictedCookieManager.SiteForCookiesOK recorded 2 samples, mean = 1.0 (flags = 0x41)
0  O                                                                         (0 = 0.0%)
1  --O                                                                       (2 = 100.0%) {0.0%}
2  O                                                                         (0 = 0.0%) {100.0%}

Histogram: Net.RestrictedCookieManager.TopFrameOriginOK recorded 2 samples, mean = 1.0 (flags = 0x41)
0  O                                                                         (0 = 0.0%)
1  --O                                                                       (2 = 100.0%) {0.0%}
2  O                                                                         (0 = 0.0%) {100.0%}

Histogram: Net.SSLHandshakeDetails recorded 9 samples, mean = 6.1 (flags = 0x41)
0  ... 
6  --------O                                                                 (8 = 88.9%) {0.0%}
7  -O                                                                        (1 = 11.1%) {88.9%}
8  ... 

Histogram: Net.SSLNegotiatedAlpnProtocol recorded 9 samples, mean = 1.8 (flags = 0x41)
0  -O                                                                        (1 = 11.1%)
1  O                                                                         (0 = 0.0%) {11.1%}
2  --------O                                                                 (8 = 88.9%) {11.1%}
3  ... 

Histogram: Net.SSLRenegotiationInfoSupported recorded 9 samples, mean = 1.0 (flags = 0x41)
0  O                                                                         (0 = 0.0%)
1  ---------O                                                                (9 = 100.0%) {0.0%}
2  O                                                                         (0 = 0.0%) {100.0%}

Histogram: Net.SSLSignatureAlgorithm recorded 9 samples (flags = 0x41)
1027  -----O                                                                    (5 = 55.6%)
2052  ----O                                                                     (4 = 44.4%)

Histogram: Net.SSLVersion recorded 8 samples, mean = 6.0 (flags = 0x41)
0  ... 
6  --------O                                                                 (8 = 100.0%) {0.0%}
7  ... 

Histogram: Net.SSL_CipherSuite recorded 8 samples (flags = 0x41)
4865  -----O                                                                    (5 = 62.5%)
4866  ---O                                                                      (3 = 37.5%)

Histogram: Net.SSL_Connection_Error recorded 8 samples (flags = 0x41)
0  --------O                                                                 (8 = 100.0%)

Histogram: Net.SSL_Connection_Latency_2 recorded 8 samples, mean = 945.9 (flags = 0x41)
0     ... 
34    -O                                                                        (1 = 12.5%) {0.0%}
38    ... 
244   -O                                                                        (1 = 12.5%) {12.5%}
269   ... 
440   --O                                                                       (2 = 25.0%) {25.0%}
485   -O                                                                        (1 = 12.5%) {50.0%}
535   O                                                                         (0 = 0.0%) {62.5%}
590   -O                                                                        (1 = 12.5%) {62.5%}
651   ... 
2337  -O                                                                        (1 = 12.5%) {75.0%}
2579  -O                                                                        (1 = 12.5%) {87.5%}
2846  ... 

Histogram: Net.SSL_KeyExchange.ECDHE recorded 8 samples (flags = 0x41)
29     -------O                                                                  (7 = 87.5%)
25497  -O                                                                        (1 = 12.5%)

Histogram: Net.SharedDictionaryStorageOnDisk.IsMetadataReadyOnFirstUse recorded 1 samples, mean = 1.0 (flags = 0x41)
0  O                                                                         (0 = 0.0%)
1  -O                                                                        (1 = 100.0%) {0.0%}
2  O                                                                         (0 = 0.0%) {100.0%}

Histogram: Net.SharedDictionaryStorageOnDisk.MetadataReadTime.Empty recorded 1 samples, mean = 2.0 (flags = 0x41)
0  ... 
2  -O                                                                        (1 = 100.0%) {0.0%}
3  ... 

Histogram: Net.SharedDictionaryStore.DeleteExpiredDictionaries.Error recorded 2 samples, mean = 0.0 (flags = 0x41)
0  --O                                                                       (2 = 100.0%)
1  ... 

Histogram: Net.SharedDictionaryStore.GetDictionaries.Error recorded 1 samples, mean = 0.0 (flags = 0x41)
0  -O                                                                        (1 = 100.0%)
1  ... 

Histogram: Net.SharedDictionaryStore.ProcessEviction.Error recorded 1 samples, mean = 0.0 (flags = 0x41)
0  -O                                                                        (1 = 100.0%)
1  ... 

Histogram: Net.SpdyHeadersCompressionPercentage recorded 4 samples, mean = 48.5 (flags = 0x41)
0   ... 
34  -O                                                                        (1 = 25.0%) {0.0%}
35  ... 
40  -O                                                                        (1 = 25.0%) {25.0%}
41  -O                                                                        (1 = 25.0%) {50.0%}
42  ... 
79  -O                                                                        (1 = 25.0%) {75.0%}
80  ... 

Histogram: Net.SpdyResponseCode recorded 4 samples (flags = 0x41)
200  -O                                                                        (1 = 25.0%)
204  -O                                                                        (1 = 25.0%)
302  -O                                                                        (1 = 25.0%)
304  -O                                                                        (1 = 25.0%)

Histogram: Net.SpdySession.AcceptChForOrigin recorded 4 samples, mean = 0.0 (flags = 0x41)
0  ----O                                                                     (4 = 100.0%)
1  ... 

Histogram: Net.SpdySession.ClosedOnError recorded 3 samples (flags = 0x41)
0  ---O                                                                      (3 = 100.0%)

Histogram: Net.SpdySession.CreateStreamWithSocketConnected recorded 4 samples, mean = 1.0 (flags = 0x41)
0  O                                                                         (0 = 0.0%)
1  ----O                                                                     (4 = 100.0%) {0.0%}
2  O                                                                         (0 = 0.0%) {100.0%}

Histogram: Net.SpdySession.GoAwayReceived recorded 3 samples (flags = 0x41)
0  ---O                                                                      (3 = 100.0%)

Histogram: Net.SpdySession.OnSettings.ActiveStreamCount2 recorded 3 samples, mean = 1.0 (flags = 0x41)
0  O                                                                         (0 = 0.0%)
1  ---O                                                                      (3 = 100.0%) {0.0%}
2  ... 

Histogram: Net.SpdySession.OnSettings.CreatedAndActiveStreamCount2 recorded 3 samples, mean = 1.0 (flags = 0x41)
0  O                                                                         (0 = 0.0%)
1  ---O                                                                      (3 = 100.0%) {0.0%}
2  ... 

Histogram: Net.SpdySession.OnSettings.CreatedStreamCount2 recorded 3 samples, mean = 0.0 (flags = 0x41)
0  ---O                                                                      (3 = 100.0%)
1  ... 

Histogram: Net.SpdySession.OnSettings.PendingStreamCount2 recorded 3 samples, mean = 0.0 (flags = 0x41)
0  ---O                                                                      (3 = 100.0%)
1  ... 

Histogram: Net.SpdySession.ServerSupportsWebSocket recorded 3 samples, mean = 0.0 (flags = 0x41)
0  ---O                                                                      (3 = 100.0%)
1  ... 

Histogram: Net.SpdySessionGet recorded 4 samples, mean = 2.5 (flags = 0x41)
0  O                                                                         (0 = 0.0%)
1  -O                                                                        (1 = 25.0%) {0.0%}
2  O                                                                         (0 = 0.0%) {25.0%}
3  ---O                                                                      (3 = 75.0%) {25.0%}
4  O                                                                         (0 = 0.0%) {100.0%}

Histogram: Net.SpdyStreamsAbandonedPerSession recorded 3 samples, mean = 0.0 (flags = 0x41)
0  ---O                                                                      (3 = 100.0%)
1  ... 

Histogram: Net.SpdyStreamsPerSession recorded 3 samples, mean = 1.3 (flags = 0x41)
0  O                                                                         (0 = 0.0%)
1  --O                                                                       (2 = 66.7%) {0.0%}
2  -O                                                                        (1 = 33.3%) {66.7%}
3  ... 

Histogram: Net.TCP_Connection_Latency recorded 9 samples, mean = 42.8 (flags = 0x41)
0   O                                                                         (0 = 0.0%)
1   -O                                                                        (1 = 11.1%) {0.0%}
2   ... 
10  -O                                                                        (1 = 11.1%) {11.1%}
11  ... 
20  -O                                                                        (1 = 11.1%) {22.2%}
23  -O                                                                        (1 = 11.1%) {33.3%}
26  -O                                                                        (1 = 11.1%) {44.4%}
29  ... 
37  -O                                                                        (1 = 11.1%) {55.6%}
42  ... 
78  --O                                                                       (2 = 22.2%) {66.7%}
88  -O                                                                        (1 = 11.1%) {88.9%}
100 ... 

Histogram: Net.TcpConnectAttempt.Latency.Error recorded 4 samples, mean = 2222.0 (flags = 0x41)
0     ... 
1996  ----O                                                                     (4 = 100.0%) {0.0%}
2449  ... 

Histogram: Net.TcpConnectAttempt.Latency.Success recorded 10 samples, mean = 38.6 (flags = 0x41)
0   --O                                                                       (2 = 20.0%)
10  -O                                                                        (1 = 10.0%) {20.0%}
12  ... 
18  -O                                                                        (1 = 10.0%) {30.0%}
22  -O                                                                        (1 = 10.0%) {40.0%}
27  -O                                                                        (1 = 10.0%) {50.0%}
33  -O                                                                        (1 = 10.0%) {60.0%}
41  ... 
75  --O                                                                       (2 = 20.0%) {70.0%}
92  -O                                                                        (1 = 10.0%) {90.0%}
113 ... 

Histogram: Net.UDPSocketWinClose recorded 164 samples, mean = 0.0 (flags = 0x41)
0  ------------------------------------------------------------------------O (164 = 100.0%)
1  ... 

Histogram: Net.URLLoaderThrottle.OnReceiveResponseTime recorded 47 samples, mean = 0.5 (flags = 0x41)
0   -------------------------------------------O                              (43 = 91.5%)
1   --O                                                                       (2 = 4.3%) {91.5%}
2   ... 
4   -O                                                                        (1 = 2.1%) {95.7%}
5   ... 
14  -O                                                                        (1 = 2.1%) {97.9%}
17  ... 

Histogram: Net.URLLoaderThrottleExecutionTime.BeforeWillProcessResponse recorded 238 samples, mean = 0.0 (flags = 0x41)
0  ------------------------------------------------------------------------O (238 = 100.0%)
1  ... 

Histogram: Net.URLLoaderThrottleExecutionTime.WillProcessResponse recorded 238 samples, mean = 0.0 (flags = 0x41)
0  ------------------------------------------------------------------------O (238 = 100.0%)
1  ... 

Histogram: Net.URLLoaderThrottleExecutionTime.WillRedirectRequest recorded 21 samples, mean = 0.0 (flags = 0x41)
0  ---------------------O                                                    (21 = 100.0%)
1  ... 

Histogram: Net.URLLoaderThrottleExecutionTime.WillStartRequest recorded 238 samples, mean = 0.0 (flags = 0x41)
0  ------------------------------------------------------------------------O (237 = 99.6%)
1  O                                                                         (1 = 0.4%) {99.6%}
2  ... 

Histogram: Net.URLRequest.ReferrerHasInformativePath.CrossOrigin recorded 71 samples, mean = 0.0 (flags = 0x41)
0  -----------------------------------------------------------------------O  (71 = 100.0%)
1  ... 

Histogram: Net.URLRequest.ReferrerHasInformativePath.SameOrigin recorded 8 samples, mean = 1.0 (flags = 0x41)
0  O                                                                         (0 = 0.0%)
1  --------O                                                                 (8 = 100.0%) {0.0%}
2  O                                                                         (0 = 0.0%) {100.0%}

Histogram: Net.URLRequest.ReferrerPolicyForRequest.CrossOrigin recorded 71 samples, mean = 1.8 (flags = 0x41)
0  O                                                                         (0 = 0.0%)
1  ------------------------------------------O                               (42 = 59.2%) {0.0%}
2  O                                                                         (0 = 0.0%) {59.2%}
3  -----------------------------O                                            (29 = 40.8%) {59.2%}
4  ... 

Histogram: Net.URLRequest.ReferrerPolicyForRequest.SameOrigin recorded 8 samples, mean = 1.0 (flags = 0x41)
0  O                                                                         (0 = 0.0%)
1  --------O                                                                 (8 = 100.0%) {0.0%}
2  ... 

Histogram: Network.Mdns.Googlecast recorded 43 samples, mean = 0.9 (flags = 0x41)
0  ---O                                                                      (3 = 7.0%)
1  ----------------------------------------O                                 (40 = 93.0%) {7.0%}
2  O                                                                         (0 = 0.0%) {100.0%}

Histogram: NetworkService.DeletedOldCacheData recorded 1 samples, mean = 0.0 (flags = 0x41)
0  -O                                                                        (1 = 100.0%)
1  ... 

Histogram: NetworkService.GrantSandboxResult recorded 3 samples, mean = 9.0 (flags = 0x41)
0   ... 
7   -O                                                                        (1 = 33.3%) {0.0%}
8   ... 
10  --O                                                                       (2 = 66.7%) {33.3%}
11  ... 

Histogram: NetworkService.NetworkLoaderCompletionTime2.DiskCache recorded 38 samples, mean = 83.7 (flags = 0x41)
0    ... 
5    -O                                                                        (1 = 2.6%) {0.0%}
6    ... 
8    -O                                                                        (1 = 2.6%) {2.6%}
10   -O                                                                        (1 = 2.6%) {5.3%}
12   -O                                                                        (1 = 2.6%) {7.9%}
14   -O                                                                        (1 = 2.6%) {10.5%}
17   -O                                                                        (1 = 2.6%) {13.2%}
20   -O                                                                        (1 = 2.6%) {15.8%}
24   ---O                                                                      (3 = 7.9%) {18.4%}
29   ---O                                                                      (3 = 7.9%) {26.3%}
34   O                                                                         (0 = 0.0%) {34.2%}
40   -O                                                                        (1 = 2.6%) {34.2%}
48   ... 
68   ---O                                                                      (3 = 7.9%) {36.8%}
81   -O                                                                        (1 = 2.6%) {44.7%}
96   ------O                                                                   (6 = 15.8%) {47.4%}
114  ------------O                                                             (12 = 31.6%) {63.2%}
135  O                                                                         (0 = 0.0%) {94.7%}
160  -O                                                                        (1 = 2.6%) {94.7%}
190  ... 
318  -O                                                                        (1 = 2.6%) {97.4%}
378  ... 

Histogram: NetworkService.NetworkLoaderCompletionTime2.Network recorded 38 samples, mean = 652.0 (flags = 0x41)
0     ... 
17    -O                                                                        (1 = 2.6%) {0.0%}
20    ... 
29    -O                                                                        (1 = 2.6%) {2.6%}
34    -O                                                                        (1 = 2.6%) {5.3%}
40    ... 
57    ---O                                                                      (3 = 7.9%) {7.9%}
68    -O                                                                        (1 = 2.6%) {15.8%}
81    -O                                                                        (1 = 2.6%) {18.4%}
96    ... 
226   -O                                                                        (1 = 2.6%) {21.1%}
268   O                                                                         (0 = 0.0%) {23.7%}
318   --O                                                                       (2 = 5.3%) {23.7%}
378   ----O                                                                     (4 = 10.5%) {28.9%}
449   ------------O                                                             (12 = 31.6%) {39.5%}
533   ---O                                                                      (3 = 7.9%) {71.1%}
633   ----O                                                                     (4 = 10.5%) {78.9%}
752   ... 
1062  -O                                                                        (1 = 2.6%) {89.5%}
1262  -O                                                                        (1 = 2.6%) {92.1%}
1500  ... 
2990  -O                                                                        (1 = 2.6%) {94.7%}
3553  ... 
5017  -O                                                                        (1 = 2.6%) {97.4%}
5961  ... 

Histogram: NetworkService.TimeToGrantCacheAccess recorded 1 samples, mean = 77.0 (flags = 0x41)
0   ... 
68  -O                                                                        (1 = 100.0%) {0.0%}
81  ... 

Histogram: NetworkService.TimeToGrantDataAccess recorded 2 samples, mean = 2.0 (flags = 0x41)
0  O                                                                         (0 = 0.0%)
1  -O                                                                        (1 = 50.0%) {0.0%}
2  O                                                                         (0 = 0.0%) {50.0%}
3  -O                                                                        (1 = 50.0%) {50.0%}
4  ... 

Histogram: NetworkService.TimeToGrantSharedDictionaryAccess recorded 1 samples, mean = 1.0 (flags = 0x41)
0  O                                                                         (0 = 0.0%)
1  -O                                                                        (1 = 100.0%) {0.0%}
2  ... 

Histogram: NetworkedProfile.Check recorded 1 samples, mean = 4.0 (flags = 0x41)
0  ... 
4  -O                                                                        (1 = 100.0%) {0.0%}
5  ... 

Histogram: NewTabPage.MostVisited.DeciScore.0.Local recorded 1 samples, mean = 341.0 (flags = 0x41)
0    ... 
340  -O                                                                        (1 = 100.0%) {0.0%}
448  ... 

Histogram: NewTabPage.MostVisited.DeciScore.1.Local recorded 1 samples, mean = 341.0 (flags = 0x41)
0    ... 
340  -O                                                                        (1 = 100.0%) {0.0%}
448  ... 

Histogram: Notifications.UsingSystemNotificationCenter recorded 1 samples, mean = 0.0 (flags = 0x41)
0  -O                                                                        (1 = 100.0%)
1  ... 

Histogram: Notifications.Windows.GetDisplayedStatus recorded 1 samples, mean = 0.0 (flags = 0x41)
0  -O                                                                        (1 = 100.0%)
1  ... 

Histogram: Notifications.Windows.GetSettingStatusStartup recorded 1 samples, mean = 1.0 (flags = 0x41)
0  O                                                                         (0 = 0.0%)
1  -O                                                                        (1 = 100.0%) {0.0%}
2  O                                                                         (0 = 0.0%) {100.0%}

Histogram: Notifications.Windows.HistoryStatus recorded 1 samples, mean = 0.0 (flags = 0x41)
0  -O                                                                        (1 = 100.0%)
1  ... 

Histogram: Notifications.Windows.SetReadyCallbackStatus2 recorded 1 samples, mean = 3.0 (flags = 0x41)
0  ... 
3  -O                                                                        (1 = 100.0%) {0.0%}
4  ... 

Histogram: Notifications.Windows.StartMenuShortcutStatus recorded 1 samples, mean = 2.0 (flags = 0x41)
0  ... 
2  -O                                                                        (1 = 100.0%) {0.0%}
3  ... 

Histogram: OSCrypt.AppBoundEncryption.SupportLevel recorded 1 samples, mean = 4.0 (flags = 0x41)
0  ... 
4  -O                                                                        (1 = 100.0%) {0.0%}
5  ... 

Histogram: OSCrypt.AppBoundProvider.KeyRetrieval.Status recorded 1 samples, mean = 1.0 (flags = 0x41)
0  O                                                                         (0 = 0.0%)
1  -O                                                                        (1 = 100.0%) {0.0%}
2  ... 

Histogram: OSCrypt.AsyncInitialization.Result recorded 1 samples, mean = 1.0 (flags = 0x41)
0  O                                                                         (0 = 0.0%)
1  -O                                                                        (1 = 100.0%) {0.0%}
2  O                                                                         (0 = 0.0%) {100.0%}

Histogram: OSCrypt.AsyncInitialization.Time recorded 1 samples, mean = 1.0 (flags = 0x41)
0  O                                                                         (0 = 0.0%)
1  -O                                                                        (1 = 100.0%) {0.0%}
2  ... 

Histogram: OSCrypt.DPAPIProvider.Status recorded 1 samples, mean = 0.0 (flags = 0x41)
0  -O                                                                        (1 = 100.0%)
1  ... 

Histogram: OSCrypt.Win.Decrypt.Result recorded 1 samples, mean = 1.0 (flags = 0x41)
0  O                                                                         (0 = 0.0%)
1  -O                                                                        (1 = 100.0%) {0.0%}
2  O                                                                         (0 = 0.0%) {100.0%}

Histogram: OSCrypt.Win.Decrypt.Time recorded 1 samples, mean = 0.0 (flags = 0x41)
0  -O                                                                        (1 = 100.0%)
1  ... 

Histogram: Omnibox.TemplateUrl.RlzPresent recorded 83 samples, mean = 0.0 (flags = 0x41)
0  ------------------------------------------------------------------------O (83 = 100.0%)
1  ... 

Histogram: Omnibox.TemplateUrl.SearchClientPresent recorded 83 samples, mean = 0.0 (flags = 0x41)
0  ------------------------------------------------------------------------O (83 = 100.0%)
1  ... 

Histogram: OptimizationGuide.ApplyDecision.AboutThisSite recorded 1 samples, mean = 8.0 (flags = 0x41)
0  ... 
8  -O                                                                        (1 = 100.0%) {0.0%}
9  ... 

Histogram: OptimizationGuide.ApplyDecision.HistoryClusters recorded 4 samples, mean = 8.0 (flags = 0x41)
0  ... 
8  ----O                                                                     (4 = 100.0%) {0.0%}
9  ... 

Histogram: OptimizationGuide.ApplyDecision.PageEntities recorded 4 samples, mean = 8.0 (flags = 0x41)
0  ... 
8  ----O                                                                     (4 = 100.0%) {0.0%}
9  ... 

Histogram: OptimizationGuide.ApplyDecision.PriceInsights recorded 2 samples, mean = 10.0 (flags = 0x41)
0   ... 
8   -O                                                                        (1 = 50.0%) {0.0%}
9   ... 
12  -O                                                                        (1 = 50.0%) {50.0%}
13  O                                                                         (0 = 0.0%) {100.0%}

Histogram: OptimizationGuide.ApplyDecision.PriceTracking recorded 2 samples, mean = 10.0 (flags = 0x41)
0   ... 
8   -O                                                                        (1 = 50.0%) {0.0%}
9   ... 
12  -O                                                                        (1 = 50.0%) {50.0%}
13  O                                                                         (0 = 0.0%) {100.0%}

Histogram: OptimizationGuide.ApplyDecision.SalientImage recorded 4 samples, mean = 8.0 (flags = 0x41)
0  ... 
8  ----O                                                                     (4 = 100.0%) {0.0%}
9  ... 

Histogram: OptimizationGuide.ApplyDecision.V8CompileHints recorded 1 samples, mean = 8.0 (flags = 0x41)
0  ... 
8  -O                                                                        (1 = 100.0%) {0.0%}
9  ... 

Histogram: OptimizationGuide.HintCacheLevelDBStore.LoadMetadataResult recorded 1 samples, mean = 6.0 (flags = 0x41)
0  ... 
6  -O                                                                        (1 = 100.0%) {0.0%}
7  O                                                                         (0 = 0.0%) {100.0%}

Histogram: OptimizationGuide.HintCacheLevelDBStore.Status recorded 3 samples, mean = 1.0 (flags = 0x41)
0  -O                                                                        (1 = 33.3%)
1  -O                                                                        (1 = 33.3%) {33.3%}
2  -O                                                                        (1 = 33.3%) {66.7%}
3  ... 

Histogram: OptimizationGuide.HintsManager.HintCacheInitialized recorded 1 samples, mean = 1.0 (flags = 0x40)
0  O                                                                         (0 = 0.0%)
1  -O                                                                        (1 = 100.0%) {0.0%}
2  O                                                                         (0 = 0.0%) {100.0%}

Histogram: OptimizationGuide.LoadedHint.Result recorded 4 samples, mean = 0.0 (flags = 0x40)
0  ----O                                                                     (4 = 100.0%)
1  ... 

Histogram: OptimizationGuide.ModelExecution.FeatureCurrentlyEnabledResult.Compose recorded 1 samples, mean = 1.0 (flags = 0x41)
0  O                                                                         (0 = 0.0%)
1  -O                                                                        (1 = 100.0%) {0.0%}
2  ... 

Histogram: OptimizationGuide.ModelExecution.FeatureCurrentlyEnabledResult.HistorySearch recorded 2 samples, mean = 3.0 (flags = 0x41)
0  ... 
3  --O                                                                       (2 = 100.0%) {0.0%}
4  ... 

Histogram: OptimizationGuide.ModelExecution.FeatureCurrentlyEnabledResult.TabOrganization recorded 1 samples, mean = 3.0 (flags = 0x41)
0  ... 
3  -O                                                                        (1 = 100.0%) {0.0%}
4  ... 

Histogram: OptimizationGuide.ModelExecution.FeatureCurrentlyEnabledResult.WallpaperSearch recorded 1 samples, mean = 1.0 (flags = 0x41)
0  O                                                                         (0 = 0.0%)
1  -O                                                                        (1 = 100.0%) {0.0%}
2  ... 

Histogram: OptimizationGuide.ModelExecution.FeatureEnabledAtStartup.Compose recorded 1 samples, mean = 0.0 (flags = 0x41)
0  -O                                                                        (1 = 100.0%)
1  ... 

Histogram: OptimizationGuide.ModelExecution.FeatureEnabledAtStartup.HistorySearch recorded 1 samples, mean = 0.0 (flags = 0x41)
0  -O                                                                        (1 = 100.0%)
1  ... 

Histogram: OptimizationGuide.ModelExecution.FeatureEnabledAtStartup.TabOrganization recorded 1 samples, mean = 0.0 (flags = 0x41)
0  -O                                                                        (1 = 100.0%)
1  ... 

Histogram: OptimizationGuide.ModelExecution.FeatureEnabledAtStartup.WallpaperSearch recorded 1 samples, mean = 0.0 (flags = 0x41)
0  -O                                                                        (1 = 100.0%)
1  ... 

Histogram: OptimizationGuide.ModelExecution.OnDeviceModelInstallCriteria.AtRegistration.All recorded 1 samples, mean = 0.0 (flags = 0x41)
0  -O                                                                        (1 = 100.0%)
1  ... 

Histogram: OptimizationGuide.ModelExecution.OnDeviceModelInstallCriteria.AtRegistration.DeviceCapability recorded 1 samples, mean = 0.0 (flags = 0x41)
0  -O                                                                        (1 = 100.0%)
1  ... 

Histogram: OptimizationGuide.ModelExecution.OnDeviceModelInstallCriteria.AtRegistration.DiskSpace recorded 1 samples, mean = 1.0 (flags = 0x41)
0  O                                                                         (0 = 0.0%)
1  -O                                                                        (1 = 100.0%) {0.0%}
2  O                                                                         (0 = 0.0%) {100.0%}

Histogram: OptimizationGuide.ModelExecution.OnDeviceModelInstallCriteria.AtRegistration.EnabledByEnterprisePolicy recorded 1 samples, mean = 1.0 (flags = 0x41)
0  O                                                                         (0 = 0.0%)
1  -O                                                                        (1 = 100.0%) {0.0%}
2  O                                                                         (0 = 0.0%) {100.0%}

Histogram: OptimizationGuide.ModelExecution.OnDeviceModelInstallCriteria.AtRegistration.EnabledByFeature recorded 1 samples, mean = 0.0 (flags = 0x41)
0  -O                                                                        (1 = 100.0%)
1  ... 

Histogram: OptimizationGuide.ModelExecution.OnDeviceModelInstallCriteria.AtRegistration.FeatureUse recorded 1 samples, mean = 0.0 (flags = 0x41)
0  -O                                                                        (1 = 100.0%)
1  ... 

Histogram: OptimizationGuide.ModelExecutor.ExecutionStatus.PageVisibility recorded 4 samples, mean = 3.0 (flags = 0x41)
0  ... 
3  ----O                                                                     (4 = 100.0%) {0.0%}
4  ... 

Histogram: OptimizationGuide.ModelExecutor.ModelAvailableToLoad.PageVisibility recorded 4 samples, mean = 0.0 (flags = 0x41)
0  ----O                                                                     (4 = 100.0%)
1  ... 

Histogram: OptimizationGuide.ModelExecutor.TaskExecutionLatency.PageVisibility recorded 4 samples, mean = 248.2 (flags = 0x41)
0    -O                                                                        (1 = 25.0%)
1    ... 
280  ---O                                                                      (3 = 75.0%) {25.0%}
356  ... 

Histogram: OptimizationGuide.ModelExecutor.TaskSchedulingLatency.PageVisibility recorded 4 samples, mean = 0.0 (flags = 0x41)
0  ----O                                                                     (4 = 100.0%)
1  ... 

Histogram: OptimizationGuide.ModelHandler.HandlerCreated.GeolocationPermissions recorded 1 samples, mean = 1.0 (flags = 0x41)
0  O                                                                         (0 = 0.0%)
1  -O                                                                        (1 = 100.0%) {0.0%}
2  O                                                                         (0 = 0.0%) {100.0%}

Histogram: OptimizationGuide.ModelHandler.HandlerCreated.NewTabPageHistoryClustersModuleRanking recorded 1 samples, mean = 1.0 (flags = 0x41)
0  O                                                                         (0 = 0.0%)
1  -O                                                                        (1 = 100.0%) {0.0%}
2  O                                                                         (0 = 0.0%) {100.0%}

Histogram: OptimizationGuide.ModelHandler.HandlerCreated.NotificationPermissions recorded 1 samples, mean = 1.0 (flags = 0x41)
0  O                                                                         (0 = 0.0%)
1  -O                                                                        (1 = 100.0%) {0.0%}
2  O                                                                         (0 = 0.0%) {100.0%}

Histogram: OptimizationGuide.ModelHandler.HandlerCreated.OmniboxUrlScoring recorded 1 samples, mean = 1.0 (flags = 0x41)
0  O                                                                         (0 = 0.0%)
1  -O                                                                        (1 = 100.0%) {0.0%}
2  O                                                                         (0 = 0.0%) {100.0%}

Histogram: OptimizationGuide.ModelHandler.HandlerCreated.PageTopicsV2 recorded 1 samples, mean = 1.0 (flags = 0x41)
0  O                                                                         (0 = 0.0%)
1  -O                                                                        (1 = 100.0%) {0.0%}
2  O                                                                         (0 = 0.0%) {100.0%}

Histogram: OptimizationGuide.ModelHandler.HandlerCreated.PageVisibility recorded 1 samples, mean = 1.0 (flags = 0x41)
0  O                                                                         (0 = 0.0%)
1  -O                                                                        (1 = 100.0%) {0.0%}
2  O                                                                         (0 = 0.0%) {100.0%}

Histogram: OptimizationGuide.ModelHandler.HandlerCreated.SegmentationChromeLowUserEngagement recorded 1 samples, mean = 1.0 (flags = 0x41)
0  O                                                                         (0 = 0.0%)
1  -O                                                                        (1 = 100.0%) {0.0%}
2  O                                                                         (0 = 0.0%) {100.0%}

Histogram: OptimizationGuide.ModelHandler.HandlerCreated.SegmentationComposePromotion recorded 1 samples, mean = 1.0 (flags = 0x41)
0  O                                                                         (0 = 0.0%)
1  -O                                                                        (1 = 100.0%) {0.0%}
2  O                                                                         (0 = 0.0%) {100.0%}

Histogram: OptimizationGuide.ModelHandler.HandlerCreated.SegmentationDeviceSwitcher recorded 1 samples, mean = 1.0 (flags = 0x41)
0  O                                                                         (0 = 0.0%)
1  -O                                                                        (1 = 100.0%) {0.0%}
2  O                                                                         (0 = 0.0%) {100.0%}

Histogram: OptimizationGuide.ModelHandler.HandlerCreated.SegmentationSearchUser recorded 1 samples, mean = 1.0 (flags = 0x41)
0  O                                                                         (0 = 0.0%)
1  -O                                                                        (1 = 100.0%) {0.0%}
2  O                                                                         (0 = 0.0%) {100.0%}

Histogram: OptimizationGuide.ModelHandler.HandlerCreated.SegmentationShoppingUser recorded 1 samples, mean = 1.0 (flags = 0x41)
0  O                                                                         (0 = 0.0%)
1  -O                                                                        (1 = 100.0%) {0.0%}
2  O                                                                         (0 = 0.0%) {100.0%}

Histogram: OptimizationGuide.ModelHandler.HandlerCreated.URLVisitResumptionRanker recorded 1 samples, mean = 1.0 (flags = 0x41)
0  O                                                                         (0 = 0.0%)
1  -O                                                                        (1 = 100.0%) {0.0%}
2  O                                                                         (0 = 0.0%) {100.0%}

Histogram: OptimizationGuide.ModelHandler.HandlerCreated.WebAppInstallationPromo recorded 1 samples, mean = 1.0 (flags = 0x41)
0  O                                                                         (0 = 0.0%)
1  -O                                                                        (1 = 100.0%) {0.0%}
2  O                                                                         (0 = 0.0%) {100.0%}

Histogram: OptimizationGuide.PageContentAnnotations.AnnotateVisitResultCached recorded 4 samples, mean = 0.0 (flags = 0x41)
0  ----O                                                                     (4 = 100.0%)
1  ... 

Histogram: OptimizationGuide.PageContentAnnotations.BatchRequestedSize.ContentVisibility recorded 1 samples, mean = 4.0 (flags = 0x41)
0  ... 
4  -O                                                                        (1 = 100.0%) {0.0%}
5  ... 

Histogram: OptimizationGuide.PageContentAnnotations.BatchSuccess.ContentVisibility recorded 1 samples, mean = 0.0 (flags = 0x41)
0  -O                                                                        (1 = 100.0%)
1  ... 

Histogram: OptimizationGuide.PageContentAnnotations.JobExecutionTime.ContentVisibility recorded 1 samples, mean = 331.0 (flags = 0x41)
0    ... 
280  -O                                                                        (1 = 100.0%) {0.0%}
356  ... 

Histogram: OptimizationGuide.PageContentAnnotations.JobScheduleTime.ContentVisibility recorded 1 samples, mean = 0.0 (flags = 0x41)
0  -O                                                                        (1 = 100.0%)
1  ... 

Histogram: OptimizationGuide.PageContentAnnotationsService.ContentAnnotated recorded 4 samples, mean = 0.0 (flags = 0x41)
0  ----O                                                                     (4 = 100.0%)
1  ... 

Histogram: OptimizationGuide.PredictionManager.DownloadServiceAvailabilityBlockedFetch recorded 27 samples, mean = 0.0 (flags = 0x41)
0  ---------------------------O                                              (27 = 100.0%)
1  ... 

Histogram: OptimizationGuide.PredictionManager.FirstModelFetchSinceServiceInit recorded 1 samples, mean = 11418.0 (flags = 0x41)
0      ... 
10165  -O                                                                        (1 = 100.0%) {0.0%}
12916  ... 

Histogram: OptimizationGuide.PredictionManager.ModelAvailableAtRegistration.ClientSidePhishing recorded 1 samples, mean = 0.0 (flags = 0x41)
0  -O                                                                        (1 = 100.0%)
1  ... 

Histogram: OptimizationGuide.PredictionManager.ModelAvailableAtRegistration.GeolocationPermissions recorded 1 samples, mean = 0.0 (flags = 0x41)
0  -O                                                                        (1 = 100.0%)
1  ... 

Histogram: OptimizationGuide.PredictionManager.ModelAvailableAtRegistration.LanguageDetection recorded 2 samples, mean = 0.0 (flags = 0x41)
0  --O                                                                       (2 = 100.0%)
1  ... 

Histogram: OptimizationGuide.PredictionManager.ModelAvailableAtRegistration.NewTabPageHistoryClustersModuleRanking recorded 1 samples, mean = 0.0 (flags = 0x41)
0  -O                                                                        (1 = 100.0%)
1  ... 

Histogram: OptimizationGuide.PredictionManager.ModelAvailableAtRegistration.NotificationPermissions recorded 1 samples, mean = 0.0 (flags = 0x41)
0  -O                                                                        (1 = 100.0%)
1  ... 

Histogram: OptimizationGuide.PredictionManager.ModelAvailableAtRegistration.OmniboxUrlScoring recorded 1 samples, mean = 0.0 (flags = 0x41)
0  -O                                                                        (1 = 100.0%)
1  ... 

Histogram: OptimizationGuide.PredictionManager.ModelAvailableAtRegistration.PageTopicsV2 recorded 1 samples, mean = 0.0 (flags = 0x41)
0  -O                                                                        (1 = 100.0%)
1  ... 

Histogram: OptimizationGuide.PredictionManager.ModelAvailableAtRegistration.PageVisibility recorded 1 samples, mean = 0.0 (flags = 0x41)
0  -O                                                                        (1 = 100.0%)
1  ... 

Histogram: OptimizationGuide.PredictionManager.ModelAvailableAtRegistration.SegmentationChromeLowUserEngagement recorded 1 samples, mean = 0.0 (flags = 0x41)
0  -O                                                                        (1 = 100.0%)
1  ... 

Histogram: OptimizationGuide.PredictionManager.ModelAvailableAtRegistration.SegmentationComposePromotion recorded 1 samples, mean = 0.0 (flags = 0x41)
0  -O                                                                        (1 = 100.0%)
1  ... 

Histogram: OptimizationGuide.PredictionManager.ModelAvailableAtRegistration.SegmentationDeviceSwitcher recorded 1 samples, mean = 0.0 (flags = 0x41)
0  -O                                                                        (1 = 100.0%)
1  ... 

Histogram: OptimizationGuide.PredictionManager.ModelAvailableAtRegistration.SegmentationSearchUser recorded 1 samples, mean = 0.0 (flags = 0x41)
0  -O                                                                        (1 = 100.0%)
1  ... 

Histogram: OptimizationGuide.PredictionManager.ModelAvailableAtRegistration.SegmentationShoppingUser recorded 1 samples, mean = 0.0 (flags = 0x41)
0  -O                                                                        (1 = 100.0%)
1  ... 

Histogram: OptimizationGuide.PredictionManager.ModelAvailableAtRegistration.TextSafety recorded 1 samples, mean = 0.0 (flags = 0x41)
0  -O                                                                        (1 = 100.0%)
1  ... 

Histogram: OptimizationGuide.PredictionManager.ModelAvailableAtRegistration.URLVisitResumptionRanker recorded 1 samples, mean = 0.0 (flags = 0x41)
0  -O                                                                        (1 = 100.0%)
1  ... 

Histogram: OptimizationGuide.PredictionManager.ModelAvailableAtRegistration.VisualSearchClassification recorded 1 samples, mean = 0.0 (flags = 0x41)
0  -O                                                                        (1 = 100.0%)
1  ... 

Histogram: OptimizationGuide.PredictionManager.ModelAvailableAtRegistration.WebAppInstallationPromo recorded 1 samples, mean = 0.0 (flags = 0x41)
0  -O                                                                        (1 = 100.0%)
1  ... 

Histogram: OptimizationGuide.PredictionManager.ModelDeliveryEvents.ClientSidePhishing recorded 54 samples, mean = 5.5 (flags = 0x41)
0  ... 
3  ---------------------------O                                              (27 = 50.0%) {0.0%}
4  ... 
8  ---------------------------O                                              (27 = 50.0%) {50.0%}
9  ... 

Histogram: OptimizationGuide.PredictionManager.ModelDeliveryEvents.GeolocationPermissions recorded 54 samples, mean = 5.5 (flags = 0x41)
0  ... 
3  ---------------------------O                                              (27 = 50.0%) {0.0%}
4  ... 
8  ---------------------------O                                              (27 = 50.0%) {50.0%}
9  ... 

Histogram: OptimizationGuide.PredictionManager.ModelDeliveryEvents.LanguageDetection recorded 54 samples, mean = 5.5 (flags = 0x41)
0  ... 
3  ---------------------------O                                              (27 = 50.0%) {0.0%}
4  ... 
8  ---------------------------O                                              (27 = 50.0%) {50.0%}
9  ... 

Histogram: OptimizationGuide.PredictionManager.ModelDeliveryEvents.NewTabPageHistoryClustersModuleRanking recorded 54 samples, mean = 5.5 (flags = 0x41)
0  ... 
3  ---------------------------O                                              (27 = 50.0%) {0.0%}
4  ... 
8  ---------------------------O                                              (27 = 50.0%) {50.0%}
9  ... 

Histogram: OptimizationGuide.PredictionManager.ModelDeliveryEvents.NotificationPermissions recorded 54 samples, mean = 5.5 (flags = 0x41)
0  ... 
3  ---------------------------O                                              (27 = 50.0%) {0.0%}
4  ... 
8  ---------------------------O                                              (27 = 50.0%) {50.0%}
9  ... 

Histogram: OptimizationGuide.PredictionManager.ModelDeliveryEvents.OmniboxUrlScoring recorded 54 samples, mean = 5.5 (flags = 0x41)
0  ... 
3  ---------------------------O                                              (27 = 50.0%) {0.0%}
4  ... 
8  ---------------------------O                                              (27 = 50.0%) {50.0%}
9  ... 

Histogram: OptimizationGuide.PredictionManager.ModelDeliveryEvents.PageTopicsV2 recorded 54 samples, mean = 5.5 (flags = 0x41)
0  ... 
3  ---------------------------O                                              (27 = 50.0%) {0.0%}
4  ... 
8  ---------------------------O                                              (27 = 50.0%) {50.0%}
9  ... 

Histogram: OptimizationGuide.PredictionManager.ModelDeliveryEvents.PageVisibility recorded 54 samples, mean = 5.5 (flags = 0x41)
0  ... 
3  ---------------------------O                                              (27 = 50.0%) {0.0%}
4  ... 
8  ---------------------------O                                              (27 = 50.0%) {50.0%}
9  ... 

Histogram: OptimizationGuide.PredictionManager.ModelDeliveryEvents.SegmentationChromeLowUserEngagement recorded 52 samples, mean = 5.5 (flags = 0x41)
0  ... 
3  --------------------------O                                               (26 = 50.0%) {0.0%}
4  ... 
8  --------------------------O                                               (26 = 50.0%) {50.0%}
9  ... 

Histogram: OptimizationGuide.PredictionManager.ModelDeliveryEvents.SegmentationComposePromotion recorded 52 samples, mean = 5.5 (flags = 0x41)
0  ... 
3  --------------------------O                                               (26 = 50.0%) {0.0%}
4  ... 
8  --------------------------O                                               (26 = 50.0%) {50.0%}
9  ... 

Histogram: OptimizationGuide.PredictionManager.ModelDeliveryEvents.SegmentationDeviceSwitcher recorded 52 samples, mean = 5.5 (flags = 0x41)
0  ... 
3  --------------------------O                                               (26 = 50.0%) {0.0%}
4  ... 
8  --------------------------O                                               (26 = 50.0%) {50.0%}
9  ... 

Histogram: OptimizationGuide.PredictionManager.ModelDeliveryEvents.SegmentationSearchUser recorded 52 samples, mean = 5.5 (flags = 0x41)
0  ... 
3  --------------------------O                                               (26 = 50.0%) {0.0%}
4  ... 
8  --------------------------O                                               (26 = 50.0%) {50.0%}
9  ... 

Histogram: OptimizationGuide.PredictionManager.ModelDeliveryEvents.SegmentationShoppingUser recorded 52 samples, mean = 5.5 (flags = 0x41)
0  ... 
3  --------------------------O                                               (26 = 50.0%) {0.0%}
4  ... 
8  --------------------------O                                               (26 = 50.0%) {50.0%}
9  ... 

Histogram: OptimizationGuide.PredictionManager.ModelDeliveryEvents.TextSafety recorded 54 samples, mean = 5.5 (flags = 0x41)
0  ... 
3  ---------------------------O                                              (27 = 50.0%) {0.0%}
4  ... 
8  ---------------------------O                                              (27 = 50.0%) {50.0%}
9  ... 

Histogram: OptimizationGuide.PredictionManager.ModelDeliveryEvents.URLVisitResumptionRanker recorded 52 samples, mean = 5.5 (flags = 0x41)
0  ... 
3  --------------------------O                                               (26 = 50.0%) {0.0%}
4  ... 
8  --------------------------O                                               (26 = 50.0%) {50.0%}
9  ... 

Histogram: OptimizationGuide.PredictionManager.ModelDeliveryEvents.VisualSearchClassification recorded 54 samples, mean = 5.5 (flags = 0x41)
0  ... 
3  ---------------------------O                                              (27 = 50.0%) {0.0%}
4  ... 
8  ---------------------------O                                              (27 = 50.0%) {50.0%}
9  ... 

Histogram: OptimizationGuide.PredictionManager.ModelDeliveryEvents.WebAppInstallationPromo recorded 52 samples, mean = 5.5 (flags = 0x41)
0  ... 
3  --------------------------O                                               (26 = 50.0%) {0.0%}
4  ... 
8  --------------------------O                                               (26 = 50.0%) {50.0%}
9  ... 

Histogram: OptimizationGuide.PredictionManager.RegistrationTimeSinceServiceInit.ClientSidePhishing recorded 1 samples, mean = 0.0 (flags = 0x41)
0  -O                                                                        (1 = 100.0%)
1  ... 

Histogram: OptimizationGuide.PredictionManager.RegistrationTimeSinceServiceInit.GeolocationPermissions recorded 1 samples, mean = 0.0 (flags = 0x41)
0  -O                                                                        (1 = 100.0%)
1  ... 

Histogram: OptimizationGuide.PredictionManager.RegistrationTimeSinceServiceInit.LanguageDetection recorded 2 samples, mean = 78.0 (flags = 0x41)
0    -O                                                                        (1 = 50.0%)
1    ... 
136  -O                                                                        (1 = 50.0%) {50.0%}
173  ... 

Histogram: OptimizationGuide.PredictionManager.RegistrationTimeSinceServiceInit.NewTabPageHistoryClustersModuleRanking recorded 1 samples, mean = 0.0 (flags = 0x41)
0  -O                                                                        (1 = 100.0%)
1  ... 

Histogram: OptimizationGuide.PredictionManager.RegistrationTimeSinceServiceInit.NotificationPermissions recorded 1 samples, mean = 0.0 (flags = 0x41)
0  -O                                                                        (1 = 100.0%)
1  ... 

Histogram: OptimizationGuide.PredictionManager.RegistrationTimeSinceServiceInit.OmniboxUrlScoring recorded 1 samples, mean = 0.0 (flags = 0x41)
0  -O                                                                        (1 = 100.0%)
1  ... 

Histogram: OptimizationGuide.PredictionManager.RegistrationTimeSinceServiceInit.PageTopicsV2 recorded 1 samples, mean = 0.0 (flags = 0x41)
0  -O                                                                        (1 = 100.0%)
1  ... 

Histogram: OptimizationGuide.PredictionManager.RegistrationTimeSinceServiceInit.PageVisibility recorded 1 samples, mean = 0.0 (flags = 0x41)
0  -O                                                                        (1 = 100.0%)
1  ... 

Histogram: OptimizationGuide.PredictionManager.RegistrationTimeSinceServiceInit.SegmentationChromeLowUserEngagement recorded 1 samples, mean = 11822.0 (flags = 0x41)
0      ... 
10165  -O                                                                        (1 = 100.0%) {0.0%}
12916  ... 

Histogram: OptimizationGuide.PredictionManager.RegistrationTimeSinceServiceInit.SegmentationComposePromotion recorded 1 samples, mean = 11826.0 (flags = 0x41)
0      ... 
10165  -O                                                                        (1 = 100.0%) {0.0%}
12916  ... 

Histogram: OptimizationGuide.PredictionManager.RegistrationTimeSinceServiceInit.SegmentationDeviceSwitcher recorded 1 samples, mean = 11825.0 (flags = 0x41)
0      ... 
10165  -O                                                                        (1 = 100.0%) {0.0%}
12916  ... 

Histogram: OptimizationGuide.PredictionManager.RegistrationTimeSinceServiceInit.SegmentationSearchUser recorded 1 samples, mean = 11825.0 (flags = 0x41)
0      ... 
10165  -O                                                                        (1 = 100.0%) {0.0%}
12916  ... 

Histogram: OptimizationGuide.PredictionManager.RegistrationTimeSinceServiceInit.SegmentationShoppingUser recorded 1 samples, mean = 11823.0 (flags = 0x41)
0      ... 
10165  -O                                                                        (1 = 100.0%) {0.0%}
12916  ... 

Histogram: OptimizationGuide.PredictionManager.RegistrationTimeSinceServiceInit.TextSafety recorded 1 samples, mean = 0.0 (flags = 0x41)
0  -O                                                                        (1 = 100.0%)
1  ... 

Histogram: OptimizationGuide.PredictionManager.RegistrationTimeSinceServiceInit.URLVisitResumptionRanker recorded 1 samples, mean = 11826.0 (flags = 0x41)
0      ... 
10165  -O                                                                        (1 = 100.0%) {0.0%}
12916  ... 

Histogram: OptimizationGuide.PredictionManager.RegistrationTimeSinceServiceInit.VisualSearchClassification recorded 1 samples, mean = 0.0 (flags = 0x41)
0  -O                                                                        (1 = 100.0%)
1  ... 

Histogram: OptimizationGuide.PredictionManager.RegistrationTimeSinceServiceInit.WebAppInstallationPromo recorded 1 samples, mean = 11826.0 (flags = 0x41)
0      ... 
10165  -O                                                                        (1 = 100.0%) {0.0%}
12916  ... 

Histogram: OptimizationGuide.PredictionManager.StoreInitialized recorded 1 samples, mean = 1.0 (flags = 0x40)
0  O                                                                         (0 = 0.0%)
1  -O                                                                        (1 = 100.0%) {0.0%}
2  O                                                                         (0 = 0.0%) {100.0%}

Histogram: OptimizationGuide.PredictionManager.SupportedModelEngineVersion recorded 27 samples, mean = 18.0 (flags = 0x40)
0   ... 
18  ---------------------------O                                              (27 = 100.0%) {0.0%}
19  ... 

Histogram: OptimizationGuide.PredictionModelFetcher.GetModelsResponse.NetErrorCode recorded 27 samples (flags = 0x41)
379  ---------------------------O                                              (27 = 100.0%)

Histogram: OptimizationGuide.PredictionModelFetcher.GetModelsResponse.NetErrorCode.ClientSidePhishing recorded 27 samples (flags = 0x41)
379  ---------------------------O                                              (27 = 100.0%)

Histogram: OptimizationGuide.PredictionModelFetcher.GetModelsResponse.NetErrorCode.GeolocationPermissions recorded 27 samples (flags = 0x41)
379  ---------------------------O                                              (27 = 100.0%)

Histogram: OptimizationGuide.PredictionModelFetcher.GetModelsResponse.NetErrorCode.LanguageDetection recorded 27 samples (flags = 0x41)
379  ---------------------------O                                              (27 = 100.0%)

Histogram: OptimizationGuide.PredictionModelFetcher.GetModelsResponse.NetErrorCode.NewTabPageHistoryClustersModuleRanking recorded 27 samples (flags = 0x41)
379  ---------------------------O                                              (27 = 100.0%)

Histogram: OptimizationGuide.PredictionModelFetcher.GetModelsResponse.NetErrorCode.NotificationPermissions recorded 27 samples (flags = 0x41)
379  ---------------------------O                                              (27 = 100.0%)

Histogram: OptimizationGuide.PredictionModelFetcher.GetModelsResponse.NetErrorCode.OmniboxUrlScoring recorded 27 samples (flags = 0x41)
379  ---------------------------O                                              (27 = 100.0%)

Histogram: OptimizationGuide.PredictionModelFetcher.GetModelsResponse.NetErrorCode.PageTopicsV2 recorded 27 samples (flags = 0x41)
379  ---------------------------O                                              (27 = 100.0%)

Histogram: OptimizationGuide.PredictionModelFetcher.GetModelsResponse.NetErrorCode.PageVisibility recorded 27 samples (flags = 0x41)
379  ---------------------------O                                              (27 = 100.0%)

Histogram: OptimizationGuide.PredictionModelFetcher.GetModelsResponse.NetErrorCode.SegmentationChromeLowUserEngagement recorded 26 samples (flags = 0x41)
379  --------------------------O                                               (26 = 100.0%)

Histogram: OptimizationGuide.PredictionModelFetcher.GetModelsResponse.NetErrorCode.SegmentationComposePromotion recorded 26 samples (flags = 0x41)
379  --------------------------O                                               (26 = 100.0%)

Histogram: OptimizationGuide.PredictionModelFetcher.GetModelsResponse.NetErrorCode.SegmentationDeviceSwitcher recorded 26 samples (flags = 0x41)
379  --------------------------O                                               (26 = 100.0%)

Histogram: OptimizationGuide.PredictionModelFetcher.GetModelsResponse.NetErrorCode.SegmentationSearchUser recorded 26 samples (flags = 0x41)
379  --------------------------O                                               (26 = 100.0%)

Histogram: OptimizationGuide.PredictionModelFetcher.GetModelsResponse.NetErrorCode.SegmentationShoppingUser recorded 26 samples (flags = 0x41)
379  --------------------------O                                               (26 = 100.0%)

Histogram: OptimizationGuide.PredictionModelFetcher.GetModelsResponse.NetErrorCode.TextSafety recorded 27 samples (flags = 0x41)
379  ---------------------------O                                              (27 = 100.0%)

Histogram: OptimizationGuide.PredictionModelFetcher.GetModelsResponse.NetErrorCode.URLVisitResumptionRanker recorded 26 samples (flags = 0x41)
379  --------------------------O                                               (26 = 100.0%)

Histogram: OptimizationGuide.PredictionModelFetcher.GetModelsResponse.NetErrorCode.VisualSearchClassification recorded 27 samples (flags = 0x41)
379  ---------------------------O                                              (27 = 100.0%)

Histogram: OptimizationGuide.PredictionModelFetcher.GetModelsResponse.NetErrorCode.WebAppInstallationPromo recorded 26 samples (flags = 0x41)
379  --------------------------O                                               (26 = 100.0%)

Histogram: OptimizationGuide.PredictionModelFetcher.GetModelsResponse.Status recorded 27 samples, mean = 403.0 (flags = 0x41)
0    ... 
403  ---------------------------O                                              (27 = 100.0%) {0.0%}
404  ... 

Histogram: OptimizationGuide.PredictionModelFetcher.GetModelsResponse.Status.ClientSidePhishing recorded 27 samples, mean = 403.0 (flags = 0x41)
0    ... 
403  ---------------------------O                                              (27 = 100.0%) {0.0%}
404  ... 

Histogram: OptimizationGuide.PredictionModelFetcher.GetModelsResponse.Status.GeolocationPermissions recorded 27 samples, mean = 403.0 (flags = 0x41)
0    ... 
403  ---------------------------O                                              (27 = 100.0%) {0.0%}
404  ... 

Histogram: OptimizationGuide.PredictionModelFetcher.GetModelsResponse.Status.LanguageDetection recorded 27 samples, mean = 403.0 (flags = 0x41)
0    ... 
403  ---------------------------O                                              (27 = 100.0%) {0.0%}
404  ... 

Histogram: OptimizationGuide.PredictionModelFetcher.GetModelsResponse.Status.NewTabPageHistoryClustersModuleRanking recorded 27 samples, mean = 403.0 (flags = 0x41)
0    ... 
403  ---------------------------O                                              (27 = 100.0%) {0.0%}
404  ... 

Histogram: OptimizationGuide.PredictionModelFetcher.GetModelsResponse.Status.NotificationPermissions recorded 27 samples, mean = 403.0 (flags = 0x41)
0    ... 
403  ---------------------------O                                              (27 = 100.0%) {0.0%}
404  ... 

Histogram: OptimizationGuide.PredictionModelFetcher.GetModelsResponse.Status.OmniboxUrlScoring recorded 27 samples, mean = 403.0 (flags = 0x41)
0    ... 
403  ---------------------------O                                              (27 = 100.0%) {0.0%}
404  ... 

Histogram: OptimizationGuide.PredictionModelFetcher.GetModelsResponse.Status.PageTopicsV2 recorded 27 samples, mean = 403.0 (flags = 0x41)
0    ... 
403  ---------------------------O                                              (27 = 100.0%) {0.0%}
404  ... 

Histogram: OptimizationGuide.PredictionModelFetcher.GetModelsResponse.Status.PageVisibility recorded 27 samples, mean = 403.0 (flags = 0x41)
0    ... 
403  ---------------------------O                                              (27 = 100.0%) {0.0%}
404  ... 

Histogram: OptimizationGuide.PredictionModelFetcher.GetModelsResponse.Status.SegmentationChromeLowUserEngagement recorded 26 samples, mean = 403.0 (flags = 0x41)
0    ... 
403  --------------------------O                                               (26 = 100.0%) {0.0%}
404  ... 

Histogram: OptimizationGuide.PredictionModelFetcher.GetModelsResponse.Status.SegmentationComposePromotion recorded 26 samples, mean = 403.0 (flags = 0x41)
0    ... 
403  --------------------------O                                               (26 = 100.0%) {0.0%}
404  ... 

Histogram: OptimizationGuide.PredictionModelFetcher.GetModelsResponse.Status.SegmentationDeviceSwitcher recorded 26 samples, mean = 403.0 (flags = 0x41)
0    ... 
403  --------------------------O                                               (26 = 100.0%) {0.0%}
404  ... 

Histogram: OptimizationGuide.PredictionModelFetcher.GetModelsResponse.Status.SegmentationSearchUser recorded 26 samples, mean = 403.0 (flags = 0x41)
0    ... 
403  --------------------------O                                               (26 = 100.0%) {0.0%}
404  ... 

Histogram: OptimizationGuide.PredictionModelFetcher.GetModelsResponse.Status.SegmentationShoppingUser recorded 26 samples, mean = 403.0 (flags = 0x41)
0    ... 
403  --------------------------O                                               (26 = 100.0%) {0.0%}
404  ... 

Histogram: OptimizationGuide.PredictionModelFetcher.GetModelsResponse.Status.TextSafety recorded 27 samples, mean = 403.0 (flags = 0x41)
0    ... 
403  ---------------------------O                                              (27 = 100.0%) {0.0%}
404  ... 

Histogram: OptimizationGuide.PredictionModelFetcher.GetModelsResponse.Status.URLVisitResumptionRanker recorded 26 samples, mean = 403.0 (flags = 0x41)
0    ... 
403  --------------------------O                                               (26 = 100.0%) {0.0%}
404  ... 

Histogram: OptimizationGuide.PredictionModelFetcher.GetModelsResponse.Status.VisualSearchClassification recorded 27 samples, mean = 403.0 (flags = 0x41)
0    ... 
403  ---------------------------O                                              (27 = 100.0%) {0.0%}
404  ... 

Histogram: OptimizationGuide.PredictionModelFetcher.GetModelsResponse.Status.WebAppInstallationPromo recorded 26 samples, mean = 403.0 (flags = 0x41)
0    ... 
403  --------------------------O                                               (26 = 100.0%) {0.0%}
404  ... 

Histogram: OptimizationGuide.ProcessingComponentAtShutdown recorded 1 samples, mean = 0.0 (flags = 0x41)
0  -O                                                                        (1 = 100.0%)
1  ... 

Histogram: OptimizationGuide.RemoteFetchingEnabled recorded 1 samples, mean = 0.0 (flags = 0x41)
0  -O                                                                        (1 = 100.0%)
1  ... 

Histogram: OriginTrials.PersistentOriginTrial.LevelDbInitSuccess recorded 1 samples, mean = 1.0 (flags = 0x41)
0  O                                                                         (0 = 0.0%)
1  -O                                                                        (1 = 100.0%) {0.0%}
2  O                                                                         (0 = 0.0%) {100.0%}

Histogram: OriginTrials.PersistentOriginTrial.LevelDbLoadSize recorded 1 samples, mean = 0.0 (flags = 0x41)
0  -O                                                                        (1 = 100.0%)
1  ... 

Histogram: OriginTrials.PersistentOriginTrial.LevelDbLoadSuccess recorded 1 samples, mean = 1.0 (flags = 0x41)
0  O                                                                         (0 = 0.0%)
1  -O                                                                        (1 = 100.0%) {0.0%}
2  O                                                                         (0 = 0.0%) {100.0%}

Histogram: OriginTrials.PersistentOriginTrial.LevelDbLoadTime recorded 1 samples, mean = 12738.0 (flags = 0x41)
0      ... 
10000  -O                                                                        (1 = 100.0%) {0.0%}

Histogram: OriginTrials.PersistentOriginTrial.OriginLookupsBeforeDbLoad recorded 1 samples, mean = 0.0 (flags = 0x41)
0  -O                                                                        (1 = 100.0%)
1  ... 

Histogram: OriginTrials.PersistentOriginTrial.OriginsAddedBeforeDbLoad recorded 1 samples, mean = 0.0 (flags = 0x41)
0  -O                                                                        (1 = 100.0%)
1  ... 

Histogram: PageActionController.ExtensionsWithPageActions recorded 1 samples, mean = 0.0 (flags = 0x41)
0  -O                                                                        (1 = 100.0%)
1  ... 

Histogram: PageContentAnnotations.AnnotateVisit.AnnotationRequestQueued recorded 4 samples, mean = 1.0 (flags = 0x40)
0  O                                                                         (0 = 0.0%)
1  ----O                                                                     (4 = 100.0%) {0.0%}
2  O                                                                         (0 = 0.0%) {100.0%}

Histogram: PageContentAnnotations.AnnotateVisit.AnnotationRequested recorded 4 samples, mean = 1.0 (flags = 0x40)
0  O                                                                         (0 = 0.0%)
1  ----O                                                                     (4 = 100.0%) {0.0%}
2  O                                                                         (0 = 0.0%) {100.0%}

Histogram: PageContentAnnotations.AnnotateVisit.BatchAnnotationStarted recorded 1 samples, mean = 1.0 (flags = 0x40)
0  O                                                                         (0 = 0.0%)
1  -O                                                                        (1 = 100.0%) {0.0%}
2  O                                                                         (0 = 0.0%) {100.0%}

Histogram: PageLoad.Clients.Ads.AllPages.NonAdNetworkBytes recorded 1 samples, mean = 132.0 (flags = 0x41)
0    ... 
108  -O                                                                        (1 = 100.0%) {0.0%}
141  ... 

Histogram: PageLoad.Clients.Ads.AllPages.PercentNetworkBytesAds recorded 1 samples, mean = 0.0 (flags = 0x41)
0  -O                                                                        (1 = 100.0%)
1  ... 

Histogram: PageLoad.Clients.Ads.AllPages.PercentTotalBytesAds recorded 1 samples, mean = 0.0 (flags = 0x41)
0  -O                                                                        (1 = 100.0%)
1  ... 

Histogram: PageLoad.Clients.Ads.AverageViewportAdDensity recorded 1 samples, mean = 0.0 (flags = 0x41)
0  -O                                                                        (1 = 100.0%)
1  ... 

Histogram: PageLoad.Clients.Ads.FrameCounts.AdFrames.Total recorded 1 samples, mean = 0.0 (flags = 0x41)
0  -O                                                                        (1 = 100.0%)
1  ... 

Histogram: PageLoad.Clients.Ads.NonVisible.FrameCounts.AdFrames.Total recorded 1 samples, mean = 0.0 (flags = 0x41)
0  -O                                                                        (1 = 100.0%)
1  ... 

Histogram: PageLoad.Clients.Ads.Visible.FrameCounts.AdFrames.Total recorded 1 samples, mean = 0.0 (flags = 0x41)
0  -O                                                                        (1 = 100.0%)
1  ... 

Histogram: PageLoad.Clients.CrossOrigin.LayoutInstability.CumulativeShiftScore recorded 1 samples, mean = 0.0 (flags = 0x41)
0  -O                                                                        (1 = 100.0%)
1  ... 

Histogram: PageLoad.Clients.CrossOrigin.LayoutInstability.CumulativeShiftScore.MainFrame recorded 1 samples, mean = 0.0 (flags = 0x41)
0  -O                                                                        (1 = 100.0%)
1  ... 

Histogram: PageLoad.Clients.Leakage2.AbandonReasonAt.LoaderStart recorded 1 samples, mean = 10.0 (flags = 0x41)
0   ... 
10  -O                                                                        (1 = 100.0%) {0.0%}
11  ... 

Histogram: PageLoad.Clients.Leakage2.LastMilestoneBeforeAbandon.NewReloadNavigation recorded 1 samples, mean = 1.0 (flags = 0x41)
0  O                                                                         (0 = 0.0%)
1  -O                                                                        (1 = 100.0%) {0.0%}
2  ... 

Histogram: PageLoad.Clients.Leakage2.LoaderStartToAbandon.NewReloadNavigation recorded 1 samples, mean = 7132.0 (flags = 0x41)
0     ... 
6697  -O                                                                        (1 = 100.0%) {0.0%}
7494  ... 

Histogram: PageLoad.Clients.Leakage2.NavigationStart recorded 2 samples, mean = 11494.5 (flags = 0x41)
0      ... 
6697   -O                                                                        (1 = 50.0%) {0.0%}
7494   ... 
14707  -O                                                                        (1 = 50.0%) {50.0%}
16456  ... 

Histogram: PageLoad.Clients.Leakage2.NavigationStartToCommitReceived recorded 1 samples, mean = 14578.0 (flags = 0x41)
0      ... 
13144  -O                                                                        (1 = 100.0%) {0.0%}
14707  ... 

Histogram: PageLoad.Clients.Leakage2.NavigationStartToCommitSent recorded 1 samples, mean = 14573.0 (flags = 0x41)
0      ... 
13144  -O                                                                        (1 = 100.0%) {0.0%}
14707  ... 

Histogram: PageLoad.Clients.Leakage2.NavigationStartToDOMContentLoaded recorded 1 samples, mean = 18233.0 (flags = 0x41)
0      ... 
16456  -O                                                                        (1 = 100.0%) {0.0%}
18413  ... 

Histogram: PageLoad.Clients.Leakage2.NavigationStartToDidCommit recorded 1 samples, mean = 15575.0 (flags = 0x41)
0      ... 
14707  -O                                                                        (1 = 100.0%) {0.0%}
16456  ... 

Histogram: PageLoad.Clients.Leakage2.NavigationStartToFirstRedirectResponseLoaderCallback recorded 1 samples, mean = 13891.0 (flags = 0x41)
0      ... 
13144  -O                                                                        (1 = 100.0%) {0.0%}
14707  ... 

Histogram: PageLoad.Clients.Leakage2.NavigationStartToFirstRedirectResponseStart recorded 1 samples, mean = 13614.0 (flags = 0x41)
0      ... 
13144  -O                                                                        (1 = 100.0%) {0.0%}
14707  ... 

Histogram: PageLoad.Clients.Leakage2.NavigationStartToFirstRedirectedRequestStart recorded 1 samples, mean = 13614.0 (flags = 0x41)
0      ... 
13144  -O                                                                        (1 = 100.0%) {0.0%}
14707  ... 

Histogram: PageLoad.Clients.Leakage2.NavigationStartToLoadStarted recorded 1 samples, mean = 18983.0 (flags = 0x41)
0      ... 
18413  -O                                                                        (1 = 100.0%) {0.0%}
20603  ... 

Histogram: PageLoad.Clients.Leakage2.NavigationStartToLoaderStart recorded 2 samples, mean = 3676.5 (flags = 0x41)
0     ... 
257   -O                                                                        (1 = 50.0%) {0.0%}
288   ... 
6697  -O                                                                        (1 = 50.0%) {50.0%}
7494  ... 

Histogram: PageLoad.Clients.Leakage2.NavigationStartToNonRedirectResponseLoaderCallback recorded 1 samples, mean = 14558.0 (flags = 0x41)
0      ... 
13144  -O                                                                        (1 = 100.0%) {0.0%}
14707  ... 

Histogram: PageLoad.Clients.Leakage2.NavigationStartToNonRedirectResponseStart recorded 1 samples, mean = 14427.0 (flags = 0x41)
0      ... 
13144  -O                                                                        (1 = 100.0%) {0.0%}
14707  ... 

Histogram: PageLoad.Clients.Leakage2.NavigationStartToNonRedirectedRequestStart recorded 1 samples, mean = 14260.0 (flags = 0x41)
0      ... 
13144  -O                                                                        (1 = 100.0%) {0.0%}
14707  ... 

Histogram: PageLoad.Clients.Leakage2.NavigationStartToParseStart recorded 1 samples, mean = 14627.0 (flags = 0x41)
0      ... 
13144  -O                                                                        (1 = 100.0%) {0.0%}
14707  ... 

Histogram: PageLoad.Clients.Leakage2.RendererProcessCreatedBeforeNav recorded 1 samples, mean = 1.0 (flags = 0x41)
0  O                                                                         (0 = 0.0%)
1  -O                                                                        (1 = 100.0%) {0.0%}
2  O                                                                         (0 = 0.0%) {100.0%}

Histogram: PageLoad.Clients.LinkPreview.Usage recorded 1 samples, mean = 0.0 (flags = 0x41)
0  -O                                                                        (1 = 100.0%)
1  ... 

Histogram: PageLoad.Clients.MultiTabLoading.WithTabCount_0.DocumentTiming.NavigationToDOMContentLoadedEventFired recorded 1 samples, mean = 18233.0 (flags = 0x41)
0      ... 
16456  -O                                                                        (1 = 100.0%) {0.0%}
18413  ... 

Histogram: PageLoad.Clients.MultiTabLoading.WithTabCount_0.DocumentTiming.NavigationToLoadEventFired recorded 1 samples, mean = 18983.0 (flags = 0x41)
0      ... 
18413  -O                                                                        (1 = 100.0%) {0.0%}
20603  ... 

Histogram: PageLoad.Clients.MultiTabLoading.With_0_OtherLoading.DocumentTiming.NavigationToDOMContentLoadedEventFired recorded 1 samples, mean = 18233.0 (flags = 0x41)
0      ... 
16456  -O                                                                        (1 = 100.0%) {0.0%}
18413  ... 

Histogram: PageLoad.Clients.MultiTabLoading.With_0_OtherLoading.DocumentTiming.NavigationToLoadEventFired recorded 1 samples, mean = 18983.0 (flags = 0x41)
0      ... 
18413  -O                                                                        (1 = 100.0%) {0.0%}
20603  ... 

Histogram: PageLoad.Clients.PerformanceManager.LoadedIdleWithoutLCP recorded 1 samples, mean = 23227.0 (flags = 0x41)
0      ... 
20852  -O                                                                        (1 = 100.0%) {0.0%}
26495  ... 

Histogram: PageLoad.Clients.PerformanceManager.LoadedIdleWithoutLCP.Foreground recorded 1 samples, mean = 23227.0 (flags = 0x41)
0      ... 
20852  -O                                                                        (1 = 100.0%) {0.0%}
26495  ... 

Histogram: PageLoad.Clients.Protocol.QUIC.DocumentTiming.NavigationToDOMContentLoadedEventFired recorded 1 samples, mean = 18233.0 (flags = 0x41)
0      ... 
16456  -O                                                                        (1 = 100.0%) {0.0%}
18413  ... 

Histogram: PageLoad.Clients.Protocol.QUIC.DocumentTiming.NavigationToLoadEventFired recorded 1 samples, mean = 18983.0 (flags = 0x41)
0      ... 
18413  -O                                                                        (1 = 100.0%) {0.0%}
20603  ... 

Histogram: PageLoad.Clients.Protocol.QUIC.ParseTiming.NavigationToParseStart recorded 1 samples, mean = 14627.0 (flags = 0x41)
0      ... 
13144  -O                                                                        (1 = 100.0%) {0.0%}
14707  ... 

Histogram: PageLoad.Clients.Scheme.HTTPS.ParseTiming.NavigationToParseStart recorded 1 samples, mean = 14627.0 (flags = 0x41)
0      ... 
13144  -O                                                                        (1 = 100.0%) {0.0%}
14707  ... 

Histogram: PageLoad.Clients.SubresourceLoading.DaysSinceLastVisitToOrigin recorded 1 samples, mean = 0.0 (flags = 0x40)
0  -O                                                                        (1 = 100.0%)
1  ... 

Histogram: PageLoad.Clients.SubresourceLoading.HasPreviousVisitToOrigin recorded 1 samples, mean = 1.0 (flags = 0x40)
0  O                                                                         (0 = 0.0%)
1  -O                                                                        (1 = 100.0%) {0.0%}
2  O                                                                         (0 = 0.0%) {100.0%}

Histogram: PageLoad.Clients.TPCD.CookieAccess.ThirdPartyCookieAllowMechanism3 recorded 1 samples, mean = 2.0 (flags = 0x41)
0  ... 
2  -O                                                                        (1 = 100.0%) {0.0%}
3  ... 

Histogram: PageLoad.Clients.TPCD.ThirdPartyCookieAccessBlockedByExperiment2 recorded 1 samples, mean = 0.0 (flags = 0x41)
0  -O                                                                        (1 = 100.0%)
1  ... 

Histogram: PageLoad.Clients.ThirdParty.Origins.CookieRead2 recorded 1 samples, mean = 0.0 (flags = 0x41)
0  -O                                                                        (1 = 100.0%)
1  ... 

Histogram: PageLoad.Cpu.TotalUsage recorded 1 samples, mean = 1733.0 (flags = 0x41)
0     ... 
1553  -O                                                                        (1 = 100.0%) {0.0%}
1738  ... 

Histogram: PageLoad.Cpu.TotalUsageForegrounded recorded 1 samples, mean = 1733.0 (flags = 0x41)
0     ... 
1553  -O                                                                        (1 = 100.0%) {0.0%}
1738  ... 

Histogram: PageLoad.DocumentTiming.NavigationToDOMContentLoadedEventFired recorded 1 samples, mean = 18233.0 (flags = 0x41)
0      ... 
16456  -O                                                                        (1 = 100.0%) {0.0%}
18413  ... 

Histogram: PageLoad.DocumentTiming.NavigationToLoadEventFired recorded 1 samples, mean = 18983.0 (flags = 0x41)
0      ... 
18413  -O                                                                        (1 = 100.0%) {0.0%}
20603  ... 

Histogram: PageLoad.Experimental.NavigationTiming.FinalLoaderCallbackToNavigationCommitSent recorded 1 samples, mean = 15.0 (flags = 0x41)
0   ... 
15  -O                                                                        (1 = 100.0%) {0.0%}
17  ... 

Histogram: PageLoad.Experimental.NavigationTiming.FinalRequestStartToFinalResponseStart recorded 1 samples, mean = 166.0 (flags = 0x41)
0    ... 
164  -O                                                                        (1 = 100.0%) {0.0%}
184  ... 

Histogram: PageLoad.Experimental.NavigationTiming.FinalResponseStartToFinalLoaderCallback recorded 1 samples, mean = 130.0 (flags = 0x41)
0    ... 
117  -O                                                                        (1 = 100.0%) {0.0%}
131  ... 

Histogram: PageLoad.Experimental.NavigationTiming.FirstRequestStartToFirstResponseStart recorded 1 samples, mean = 0.0 (flags = 0x41)
0  -O                                                                        (1 = 100.0%)
10 ... 

Histogram: PageLoad.Experimental.NavigationTiming.FirstResponseStartToFirstLoaderCallback recorded 1 samples, mean = 276.0 (flags = 0x41)
0    ... 
257  -O                                                                        (1 = 100.0%) {0.0%}
288  ... 

Histogram: PageLoad.Experimental.NavigationTiming.NavigationStartToFinalLoaderCallback recorded 1 samples, mean = 14558.0 (flags = 0x41)
0      ... 
13144  -O                                                                        (1 = 100.0%) {0.0%}
14707  ... 

Histogram: PageLoad.Experimental.NavigationTiming.NavigationStartToFinalRequestStart recorded 1 samples, mean = 14260.0 (flags = 0x41)
0      ... 
13144  -O                                                                        (1 = 100.0%) {0.0%}
14707  ... 

Histogram: PageLoad.Experimental.NavigationTiming.NavigationStartToFinalResponseStart recorded 1 samples, mean = 14427.0 (flags = 0x41)
0      ... 
13144  -O                                                                        (1 = 100.0%) {0.0%}
14707  ... 

Histogram: PageLoad.Experimental.NavigationTiming.NavigationStartToFirstLoaderCallback recorded 1 samples, mean = 13891.0 (flags = 0x41)
0      ... 
13144  -O                                                                        (1 = 100.0%) {0.0%}
14707  ... 

Histogram: PageLoad.Experimental.NavigationTiming.NavigationStartToFirstRequestStart recorded 1 samples, mean = 13614.0 (flags = 0x41)
0      ... 
13144  -O                                                                        (1 = 100.0%) {0.0%}
14707  ... 

Histogram: PageLoad.Experimental.NavigationTiming.NavigationStartToFirstResponseStart recorded 1 samples, mean = 13614.0 (flags = 0x41)
0      ... 
13144  -O                                                                        (1 = 100.0%) {0.0%}
14707  ... 

Histogram: PageLoad.Experimental.NavigationTiming.NavigationStartToNavigationCommitSent recorded 1 samples, mean = 14573.0 (flags = 0x41)
0      ... 
13144  -O                                                                        (1 = 100.0%) {0.0%}
14707  ... 

Histogram: PageLoad.Experimental.PageTiming.CachedResourceLoadTime.font recorded 5 samples, mean = 7.4 (flags = 0x41)
0  O                                                                         (0 = 0.0%)
1  -O                                                                        (1 = 20.0%) {0.0%}
2  ... 
8  ----O                                                                     (4 = 80.0%) {20.0%}
10 ... 

Histogram: PageLoad.Experimental.PageTiming.CachedResourceLoadTime.manifest recorded 1 samples, mean = 165.0 (flags = 0x41)
0    ... 
136  -O                                                                        (1 = 100.0%) {0.0%}
173  ... 

Histogram: PageLoad.Experimental.PageTiming.CachedResourceLoadTime.script recorded 24 samples, mean = 30.7 (flags = 0x41)
0   O                                                                         (0 = 0.0%)
1   -O                                                                        (1 = 4.2%) {0.0%}
2   -O                                                                        (1 = 4.2%) {4.2%}
3   -O                                                                        (1 = 4.2%) {8.3%}
4   ... 
8   -O                                                                        (1 = 4.2%) {12.5%}
10  ... 
20  -----O                                                                    (5 = 20.8%) {16.7%}
25  --------O                                                                 (8 = 33.3%) {37.5%}
32  -O                                                                        (1 = 4.2%) {70.8%}
41  ----O                                                                     (4 = 16.7%) {75.0%}
52  -O                                                                        (1 = 4.2%) {91.7%}
66  -O                                                                        (1 = 4.2%) {95.8%}
84  ... 

Histogram: PageLoad.Experimental.PageTiming.CachedResourceLoadTime.style recorded 8 samples, mean = 64.2 (flags = 0x41)
0    ... 
13   -O                                                                        (1 = 12.5%) {0.0%}
16   O                                                                         (0 = 0.0%) {12.5%}
20   --O                                                                       (2 = 25.0%) {12.5%}
25   ----O                                                                     (4 = 50.0%) {37.5%}
32   ... 
280  -O                                                                        (1 = 12.5%) {87.5%}
356  ... 

Histogram: PageLoad.Experimental.PageTiming.CommitSentToFirstSubresourceLoadStart recorded 1 samples, mean = 1323.0 (flags = 0x41)
0     ... 
1240  -O                                                                        (1 = 100.0%) {0.0%}
1388  ... 

Histogram: PageLoad.Experimental.PageTiming.NavigationToFirstSubresourceLoadStart recorded 1 samples, mean = 15896.0 (flags = 0x41)
0      ... 
14707  -O                                                                        (1 = 100.0%) {0.0%}
16456  ... 

Histogram: PageLoad.Experimental.PageTiming.ResourceLoadTime. recorded 5 samples, mean = 67.0 (flags = 0x41)
0   ... 
32  -O                                                                        (1 = 20.0%) {0.0%}
41  O                                                                         (0 = 0.0%) {20.0%}
52  --O                                                                       (2 = 40.0%) {20.0%}
66  -O                                                                        (1 = 20.0%) {60.0%}
84  -O                                                                        (1 = 20.0%) {80.0%}
107 ... 

Histogram: PageLoad.Experimental.PageTiming.ResourceLoadTime.document recorded 1 samples, mean = 194.0 (flags = 0x41)
0    ... 
173  -O                                                                        (1 = 100.0%) {0.0%}
220  ... 

Histogram: PageLoad.Experimental.PageTiming.ResourceLoadTime.image recorded 1 samples, mean = 33.0 (flags = 0x41)
0   ... 
32  -O                                                                        (1 = 100.0%) {0.0%}
41  ... 

Histogram: PageLoad.Experimental.PageTiming.ResourceLoadTime.script recorded 2 samples, mean = 343.5 (flags = 0x41)
0    ... 
16   -O                                                                        (1 = 50.0%) {0.0%}
20   ... 
574  -O                                                                        (1 = 50.0%) {50.0%}
729  ... 

Histogram: PageLoad.Experimental.PageVisitFinalStatus recorded 1 samples, mean = 1.0 (flags = 0x41)
0  O                                                                         (0 = 0.0%)
1  -O                                                                        (1 = 100.0%) {0.0%}
2  ... 

Histogram: PageLoad.Experimental.PageVisitType2 recorded 1 samples, mean = 6.0 (flags = 0x41)
0  ... 
6  -O                                                                        (1 = 100.0%) {0.0%}
7  ... 

Histogram: PageLoad.Experimental.PaintTiming.FirstEligibleToPaintToFirstPaint recorded 1 samples, mean = 650.0 (flags = 0x41)
0    ... 
632  -O                                                                        (1 = 100.0%) {0.0%}
707  ... 

Histogram: PageLoad.Experimental.TotalForegroundDuration recorded 1 samples, mean = 4332590.0 (flags = 0x41)
0        ... 
3600000  -O                                                                        (1 = 100.0%) {0.0%}

Histogram: PageLoad.Experimental.TotalForegroundDuration.AllVisit recorded 1 samples, mean = 4332590.0 (flags = 0x41)
0        ... 
3600000  -O                                                                        (1 = 100.0%) {0.0%}

Histogram: PageLoad.Experimental.TotalForegroundDuration.IndependentUIVisit recorded 1 samples, mean = 4332590.0 (flags = 0x41)
0        ... 
3600000  -O                                                                        (1 = 100.0%) {0.0%}

Histogram: PageLoad.Expermental.SoftNavigations.Count recorded 1 samples, mean = 0.0 (flags = 0x41)
0  -O                                                                        (1 = 100.0%)
1  ... 

Histogram: PageLoad.Internal.PageLoadTimingStatus recorded 14 samples, mean = 0.0 (flags = 0x41)
0  --------------O                                                           (14 = 100.0%)
1  ... 

Histogram: PageLoad.Internal.PageLoadTimingStatus.AtTimingCallbackDispatch recorded 3 samples, mean = 0.0 (flags = 0x41)
0  ---O                                                                      (3 = 100.0%)
1  ... 

Histogram: PageLoad.Internal.PageType recorded 2 samples, mean = 0.0 (flags = 0x41)
0  --O                                                                       (2 = 100.0%)
1  ... 

Histogram: PageLoad.Internal.SuppressedEventsBeforeMissingFirstPaint recorded 1 samples, mean = 0.0 (flags = 0x41)
0  -O                                                                        (1 = 100.0%)
1  ... 

Histogram: PageLoad.Internal.SuppressedEventsCountBeforePaint3 recorded 1 samples, mean = 0.0 (flags = 0x41)
0  -O                                                                        (1 = 100.0%)
1  ... 

Histogram: PageLoad.Internal.SuppressedEventsTimingBeforePaint3 recorded 1 samples, mean = 0.0 (flags = 0x41)
0  -O                                                                        (1 = 100.0%)
1  ... 

Histogram: PageLoad.Internal.SuppressedInteractionsCountBeforePaint3 recorded 1 samples, mean = 0.0 (flags = 0x41)
0  -O                                                                        (1 = 100.0%)
1  ... 

Histogram: PageLoad.LayoutInstability.CumulativeShiftScore recorded 1 samples, mean = 0.0 (flags = 0x41)
0  -O                                                                        (1 = 100.0%)
1  ... 

Histogram: PageLoad.LayoutInstability.CumulativeShiftScore.MainFrame recorded 1 samples, mean = 0.0 (flags = 0x41)
0  -O                                                                        (1 = 100.0%)
1  ... 

Histogram: PageLoad.LayoutInstability.MaxCumulativeShiftScore.SessionWindow.Gap1000ms.Max5000ms recorded 1 samples, mean = 0.0 (flags = 0x41)
0  -O                                                                        (1 = 100.0%)
1  ... 

Histogram: PageLoad.LayoutInstability.MaxCumulativeShiftScore.SessionWindow.Gap1000ms.Max5000ms2 recorded 1 samples, mean = 0.0 (flags = 0x41)
0  -O                                                                        (1 = 100.0%)
1  ... 

Histogram: PageLoad.PageTiming.ForegroundDuration recorded 1 samples, mean = 4332590.0 (flags = 0x41)
0        ... 
3600000  -O                                                                        (1 = 100.0%) {0.0%}

Histogram: PageLoad.PageTiming.ForegroundDuration.AfterPaint recorded 1 samples, mean = 4314295.0 (flags = 0x41)
0        ... 
3600000  -O                                                                        (1 = 100.0%) {0.0%}

Histogram: PageLoad.PageTiming.ForegroundDuration.NoCommit recorded 1 samples, mean = 297.0 (flags = 0x41)
0    ... 
263  -O                                                                        (1 = 100.0%) {0.0%}
300  ... 

Histogram: PageLoad.PageTiming.ForegroundDuration.WithPaint recorded 1 samples, mean = 4332590.0 (flags = 0x41)
0        ... 
3600000  -O                                                                        (1 = 100.0%) {0.0%}

Histogram: PageLoad.PaintTiming.NavigationToFirstPaint recorded 1 samples, mean = 18295.0 (flags = 0x41)
0      ... 
16456  -O                                                                        (1 = 100.0%) {0.0%}
18413  ... 

Histogram: PageLoad.ParseTiming.NavigationToParseStart recorded 1 samples, mean = 14627.0 (flags = 0x41)
0      ... 
13144  -O                                                                        (1 = 100.0%) {0.0%}
14707  ... 

Histogram: PageLoad.ParseTiming.NavigationToParseStart.LoadType.NewNavigation recorded 1 samples, mean = 14627.0 (flags = 0x41)
0      ... 
13144  -O                                                                        (1 = 100.0%) {0.0%}
14707  ... 

Histogram: PageLoad.ParseTiming.ParseBlockedOnScriptExecution recorded 1 samples, mean = 69.0 (flags = 0x41)
0   ... 
67  -O                                                                        (1 = 100.0%) {0.0%}
75  ... 

Histogram: PageLoad.ParseTiming.ParseBlockedOnScriptExecutionFromDocumentWrite recorded 1 samples, mean = 0.0 (flags = 0x41)
0  -O                                                                        (1 = 100.0%)
10 ... 

Histogram: PageLoad.ParseTiming.ParseBlockedOnScriptLoad recorded 1 samples, mean = 2907.0 (flags = 0x41)
0     ... 
2725  -O                                                                        (1 = 100.0%) {0.0%}
3049  ... 

Histogram: PaintHolding.CommitTrigger2 recorded 1 samples, mean = 3.0 (flags = 0x41)
0  ... 
3  -O                                                                        (1 = 100.0%) {0.0%}
4  ... 

Histogram: PasswordManager.AccountStore.InaccessiblePasswords3 recorded 1 samples, mean = 0.0 (flags = 0x41)
0  -O                                                                        (1 = 100.0%)
1  ... 

Histogram: PasswordManager.AccountStore.LoginDatabaseEncryptionStatus recorded 1 samples, mean = 0.0 (flags = 0x41)
0  -O                                                                        (1 = 100.0%)
1  ... 

Histogram: PasswordManager.AffiliationDatabase.DatabaseSize recorded 1 samples, mean = 52.0 (flags = 0x41)
0  -O                                                                        (1 = 100.0%)
1000... 

Histogram: PasswordManager.BubbleSuppression.AccountsInStatisticsTable2 recorded 1 samples, mean = 0.0 (flags = 0x41)
0  -O                                                                        (1 = 100.0%)
1  ... 

Histogram: PasswordManager.GetAllLogins.TimeSinceInit recorded 2 samples, mean = 30246.0 (flags = 0x41)
0      ... 
26495  --O                                                                       (2 = 100.0%) {0.0%}
33665  ... 

Histogram: PasswordManager.GetAutofillableLogins.TimeSinceInit recorded 2 samples, mean = 14919.5 (flags = 0x41)
0      ... 
12916  --O                                                                       (2 = 100.0%) {0.0%}
16411  ... 

Histogram: PasswordManager.LoginDatabaseInit2 recorded 2 samples, mean = 0.0 (flags = 0x41)
0  --O                                                                       (2 = 100.0%)
1  ... 

Histogram: PasswordManager.OnEncryptorReceived.Success recorded 2 samples, mean = 1.0 (flags = 0x41)
0  O                                                                         (0 = 0.0%)
1  --O                                                                       (2 = 100.0%) {0.0%}
2  O                                                                         (0 = 0.0%) {100.0%}

Histogram: PasswordManager.PasswordStore.InitTime recorded 2 samples, mean = 9247.0 (flags = 0x41)
0     ... 
8416  --O                                                                       (2 = 100.0%) {0.0%}
10000 O                                                                         (0 = 0.0%) {100.0%}

Histogram: PasswordManager.PasswordStoreBackend.GetAllLoginsAsync recorded 4 samples, mean = 1.0 (flags = 0x41)
0  --O                                                                       (2 = 50.0%)
1  O                                                                         (0 = 0.0%) {50.0%}
2  --O                                                                       (2 = 50.0%) {50.0%}
3  ... 

Histogram: PasswordManager.PasswordStoreBackend.GetAllLoginsAsync.Latency recorded 2 samples, mean = 338.0 (flags = 0x41)
0    ... 
280  --O                                                                       (2 = 100.0%) {0.0%}
356  ... 

Histogram: PasswordManager.PasswordStoreBackend.GetAllLoginsAsync.Success recorded 2 samples, mean = 1.0 (flags = 0x41)
0  O                                                                         (0 = 0.0%)
1  --O                                                                       (2 = 100.0%) {0.0%}
2  O                                                                         (0 = 0.0%) {100.0%}

Histogram: PasswordManager.PasswordStoreBackend.GetAutofillableLoginsAsync recorded 4 samples, mean = 1.0 (flags = 0x41)
0  --O                                                                       (2 = 50.0%)
1  O                                                                         (0 = 0.0%) {50.0%}
2  --O                                                                       (2 = 50.0%) {50.0%}
3  ... 

Histogram: PasswordManager.PasswordStoreBackend.GetAutofillableLoginsAsync.Latency recorded 2 samples, mean = 993.0 (flags = 0x41)
0    ... 
926  --O                                                                       (2 = 100.0%) {0.0%}
1177 ... 

Histogram: PasswordManager.PasswordStoreBackend.GetAutofillableLoginsAsync.Success recorded 2 samples, mean = 1.0 (flags = 0x41)
0  O                                                                         (0 = 0.0%)
1  --O                                                                       (2 = 100.0%) {0.0%}
2  O                                                                         (0 = 0.0%) {100.0%}

Histogram: PasswordManager.PasswordStoreBuiltInBackend.GetAllLoginsAsync recorded 4 samples, mean = 1.0 (flags = 0x41)
0  --O                                                                       (2 = 50.0%)
1  O                                                                         (0 = 0.0%) {50.0%}
2  --O                                                                       (2 = 50.0%) {50.0%}
3  ... 

Histogram: PasswordManager.PasswordStoreBuiltInBackend.GetAllLoginsAsync.Latency recorded 2 samples, mean = 338.0 (flags = 0x41)
0    ... 
280  --O                                                                       (2 = 100.0%) {0.0%}
356  ... 

Histogram: PasswordManager.PasswordStoreBuiltInBackend.GetAllLoginsAsync.Success recorded 2 samples, mean = 1.0 (flags = 0x41)
0  O                                                                         (0 = 0.0%)
1  --O                                                                       (2 = 100.0%) {0.0%}
2  O                                                                         (0 = 0.0%) {100.0%}

Histogram: PasswordManager.PasswordStoreBuiltInBackend.GetAutofillableLoginsAsync recorded 4 samples, mean = 1.0 (flags = 0x41)
0  --O                                                                       (2 = 50.0%)
1  O                                                                         (0 = 0.0%) {50.0%}
2  --O                                                                       (2 = 50.0%) {50.0%}
3  ... 

Histogram: PasswordManager.PasswordStoreBuiltInBackend.GetAutofillableLoginsAsync.Latency recorded 2 samples, mean = 993.0 (flags = 0x41)
0    ... 
926  --O                                                                       (2 = 100.0%) {0.0%}
1177 ... 

Histogram: PasswordManager.PasswordStoreBuiltInBackend.GetAutofillableLoginsAsync.Success recorded 2 samples, mean = 1.0 (flags = 0x41)
0  O                                                                         (0 = 0.0%)
1  --O                                                                       (2 = 100.0%) {0.0%}
2  O                                                                         (0 = 0.0%) {100.0%}

Histogram: PasswordManager.ProfileStore.InaccessiblePasswords3 recorded 1 samples, mean = 0.0 (flags = 0x41)
0  -O                                                                        (1 = 100.0%)
1  ... 

Histogram: PasswordManager.ProfileStore.LoginDatabaseEncryptionStatus recorded 1 samples, mean = 0.0 (flags = 0x41)
0  -O                                                                        (1 = 100.0%)
1  ... 

Histogram: PasswordManager.SavedGaiaPasswordHashCount2 recorded 1 samples, mean = 0.0 (flags = 0x41)
0  -O                                                                        (1 = 100.0%)
1  ... 

Histogram: PasswordManager.SyncMetadataReadError2 recorded 2 samples, mean = 0.0 (flags = 0x41)
0  --O                                                                       (2 = 100.0%)
1  ... 

Histogram: PaymentRequest.IsCanMakePaymentAllowedByPref.Startup recorded 1 samples, mean = 1.0 (flags = 0x41)
0  O                                                                         (0 = 0.0%)
1  -O                                                                        (1 = 100.0%) {0.0%}
2  O                                                                         (0 = 0.0%) {100.0%}

Histogram: PerformanceManager.LoadingNotQuiescentPageCount.All recorded 144 samples, mean = 0.0 (flags = 0x41)
0  ------------------------------------------------------------------------O (144 = 100.0%)
1  ... 

Histogram: PerformanceManager.LoadingNotQuiescentPageCount.Hidden recorded 144 samples, mean = 0.0 (flags = 0x41)
0  ------------------------------------------------------------------------O (144 = 100.0%)
1  ... 

Histogram: PerformanceManager.LoadingNotQuiescentPageCount.MixedVisibility recorded 144 samples, mean = 0.0 (flags = 0x41)
0  ------------------------------------------------------------------------O (144 = 100.0%)
1  ... 

Histogram: PerformanceManager.LoadingNotQuiescentPageCount.Visible recorded 144 samples, mean = 0.0 (flags = 0x41)
0  ------------------------------------------------------------------------O (144 = 100.0%)
1  ... 

Histogram: PerformanceManager.QuiescentPageCount recorded 144 samples, mean = 1.0 (flags = 0x41)
0  O                                                                         (0 = 0.0%)
1  ------------------------------------------------------------------------O (144 = 100.0%) {0.0%}
2  ... 

Histogram: PerformanceManager.SiteDB.DatabaseInit recorded 1 samples, mean = 0.0 (flags = 0x41)
0  -O                                                                        (1 = 100.0%)
1  ... 

Histogram: PerformanceManager.SiteDB.OnDiskSize recorded 1 samples, mean = 2.0 (flags = 0x41)
0  -O                                                                        (1 = 100.0%)
1000... 

Histogram: PerformanceManager.SiteDB.WriteCompleted.WriteSiteDataIntoStore recorded 1 samples, mean = 1.0 (flags = 0x41)
0  O                                                                         (0 = 0.0%)
1  -O                                                                        (1 = 100.0%) {0.0%}
2  O                                                                         (0 = 0.0%) {100.0%}

Histogram: PerformanceManager.SiteDB.WriteScheduled.WriteSiteDataIntoStore recorded 1 samples, mean = 1.0 (flags = 0x41)
0  O                                                                         (0 = 0.0%)
1  -O                                                                        (1 = 100.0%) {0.0%}
2  O                                                                         (0 = 0.0%) {100.0%}

Histogram: PerformanceManager.TabRevisitTracker.TimeToClose2 recorded 1 samples, mean = 4332.0 (flags = 0x41)
0     ... 
4197  -O                                                                        (1 = 100.0%) {0.0%}
4416  ... 

Histogram: PerformanceManager.UserTuning.BatterySaverModeEnabledPercent recorded 1 samples, mean = 0.0 (flags = 0x41)
0  -O                                                                        (1 = 100.0%)
1  ... 

Histogram: PerformanceManager.UserTuning.MemorySaverModeEnabledPercent recorded 1 samples, mean = 0.0 (flags = 0x41)
0  -O                                                                        (1 = 100.0%)
1  ... 

Histogram: PerformanceMonitor.AverageCPU8.BrowserProcess recorded 36 samples, mean = 602.2 (flags = 0x41)
0    ... 
462  ------O                                                                   (6 = 16.7%) {0.0%}
558  ----------------------------O                                             (28 = 77.8%) {16.7%}
674  ... 
983  --O                                                                       (2 = 5.6%) {94.4%}
1187 ... 

Histogram: PerformanceMonitor.AverageCPU8.GPUProcess recorded 36 samples, mean = 12.4 (flags = 0x41)
0    ... 
3    -O                                                                        (1 = 2.8%) {0.0%}
4    -O                                                                        (1 = 2.8%) {2.8%}
5    --------------O                                                           (14 = 38.9%) {5.6%}
6    ----------O                                                               (10 = 27.8%) {44.4%}
7    -----O                                                                    (5 = 13.9%) {72.2%}
8    ----O                                                                     (4 = 11.1%) {86.1%}
10   ... 
218  -O                                                                        (1 = 2.8%) {97.2%}
263  ... 

Histogram: PerformanceMonitor.AverageCPU8.NetworkProcess recorded 36 samples, mean = 2.0 (flags = 0x41)
0   O                                                                         (0 = 0.0%)
1   --------------------O                                                     (20 = 55.6%) {0.0%}
2   ------------O                                                             (12 = 33.3%) {55.6%}
3   O                                                                         (0 = 0.0%) {88.9%}
4   ---O                                                                      (3 = 8.3%) {88.9%}
5   ... 
15  -O                                                                        (1 = 2.8%) {97.2%}
18  ... 

Histogram: PerformanceMonitor.AverageCPU8.OtherProcess recorded 36 samples, mean = 0.0 (flags = 0x41)
0  ------------------------------------O                                     (36 = 100.0%)
1  ... 

Histogram: PerformanceMonitor.AverageCPU8.RendererExtensionEventProcess recorded 36 samples, mean = 0.0 (flags = 0x41)
0  ------------------------------------O                                     (36 = 100.0%)
1  ... 

Histogram: PerformanceMonitor.AverageCPU8.RendererExtensionPersistentProcess recorded 36 samples, mean = 0.0 (flags = 0x41)
0  ------------------------------------O                                     (36 = 100.0%)
1  ... 

Histogram: PerformanceMonitor.AverageCPU8.RendererProcess recorded 36 samples, mean = 3.2 (flags = 0x41)
0    -----------------------------------O                                      (35 = 97.2%)
1    ... 
103  -O                                                                        (1 = 2.8%) {97.2%}
124  ... 

Histogram: PerformanceMonitor.AverageCPU8.Total recorded 36 samples, mean = 614.2 (flags = 0x41)
0     ... 
462   ----O                                                                     (4 = 11.1%) {0.0%}
558   ------------------------------O                                           (30 = 83.3%) {11.1%}
674   ... 
983   -O                                                                        (1 = 2.8%) {94.4%}
1187  -O                                                                        (1 = 2.8%) {97.2%}
1433  ... 

Histogram: PerformanceMonitor.AverageCPU8.Total.ZeroWindow recorded 36 samples, mean = 614.2 (flags = 0x41)
0     ... 
462   ----O                                                                     (4 = 11.1%) {0.0%}
558   ------------------------------O                                           (30 = 83.3%) {11.1%}
674   ... 
983   -O                                                                        (1 = 2.8%) {94.4%}
1187  -O                                                                        (1 = 2.8%) {97.2%}
1433  ... 

Histogram: PerformanceMonitor.AverageCPU8.UtilityProcess recorded 36 samples, mean = 0.2 (flags = 0x41)
0  -----------------------------------O                                      (35 = 97.2%)
1  ... 
7  -O                                                                        (1 = 2.8%) {97.2%}
8  ... 

Histogram: PerformanceMonitor.HasPreciseCPUUsage recorded 11 samples, mean = 1.0 (flags = 0x41)
0  O                                                                         (0 = 0.0%)
1  -----------O                                                              (11 = 100.0%) {0.0%}
2  O                                                                         (0 = 0.0%) {100.0%}

Histogram: PerformanceMonitor.UsageScenario.LongInterval recorded 36 samples, mean = 13.0 (flags = 0x41)
0   ... 
13  ------------------------------------O                                     (36 = 100.0%) {0.0%}
14  ... 

Histogram: Permissions.API.CreatedPermissionStatusObjects recorded 1 samples, mean = 0.0 (flags = 0x41)
0  -O                                                                        (1 = 100.0%)
1  ... 

Histogram: Permissions.Experimental.PrimaryMainNavigationFinished.AudioCapture.TopLevelHeaderPolicy recorded 1 samples, mean = 0.0 (flags = 0x41)
0  -O                                                                        (1 = 100.0%)
1  ... 

Histogram: Permissions.Experimental.PrimaryMainNavigationFinished.Geolocation.TopLevelHeaderPolicy recorded 1 samples, mean = 0.0 (flags = 0x41)
0  -O                                                                        (1 = 100.0%)
1  ... 

Histogram: Permissions.Experimental.PrimaryMainNavigationFinished.VideoCapture.TopLevelHeaderPolicy recorded 1 samples, mean = 0.0 (flags = 0x41)
0  -O                                                                        (1 = 100.0%)
1  ... 

Histogram: Permissions.QuietNotificationPrompts.RegularProfile.IsEnabledInPrefs recorded 1 samples, mean = 0.0 (flags = 0x41)
0  -O                                                                        (1 = 100.0%)
1  ... 

Histogram: Platform.IntelMaxMicroArchitecture recorded 1 samples, mean = 10.0 (flags = 0x41)
0   ... 
10  -O                                                                        (1 = 100.0%) {0.0%}
11  ... 

Histogram: Power.BatteryDischargeMode5 recorded 72 samples, mean = 4.0 (flags = 0x41)
0  ... 
4  ------------------------------------------------------------------------O (72 = 100.0%) {0.0%}
5  ... 

Histogram: Power.BatteryDischargeMode5.Initial recorded 1 samples, mean = 4.0 (flags = 0x41)
0  ... 
4  -O                                                                        (1 = 100.0%) {0.0%}
5  ... 

Histogram: Power.BatteryDischargeMode5.Periodic recorded 71 samples, mean = 4.0 (flags = 0x41)
0  ... 
4  -----------------------------------------------------------------------O  (71 = 100.0%) {0.0%}
5  ... 

Histogram: Power.BatteryDischargeMode5.TenMinutes recorded 7 samples, mean = 4.0 (flags = 0x41)
0  ... 
4  -------O                                                                  (7 = 100.0%) {0.0%}
5  ... 

Histogram: Power.BatteryDischargeMode5.ZeroWindow recorded 72 samples, mean = 4.0 (flags = 0x41)
0  ... 
4  ------------------------------------------------------------------------O (72 = 100.0%) {0.0%}
5  ... 

Histogram: Power.BatteryDischargeMode5.ZeroWindow.Initial recorded 1 samples, mean = 4.0 (flags = 0x41)
0  ... 
4  -O                                                                        (1 = 100.0%) {0.0%}
5  ... 

Histogram: Power.BatteryDischargeMode5.ZeroWindow.Periodic recorded 71 samples, mean = 4.0 (flags = 0x41)
0  ... 
4  -----------------------------------------------------------------------O  (71 = 100.0%) {0.0%}
5  ... 

Histogram: Power.HasPreciseBatteryDischargeGranularity recorded 72 samples, mean = 0.0 (flags = 0x41)
0  ------------------------------------------------------------------------O (72 = 100.0%)
1  ... 

Histogram: Prefs.JSonStore.SetValueKey recorded 70 samples (flags = 0x41)
372921139   ---------------------------O                                              (27 = 38.6%)
819550135   -O                                                                        (1 = 1.4%)
852125461   --O                                                                       (2 = 2.9%)
1300345862  -O                                                                        (1 = 1.4%)
1923415074  ------O                                                                   (6 = 8.6%)
1927273959  -O                                                                        (1 = 1.4%)
1936820420  --O                                                                       (2 = 2.9%)
1956100443  --O                                                                       (2 = 2.9%)
2056672062  ---------------------------O                                              (27 = 38.6%)
2082524502  -O                                                                        (1 = 1.4%)

Histogram: Privacy.CookieControlsSetting.RegularProfile recorded 1 samples, mean = 2.0 (flags = 0x41)
0  ... 
2  -O                                                                        (1 = 100.0%) {0.0%}
3  O                                                                         (0 = 0.0%) {100.0%}

Histogram: Privacy.DIPS.BounceCategoryServer.Block3PC recorded 1 samples, mean = 0.0 (flags = 0x41)
0  -O                                                                        (1 = 100.0%)
1  ... 

Histogram: Privacy.DIPS.ClearedSitesCount.Block3PC recorded 2 samples, mean = 0.0 (flags = 0x41)
0  --O                                                                       (2 = 100.0%)
1  ... 

Histogram: Privacy.DIPS.DIPSErrorCodes recorded 2 samples, mean = 3.0 (flags = 0x41)
0  -O                                                                        (1 = 50.0%)
1  ... 
6  -O                                                                        (1 = 50.0%) {50.0%}
7  ... 

Histogram: Privacy.DIPS.Database.Operation.FilterSitesWithProtectiveEventTime recorded 1 samples, mean = 0.0 (flags = 0x41)
0  -O                                                                        (1 = 100.0%)
1  ... 

Histogram: Privacy.DIPS.Database.Operation.GetSitesThatBouncedWithStateTime recorded 2 samples, mean = 0.0 (flags = 0x41)
0  --O                                                                       (2 = 100.0%)
1  ... 

Histogram: Privacy.DIPS.Database.Operation.InitTime recorded 1 samples, mean = 8.0 (flags = 0x41)
0  ... 
8  -O                                                                        (1 = 100.0%) {0.0%}
10 ... 

Histogram: Privacy.DIPS.Database.Operation.ReadPopupTime recorded 1 samples, mean = 0.0 (flags = 0x41)
0  -O                                                                        (1 = 100.0%)
1  ... 

Histogram: Privacy.DIPS.Database.Operation.ReadTime recorded 3 samples, mean = 0.0 (flags = 0x41)
0  ---O                                                                      (3 = 100.0%)
1  ... 

Histogram: Privacy.DIPS.Database.Operation.RemoveRowsTime recorded 1 samples, mean = 0.0 (flags = 0x41)
0  -O                                                                        (1 = 100.0%)
1  ... 

Histogram: Privacy.DIPS.Database.Operation.WriteTime recorded 1 samples, mean = 63.0 (flags = 0x41)
0   ... 
57  -O                                                                        (1 = 100.0%) {0.0%}
68  ... 

Histogram: Privacy.DIPS.DatabaseEntryCount recorded 1 samples, mean = 0.0 (flags = 0x41)
0  -O                                                                        (1 = 100.0%)
1  ... 

Histogram: Privacy.DIPS.DatabaseHealthMetricsTime recorded 1 samples, mean = 0.0 (flags = 0x41)
0  -O                                                                        (1 = 100.0%)
1  ... 

Histogram: Privacy.DIPS.DatabaseInit recorded 1 samples, mean = 1.0 (flags = 0x41)
0  O                                                                         (0 = 0.0%)
1  -O                                                                        (1 = 100.0%) {0.0%}
2  ... 

Histogram: Privacy.DIPS.DatabaseSize recorded 1 samples, mean = 36.0 (flags = 0x41)
0  -O                                                                        (1 = 100.0%)
1000... 

Histogram: Privacy.DoNotTrackSetting2 recorded 1 samples, mean = 0.0 (flags = 0x41)
0  -O                                                                        (1 = 100.0%)
1  ... 

Histogram: Privacy.ThirdPartyCookieBlockingSetting.RegularProfile recorded 1 samples, mean = 0.0 (flags = 0x41)
0  -O                                                                        (1 = 100.0%)
1  ... 

Histogram: PrivacyBudget.Identifiability.FinchConfigValidationResult recorded 1 samples, mean = 1.0 (flags = 0x41)
0  O                                                                         (0 = 0.0%)
1  -O                                                                        (1 = 100.0%) {0.0%}
2  O                                                                         (0 = 0.0%) {100.0%}

Histogram: PrivacySandbox.NoticeRequirement.IsVariationCountryEmpty recorded 3 samples, mean = 1.0 (flags = 0x41)
0  O                                                                         (0 = 0.0%)
1  ---O                                                                      (3 = 100.0%) {0.0%}
2  O                                                                         (0 = 0.0%) {100.0%}

Histogram: PrivacySandbox.NoticeRequirement.IsVariationServiceReady recorded 3 samples, mean = 1.0 (flags = 0x41)
0  O                                                                         (0 = 0.0%)
1  ---O                                                                      (3 = 100.0%) {0.0%}
2  O                                                                         (0 = 0.0%) {100.0%}

Histogram: PrivacySandbox.TrackingProtection.OnboardingStartup.State recorded 1 samples, mean = 0.0 (flags = 0x41)
0  -O                                                                        (1 = 100.0%)
1  ... 

Histogram: PrivacySandbox.TrackingProtection.SilentOnboardingStartup.State recorded 1 samples, mean = 0.0 (flags = 0x41)
0  -O                                                                        (1 = 100.0%)
1  ... 

Histogram: Profile.AppCount recorded 1 samples, mean = 0.0 (flags = 0x41)
0  -O                                                                        (1 = 100.0%)
1  ... 

Histogram: Profile.BookmarksSize recorded 1 samples, mean = 0.0 (flags = 0x41)
0  -O                                                                        (1 = 100.0%)
1  ... 

Histogram: Profile.CookiesSize recorded 1 samples, mean = 0.0 (flags = 0x41)
0  -O                                                                        (1 = 100.0%)
1  ... 

Histogram: Profile.Destroyer.OffTheRecord recorded 1 samples, mean = 1.0 (flags = 0x41)
0  O                                                                         (0 = 0.0%)
1  -O                                                                        (1 = 100.0%) {0.0%}
2  ... 

Histogram: Profile.DidDestroyProfileBeforeShutdown recorded 1 samples, mean = 0.0 (flags = 0x41)
0  -O                                                                        (1 = 100.0%)
1  ... 

Histogram: Profile.ExtensionSize recorded 1 samples, mean = 0.0 (flags = 0x41)
0  -O                                                                        (1 = 100.0%)
1  ... 

Histogram: Profile.FaviconsSize recorded 1 samples, mean = 0.0 (flags = 0x41)
0  -O                                                                        (1 = 100.0%)
1  ... 

Histogram: Profile.HistorySize recorded 1 samples, mean = 0.0 (flags = 0x41)
0  -O                                                                        (1 = 100.0%)
1  ... 

Histogram: Profile.KeepAliveLeakAtShutdown recorded 2 samples, mean = 3.5 (flags = 0x41)
0  -O                                                                        (1 = 50.0%)
1  ... 
7  -O                                                                        (1 = 50.0%) {50.0%}
8  ... 

Histogram: Profile.LiveProfileCount recorded 2 samples, mean = 1.0 (flags = 0x41)
0  O                                                                         (0 = 0.0%)
1  --O                                                                       (2 = 100.0%) {0.0%}
2  ... 

Histogram: Profile.TopSitesSize recorded 1 samples, mean = 0.0 (flags = 0x41)
0  -O                                                                        (1 = 100.0%)
1  ... 

Histogram: Profile.TotalHistorySize recorded 1 samples, mean = 0.0 (flags = 0x41)
0  -O                                                                        (1 = 100.0%)
1  ... 

Histogram: Profile.TotalSize recorded 1 samples, mean = 0.0 (flags = 0x41)
0  -O                                                                        (1 = 100.0%)
1  ... 

Histogram: Profile.TotalSizeRecursive recorded 1 samples, mean = 17.0 (flags = 0x41)
0   ... 
17  -O                                                                        (1 = 100.0%) {0.0%}
20  ... 

Histogram: Profile.TriggeredReset recorded 1 samples, mean = 0.0 (flags = 0x41)
0  -O                                                                        (1 = 100.0%)
1  ... 

Histogram: Profile.VisitedLinksSize recorded 1 samples, mean = 0.0 (flags = 0x41)
0  -O                                                                        (1 = 100.0%)
1  ... 

Histogram: Profile.WebDataSize recorded 1 samples, mean = 0.0 (flags = 0x41)
0  -O                                                                        (1 = 100.0%)
1  ... 

Histogram: Profile.ZombieProfileCount recorded 2 samples, mean = 0.0 (flags = 0x41)
0  --O                                                                       (2 = 100.0%)
1  ... 

Histogram: ProfilePicker.StartupMode.CreateInitialProfile recorded 1 samples, mean = 0.0 (flags = 0x41)
0  -O                                                                        (1 = 100.0%)
1  ... 

Histogram: ProfilePicker.StartupMode.GetStartupProfile recorded 1 samples, mean = 0.0 (flags = 0x41)
0  -O                                                                        (1 = 100.0%)
1  ... 

Histogram: ProfilePicker.StartupReason.GetStartupProfile recorded 1 samples, mean = 27.0 (flags = 0x41)
0   ... 
27  -O                                                                        (1 = 100.0%) {0.0%}
28  ... 

Histogram: ProtoDB.GetErrorStatus.Metadata recorded 0 samples (flags = 0x41)
0 ... 

Histogram: ProtoDB.GetFound.Metadata recorded 18 samples, mean = 1.0 (flags = 0x41)
0  O                                                                         (0 = 0.0%)
1  ------------------O                                                       (18 = 100.0%) {0.0%}
2  O                                                                         (0 = 0.0%) {100.0%}

Histogram: ProtoDB.GetSuccess.Metadata recorded 18 samples, mean = 1.0 (flags = 0x41)
0  O                                                                         (0 = 0.0%)
1  ------------------O                                                       (18 = 100.0%) {0.0%}
2  O                                                                         (0 = 0.0%) {100.0%}

Histogram: ProtoDB.InitStatus.BudgetManager recorded 1 samples, mean = 4.0 (flags = 0x41)
0  ... 
4  -O                                                                        (1 = 100.0%) {0.0%}
5  ... 

Histogram: ProtoDB.InitStatus.CartDatabase recorded 1 samples, mean = 4.0 (flags = 0x41)
0  ... 
4  -O                                                                        (1 = 100.0%) {0.0%}
5  ... 

Histogram: ProtoDB.InitStatus.ClientCertificatesDatabase recorded 1 samples, mean = 4.0 (flags = 0x41)
0  ... 
4  -O                                                                        (1 = 100.0%) {0.0%}
5  ... 

Histogram: ProtoDB.InitStatus.CommerceParcelTrackingDatabase recorded 1 samples, mean = 4.0 (flags = 0x41)
0  ... 
4  -O                                                                        (1 = 100.0%) {0.0%}
5  ... 

Histogram: ProtoDB.InitStatus.CommerceSubscriptionDatabase recorded 1 samples, mean = 4.0 (flags = 0x41)
0  ... 
4  -O                                                                        (1 = 100.0%) {0.0%}
5  ... 

Histogram: ProtoDB.InitStatus.CouponDatabase recorded 1 samples, mean = 4.0 (flags = 0x41)
0  ... 
4  -O                                                                        (1 = 100.0%) {0.0%}
5  ... 

Histogram: ProtoDB.InitStatus.DiscountsDatabase recorded 1 samples, mean = 4.0 (flags = 0x41)
0  ... 
4  -O                                                                        (1 = 100.0%) {0.0%}
5  ... 

Histogram: ProtoDB.InitStatus.DownloadDB recorded 1 samples, mean = 4.0 (flags = 0x41)
0  ... 
4  -O                                                                        (1 = 100.0%) {0.0%}
5  ... 

Histogram: ProtoDB.InitStatus.DownloadService recorded 1 samples, mean = 4.0 (flags = 0x41)
0  ... 
4  -O                                                                        (1 = 100.0%) {0.0%}
5  ... 

Histogram: ProtoDB.InitStatus.FeatureEngagementTrackerAvailabilityStore recorded 1 samples, mean = 4.0 (flags = 0x41)
0  ... 
4  -O                                                                        (1 = 100.0%) {0.0%}
5  ... 

Histogram: ProtoDB.InitStatus.FeatureEngagementTrackerEventStore recorded 1 samples, mean = 4.0 (flags = 0x41)
0  ... 
4  -O                                                                        (1 = 100.0%) {0.0%}
5  ... 

Histogram: ProtoDB.InitStatus.Metadata recorded 1 samples, mean = 0.0 (flags = 0x41)
0  -O                                                                        (1 = 100.0%)
1  ... 

Histogram: ProtoDB.InitStatus.PersistentOriginTrials recorded 1 samples, mean = 4.0 (flags = 0x41)
0  ... 
4  -O                                                                        (1 = 100.0%) {0.0%}
5  ... 

Histogram: ProtoDB.InitStatus.PreviewsHintCacheStore recorded 1 samples, mean = 4.0 (flags = 0x41)
0  ... 
4  -O                                                                        (1 = 100.0%) {0.0%}
5  ... 

Histogram: ProtoDB.InitStatus.SegmentInfoDatabase recorded 1 samples, mean = 4.0 (flags = 0x41)
0  ... 
4  -O                                                                        (1 = 100.0%) {0.0%}
5  ... 

Histogram: ProtoDB.InitStatus.SharedDb recorded 1 samples, mean = 0.0 (flags = 0x41)
0  -O                                                                        (1 = 100.0%)
1  ... 

Histogram: ProtoDB.InitStatus.SignalDatabase recorded 1 samples, mean = 4.0 (flags = 0x41)
0  ... 
4  -O                                                                        (1 = 100.0%) {0.0%}
5  ... 

Histogram: ProtoDB.InitStatus.SignalStorageConfigDatabase recorded 1 samples, mean = 4.0 (flags = 0x41)
0  ... 
4  -O                                                                        (1 = 100.0%) {0.0%}
5  ... 

Histogram: ProtoDB.InitStatus.StrikeService recorded 1 samples, mean = 4.0 (flags = 0x41)
0  ... 
4  -O                                                                        (1 = 100.0%) {0.0%}
5  ... 

Histogram: ProtoDB.LoadEntriesSuccess.CartDatabase recorded 1 samples, mean = 1.0 (flags = 0x41)
0  O                                                                         (0 = 0.0%)
1  -O                                                                        (1 = 100.0%) {0.0%}
2  O                                                                         (0 = 0.0%) {100.0%}

Histogram: ProtoDB.LoadEntriesSuccess.CommerceSubscriptionDatabase recorded 1 samples, mean = 1.0 (flags = 0x41)
0  O                                                                         (0 = 0.0%)
1  -O                                                                        (1 = 100.0%) {0.0%}
2  O                                                                         (0 = 0.0%) {100.0%}

Histogram: ProtoDB.LoadEntriesSuccess.CouponDatabase recorded 1 samples, mean = 1.0 (flags = 0x41)
0  O                                                                         (0 = 0.0%)
1  -O                                                                        (1 = 100.0%) {0.0%}
2  O                                                                         (0 = 0.0%) {100.0%}

Histogram: ProtoDB.LoadEntriesSuccess.DownloadDB recorded 1 samples, mean = 1.0 (flags = 0x41)
0  O                                                                         (0 = 0.0%)
1  -O                                                                        (1 = 100.0%) {0.0%}
2  O                                                                         (0 = 0.0%) {100.0%}

Histogram: ProtoDB.LoadEntriesSuccess.DownloadService recorded 1 samples, mean = 1.0 (flags = 0x41)
0  O                                                                         (0 = 0.0%)
1  -O                                                                        (1 = 100.0%) {0.0%}
2  O                                                                         (0 = 0.0%) {100.0%}

Histogram: ProtoDB.LoadEntriesSuccess.FeatureEngagementTrackerAvailabilityStore recorded 1 samples, mean = 1.0 (flags = 0x41)
0  O                                                                         (0 = 0.0%)
1  -O                                                                        (1 = 100.0%) {0.0%}
2  O                                                                         (0 = 0.0%) {100.0%}

Histogram: ProtoDB.LoadEntriesSuccess.FeatureEngagementTrackerEventStore recorded 1 samples, mean = 1.0 (flags = 0x41)
0  O                                                                         (0 = 0.0%)
1  -O                                                                        (1 = 100.0%) {0.0%}
2  O                                                                         (0 = 0.0%) {100.0%}

Histogram: ProtoDB.LoadEntriesSuccess.PersistentOriginTrials recorded 1 samples, mean = 1.0 (flags = 0x41)
0  O                                                                         (0 = 0.0%)
1  -O                                                                        (1 = 100.0%) {0.0%}
2  O                                                                         (0 = 0.0%) {100.0%}

Histogram: ProtoDB.LoadEntriesSuccess.SegmentInfoDatabase recorded 1 samples, mean = 1.0 (flags = 0x41)
0  O                                                                         (0 = 0.0%)
1  -O                                                                        (1 = 100.0%) {0.0%}
2  O                                                                         (0 = 0.0%) {100.0%}

Histogram: ProtoDB.LoadEntriesSuccess.SignalStorageConfigDatabase recorded 1 samples, mean = 1.0 (flags = 0x41)
0  O                                                                         (0 = 0.0%)
1  -O                                                                        (1 = 100.0%) {0.0%}
2  O                                                                         (0 = 0.0%) {100.0%}

Histogram: ProtoDB.LoadKeysAndEntriesSuccess.PreviewsHintCacheStore recorded 2 samples, mean = 1.0 (flags = 0x41)
0  O                                                                         (0 = 0.0%)
1  --O                                                                       (2 = 100.0%) {0.0%}
2  O                                                                         (0 = 0.0%) {100.0%}

Histogram: ProtoDB.LoadKeysAndEntriesSuccess.SignalDatabase recorded 5 samples, mean = 1.0 (flags = 0x41)
0  O                                                                         (0 = 0.0%)
1  -----O                                                                    (5 = 100.0%) {0.0%}
2  O                                                                         (0 = 0.0%) {100.0%}

Histogram: ProtoDB.LoadKeysAndEntriesSuccess.StrikeService recorded 1 samples, mean = 1.0 (flags = 0x41)
0  O                                                                         (0 = 0.0%)
1  -O                                                                        (1 = 100.0%) {0.0%}
2  O                                                                         (0 = 0.0%) {100.0%}

Histogram: ProtoDB.SharedDbInitStatus recorded 53 samples, mean = 11.4 (flags = 0x41)
0   ------------------O                                                       (18 = 34.0%)
1   ... 
11  -----------------O                                                        (17 = 32.1%) {34.0%}
12  ... 
23  -----------------O                                                        (17 = 32.1%) {66.0%}
24  ... 
27  -O                                                                        (1 = 1.9%) {98.1%}
28  ... 

Histogram: ProtoDB.UpdateErrorStatus.CartDatabase recorded 0 samples (flags = 0x41)
0 ... 

Histogram: ProtoDB.UpdateErrorStatus.CouponDatabase recorded 0 samples (flags = 0x41)
0 ... 

Histogram: ProtoDB.UpdateErrorStatus.Default recorded 0 samples (flags = 0x41)
0 ... 

Histogram: ProtoDB.UpdateErrorStatus.FeatureEngagementTrackerAvailabilityStore recorded 0 samples (flags = 0x41)
0 ... 

Histogram: ProtoDB.UpdateErrorStatus.Metadata recorded 0 samples (flags = 0x41)
0 ... 

Histogram: ProtoDB.UpdateErrorStatus.SegmentInfoDatabase recorded 0 samples (flags = 0x41)
0 ... 

Histogram: ProtoDB.UpdateErrorStatus.SignalDatabase recorded 0 samples (flags = 0x41)
0 ... 

Histogram: ProtoDB.UpdateErrorStatus.SignalStorageConfigDatabase recorded 0 samples (flags = 0x41)
0 ... 

Histogram: ProtoDB.UpdateSuccess.CartDatabase recorded 1 samples, mean = 1.0 (flags = 0x41)
0  O                                                                         (0 = 0.0%)
1  -O                                                                        (1 = 100.0%) {0.0%}
2  O                                                                         (0 = 0.0%) {100.0%}

Histogram: ProtoDB.UpdateSuccess.CouponDatabase recorded 1 samples, mean = 1.0 (flags = 0x41)
0  O                                                                         (0 = 0.0%)
1  -O                                                                        (1 = 100.0%) {0.0%}
2  O                                                                         (0 = 0.0%) {100.0%}

Histogram: ProtoDB.UpdateSuccess.Default recorded 5 samples, mean = 1.0 (flags = 0x41)
0  O                                                                         (0 = 0.0%)
1  -----O                                                                    (5 = 100.0%) {0.0%}
2  O                                                                         (0 = 0.0%) {100.0%}

Histogram: ProtoDB.UpdateSuccess.FeatureEngagementTrackerAvailabilityStore recorded 1 samples, mean = 1.0 (flags = 0x41)
0  O                                                                         (0 = 0.0%)
1  -O                                                                        (1 = 100.0%) {0.0%}
2  O                                                                         (0 = 0.0%) {100.0%}

Histogram: ProtoDB.UpdateSuccess.Metadata recorded 1 samples, mean = 1.0 (flags = 0x41)
0  O                                                                         (0 = 0.0%)
1  -O                                                                        (1 = 100.0%) {0.0%}
2  O                                                                         (0 = 0.0%) {100.0%}

Histogram: ProtoDB.UpdateSuccess.SegmentInfoDatabase recorded 11 samples, mean = 1.0 (flags = 0x41)
0  O                                                                         (0 = 0.0%)
1  -----------O                                                              (11 = 100.0%) {0.0%}
2  O                                                                         (0 = 0.0%) {100.0%}

Histogram: ProtoDB.UpdateSuccess.SignalDatabase recorded 5 samples, mean = 1.0 (flags = 0x41)
0  O                                                                         (0 = 0.0%)
1  -----O                                                                    (5 = 100.0%) {0.0%}
2  O                                                                         (0 = 0.0%) {100.0%}

Histogram: ProtoDB.UpdateSuccess.SignalStorageConfigDatabase recorded 1 samples, mean = 1.0 (flags = 0x41)
0  O                                                                         (0 = 0.0%)
1  -O                                                                        (1 = 100.0%) {0.0%}
2  O                                                                         (0 = 0.0%) {100.0%}

Histogram: Quota.AvailableDiskSpace recorded 4 samples, mean = 1137409.2 (flags = 0x41)
0        ... 
1040066  ----O                                                                     (4 = 100.0%) {0.0%}
1213287  ... 

Histogram: Quota.AvailableDiskSpace2 recorded 1 samples, mean = 1137389.0 (flags = 0x41)
0        ... 
1040066  -O                                                                        (1 = 100.0%) {0.0%}
1213287  ... 

Histogram: Quota.EvictedBucketsPerHour recorded 1 samples, mean = 0.0 (flags = 0x41)
0  -O                                                                        (1 = 100.0%)
1  ... 

Histogram: Quota.EvictionRoundsPerHour recorded 1 samples, mean = 2.0 (flags = 0x41)
0  ... 
2  -O                                                                        (1 = 100.0%) {0.0%}
3  ... 

Histogram: Quota.GlobalTemporaryPoolSize recorded 3 samples, mean = 1525051.0 (flags = 0x41)
0        ... 
1415357  ---O                                                                      (3 = 100.0%) {0.0%}
1651082  ... 

Histogram: Quota.GlobalUsageOfTemporaryStorage recorded 1 samples, mean = 0.0 (flags = 0x41)
0  -O                                                                        (1 = 100.0%)
1  ... 

Histogram: Quota.PercentDiskAvailable recorded 4 samples, mean = 59.0 (flags = 0x41)
0   ... 
59  ----O                                                                     (4 = 100.0%) {0.0%}
60  ... 

Histogram: Quota.PercentDiskAvailable2 recorded 1 samples, mean = 59.0 (flags = 0x41)
0   ... 
59  -O                                                                        (1 = 100.0%) {0.0%}
60  ... 

Histogram: Quota.PercentUsedForTemporaryStorage2 recorded 1 samples, mean = 0.0 (flags = 0x41)
0  -O                                                                        (1 = 100.0%)
1  ... 

Histogram: Quota.SkippedEvictionRoundsPerHour recorded 1 samples, mean = 2.0 (flags = 0x41)
0  ... 
2  -O                                                                        (1 = 100.0%) {0.0%}
3  ... 

Histogram: Quota.StorageKeyNonceCount recorded 1 samples, mean = 0.0 (flags = 0x41)
0  -O                                                                        (1 = 100.0%)
1  ... 

Histogram: Quota.TotalBucketCount recorded 1 samples, mean = 0.0 (flags = 0x41)
0  -O                                                                        (1 = 100.0%)
1  ... 

Histogram: Quota.TotalDiskSpace recorded 4 samples, mean = 1906314.0 (flags = 0x41)
0        ... 
1651082  ----O                                                                     (4 = 100.0%) {0.0%}
1926066  ... 

Histogram: Quota.TotalDiskSpaceIsZero recorded 3 samples, mean = 0.0 (flags = 0x41)
0  ---O                                                                      (3 = 100.0%)
1  ... 

Histogram: ReadingList.Read.Count.OnModelLoaded.AccountStorage recorded 1 samples, mean = 0.0 (flags = 0x41)
0  -O                                                                        (1 = 100.0%)
1  ... 

Histogram: ReadingList.Read.Count.OnModelLoaded.LocalStorage recorded 1 samples, mean = 0.0 (flags = 0x41)
0  -O                                                                        (1 = 100.0%)
1  ... 

Histogram: ReadingList.Unread.Count.OnModelLoaded.AccountStorage recorded 1 samples, mean = 0.0 (flags = 0x41)
0  -O                                                                        (1 = 100.0%)
1  ... 

Histogram: ReadingList.Unread.Count.OnModelLoaded.LocalStorage recorded 1 samples, mean = 0.0 (flags = 0x41)
0  -O                                                                        (1 = 100.0%)
1  ... 

Histogram: Renderer.Core.Timing.Performance.SwapsPerPerformanceEntryInsertion recorded 58 samples, mean = 1.2 (flags = 0x41)
0   --------------------------------------O                                   (38 = 65.5%)
1   ----------O                                                               (10 = 17.2%) {65.5%}
2   --O                                                                       (2 = 3.4%) {82.8%}
3   --O                                                                       (2 = 3.4%) {86.2%}
4   O                                                                         (0 = 0.0%) {89.7%}
5   ---O                                                                      (3 = 5.2%) {89.7%}
6   ... 
8   -O                                                                        (1 = 1.7%) {94.8%}
9   O                                                                         (0 = 0.0%) {96.6%}
10  -O                                                                        (1 = 1.7%) {96.6%}
11  ... 
14  -O                                                                        (1 = 1.7%) {98.3%}
16  ... 

Histogram: Renderer.CriticalFonts.BlockingResourcesLoadTime recorded 1 samples, mean = 17585.0 (flags = 0x41)
0      ... 
10000  -O                                                                        (1 = 100.0%) {0.0%}

Histogram: Renderer.CriticalFonts.CriticalFontDelay recorded 1 samples, mean = 0.0 (flags = 0x41)
0  -O                                                                        (1 = 100.0%)
1  ... 

Histogram: Renderer.CriticalFonts.PreloadedFontsLoadTime recorded 1 samples, mean = 16577.0 (flags = 0x41)
0      ... 
10000  -O                                                                        (1 = 100.0%) {0.0%}

Histogram: Renderer.Font.PrimaryFont.DomContentLoaded recorded 1 samples, mean = 18.0 (flags = 0x41)
0   ... 
17  -O                                                                        (1 = 100.0%) {0.0%}
20  ... 

Histogram: Renderer.Font.PrimaryFont.DomContentLoaded.Style recorded 1 samples, mean = 0.0 (flags = 0x41)
0  -O                                                                        (1 = 100.0%)
1  ... 

Histogram: Renderer.Font.SystemFallback.DomContentLoaded recorded 1 samples, mean = 0.0 (flags = 0x41)
0  -O                                                                        (1 = 100.0%)
1  ... 

Histogram: Renderer.Layout.TextWrapBalance recorded 5 samples, mean = 0.0 (flags = 0x41)
0  -----O                                                                    (5 = 100.0%)
1  ... 

Histogram: Renderer.ProcessLifetime3 recorded 3 samples, mean = 2882688.2 (flags = 0x41)
0        ... 
7186     -O                                                                        (1 = 33.3%) {0.0%}
8070     ... 
4235061  --O                                                                       (2 = 66.7%) {33.3%}
4755881  ... 

Histogram: Renderer.ProcessLifetime3.Empty recorded 1 samples, mean = 4317037.0 (flags = 0x41)
0        ... 
4235061  -O                                                                        (1 = 100.0%) {0.0%}
4755881  ... 

Histogram: Renderer.ProcessLifetime3.MainFrame recorded 1 samples, mean = 4323695.0 (flags = 0x41)
0        ... 
4235061  -O                                                                        (1 = 100.0%) {0.0%}
4755881  ... 

Histogram: Renderer.ProcessLifetime3.Speculative recorded 1 samples, mean = 7333.0 (flags = 0x41)
0     ... 
7186  -O                                                                        (1 = 100.0%) {0.0%}
8070  ... 

Histogram: Renderer.ReduceSubresourceResponseIPC.DidNotifyBrowser recorded 46 samples, mean = 1.0 (flags = 0x41)
0  O                                                                         (0 = 0.0%)
1  ----------------------------------------------O                           (46 = 100.0%) {0.0%}
2  O                                                                         (0 = 0.0%) {100.0%}

Histogram: Renderer4.GpuRasterizationEnabled recorded 1 samples, mean = 1.0 (flags = 0x41)
0  O                                                                         (0 = 0.0%)
1  -O                                                                        (1 = 100.0%) {0.0%}
2  O                                                                         (0 = 0.0%) {100.0%}

Histogram: RendererScheduler.RendererMainThreadLoad5 recorded 8666 samples, mean = 0.1 (flags = 0x41)
0    ------------------------------------------------------------------------O (8652 = 99.8%)
1    O                                                                         (2 = 0.0%) {99.8%}
2    O                                                                         (0 = 0.0%) {99.9%}
3    O                                                                         (1 = 0.0%) {99.9%}
4    ... 
11   O                                                                         (1 = 0.0%) {99.9%}
12   O                                                                         (0 = 0.0%) {99.9%}
13   O                                                                         (1 = 0.0%) {99.9%}
14   ... 
18   O                                                                         (1 = 0.0%) {99.9%}
19   ... 
31   O                                                                         (1 = 0.0%) {99.9%}
32   ... 
35   O                                                                         (1 = 0.0%) {99.9%}
36   ... 
48   O                                                                         (1 = 0.0%) {99.9%}
49   ... 
70   O                                                                         (2 = 0.0%) {99.9%}
71   ... 
96   O                                                                         (1 = 0.0%) {100.0%}
97   ... 
99   O                                                                         (1 = 0.0%) {100.0%}
100  O                                                                         (1 = 0.0%) {100.0%}
101  O                                                                         (0 = 0.0%) {100.0%}

Histogram: RendererScheduler.RendererMainThreadLoad5.Background recorded 4322 samples, mean = 0.0 (flags = 0x41)
0  ------------------------------------------------------------------------O (4322 = 100.0%)
1  ... 

Histogram: RendererScheduler.RendererMainThreadLoad5.Background.AfterFifthMinute recorded 4018 samples, mean = 0.0 (flags = 0x41)
0  ------------------------------------------------------------------------O (4018 = 100.0%)
1  ... 

Histogram: RendererScheduler.RendererMainThreadLoad5.Background.AfterFirstMinute recorded 4258 samples, mean = 0.0 (flags = 0x41)
0  ------------------------------------------------------------------------O (4258 = 100.0%)
1  ... 

Histogram: RendererScheduler.RendererMainThreadLoad5.Background.AfterTenthMinute recorded 3718 samples, mean = 0.0 (flags = 0x41)
0  ------------------------------------------------------------------------O (3718 = 100.0%)
1  ... 

Histogram: RendererScheduler.RendererMainThreadLoad5.Foreground recorded 15 samples, mean = 18.6 (flags = 0x41)
0    -----------O                                                              (11 = 73.3%)
1    ... 
13   -O                                                                        (1 = 6.7%) {73.3%}
14   ... 
70   -O                                                                        (1 = 6.7%) {80.0%}
71   ... 
96   -O                                                                        (1 = 6.7%) {86.7%}
97   ... 
100  -O                                                                        (1 = 6.7%) {93.3%}
101  O                                                                         (0 = 0.0%) {100.0%}

Histogram: RendererScheduler.RendererMainThreadLoad5.Foreground.AfterFirstMinute recorded 4259 samples, mean = 0.0 (flags = 0x41)
0  ------------------------------------------------------------------------O (4259 = 100.0%)
1  ... 

Histogram: ReportingAndNEL.NumberOfLoadedNELPolicies recorded 1 samples, mean = 0.0 (flags = 0x41)
0  -O                                                                        (1 = 100.0%)
1  ... 

Histogram: ReportingAndNEL.NumberOfLoadedNELPolicies2 recorded 1 samples, mean = 0.0 (flags = 0x41)
0  -O                                                                        (1 = 100.0%)
1  ... 

Histogram: ReportingAndNEL.TimeInitializeDB recorded 1 samples, mean = 2.0 (flags = 0x41)
0  ... 
2  -O                                                                        (1 = 100.0%) {0.0%}
3  ... 

Histogram: ResourceScheduler.RequestQueuingDuration.Priority1 recorded 30 samples, mean = 0.1 (flags = 0x41)
0  -----------------------------O                                            (29 = 96.7%)
1  O                                                                         (0 = 0.0%) {96.7%}
2  -O                                                                        (1 = 3.3%) {96.7%}
3  ... 

Histogram: ResourceScheduler.RequestQueuingDuration.Priority2 recorded 29 samples, mean = 0.0 (flags = 0x41)
0  -----------------------------O                                            (29 = 100.0%)
1  ... 

Histogram: ResourceScheduler.RequestQueuingDuration.Priority3 recorded 1 samples, mean = 0.0 (flags = 0x41)
0  -O                                                                        (1 = 100.0%)
1  ... 

Histogram: ResourceScheduler.RequestQueuingDuration.Priority4 recorded 5 samples, mean = 0.0 (flags = 0x41)
0  -----O                                                                    (5 = 100.0%)
1  ... 

Histogram: ResourceScheduler.RequestQueuingDuration.Priority5 recorded 14 samples, mean = 0.0 (flags = 0x41)
0  --------------O                                                           (14 = 100.0%)
1  ... 

Histogram: SBClientPhishing.Classifier.Event recorded 2 samples, mean = 1.0 (flags = 0x41)
0  O                                                                         (0 = 0.0%)
1  --O                                                                       (2 = 100.0%) {0.0%}
2  ... 

Histogram: SBClientPhishing.HighConfidenceAllowlistCheckDuration recorded 1 samples, mean = 980.0 (flags = 0x41)
0    ... 
926  -O                                                                        (1 = 100.0%) {0.0%}
1177 ... 

Histogram: SBClientPhishing.ImageEmbedder.Event recorded 2 samples, mean = 1.0 (flags = 0x41)
0  O                                                                         (0 = 0.0%)
1  --O                                                                       (2 = 100.0%) {0.0%}
2  ... 

Histogram: SBClientPhishing.LoadReportTimesFromPrefAtServiceCreationSuccessful recorded 1 samples, mean = 1.0 (flags = 0x41)
0  O                                                                         (0 = 0.0%)
1  -O                                                                        (1 = 100.0%) {0.0%}
2  O                                                                         (0 = 0.0%) {100.0%}

Histogram: SBClientPhishing.MatchHighConfidenceAllowlist recorded 1 samples, mean = 3.0 (flags = 0x41)
0  ... 
3  -O                                                                        (1 = 100.0%) {0.0%}
4  O                                                                         (0 = 0.0%) {100.0%}

Histogram: SBClientPhishing.MatchHighConfidenceAllowlist.TriggerModel recorded 1 samples, mean = 3.0 (flags = 0x41)
0  ... 
3  -O                                                                        (1 = 100.0%) {0.0%}
4  O                                                                         (0 = 0.0%) {100.0%}

Histogram: SBClientPhishing.PreClassificationCheckResult recorded 1 samples, mean = 3.0 (flags = 0x41)
0  ... 
3  -O                                                                        (1 = 100.0%) {0.0%}
4  ... 

Histogram: SBIRS.DroppedIncident recorded 1 samples, mean = 1.0 (flags = 0x41)
0  O                                                                         (0 = 0.0%)
1  -O                                                                        (1 = 100.0%) {0.0%}
2  ... 

Histogram: SBIRS.ReceivedIncident recorded 1 samples, mean = 1.0 (flags = 0x41)
0  O                                                                         (0 = 0.0%)
1  -O                                                                        (1 = 100.0%) {0.0%}
2  ... 

Histogram: SSL.Experimental.SubresourceResponse recorded 46 samples, mean = 0.0 (flags = 0x41)
0  ----------------------------------------------O                           (46 = 100.0%)
1  ... 

Histogram: SafeBrowsing.AsyncCheck.CommittedNavigationIdsSize recorded 5 samples, mean = 1.6 (flags = 0x41)
0  -O                                                                        (1 = 20.0%)
1  -O                                                                        (1 = 20.0%) {20.0%}
2  --O                                                                       (2 = 40.0%) {40.0%}
3  -O                                                                        (1 = 20.0%) {80.0%}
4  ... 

Histogram: SafeBrowsing.BrowserThrottle.CheckerOnIOLifetime recorded 1 samples, mean = 7465.0 (flags = 0x41)
0     ... 
6296  -O                                                                        (1 = 100.0%) {0.0%}
8000  ... 

Histogram: SafeBrowsing.BrowserThrottle.IntervalBetweenStartAndProcess recorded 1 samples, mean = 7465.0 (flags = 0x41)
0     ... 
7083  -O                                                                        (1 = 100.0%) {0.0%}
8416  ... 

Histogram: SafeBrowsing.BrowserThrottle.IntervalBetweenStartAndProcess.FromNetwork recorded 1 samples, mean = 7465.0 (flags = 0x41)
0     ... 
7083  -O                                                                        (1 = 100.0%) {0.0%}
8416  ... 

Histogram: SafeBrowsing.BrowserThrottle.IsCheckCompletedOnProcessResponse recorded 1 samples, mean = 1.0 (flags = 0x41)
0  O                                                                         (0 = 0.0%)
1  -O                                                                        (1 = 100.0%) {0.0%}
2  O                                                                         (0 = 0.0%) {100.0%}

Histogram: SafeBrowsing.BrowserThrottle.RequestDestination recorded 1 samples, mean = 3.0 (flags = 0x41)
0  ... 
3  -O                                                                        (1 = 100.0%) {0.0%}
4  ... 

Histogram: SafeBrowsing.BrowserThrottle.RequestDestination.Checked recorded 1 samples, mean = 3.0 (flags = 0x41)
0  ... 
3  -O                                                                        (1 = 100.0%) {0.0%}
4  ... 

Histogram: SafeBrowsing.BrowserThrottle.TotalDelay2.FromNetwork recorded 1 samples, mean = 0.0 (flags = 0x41)
0  -O                                                                        (1 = 100.0%)
1  ... 

Histogram: SafeBrowsing.BrowserThrottle.TotalDelay2.HashPrefixDatabaseCheck recorded 2 samples, mean = 0.0 (flags = 0x41)
0  --O                                                                       (2 = 100.0%)
1  ... 

Histogram: SafeBrowsing.BrowserThrottle.WillProcessResponseCount recorded 1 samples, mean = 1.0 (flags = 0x41)
0  O                                                                         (0 = 0.0%)
1  -O                                                                        (1 = 100.0%) {0.0%}
2  ... 

Histogram: SafeBrowsing.CheckBrowseUrl.HasLocalMatch recorded 2 samples, mean = 1.0 (flags = 0x41)
0  O                                                                         (0 = 0.0%)
1  --O                                                                       (2 = 100.0%) {0.0%}
2  O                                                                         (0 = 0.0%) {100.0%}

Histogram: SafeBrowsing.CheckUrl.Action recorded 2 samples, mean = 0.0 (flags = 0x41)
0  --O                                                                       (2 = 100.0%)
1  ... 

Histogram: SafeBrowsing.CheckUrl.FirstRequestThreatType2 recorded 1 samples, mean = 1.0 (flags = 0x41)
0  O                                                                         (0 = 0.0%)
1  -O                                                                        (1 = 100.0%) {0.0%}
2  ... 

Histogram: SafeBrowsing.CheckUrl.FirstRequestThreatType2.LocalPVer4 recorded 1 samples, mean = 1.0 (flags = 0x41)
0  O                                                                         (0 = 0.0%)
1  -O                                                                        (1 = 100.0%) {0.0%}
2  ... 

Histogram: SafeBrowsing.CheckUrl.FirstRequestTimedOut recorded 1 samples, mean = 0.0 (flags = 0x41)
0  -O                                                                        (1 = 100.0%)
1  ... 

Histogram: SafeBrowsing.CheckUrl.FirstRequestTimedOut.LocalPVer4 recorded 1 samples, mean = 0.0 (flags = 0x41)
0  -O                                                                        (1 = 100.0%)
1  ... 

Histogram: SafeBrowsing.CheckUrl.IsDocumentCheckPrefetch recorded 2 samples, mean = 0.0 (flags = 0x41)
0  --O                                                                       (2 = 100.0%)
1  ... 

Histogram: SafeBrowsing.CheckUrl.TimeTaken.HashDatabase recorded 2 samples, mean = 1751.5 (flags = 0x41)
0     ... 
7     -O                                                                        (1 = 50.0%) {0.0%}
8     ... 
2990  -O                                                                        (1 = 50.0%) {50.0%}
3553  ... 

Histogram: SafeBrowsing.CheckUrl.Timeout recorded 2 samples, mean = 0.0 (flags = 0x41)
0  --O                                                                       (2 = 100.0%)
1  ... 

Histogram: SafeBrowsing.CheckUrl.UrlScheme recorded 2 samples, mean = 10.0 (flags = 0x41)
0   ... 
10  --O                                                                       (2 = 100.0%) {0.0%}
11  ... 

Histogram: SafeBrowsing.ClientSidePhishingDetection.AllowlistMatchResult recorded 1 samples, mean = 1.0 (flags = 0x41)
0  O                                                                         (0 = 0.0%)
1  -O                                                                        (1 = 100.0%) {0.0%}
2  ... 

Histogram: SafeBrowsing.FileTypeUpdate.ResourceBundleResult recorded 1 samples (flags = 0x41)
1  -O                                                                        (1 = 100.0%)

Histogram: SafeBrowsing.FileTypeUpdate.ResourceBundleVersion recorded 1 samples (flags = 0x41)
66  -O                                                                        (1 = 100.0%)

Histogram: SafeBrowsing.HPRT.Cache.FullHashCount recorded 4 samples, mean = 0.0 (flags = 0x41)
0  ----O                                                                     (4 = 100.0%)
1  ... 

Histogram: SafeBrowsing.HPRT.Cache.HashPrefixCount recorded 4 samples, mean = 0.0 (flags = 0x41)
0  ----O                                                                     (4 = 100.0%)
1  ... 

Histogram: SafeBrowsing.HPRT.Ineligible.FeatureOff recorded 1 samples, mean = 0.0 (flags = 0x41)
0  -O                                                                        (1 = 100.0%)
1  ... 

Histogram: SafeBrowsing.HPRT.Ineligible.IneligibleForLocation recorded 1 samples, mean = 0.0 (flags = 0x41)
0  -O                                                                        (1 = 100.0%)
1  ... 

Histogram: SafeBrowsing.HPRT.Ineligible.IneligibleForSessionOrLocation recorded 1 samples, mean = 1.0 (flags = 0x41)
0  O                                                                         (0 = 0.0%)
1  -O                                                                        (1 = 100.0%) {0.0%}
2  O                                                                         (0 = 0.0%) {100.0%}

Histogram: SafeBrowsing.HPRT.Ineligible.NoGoogleChromeBranding recorded 1 samples, mean = 1.0 (flags = 0x41)
0  O                                                                         (0 = 0.0%)
1  -O                                                                        (1 = 100.0%) {0.0%}
2  O                                                                         (0 = 0.0%) {100.0%}

Histogram: SafeBrowsing.HPRT.Ineligible.NotAllowedByPolicy recorded 1 samples, mean = 0.0 (flags = 0x41)
0  -O                                                                        (1 = 100.0%)
1  ... 

Histogram: SafeBrowsing.HPRT.Ineligible.NotStandardProtection recorded 1 samples, mean = 0.0 (flags = 0x41)
0  -O                                                                        (1 = 100.0%)
1  ... 

Histogram: SafeBrowsing.HPRT.Ineligible.OffTheRecord recorded 1 samples, mean = 0.0 (flags = 0x41)
0  -O                                                                        (1 = 100.0%)
1  ... 

Histogram: SafeBrowsing.HasCookieAtStartup2 recorded 1 samples, mean = 0.0 (flags = 0x41)
0  -O                                                                        (1 = 100.0%)
1  ... 

Histogram: SafeBrowsing.PageLoadToken.TokenCount recorded 4 samples, mean = 0.0 (flags = 0x41)
0  ----O                                                                     (4 = 100.0%)
1  ... 

Histogram: SafeBrowsing.Pref.Enhanced recorded 1 samples, mean = 0.0 (flags = 0x41)
0  -O                                                                        (1 = 100.0%)
1  ... 

Histogram: SafeBrowsing.Pref.Enhanced.RegularProfile recorded 1 samples, mean = 0.0 (flags = 0x41)
0  -O                                                                        (1 = 100.0%)
1  ... 

Histogram: SafeBrowsing.Pref.Extended recorded 1 samples, mean = 0.0 (flags = 0x41)
0  -O                                                                        (1 = 100.0%)
1  ... 

Histogram: SafeBrowsing.Pref.General recorded 1 samples, mean = 1.0 (flags = 0x41)
0  O                                                                         (0 = 0.0%)
1  -O                                                                        (1 = 100.0%) {0.0%}
2  O                                                                         (0 = 0.0%) {100.0%}

Histogram: SafeBrowsing.RT.CacheManager.CleanUpTime recorded 4 samples, mean = 0.0 (flags = 0x41)
0  ----O                                                                     (4 = 100.0%)
1  ... 

Histogram: SafeBrowsing.RT.CanCheckDatabase recorded 2 samples, mean = 1.0 (flags = 0x41)
0  O                                                                         (0 = 0.0%)
1  --O                                                                       (2 = 100.0%) {0.0%}
2  O                                                                         (0 = 0.0%) {100.0%}

Histogram: SafeBrowsing.RT.ConsumerVersionReason recorded 2 samples, mean = 1.0 (flags = 0x41)
0  -O                                                                        (1 = 50.0%)
1  O                                                                         (0 = 0.0%) {50.0%}
2  -O                                                                        (1 = 50.0%) {50.0%}
3  ... 

Histogram: SafeBrowsing.RendererThrottle.IsCheckCompletedOnProcessResponse recorded 46 samples, mean = 1.0 (flags = 0x41)
0  O                                                                         (0 = 0.0%)
1  ----------------------------------------------O                           (46 = 100.0%) {0.0%}
2  O                                                                         (0 = 0.0%) {100.0%}

Histogram: SafeBrowsing.RendererThrottle.RequestDestination recorded 46 samples, mean = 11.0 (flags = 0x41)
0   -----O                                                                    (5 = 10.9%)
1   ... 
5   -----O                                                                    (5 = 10.9%) {10.9%}
6   ... 
8   -O                                                                        (1 = 2.2%) {21.7%}
9   -O                                                                        (1 = 2.2%) {23.9%}
10  ... 
13  --------------------------O                                               (26 = 56.5%) {26.1%}
14  ... 
16  --------O                                                                 (8 = 17.4%) {82.6%}
17  ... 

Histogram: SafeBrowsing.V4Database.Size recorded 1 samples, mean = 0.0 (flags = 0x41)
0  -O                                                                        (1 = 100.0%)
1  ... 

Histogram: SafeBrowsing.V4Database.Size.ChromeExtMalware recorded 1 samples, mean = 0.0 (flags = 0x41)
0  -O                                                                        (1 = 100.0%)
1  ... 

Histogram: SafeBrowsing.V4Database.Size.UrlBilling recorded 1 samples, mean = 0.0 (flags = 0x41)
0  -O                                                                        (1 = 100.0%)
1  ... 

Histogram: SafeBrowsing.V4Database.Size.UrlCsdDownloadAllowlist recorded 1 samples, mean = 0.0 (flags = 0x41)
0  -O                                                                        (1 = 100.0%)
1  ... 

Histogram: SafeBrowsing.V4Database.Size.UrlMalBin recorded 1 samples, mean = 0.0 (flags = 0x41)
0  -O                                                                        (1 = 100.0%)
1  ... 

Histogram: SafeBrowsing.V4Database.Size.UrlMalware recorded 1 samples, mean = 0.0 (flags = 0x41)
0  -O                                                                        (1 = 100.0%)
1  ... 

Histogram: SafeBrowsing.V4Database.Size.UrlSoceng recorded 1 samples, mean = 0.0 (flags = 0x41)
0  -O                                                                        (1 = 100.0%)
1  ... 

Histogram: SafeBrowsing.V4Database.Size.UrlUws recorded 1 samples, mean = 0.0 (flags = 0x41)
0  -O                                                                        (1 = 100.0%)
1  ... 

Histogram: SafeBrowsing.V4Database.SizeLinear recorded 1 samples, mean = 0.0 (flags = 0x41)
0  -O                                                                        (1 = 100.0%)
1  ... 

Histogram: SafeBrowsing.V4Database.SizeLinear.ChromeExtMalware recorded 1 samples, mean = 0.0 (flags = 0x41)
0  -O                                                                        (1 = 100.0%)
1  ... 

Histogram: SafeBrowsing.V4Database.SizeLinear.UrlMalBin recorded 1 samples, mean = 0.0 (flags = 0x41)
0  -O                                                                        (1 = 100.0%)
1  ... 

Histogram: SafeBrowsing.V4Database.SizeLinear.UrlSoceng recorded 1 samples, mean = 0.0 (flags = 0x41)
0  -O                                                                        (1 = 100.0%)
1  ... 

Histogram: SafeBrowsing.V4DatabaseInitializationTime recorded 1 samples, mean = 9375.0 (flags = 0x41)
0     ... 
8416  -O                                                                        (1 = 100.0%) {0.0%}
10000 O                                                                         (0 = 0.0%) {100.0%}

Histogram: SafeBrowsing.V4Store.IsStoreValid recorded 7 samples, mean = 0.0 (flags = 0x41)
0  -------O                                                                  (7 = 100.0%)
1  ... 

Histogram: SafeBrowsing.V4Store.IsStoreValid.ChromeExtMalware recorded 1 samples, mean = 0.0 (flags = 0x41)
0  -O                                                                        (1 = 100.0%)
1  ... 

Histogram: SafeBrowsing.V4Store.IsStoreValid.UrlBilling recorded 1 samples, mean = 0.0 (flags = 0x41)
0  -O                                                                        (1 = 100.0%)
1  ... 

Histogram: SafeBrowsing.V4Store.IsStoreValid.UrlCsdDownloadAllowlist recorded 1 samples, mean = 0.0 (flags = 0x41)
0  -O                                                                        (1 = 100.0%)
1  ... 

Histogram: SafeBrowsing.V4Store.IsStoreValid.UrlMalBin recorded 1 samples, mean = 0.0 (flags = 0x41)
0  -O                                                                        (1 = 100.0%)
1  ... 

Histogram: SafeBrowsing.V4Store.IsStoreValid.UrlMalware recorded 1 samples, mean = 0.0 (flags = 0x41)
0  -O                                                                        (1 = 100.0%)
1  ... 

Histogram: SafeBrowsing.V4Store.IsStoreValid.UrlSoceng recorded 1 samples, mean = 0.0 (flags = 0x41)
0  -O                                                                        (1 = 100.0%)
1  ... 

Histogram: SafeBrowsing.V4Store.IsStoreValid.UrlUws recorded 1 samples, mean = 0.0 (flags = 0x41)
0  -O                                                                        (1 = 100.0%)
1  ... 

Histogram: SafeBrowsing.V4Store.ReadyOnStartup recorded 7 samples, mean = 0.0 (flags = 0x41)
0  -------O                                                                  (7 = 100.0%)
1  ... 

Histogram: SafeBrowsing.V4StoreRead.Result recorded 7 samples, mean = 2.0 (flags = 0x41)
0  ... 
2  -------O                                                                  (7 = 100.0%) {0.0%}
3  ... 

Histogram: Scheduling.MessagePumpTimeKeeper.BrowserIO recorded 0 samples (flags = 0x41)
0 ... 

Histogram: Scheduling.MessagePumpTimeKeeper.BrowserUI recorded 0 samples (flags = 0x41)
0 ... 

Histogram: Scheduling.ThreadController.ActiveIntervalDuration.Any.BrowserUI recorded 8 samples, mean = 0.0 (flags = 0x41)
0  --------O                                                                 (8 = 100.0%)
1  ... 

Histogram: Scheduling.ThreadController.ActiveIntervalDuration.Any.Other recorded 65 samples, mean = 1.4 (flags = 0x41)
0   ---------------------------------------------------------------O          (63 = 96.9%)
1   -O                                                                        (1 = 1.5%) {96.9%}
2   ... 
81  -O                                                                        (1 = 1.5%) {98.5%}
96  ... 

Histogram: Scheduling.ThreadController.ActiveIntervalDuration.Medium.Other recorded 2 samples, mean = 45.5 (flags = 0x41)
0   O                                                                         (0 = 0.0%)
1   -O                                                                        (1 = 50.0%) {0.0%}
2   ... 
90  -O                                                                        (1 = 50.0%) {50.0%}
91  ... 

Histogram: Scheduling.ThreadController.ActiveIntervalDuration.Short.BrowserUI recorded 8 samples, mean = 0.9 (flags = 0x41)
0  ----O                                                                     (4 = 50.0%)
1  --O                                                                       (2 = 25.0%) {50.0%}
2  -O                                                                        (1 = 12.5%) {75.0%}
3  -O                                                                        (1 = 12.5%) {87.5%}
4  ... 

Histogram: Scheduling.ThreadController.ActiveIntervalDuration.Short.Other recorded 63 samples, mean = 68.5 (flags = 0x41)
0    ... 
2    -O                                                                        (1 = 1.6%) {0.0%}
3    O                                                                         (0 = 0.0%) {1.6%}
4    --O                                                                       (2 = 3.2%) {1.6%}
5    -O                                                                        (1 = 1.6%) {4.8%}
6    ----O                                                                     (4 = 6.3%) {6.3%}
7    ---O                                                                      (3 = 4.8%) {12.7%}
8    --O                                                                       (2 = 3.2%) {17.5%}
9    -O                                                                        (1 = 1.6%) {20.6%}
10   O                                                                         (0 = 0.0%) {22.2%}
11   -O                                                                        (1 = 1.6%) {22.2%}
12   O                                                                         (0 = 0.0%) {23.8%}
13   -O                                                                        (1 = 1.6%) {23.8%}
14   -O                                                                        (1 = 1.6%) {25.4%}
15   O                                                                         (0 = 0.0%) {27.0%}
16   -O                                                                        (1 = 1.6%) {27.0%}
17   O                                                                         (0 = 0.0%) {28.6%}
18   --O                                                                       (2 = 3.2%) {28.6%}
19   O                                                                         (0 = 0.0%) {31.7%}
20   ---O                                                                      (3 = 4.8%) {31.7%}
21   O                                                                         (0 = 0.0%) {36.5%}
22   -O                                                                        (1 = 1.6%) {36.5%}
23   ... 
26   --O                                                                       (2 = 3.2%) {38.1%}
27   O                                                                         (0 = 0.0%) {41.3%}
28   -O                                                                        (1 = 1.6%) {41.3%}
29   -O                                                                        (1 = 1.6%) {42.9%}
31   --O                                                                       (2 = 3.2%) {44.4%}
33   --O                                                                       (2 = 3.2%) {47.6%}
35   O                                                                         (0 = 0.0%) {50.8%}
37   --O                                                                       (2 = 3.2%) {50.8%}
39   -O                                                                        (1 = 1.6%) {54.0%}
41   -O                                                                        (1 = 1.6%) {55.6%}
43   O                                                                         (0 = 0.0%) {57.1%}
45   --O                                                                       (2 = 3.2%) {57.1%}
47   -O                                                                        (1 = 1.6%) {60.3%}
49   O                                                                         (0 = 0.0%) {61.9%}
52   ---O                                                                      (3 = 4.8%) {61.9%}
55   -O                                                                        (1 = 1.6%) {66.7%}
58   ... 
67   -O                                                                        (1 = 1.6%) {68.3%}
70   O                                                                         (0 = 0.0%) {69.8%}
74   --O                                                                       (2 = 3.2%) {69.8%}
78   -O                                                                        (1 = 1.6%) {73.0%}
82   --O                                                                       (2 = 3.2%) {74.6%}
86   ---O                                                                      (3 = 4.8%) {77.8%}
90   -O                                                                        (1 = 1.6%) {82.5%}
95   -O                                                                        (1 = 1.6%) {84.1%}
100  O                                                                         (0 = 0.0%) {85.7%}
105  -O                                                                        (1 = 1.6%) {85.7%}
110  O                                                                         (0 = 0.0%) {87.3%}
116  -O                                                                        (1 = 1.6%) {87.3%}
122  O                                                                         (0 = 0.0%) {88.9%}
128  -O                                                                        (1 = 1.6%) {88.9%}
135  ... 
157  -O                                                                        (1 = 1.6%) {90.5%}
165  O                                                                         (0 = 0.0%) {92.1%}
173  -O                                                                        (1 = 1.6%) {92.1%}
182  -O                                                                        (1 = 1.6%) {93.7%}
191  ... 
258  -O                                                                        (1 = 1.6%) {95.2%}
271  ... 
300  -O                                                                        (1 = 1.6%) {96.8%}
315  ... 
951  -O                                                                        (1 = 1.6%) {98.4%}
1000 O                                                                         (0 = 0.0%) {100.0%}

Histogram: Scheduling.ThreadController.ActiveIntervalOffCpuDuration.Any.BrowserUI recorded 8 samples, mean = 0.0 (flags = 0x41)
0  --------O                                                                 (8 = 100.0%)
1  ... 

Histogram: Scheduling.ThreadController.ActiveIntervalOffCpuDuration.Any.Other recorded 65 samples, mean = 1.2 (flags = 0x41)
0   ----------------------------------------------------------------O         (64 = 98.5%)
1   ... 
68  -O                                                                        (1 = 1.5%) {98.5%}
81  ... 

Histogram: Scheduling.ThreadController.ActiveIntervalOffCpuDuration.Medium.Other recorded 2 samples, mean = 38.0 (flags = 0x41)
0   -O                                                                        (1 = 50.0%)
1   ... 
76  -O                                                                        (1 = 50.0%) {50.0%}
77  ... 

Histogram: Scheduling.ThreadController.ActiveIntervalOffCpuDuration.Short.BrowserUI recorded 8 samples, mean = 0.4 (flags = 0x41)
0  -----O                                                                    (5 = 62.5%)
1  ---O                                                                      (3 = 37.5%) {62.5%}
2  ... 

Histogram: Scheduling.ThreadController.ActiveIntervalOffCpuDuration.Short.Other recorded 63 samples, mean = 9.9 (flags = 0x41)
0    -----------------O                                                        (17 = 27.0%)
1    ------------------O                                                       (18 = 28.6%) {27.0%}
2    --------O                                                                 (8 = 12.7%) {55.6%}
3    ----O                                                                     (4 = 6.3%) {68.3%}
4    --O                                                                       (2 = 3.2%) {74.6%}
5    --O                                                                       (2 = 3.2%) {77.8%}
6    --O                                                                       (2 = 3.2%) {81.0%}
7    ... 
9    -O                                                                        (1 = 1.6%) {84.1%}
10   O                                                                         (0 = 0.0%) {85.7%}
11   -O                                                                        (1 = 1.6%) {85.7%}
12   ... 
15   -O                                                                        (1 = 1.6%) {87.3%}
16   ... 
24   -O                                                                        (1 = 1.6%) {88.9%}
25   ... 
27   -O                                                                        (1 = 1.6%) {90.5%}
28   ... 
33   -O                                                                        (1 = 1.6%) {92.1%}
35   O                                                                         (0 = 0.0%) {93.7%}
37   -O                                                                        (1 = 1.6%) {93.7%}
39   O                                                                         (0 = 0.0%) {95.2%}
41   -O                                                                        (1 = 1.6%) {95.2%}
43   ... 
128  -O                                                                        (1 = 1.6%) {96.8%}
135  ... 
211  -O                                                                        (1 = 1.6%) {98.4%}
222  ... 

Histogram: Scheduling.ThreadController.ActiveIntervalOnCpuDuration.Any.BrowserUI recorded 8 samples, mean = 0.0 (flags = 0x41)
0  --------O                                                                 (8 = 100.0%)
1  ... 

Histogram: Scheduling.ThreadController.ActiveIntervalOnCpuDuration.Any.Other recorded 65 samples, mean = 0.2 (flags = 0x41)
0   ---------------------------------------------------------------O          (63 = 96.9%)
1   -O                                                                        (1 = 1.5%) {96.9%}
2   ... 
12  -O                                                                        (1 = 1.5%) {98.5%}
14  ... 

Histogram: Scheduling.ThreadController.ActiveIntervalOnCpuDuration.Medium.Other recorded 2 samples, mean = 7.0 (flags = 0x41)
0   O                                                                         (0 = 0.0%)
1   -O                                                                        (1 = 50.0%) {0.0%}
2   ... 
13  -O                                                                        (1 = 50.0%) {50.0%}
14  ... 

Histogram: Scheduling.ThreadController.ActiveIntervalOnCpuDuration.Short.BrowserUI recorded 8 samples, mean = 0.5 (flags = 0x41)
0  -----O                                                                    (5 = 62.5%)
1  --O                                                                       (2 = 25.0%) {62.5%}
2  -O                                                                        (1 = 12.5%) {87.5%}
3  ... 

Histogram: Scheduling.ThreadController.ActiveIntervalOnCpuDuration.Short.Other recorded 63 samples, mean = 58.6 (flags = 0x41)
0    ... 
2    -O                                                                        (1 = 1.6%) {0.0%}
3    -O                                                                        (1 = 1.6%) {1.6%}
4    --O                                                                       (2 = 3.2%) {3.2%}
5    ---O                                                                      (3 = 4.8%) {6.3%}
6    -----O                                                                    (5 = 7.9%) {11.1%}
7    --O                                                                       (2 = 3.2%) {19.0%}
8    -O                                                                        (1 = 1.6%) {22.2%}
9    O                                                                         (0 = 0.0%) {23.8%}
10   --O                                                                       (2 = 3.2%) {23.8%}
11   ... 
14   --O                                                                       (2 = 3.2%) {27.0%}
15   -O                                                                        (1 = 1.6%) {30.2%}
16   -O                                                                        (1 = 1.6%) {31.7%}
17   ... 
20   ---O                                                                      (3 = 4.8%) {33.3%}
21   -O                                                                        (1 = 1.6%) {38.1%}
22   ... 
25   --O                                                                       (2 = 3.2%) {39.7%}
26   -O                                                                        (1 = 1.6%) {42.9%}
27   O                                                                         (0 = 0.0%) {44.4%}
28   -O                                                                        (1 = 1.6%) {44.4%}
29   O                                                                         (0 = 0.0%) {46.0%}
31   --O                                                                       (2 = 3.2%) {46.0%}
33   --O                                                                       (2 = 3.2%) {49.2%}
35   --O                                                                       (2 = 3.2%) {52.4%}
37   --O                                                                       (2 = 3.2%) {55.6%}
39   ... 
43   -O                                                                        (1 = 1.6%) {58.7%}
45   O                                                                         (0 = 0.0%) {60.3%}
47   -O                                                                        (1 = 1.6%) {60.3%}
49   -O                                                                        (1 = 1.6%) {61.9%}
52   ----O                                                                     (4 = 6.3%) {63.5%}
55   -O                                                                        (1 = 1.6%) {69.8%}
58   ... 
64   --O                                                                       (2 = 3.2%) {71.4%}
67   --O                                                                       (2 = 3.2%) {74.6%}
70   O                                                                         (0 = 0.0%) {77.8%}
74   --O                                                                       (2 = 3.2%) {77.8%}
78   --O                                                                       (2 = 3.2%) {81.0%}
82   ---O                                                                      (3 = 4.8%) {84.1%}
86   O                                                                         (0 = 0.0%) {88.9%}
90   -O                                                                        (1 = 1.6%) {88.9%}
95   O                                                                         (0 = 0.0%) {90.5%}
100  -O                                                                        (1 = 1.6%) {90.5%}
105  ... 
122  -O                                                                        (1 = 1.6%) {92.1%}
128  ... 
157  -O                                                                        (1 = 1.6%) {93.7%}
165  O                                                                         (0 = 0.0%) {95.2%}
173  -O                                                                        (1 = 1.6%) {95.2%}
182  ... 
245  -O                                                                        (1 = 1.6%) {96.8%}
258  ... 
904  -O                                                                        (1 = 1.6%) {98.4%}
951  ... 

Histogram: Scheduling.ThreadController.ActiveIntervalOnCpuPercentage.Any.BrowserUI recorded 8 samples, mean = 77.0 (flags = 0x41)
0    -O                                                                        (1 = 12.5%)
1    ... 
50   -O                                                                        (1 = 12.5%) {12.5%}
51   ... 
66   -O                                                                        (1 = 12.5%) {25.0%}
67   ... 
100  -----O                                                                    (5 = 62.5%) {37.5%}
101  O                                                                         (0 = 0.0%) {100.0%}

Histogram: Scheduling.ThreadController.ActiveIntervalOnCpuPercentage.Any.Other recorded 65 samples, mean = 87.3 (flags = 0x41)
0    ... 
15   -O                                                                        (1 = 1.5%) {0.0%}
16   O                                                                         (0 = 0.0%) {1.5%}
17   -O                                                                        (1 = 1.5%) {1.5%}
18   ... 
27   -O                                                                        (1 = 1.5%) {3.1%}
28   O                                                                         (0 = 0.0%) {4.6%}
29   -O                                                                        (1 = 1.5%) {4.6%}
30   ... 
60   -O                                                                        (1 = 1.5%) {6.2%}
61   -O                                                                        (1 = 1.5%) {7.7%}
62   ... 
70   -O                                                                        (1 = 1.5%) {9.2%}
71   ... 
75   -O                                                                        (1 = 1.5%) {10.8%}
76   --O                                                                       (2 = 3.1%) {12.3%}
77   --O                                                                       (2 = 3.1%) {15.4%}
78   ... 
80   -O                                                                        (1 = 1.5%) {18.5%}
81   -O                                                                        (1 = 1.5%) {20.0%}
82   O                                                                         (0 = 0.0%) {21.5%}
83   --O                                                                       (2 = 3.1%) {21.5%}
84   O                                                                         (0 = 0.0%) {24.6%}
85   ----O                                                                     (4 = 6.2%) {24.6%}
86   O                                                                         (0 = 0.0%) {30.8%}
87   --O                                                                       (2 = 3.1%) {30.8%}
88   ---O                                                                      (3 = 4.6%) {33.8%}
89   O                                                                         (0 = 0.0%) {38.5%}
90   -O                                                                        (1 = 1.5%) {38.5%}
91   ... 
93   --O                                                                       (2 = 3.1%) {40.0%}
94   -O                                                                        (1 = 1.5%) {43.1%}
95   --O                                                                       (2 = 3.1%) {44.6%}
96   -------O                                                                  (7 = 10.8%) {47.7%}
97   -----O                                                                    (5 = 7.7%) {58.5%}
98   ----O                                                                     (4 = 6.2%) {66.2%}
99   -O                                                                        (1 = 1.5%) {72.3%}
100  -----------------O                                                        (17 = 26.2%) {73.8%}
101  O                                                                         (0 = 0.0%) {100.0%}

Histogram: Scheduling.ThreadController.ActiveIntervalOnCpuPercentage.Medium.Other recorded 2 samples, mean = 54.5 (flags = 0x41)
0   ... 
15  -O                                                                        (1 = 50.0%) {0.0%}
16  ... 
94  -O                                                                        (1 = 50.0%) {50.0%}
95  ... 

Histogram: Scheduling.ThreadController.ActiveIntervalOnCpuPercentage.Short.BrowserUI recorded 8 samples, mean = 77.0 (flags = 0x41)
0    -O                                                                        (1 = 12.5%)
1    ... 
50   -O                                                                        (1 = 12.5%) {12.5%}
51   ... 
66   -O                                                                        (1 = 12.5%) {25.0%}
67   ... 
100  -----O                                                                    (5 = 62.5%) {37.5%}
101  O                                                                         (0 = 0.0%) {100.0%}

Histogram: Scheduling.ThreadController.ActiveIntervalOnCpuPercentage.Short.Other recorded 63 samples, mean = 88.3 (flags = 0x41)
0    ... 
17   -O                                                                        (1 = 1.6%) {0.0%}
18   ... 
27   -O                                                                        (1 = 1.6%) {1.6%}
28   O                                                                         (0 = 0.0%) {3.2%}
29   -O                                                                        (1 = 1.6%) {3.2%}
30   ... 
60   -O                                                                        (1 = 1.6%) {4.8%}
61   -O                                                                        (1 = 1.6%) {6.3%}
62   ... 
70   -O                                                                        (1 = 1.6%) {7.9%}
71   ... 
75   -O                                                                        (1 = 1.6%) {9.5%}
76   --O                                                                       (2 = 3.2%) {11.1%}
77   --O                                                                       (2 = 3.2%) {14.3%}
78   ... 
80   -O                                                                        (1 = 1.6%) {17.5%}
81   -O                                                                        (1 = 1.6%) {19.0%}
82   O                                                                         (0 = 0.0%) {20.6%}
83   --O                                                                       (2 = 3.2%) {20.6%}
84   O                                                                         (0 = 0.0%) {23.8%}
85   ----O                                                                     (4 = 6.3%) {23.8%}
86   O                                                                         (0 = 0.0%) {30.2%}
87   --O                                                                       (2 = 3.2%) {30.2%}
88   ---O                                                                      (3 = 4.8%) {33.3%}
89   O                                                                         (0 = 0.0%) {38.1%}
90   -O                                                                        (1 = 1.6%) {38.1%}
91   ... 
93   --O                                                                       (2 = 3.2%) {39.7%}
94   O                                                                         (0 = 0.0%) {42.9%}
95   --O                                                                       (2 = 3.2%) {42.9%}
96   -------O                                                                  (7 = 11.1%) {46.0%}
97   -----O                                                                    (5 = 7.9%) {57.1%}
98   ----O                                                                     (4 = 6.3%) {65.1%}
99   -O                                                                        (1 = 1.6%) {71.4%}
100  -----------------O                                                        (17 = 27.0%) {73.0%}
101  O                                                                         (0 = 0.0%) {100.0%}

Histogram: Scheduling.ThreadController.IdleDuration.Any.BrowserUI recorded 7 samples, mean = 0.0 (flags = 0x41)
0  -------O                                                                  (7 = 100.0%)
1  ... 

Histogram: Scheduling.ThreadController.IdleDuration.Any.Other recorded 55 samples, mean = 490.4 (flags = 0x41)
0     -----------------------O                                                  (23 = 41.8%)
1     ---O                                                                      (3 = 5.5%) {41.8%}
2     -O                                                                        (1 = 1.8%) {47.3%}
3     ... 
5     -O                                                                        (1 = 1.8%) {49.1%}
6     ... 
14    -O                                                                        (1 = 1.8%) {50.9%}
17    ... 
40    --O                                                                       (2 = 3.6%) {52.7%}
48    O                                                                         (0 = 0.0%) {56.4%}
57    --O                                                                       (2 = 3.6%) {56.4%}
68    O                                                                         (0 = 0.0%) {60.0%}
81    -O                                                                        (1 = 1.8%) {60.0%}
96    ---O                                                                      (3 = 5.5%) {61.8%}
114   -O                                                                        (1 = 1.8%) {67.3%}
135   ... 
226   -----O                                                                    (5 = 9.1%) {69.1%}
268   ... 
378   -O                                                                        (1 = 1.8%) {78.2%}
449   ... 
633   -O                                                                        (1 = 1.8%) {80.0%}
752   O                                                                         (0 = 0.0%) {81.8%}
894   ----O                                                                     (4 = 7.3%) {81.8%}
1062  ... 
1782  --O                                                                       (2 = 3.6%) {89.1%}
2117  ... 
3553  ----O                                                                     (4 = 7.3%) {92.7%}
4222  ... 

Histogram: Scheduling.ThreadController.IdleDuration.Medium.Other recorded 11 samples, mean = 29.8 (flags = 0x41)
0   O                                                                         (0 = 0.0%)
1   ---O                                                                      (3 = 27.3%) {0.0%}
2   -O                                                                        (1 = 9.1%) {27.3%}
3   ... 
5   -O                                                                        (1 = 9.1%) {36.4%}
6   ... 
16  -O                                                                        (1 = 9.1%) {45.5%}
17  ... 
43  -O                                                                        (1 = 9.1%) {54.5%}
44  O                                                                         (0 = 0.0%) {63.6%}
45  -O                                                                        (1 = 9.1%) {63.6%}
46  ... 
57  -O                                                                        (1 = 9.1%) {72.7%}
58  ... 
64  -O                                                                        (1 = 9.1%) {81.8%}
65  ... 
93  -O                                                                        (1 = 9.1%) {90.9%}
94  ... 

Histogram: Scheduling.ThreadController.IdleDuration.Short.BrowserUI recorded 7 samples, mean = 8.0 (flags = 0x41)
0   ... 
2   ---O                                                                      (3 = 42.9%) {0.0%}
3   -O                                                                        (1 = 14.3%) {42.9%}
4   O                                                                         (0 = 0.0%) {57.1%}
5   -O                                                                        (1 = 14.3%) {57.1%}
6   -O                                                                        (1 = 14.3%) {71.4%}
7   ... 
35  -O                                                                        (1 = 14.3%) {85.7%}
37  ... 

Histogram: Scheduling.ThreadController.IdleDuration.Short.Other recorded 23 samples, mean = 100.3 (flags = 0x41)
0    ... 
15   -O                                                                        (1 = 4.3%) {0.0%}
16   ---O                                                                      (3 = 13.0%) {4.3%}
17   ------O                                                                   (6 = 26.1%) {17.4%}
18   ... 
23   -O                                                                        (1 = 4.3%) {43.5%}
24   ... 
35   -O                                                                        (1 = 4.3%) {47.8%}
37   ... 
49   -O                                                                        (1 = 4.3%) {52.2%}
52   O                                                                         (0 = 0.0%) {56.5%}
55   -O                                                                        (1 = 4.3%) {56.5%}
58   O                                                                         (0 = 0.0%) {60.9%}
61   -O                                                                        (1 = 4.3%) {60.9%}
64   ... 
74   -O                                                                        (1 = 4.3%) {65.2%}
78   ... 
100  -O                                                                        (1 = 4.3%) {69.6%}
105  ... 
116  -O                                                                        (1 = 4.3%) {73.9%}
122  --O                                                                       (2 = 8.7%) {78.3%}
128  ... 
182  -O                                                                        (1 = 4.3%) {87.0%}
191  ... 
258  -O                                                                        (1 = 4.3%) {91.3%}
271  ... 
904  -O                                                                        (1 = 4.3%) {95.7%}
951  ... 

Histogram: Search.ChoiceReprompt recorded 1 samples, mean = 6.0 (flags = 0x41)
0  ... 
6  -O                                                                        (1 = 100.0%) {0.0%}
7  O                                                                         (0 = 0.0%) {100.0%}

Histogram: Search.SearchProviderOverrideStatus recorded 1 samples, mean = 0.0 (flags = 0x41)
0  -O                                                                        (1 = 100.0%)
1  ... 

Histogram: Security.DataDecoder.Json.DecodingTime recorded 1 samples, mean = 0.0 (flags = 0x41)
0  -O                                                                        (1 = 100.0%)
1  ... 

Histogram: Security.GwpAsan.Activated.Malloc.Browser recorded 1 samples, mean = 0.0 (flags = 0x41)
0  -O                                                                        (1 = 100.0%)
1  ... 

Histogram: Security.GwpAsan.Activated.PartitionAlloc.Browser recorded 1 samples, mean = 1.0 (flags = 0x41)
0  O                                                                         (0 = 0.0%)
1  -O                                                                        (1 = 100.0%) {0.0%}
2  O                                                                         (0 = 0.0%) {100.0%}

Histogram: Security.GwpAsan.AllocatorOom.PartitionAlloc.Browser recorded 0 samples (flags = 0x41)
0 ... 

Histogram: Security.HttpsFirstMode.SettingEnabledAtStartup recorded 1 samples, mean = 0.0 (flags = 0x41)
0  -O                                                                        (1 = 100.0%)
1  ... 

Histogram: Security.JSONParser.ChromiumExtensionUsage recorded 1 samples, mean = 1.0 (flags = 0x41)
0  O                                                                         (0 = 0.0%)
1  -O                                                                        (1 = 100.0%) {0.0%}
2  ... 

Histogram: Security.JSONParser.ParsingTime recorded 18 samples, mean = 128.1 (flags = 0x41)
0     -O                                                                        (1 = 5.6%)
1     O                                                                         (0 = 0.0%) {5.6%}
2     --O                                                                       (2 = 11.1%) {5.6%}
3     O                                                                         (0 = 0.0%) {16.7%}
4     -O                                                                        (1 = 5.6%) {16.7%}
5     -O                                                                        (1 = 5.6%) {22.2%}
7     -O                                                                        (1 = 5.6%) {27.8%}
9     -O                                                                        (1 = 5.6%) {33.3%}
12    -O                                                                        (1 = 5.6%) {38.9%}
16    --O                                                                       (2 = 11.1%) {44.4%}
21    O                                                                         (0 = 0.0%) {55.6%}
28    -O                                                                        (1 = 5.6%) {55.6%}
37    --O                                                                       (2 = 11.1%) {61.1%}
49    --O                                                                       (2 = 11.1%) {72.2%}
65    -O                                                                        (1 = 5.6%) {83.3%}
86    O                                                                         (0 = 0.0%) {88.9%}
113   -O                                                                        (1 = 5.6%) {88.9%}
149   ... 
1774  -O                                                                        (1 = 5.6%) {94.4%}
2336  ... 

Histogram: Security.NavigationRequestSecurityLevel recorded 2 samples, mean = 1.0 (flags = 0x41)
0  O                                                                         (0 = 0.0%)
1  --O                                                                       (2 = 100.0%) {0.0%}
2  ... 

Histogram: Security.PageEndReason.SECURE recorded 1 samples, mean = 6.0 (flags = 0x41)
0  ... 
6  -O                                                                        (1 = 100.0%) {0.0%}
7  ... 

Histogram: Security.PageEndReason.SafetyTip_None recorded 1 samples, mean = 6.0 (flags = 0x41)
0  ... 
6  -O                                                                        (1 = 100.0%) {0.0%}
7  ... 

Histogram: Security.PrivateNetworkAccess.CheckResult recorded 75 samples, mean = 1.6 (flags = 0x41)
0   -------------------------------O                                          (31 = 41.3%)
1   -------------------------------------O                                    (37 = 49.3%) {41.3%}
2   ... 
12  -------O                                                                  (7 = 9.3%) {90.7%}
13  O                                                                         (0 = 0.0%) {100.0%}

Histogram: Security.PrivateNetworkAccess.PrivateIpInferrable recorded 1 samples, mean = 1.0 (flags = 0x41)
0  O                                                                         (0 = 0.0%)
1  -O                                                                        (1 = 100.0%) {0.0%}
2  O                                                                         (0 = 0.0%) {100.0%}

Histogram: Security.PrivateNetworkAccess.PrivateIpResolveMatch recorded 1 samples, mean = 1.0 (flags = 0x41)
0  O                                                                         (0 = 0.0%)
1  -O                                                                        (1 = 100.0%) {0.0%}
2  O                                                                         (0 = 0.0%) {100.0%}

Histogram: Security.SCTAuditing.NumPersistedReportsLoaded recorded 1 samples, mean = 0.0 (flags = 0x41)
0  -O                                                                        (1 = 100.0%)
1  ... 

Histogram: Security.SafetyTips.GetReputationStatusWithEngagedSitesTime recorded 1 samples, mean = 0.0 (flags = 0x41)
0  -O                                                                        (1 = 100.0%)
1  ... 

Histogram: Security.SafetyTips.ReputationCheckComplete.DidFinishNavigation recorded 1 samples, mean = 1.0 (flags = 0x41)
0  O                                                                         (0 = 0.0%)
1  -O                                                                        (1 = 100.0%) {0.0%}
2  ... 

Histogram: Security.SafetyTips.SafetyTipShown recorded 1 samples, mean = 1.0 (flags = 0x41)
0  O                                                                         (0 = 0.0%)
1  -O                                                                        (1 = 100.0%) {0.0%}
2  ... 

Histogram: Security.SafetyTips.StatusWithInitiator.Unknown recorded 1 samples, mean = 1.0 (flags = 0x41)
0  O                                                                         (0 = 0.0%)
1  -O                                                                        (1 = 100.0%) {0.0%}
2  ... 

Histogram: Security.SecurityLevel.OnCommit recorded 1 samples, mean = 3.0 (flags = 0x41)
0  ... 
3  -O                                                                        (1 = 100.0%) {0.0%}
4  ... 

Histogram: Security.SecurityLevel.OnComplete recorded 1 samples, mean = 3.0 (flags = 0x41)
0  ... 
3  -O                                                                        (1 = 100.0%) {0.0%}
4  ... 

Histogram: Security.SiteEngagement.SECURE recorded 1 samples, mean = 16.0 (flags = 0x41)
0   ... 
16  -O                                                                        (1 = 100.0%) {0.0%}
17  ... 

Histogram: Security.SiteEngagement.SafetyTip_None recorded 1 samples, mean = 16.0 (flags = 0x41)
0   ... 
16  -O                                                                        (1 = 100.0%) {0.0%}
17  ... 

Histogram: Security.TimeOnPage2.SECURE recorded 1 samples, mean = 4325502.0 (flags = 0x41)
0        ... 
3600000  -O                                                                        (1 = 100.0%) {0.0%}

Histogram: Security.TimeOnPage2.SafetyTip_None recorded 1 samples, mean = 4325502.0 (flags = 0x41)
0        ... 
3600000  -O                                                                        (1 = 100.0%) {0.0%}

Histogram: SegmentationPlatform.ClassificationRequest.TotalDuration.DeviceSwitcher recorded 1 samples, mean = 74460.0 (flags = 0x41)
0      ... 
10000  -O                                                                        (1 = 100.0%) {0.0%}

Histogram: SegmentationPlatform.CrossDeviceUser.PostProcessing.TopLabel.Computed recorded 1 samples (flags = 0x41)
-1 -O                                                                        (1 = 100.0%)

Histogram: SegmentationPlatform.Database.StoreUkmEntry recorded 7 samples, mean = 0.0 (flags = 0x41)
0  -------O                                                                  (7 = 100.0%)
1  ... 

Histogram: SegmentationPlatform.Database.UpdateUrlForUkmSource recorded 6 samples, mean = 5.2 (flags = 0x41)
0   -----O                                                                    (5 = 83.3%)
1   ... 
29  -O                                                                        (1 = 16.7%) {83.3%}
34  ... 

Histogram: SegmentationPlatform.DefaultModelDelivery.Metadata.FeatureCount.ChromeLowUserEngagement recorded 1 samples, mean = 1.0 (flags = 0x41)
0  O                                                                         (0 = 0.0%)
1  -O                                                                        (1 = 100.0%) {0.0%}
2  ... 

Histogram: SegmentationPlatform.DefaultModelDelivery.Metadata.FeatureCount.ComposePromotion recorded 1 samples, mean = 1.0 (flags = 0x41)
0  O                                                                         (0 = 0.0%)
1  -O                                                                        (1 = 100.0%) {0.0%}
2  ... 

Histogram: SegmentationPlatform.DefaultModelDelivery.Metadata.FeatureCount.CrossDeviceUserSegment recorded 1 samples, mean = 4.0 (flags = 0x41)
0  ... 
4  -O                                                                        (1 = 100.0%) {0.0%}
5  ... 

Histogram: SegmentationPlatform.DefaultModelDelivery.Metadata.FeatureCount.DatabaseApiClients recorded 1 samples, mean = 3.0 (flags = 0x41)
0  ... 
3  -O                                                                        (1 = 100.0%) {0.0%}
4  ... 

Histogram: SegmentationPlatform.DefaultModelDelivery.Metadata.FeatureCount.DeviceSwitcher recorded 1 samples, mean = 1.0 (flags = 0x41)
0  O                                                                         (0 = 0.0%)
1  -O                                                                        (1 = 100.0%) {0.0%}
2  ... 

Histogram: SegmentationPlatform.DefaultModelDelivery.Metadata.FeatureCount.PasswordManagerUser recorded 1 samples, mean = 7.0 (flags = 0x41)
0  ... 
7  -O                                                                        (1 = 100.0%) {0.0%}
8  ... 

Histogram: SegmentationPlatform.DefaultModelDelivery.Metadata.FeatureCount.ResumeHeavyUserSegment recorded 1 samples, mean = 5.0 (flags = 0x41)
0  ... 
5  -O                                                                        (1 = 100.0%) {0.0%}
6  ... 

Histogram: SegmentationPlatform.DefaultModelDelivery.Metadata.FeatureCount.SearchUser recorded 1 samples, mean = 2.0 (flags = 0x41)
0  ... 
2  -O                                                                        (1 = 100.0%) {0.0%}
3  ... 

Histogram: SegmentationPlatform.DefaultModelDelivery.Metadata.FeatureCount.ShoppingUser recorded 1 samples, mean = 2.0 (flags = 0x41)
0  ... 
2  -O                                                                        (1 = 100.0%) {0.0%}
3  ... 

Histogram: SegmentationPlatform.DefaultModelDelivery.Metadata.FeatureCount.UrlVisitResumptionRanker recorded 1 samples, mean = 23.0 (flags = 0x41)
0   ... 
23  -O                                                                        (1 = 100.0%) {0.0%}
26  ... 

Histogram: SegmentationPlatform.DefaultModelDelivery.Metadata.Validation.Processed.ChromeLowUserEngagement recorded 1 samples, mean = 0.0 (flags = 0x41)
0  -O                                                                        (1 = 100.0%)
1  ... 

Histogram: SegmentationPlatform.DefaultModelDelivery.Metadata.Validation.Processed.ComposePromotion recorded 1 samples, mean = 0.0 (flags = 0x41)
0  -O                                                                        (1 = 100.0%)
1  ... 

Histogram: SegmentationPlatform.DefaultModelDelivery.Metadata.Validation.Processed.CrossDeviceUserSegment recorded 1 samples, mean = 0.0 (flags = 0x41)
0  -O                                                                        (1 = 100.0%)
1  ... 

Histogram: SegmentationPlatform.DefaultModelDelivery.Metadata.Validation.Processed.DatabaseApiClients recorded 1 samples, mean = 0.0 (flags = 0x41)
0  -O                                                                        (1 = 100.0%)
1  ... 

Histogram: SegmentationPlatform.DefaultModelDelivery.Metadata.Validation.Processed.DeviceSwitcher recorded 1 samples, mean = 0.0 (flags = 0x41)
0  -O                                                                        (1 = 100.0%)
1  ... 

Histogram: SegmentationPlatform.DefaultModelDelivery.Metadata.Validation.Processed.PasswordManagerUser recorded 1 samples, mean = 0.0 (flags = 0x41)
0  -O                                                                        (1 = 100.0%)
1  ... 

Histogram: SegmentationPlatform.DefaultModelDelivery.Metadata.Validation.Processed.ResumeHeavyUserSegment recorded 1 samples, mean = 0.0 (flags = 0x41)
0  -O                                                                        (1 = 100.0%)
1  ... 

Histogram: SegmentationPlatform.DefaultModelDelivery.Metadata.Validation.Processed.SearchUser recorded 1 samples, mean = 0.0 (flags = 0x41)
0  -O                                                                        (1 = 100.0%)
1  ... 

Histogram: SegmentationPlatform.DefaultModelDelivery.Metadata.Validation.Processed.ShoppingUser recorded 1 samples, mean = 0.0 (flags = 0x41)
0  -O                                                                        (1 = 100.0%)
1  ... 

Histogram: SegmentationPlatform.DefaultModelDelivery.Metadata.Validation.Processed.UrlVisitResumptionRanker recorded 1 samples, mean = 0.0 (flags = 0x41)
0  -O                                                                        (1 = 100.0%)
1  ... 

Histogram: SegmentationPlatform.DefaultModelDelivery.Received recorded 10 samples (flags = 0x41)
16    -O                                                                        (1 = 10.0%)
21    -O                                                                        (1 = 10.0%)
23    -O                                                                        (1 = 10.0%)
27    -O                                                                        (1 = 10.0%)
45    -O                                                                        (1 = 10.0%)
46    -O                                                                        (1 = 10.0%)
1001  -O                                                                        (1 = 10.0%)
1004  -O                                                                        (1 = 10.0%)
1007  -O                                                                        (1 = 10.0%)
1009  -O                                                                        (1 = 10.0%)

Histogram: SegmentationPlatform.DefaultModelDelivery.SaveResult.ChromeLowUserEngagement recorded 1 samples, mean = 1.0 (flags = 0x41)
0  O                                                                         (0 = 0.0%)
1  -O                                                                        (1 = 100.0%) {0.0%}
2  O                                                                         (0 = 0.0%) {100.0%}

Histogram: SegmentationPlatform.DefaultModelDelivery.SaveResult.ComposePromotion recorded 1 samples, mean = 1.0 (flags = 0x41)
0  O                                                                         (0 = 0.0%)
1  -O                                                                        (1 = 100.0%) {0.0%}
2  O                                                                         (0 = 0.0%) {100.0%}

Histogram: SegmentationPlatform.DefaultModelDelivery.SaveResult.CrossDeviceUserSegment recorded 1 samples, mean = 1.0 (flags = 0x41)
0  O                                                                         (0 = 0.0%)
1  -O                                                                        (1 = 100.0%) {0.0%}
2  O                                                                         (0 = 0.0%) {100.0%}

Histogram: SegmentationPlatform.DefaultModelDelivery.SaveResult.DatabaseApiClients recorded 1 samples, mean = 1.0 (flags = 0x41)
0  O                                                                         (0 = 0.0%)
1  -O                                                                        (1 = 100.0%) {0.0%}
2  O                                                                         (0 = 0.0%) {100.0%}

Histogram: SegmentationPlatform.DefaultModelDelivery.SaveResult.DeviceSwitcher recorded 1 samples, mean = 1.0 (flags = 0x41)
0  O                                                                         (0 = 0.0%)
1  -O                                                                        (1 = 100.0%) {0.0%}
2  O                                                                         (0 = 0.0%) {100.0%}

Histogram: SegmentationPlatform.DefaultModelDelivery.SaveResult.PasswordManagerUser recorded 1 samples, mean = 1.0 (flags = 0x41)
0  O                                                                         (0 = 0.0%)
1  -O                                                                        (1 = 100.0%) {0.0%}
2  O                                                                         (0 = 0.0%) {100.0%}

Histogram: SegmentationPlatform.DefaultModelDelivery.SaveResult.ResumeHeavyUserSegment recorded 1 samples, mean = 1.0 (flags = 0x41)
0  O                                                                         (0 = 0.0%)
1  -O                                                                        (1 = 100.0%) {0.0%}
2  O                                                                         (0 = 0.0%) {100.0%}

Histogram: SegmentationPlatform.DefaultModelDelivery.SaveResult.SearchUser recorded 1 samples, mean = 1.0 (flags = 0x41)
0  O                                                                         (0 = 0.0%)
1  -O                                                                        (1 = 100.0%) {0.0%}
2  O                                                                         (0 = 0.0%) {100.0%}

Histogram: SegmentationPlatform.DefaultModelDelivery.SaveResult.ShoppingUser recorded 1 samples, mean = 1.0 (flags = 0x41)
0  O                                                                         (0 = 0.0%)
1  -O                                                                        (1 = 100.0%) {0.0%}
2  O                                                                         (0 = 0.0%) {100.0%}

Histogram: SegmentationPlatform.DefaultModelDelivery.SaveResult.UrlVisitResumptionRanker recorded 1 samples, mean = 1.0 (flags = 0x41)
0  O                                                                         (0 = 0.0%)
1  -O                                                                        (1 = 100.0%) {0.0%}
2  O                                                                         (0 = 0.0%) {100.0%}

Histogram: SegmentationPlatform.DefaultModelDelivery.SegmentIdMatches.ChromeLowUserEngagement recorded 1 samples, mean = 1.0 (flags = 0x41)
0  O                                                                         (0 = 0.0%)
1  -O                                                                        (1 = 100.0%) {0.0%}
2  O                                                                         (0 = 0.0%) {100.0%}

Histogram: SegmentationPlatform.DefaultModelDelivery.SegmentIdMatches.ComposePromotion recorded 1 samples, mean = 1.0 (flags = 0x41)
0  O                                                                         (0 = 0.0%)
1  -O                                                                        (1 = 100.0%) {0.0%}
2  O                                                                         (0 = 0.0%) {100.0%}

Histogram: SegmentationPlatform.DefaultModelDelivery.SegmentIdMatches.CrossDeviceUserSegment recorded 1 samples, mean = 1.0 (flags = 0x41)
0  O                                                                         (0 = 0.0%)
1  -O                                                                        (1 = 100.0%) {0.0%}
2  O                                                                         (0 = 0.0%) {100.0%}

Histogram: SegmentationPlatform.DefaultModelDelivery.SegmentIdMatches.DatabaseApiClients recorded 1 samples, mean = 1.0 (flags = 0x41)
0  O                                                                         (0 = 0.0%)
1  -O                                                                        (1 = 100.0%) {0.0%}
2  O                                                                         (0 = 0.0%) {100.0%}

Histogram: SegmentationPlatform.DefaultModelDelivery.SegmentIdMatches.DeviceSwitcher recorded 1 samples, mean = 1.0 (flags = 0x41)
0  O                                                                         (0 = 0.0%)
1  -O                                                                        (1 = 100.0%) {0.0%}
2  O                                                                         (0 = 0.0%) {100.0%}

Histogram: SegmentationPlatform.DefaultModelDelivery.SegmentIdMatches.PasswordManagerUser recorded 1 samples, mean = 1.0 (flags = 0x41)
0  O                                                                         (0 = 0.0%)
1  -O                                                                        (1 = 100.0%) {0.0%}
2  O                                                                         (0 = 0.0%) {100.0%}

Histogram: SegmentationPlatform.DefaultModelDelivery.SegmentIdMatches.ResumeHeavyUserSegment recorded 1 samples, mean = 1.0 (flags = 0x41)
0  O                                                                         (0 = 0.0%)
1  -O                                                                        (1 = 100.0%) {0.0%}
2  O                                                                         (0 = 0.0%) {100.0%}

Histogram: SegmentationPlatform.DefaultModelDelivery.SegmentIdMatches.SearchUser recorded 1 samples, mean = 1.0 (flags = 0x41)
0  O                                                                         (0 = 0.0%)
1  -O                                                                        (1 = 100.0%) {0.0%}
2  O                                                                         (0 = 0.0%) {100.0%}

Histogram: SegmentationPlatform.DefaultModelDelivery.SegmentIdMatches.ShoppingUser recorded 1 samples, mean = 1.0 (flags = 0x41)
0  O                                                                         (0 = 0.0%)
1  -O                                                                        (1 = 100.0%) {0.0%}
2  O                                                                         (0 = 0.0%) {100.0%}

Histogram: SegmentationPlatform.DefaultModelDelivery.SegmentIdMatches.UrlVisitResumptionRanker recorded 1 samples, mean = 1.0 (flags = 0x41)
0  O                                                                         (0 = 0.0%)
1  -O                                                                        (1 = 100.0%) {0.0%}
2  O                                                                         (0 = 0.0%) {100.0%}

Histogram: SegmentationPlatform.DeviceSwitcher.PostProcessing.TopLabel.Computed recorded 1 samples (flags = 0x41)
7  -O                                                                        (1 = 100.0%)

Histogram: SegmentationPlatform.FeatureProcessing.Error.DeviceSwitcher recorded 1 samples, mean = 7.0 (flags = 0x41)
0  ... 
7  -O                                                                        (1 = 100.0%) {0.0%}
8  O                                                                         (0 = 0.0%) {100.0%}

Histogram: SegmentationPlatform.Init.CreationToInitializationLatency recorded 1 samples, mean = 11882.0 (flags = 0x41)
0      ... 
10165  -O                                                                        (1 = 100.0%) {0.0%}
12916  ... 

Histogram: SegmentationPlatform.Init.ModelUpdatedTimeDifferenceInDays.ChromeLowUserEngagement recorded 1 samples, mean = 14.0 (flags = 0x41)
0   ... 
14  -O                                                                        (1 = 100.0%) {0.0%}
16  ... 

Histogram: SegmentationPlatform.Init.ModelUpdatedTimeDifferenceInDays.ComposePromotion recorded 1 samples, mean = 14.0 (flags = 0x41)
0   ... 
14  -O                                                                        (1 = 100.0%) {0.0%}
16  ... 

Histogram: SegmentationPlatform.Init.ModelUpdatedTimeDifferenceInDays.CrossDeviceUserSegment recorded 1 samples, mean = 14.0 (flags = 0x41)
0   ... 
14  -O                                                                        (1 = 100.0%) {0.0%}
16  ... 

Histogram: SegmentationPlatform.Init.ModelUpdatedTimeDifferenceInDays.DatabaseApiClients recorded 1 samples, mean = 14.0 (flags = 0x41)
0   ... 
14  -O                                                                        (1 = 100.0%) {0.0%}
16  ... 

Histogram: SegmentationPlatform.Init.ModelUpdatedTimeDifferenceInDays.DeviceSwitcher recorded 1 samples, mean = 14.0 (flags = 0x41)
0   ... 
14  -O                                                                        (1 = 100.0%) {0.0%}
16  ... 

Histogram: SegmentationPlatform.Init.ModelUpdatedTimeDifferenceInDays.PasswordManagerUser recorded 1 samples, mean = 14.0 (flags = 0x41)
0   ... 
14  -O                                                                        (1 = 100.0%) {0.0%}
16  ... 

Histogram: SegmentationPlatform.Init.ModelUpdatedTimeDifferenceInDays.ResumeHeavyUserSegment recorded 1 samples, mean = 14.0 (flags = 0x41)
0   ... 
14  -O                                                                        (1 = 100.0%) {0.0%}
16  ... 

Histogram: SegmentationPlatform.Init.ModelUpdatedTimeDifferenceInDays.SearchUser recorded 1 samples, mean = 14.0 (flags = 0x41)
0   ... 
14  -O                                                                        (1 = 100.0%) {0.0%}
16  ... 

Histogram: SegmentationPlatform.Init.ModelUpdatedTimeDifferenceInDays.ShoppingUser recorded 1 samples, mean = 14.0 (flags = 0x41)
0   ... 
14  -O                                                                        (1 = 100.0%) {0.0%}
16  ... 

Histogram: SegmentationPlatform.Init.ModelUpdatedTimeDifferenceInDays.UrlVisitResumptionRanker recorded 1 samples, mean = 14.0 (flags = 0x41)
0   ... 
14  -O                                                                        (1 = 100.0%) {0.0%}
16  ... 

Histogram: SegmentationPlatform.Init.ProcessCreationToServiceCreationLatency recorded 1 samples, mean = 440915.0 (flags = 0x41)
0       ... 
180000  -O                                                                        (1 = 100.0%) {0.0%}

Histogram: SegmentationPlatform.Maintenance.CleanupSignalSuccessCount recorded 1 samples, mean = 5.0 (flags = 0x41)
0  ... 
5  -O                                                                        (1 = 100.0%) {0.0%}
6  ... 

Histogram: SegmentationPlatform.Maintenance.SignalIdentifierCount recorded 1 samples, mean = 20.0 (flags = 0x41)
0   ... 
20  -O                                                                        (1 = 100.0%) {0.0%}
23  ... 

Histogram: SegmentationPlatform.ModelAvailability.ChromeLowUserEngagement recorded 1 samples, mean = 0.0 (flags = 0x41)
0  -O                                                                        (1 = 100.0%)
1  ... 

Histogram: SegmentationPlatform.ModelAvailability.ComposePromotion recorded 1 samples, mean = 0.0 (flags = 0x41)
0  -O                                                                        (1 = 100.0%)
1  ... 

Histogram: SegmentationPlatform.ModelAvailability.DeviceSwitcher recorded 1 samples, mean = 0.0 (flags = 0x41)
0  -O                                                                        (1 = 100.0%)
1  ... 

Histogram: SegmentationPlatform.ModelAvailability.SearchUser recorded 1 samples, mean = 0.0 (flags = 0x41)
0  -O                                                                        (1 = 100.0%)
1  ... 

Histogram: SegmentationPlatform.ModelAvailability.ShoppingUser recorded 1 samples, mean = 0.0 (flags = 0x41)
0  -O                                                                        (1 = 100.0%)
1  ... 

Histogram: SegmentationPlatform.ModelAvailability.UrlVisitResumptionRanker recorded 1 samples, mean = 0.0 (flags = 0x41)
0  -O                                                                        (1 = 100.0%)
1  ... 

Histogram: SegmentationPlatform.ModelAvailability.WebAppInstallationPromo recorded 1 samples, mean = 0.0 (flags = 0x41)
0  -O                                                                        (1 = 100.0%)
1  ... 

Histogram: SegmentationPlatform.ModelExecution.DefaultProvider.Status.DeviceSwitcher recorded 1 samples, mean = 0.0 (flags = 0x41)
0  -O                                                                        (1 = 100.0%)
1  ... 

Histogram: SegmentationPlatform.ModelExecution.Duration.Model.DeviceSwitcher.Success recorded 1 samples, mean = 0.0 (flags = 0x41)
0  -O                                                                        (1 = 100.0%)
1  ... 

Histogram: SegmentationPlatform.ModelExecution.Duration.Total.DeviceSwitcher.Success recorded 1 samples, mean = 60301.0 (flags = 0x41)
0      ... 
10000  -O                                                                        (1 = 100.0%) {0.0%}

Histogram: SegmentationPlatform.ModelExecution.Result.0.DeviceSwitcher recorded 1 samples, mean = 0.0 (flags = 0x41)
0  -O                                                                        (1 = 100.0%)
1  ... 

Histogram: SegmentationPlatform.ModelExecution.Result.1.DeviceSwitcher recorded 1 samples, mean = 0.0 (flags = 0x41)
0  -O                                                                        (1 = 100.0%)
1  ... 

Histogram: SegmentationPlatform.ModelExecution.Result.2.DeviceSwitcher recorded 1 samples, mean = 0.0 (flags = 0x41)
0  -O                                                                        (1 = 100.0%)
1  ... 

Histogram: SegmentationPlatform.ModelExecution.Result.3.DeviceSwitcher recorded 1 samples, mean = 0.0 (flags = 0x41)
0  -O                                                                        (1 = 100.0%)
1  ... 

Histogram: SegmentationPlatform.ModelExecution.Result.4.DeviceSwitcher recorded 1 samples, mean = 0.0 (flags = 0x41)
0  -O                                                                        (1 = 100.0%)
1  ... 

Histogram: SegmentationPlatform.ModelExecution.Result.5.DeviceSwitcher recorded 1 samples, mean = 0.0 (flags = 0x41)
0  -O                                                                        (1 = 100.0%)
1  ... 

Histogram: SegmentationPlatform.ModelExecution.Result.6.DeviceSwitcher recorded 1 samples, mean = 0.0 (flags = 0x41)
0  -O                                                                        (1 = 100.0%)
1  ... 

Histogram: SegmentationPlatform.ModelExecution.Result.7.DeviceSwitcher recorded 1 samples, mean = 100.0 (flags = 0x41)
0    ... 
100  -O                                                                        (1 = 100.0%) {0.0%}
101  O                                                                         (0 = 0.0%) {100.0%}

Histogram: SegmentationPlatform.ModelExecution.ZeroValuePercent.DeviceSwitcher recorded 1 samples, mean = 90.0 (flags = 0x41)
0   ... 
90  -O                                                                        (1 = 100.0%) {0.0%}
91  ... 

Histogram: SegmentationPlatform.PasswordManagerUser.PostProcessing.TopLabel.Computed recorded 1 samples (flags = 0x41)
0  -O                                                                        (1 = 100.0%)

Histogram: SegmentationPlatform.ResumeHeavyUser.PostProcessing.TopLabel.Computed recorded 1 samples (flags = 0x41)
0  -O                                                                        (1 = 100.0%)

Histogram: SegmentationPlatform.SearchUser.PostProcessing.TopLabel.Computed recorded 1 samples (flags = 0x41)
-1 -O                                                                        (1 = 100.0%)

Histogram: SegmentationPlatform.SegmentInfoDatabase.ProtoDBUpdateResult.ChromeLowUserEngagement recorded 1 samples, mean = 1.0 (flags = 0x41)
0  O                                                                         (0 = 0.0%)
1  -O                                                                        (1 = 100.0%) {0.0%}
2  O                                                                         (0 = 0.0%) {100.0%}

Histogram: SegmentationPlatform.SegmentInfoDatabase.ProtoDBUpdateResult.ComposePromotion recorded 1 samples, mean = 1.0 (flags = 0x41)
0  O                                                                         (0 = 0.0%)
1  -O                                                                        (1 = 100.0%) {0.0%}
2  O                                                                         (0 = 0.0%) {100.0%}

Histogram: SegmentationPlatform.SegmentInfoDatabase.ProtoDBUpdateResult.CrossDeviceUserSegment recorded 1 samples, mean = 1.0 (flags = 0x41)
0  O                                                                         (0 = 0.0%)
1  -O                                                                        (1 = 100.0%) {0.0%}
2  O                                                                         (0 = 0.0%) {100.0%}

Histogram: SegmentationPlatform.SegmentInfoDatabase.ProtoDBUpdateResult.DatabaseApiClients recorded 1 samples, mean = 1.0 (flags = 0x41)
0  O                                                                         (0 = 0.0%)
1  -O                                                                        (1 = 100.0%) {0.0%}
2  O                                                                         (0 = 0.0%) {100.0%}

Histogram: SegmentationPlatform.SegmentInfoDatabase.ProtoDBUpdateResult.DeviceSwitcher recorded 1 samples, mean = 1.0 (flags = 0x41)
0  O                                                                         (0 = 0.0%)
1  -O                                                                        (1 = 100.0%) {0.0%}
2  O                                                                         (0 = 0.0%) {100.0%}

Histogram: SegmentationPlatform.SegmentInfoDatabase.ProtoDBUpdateResult.PasswordManagerUser recorded 1 samples, mean = 1.0 (flags = 0x41)
0  O                                                                         (0 = 0.0%)
1  -O                                                                        (1 = 100.0%) {0.0%}
2  O                                                                         (0 = 0.0%) {100.0%}

Histogram: SegmentationPlatform.SegmentInfoDatabase.ProtoDBUpdateResult.ResumeHeavyUserSegment recorded 1 samples, mean = 1.0 (flags = 0x41)
0  O                                                                         (0 = 0.0%)
1  -O                                                                        (1 = 100.0%) {0.0%}
2  O                                                                         (0 = 0.0%) {100.0%}

Histogram: SegmentationPlatform.SegmentInfoDatabase.ProtoDBUpdateResult.SearchUser recorded 1 samples, mean = 1.0 (flags = 0x41)
0  O                                                                         (0 = 0.0%)
1  -O                                                                        (1 = 100.0%) {0.0%}
2  O                                                                         (0 = 0.0%) {100.0%}

Histogram: SegmentationPlatform.SegmentInfoDatabase.ProtoDBUpdateResult.ShoppingUser recorded 1 samples, mean = 1.0 (flags = 0x41)
0  O                                                                         (0 = 0.0%)
1  -O                                                                        (1 = 100.0%) {0.0%}
2  O                                                                         (0 = 0.0%) {100.0%}

Histogram: SegmentationPlatform.SegmentInfoDatabase.ProtoDBUpdateResult.UrlVisitResumptionRanker recorded 1 samples, mean = 1.0 (flags = 0x41)
0  O                                                                         (0 = 0.0%)
1  -O                                                                        (1 = 100.0%) {0.0%}
2  O                                                                         (0 = 0.0%) {100.0%}

Histogram: SegmentationPlatform.SegmentInfoDatabase.ProtoDBUpdateResult.WebAppInstallationPromo recorded 1 samples, mean = 1.0 (flags = 0x41)
0  O                                                                         (0 = 0.0%)
1  -O                                                                        (1 = 100.0%) {0.0%}
2  O                                                                         (0 = 0.0%) {100.0%}

Histogram: SegmentationPlatform.SelectionFailedReason.ChromeLowUserEngagement recorded 2 samples, mean = 14.5 (flags = 0x41)
0   ... 
12  -O                                                                        (1 = 50.0%) {0.0%}
13  ... 
17  -O                                                                        (1 = 50.0%) {50.0%}
18  ... 

Histogram: SegmentationPlatform.SelectionFailedReason.ComposePromotion recorded 1 samples, mean = 17.0 (flags = 0x41)
0   ... 
17  -O                                                                        (1 = 100.0%) {0.0%}
18  ... 

Histogram: SegmentationPlatform.SelectionFailedReason.CrossDeviceUser recorded 3 samples, mean = 20.3 (flags = 0x41)
0   ... 
16  -O                                                                        (1 = 33.3%) {0.0%}
17  O                                                                         (0 = 0.0%) {33.3%}
18  -O                                                                        (1 = 33.3%) {33.3%}
19  ... 
27  -O                                                                        (1 = 33.3%) {66.7%}
28  ... 

Histogram: SegmentationPlatform.SelectionFailedReason.DatabaseApiClients recorded 1 samples, mean = 17.0 (flags = 0x41)
0   ... 
17  -O                                                                        (1 = 100.0%) {0.0%}
18  ... 

Histogram: SegmentationPlatform.SelectionFailedReason.DeviceSwitcher recorded 2 samples, mean = 19.0 (flags = 0x41)
0   ... 
17  -O                                                                        (1 = 50.0%) {0.0%}
18  ... 
21  -O                                                                        (1 = 50.0%) {50.0%}
22  ... 

Histogram: SegmentationPlatform.SelectionFailedReason.PasswordManagerUser recorded 3 samples, mean = 20.3 (flags = 0x41)
0   ... 
16  -O                                                                        (1 = 33.3%) {0.0%}
17  O                                                                         (0 = 0.0%) {33.3%}
18  -O                                                                        (1 = 33.3%) {33.3%}
19  ... 
27  -O                                                                        (1 = 33.3%) {66.7%}
28  ... 

Histogram: SegmentationPlatform.SelectionFailedReason.ResumeHeavyUser recorded 3 samples, mean = 20.3 (flags = 0x41)
0   ... 
16  -O                                                                        (1 = 33.3%) {0.0%}
17  O                                                                         (0 = 0.0%) {33.3%}
18  -O                                                                        (1 = 33.3%) {33.3%}
19  ... 
27  -O                                                                        (1 = 33.3%) {66.7%}
28  ... 

Histogram: SegmentationPlatform.SelectionFailedReason.SearchUser recorded 3 samples, mean = 20.3 (flags = 0x41)
0   ... 
16  -O                                                                        (1 = 33.3%) {0.0%}
17  O                                                                         (0 = 0.0%) {33.3%}
18  -O                                                                        (1 = 33.3%) {33.3%}
19  ... 
27  -O                                                                        (1 = 33.3%) {66.7%}
28  ... 

Histogram: SegmentationPlatform.SelectionFailedReason.ShoppingUser recorded 3 samples, mean = 20.7 (flags = 0x41)
0   ... 
16  -O                                                                        (1 = 33.3%) {0.0%}
17  ... 
19  -O                                                                        (1 = 33.3%) {33.3%}
20  ... 
27  -O                                                                        (1 = 33.3%) {66.7%}
28  ... 

Histogram: SegmentationPlatform.SelectionFailedReason.URLVisitResumptionRanker recorded 1 samples, mean = 17.0 (flags = 0x41)
0   ... 
17  -O                                                                        (1 = 100.0%) {0.0%}
18  ... 

Histogram: SegmentationPlatform.SelectionFailedReason.WebAppInstallationPromo recorded 1 samples, mean = 17.0 (flags = 0x41)
0   ... 
17  -O                                                                        (1 = 100.0%) {0.0%}
18  ... 

Histogram: SegmentationPlatform.ShoppingUser.PostProcessing.TopLabel.Computed recorded 1 samples (flags = 0x41)
0  -O                                                                        (1 = 100.0%)

Histogram: SegmentationPlatform.Signals.ListeningCount.HistogramEnum recorded 1 samples, mean = 7.0 (flags = 0x41)
0  ... 
7  -O                                                                        (1 = 100.0%) {0.0%}
8  ... 

Histogram: SegmentationPlatform.Signals.ListeningCount.HistogramValue recorded 1 samples, mean = 6.0 (flags = 0x41)
0  ... 
6  -O                                                                        (1 = 100.0%) {0.0%}
7  ... 

Histogram: SegmentationPlatform.Signals.ListeningCount.UserAction recorded 1 samples, mean = 7.0 (flags = 0x41)
0  ... 
7  -O                                                                        (1 = 100.0%) {0.0%}
8  ... 

Histogram: SegmentationPlatform.SyncSessions.TabsCountAtStartup recorded 1 samples, mean = 0.0 (flags = 0x41)
0  -O                                                                        (1 = 100.0%)
1  ... 

Histogram: SegmentationPlatform.UkmDatabase.InitTime recorded 1 samples, mean = 81.0 (flags = 0x41)
0   ... 
81  -O                                                                        (1 = 100.0%) {0.0%}
96  ... 

Histogram: ServiceWorker.FindRegistrationForClientUrl.IsCalledForNavigation recorded 5 samples, mean = 0.2 (flags = 0x41)
0  ----O                                                                     (4 = 80.0%)
1  -O                                                                        (1 = 20.0%) {80.0%}
2  O                                                                         (0 = 0.0%) {100.0%}

Histogram: ServiceWorker.FindRegistrationForClientUrl.SkippedMojoCall.OnNavigation recorded 1 samples, mean = 0.0 (flags = 0x41)
0  -O                                                                        (1 = 100.0%)
1  ... 

Histogram: ServiceWorker.OnBrowserStartup.SkipServiceWorkerOnFirstNavigation recorded 1 samples, mean = 0.0 (flags = 0x41)
0  -O                                                                        (1 = 100.0%)
1  ... 

Histogram: ServiceWorker.RegisteredStorageKeyCount recorded 1 samples, mean = 0.0 (flags = 0x41)
0  -O                                                                        (1 = 100.0%)
1  ... 

Histogram: ServiceWorker.SkipCallingFindRegistrationForClientUrl recorded 1 samples, mean = 1.0 (flags = 0x41)
0  O                                                                         (0 = 0.0%)
1  -O                                                                        (1 = 100.0%) {0.0%}
2  O                                                                         (0 = 0.0%) {100.0%}

Histogram: ServiceWorker.Storage.ReadInitialDataFromDB.Time recorded 1 samples, mean = 0.0 (flags = 0x41)
0  -O                                                                        (1 = 100.0%)
1  ... 

Histogram: ServiceWorker.Storage.RegisteredStorageKeyCacheInitialization.Time recorded 1 samples, mean = 7897.0 (flags = 0x41)
0     ... 
6296  -O                                                                        (1 = 100.0%) {0.0%}
8000  ... 

Histogram: SessionRestore.UnrecoverableWriteErrorCount recorded 1 samples, mean = 0.0 (flags = 0x41)
0  -O                                                                        (1 = 100.0%)
1  ... 

Histogram: SessionStorageContext.CommitResult recorded 2 samples, mean = 0.0 (flags = 0x41)
0  --O                                                                       (2 = 100.0%)
1  ... 

Histogram: Settings.AdvancedSpellcheck.OnStartup2 recorded 1 samples, mean = 0.0 (flags = 0x41)
0  -O                                                                        (1 = 100.0%)
1  ... 

Histogram: Settings.AutocompleteSearches.OnStartup2 recorded 1 samples, mean = 1.0 (flags = 0x41)
0  O                                                                         (0 = 0.0%)
1  -O                                                                        (1 = 100.0%) {0.0%}
2  O                                                                         (0 = 0.0%) {100.0%}

Histogram: Settings.FingerprintingProtection.Enabled recorded 1 samples, mean = 0.0 (flags = 0x41)
0  -O                                                                        (1 = 100.0%)
1  ... 

Histogram: Settings.FirstPartySets.State recorded 1 samples, mean = 0.0 (flags = 0x41)
0  -O                                                                        (1 = 100.0%)
1  ... 

Histogram: Settings.IpProtection.Enabled recorded 1 samples, mean = 0.0 (flags = 0x41)
0  -O                                                                        (1 = 100.0%)
1  ... 

Histogram: Settings.PreloadStatus.OnStartup3 recorded 1 samples, mean = 1.0 (flags = 0x41)
0  O                                                                         (0 = 0.0%)
1  -O                                                                        (1 = 100.0%) {0.0%}
2  ... 

Histogram: Settings.PrivacySandbox.AdMeasurement.Enabled recorded 1 samples, mean = 0.0 (flags = 0x41)
0  -O                                                                        (1 = 100.0%)
1  ... 

Histogram: Settings.PrivacySandbox.Fledge.Enabled recorded 1 samples, mean = 0.0 (flags = 0x41)
0  -O                                                                        (1 = 100.0%)
1  ... 

Histogram: Settings.PrivacySandbox.Topics.Enabled recorded 1 samples, mean = 0.0 (flags = 0x41)
0  -O                                                                        (1 = 100.0%)
1  ... 

Histogram: Settings.ShowHomeButton2 recorded 1 samples, mean = 0.0 (flags = 0x41)
0  -O                                                                        (1 = 100.0%)
1  ... 

Histogram: Settings.StartupPageLoadSettings2 recorded 1 samples, mean = 5.0 (flags = 0x41)
0  ... 
5  -O                                                                        (1 = 100.0%) {0.0%}
6  ... 

Histogram: Settings.TrackedPreferenceChanged.FromRegistry recorded 1 samples, mean = 5.0 (flags = 0x41)
0  ... 
5  -O                                                                        (1 = 100.0%) {0.0%}
6  ... 

Histogram: Settings.TrackedPreferenceUnchanged recorded 18 samples, mean = 14.5 (flags = 0x41)
0   -O                                                                        (1 = 5.6%)
1   -O                                                                        (1 = 5.6%) {5.6%}
2   -O                                                                        (1 = 5.6%) {11.1%}
3   -O                                                                        (1 = 5.6%) {16.7%}
4   -O                                                                        (1 = 5.6%) {22.2%}
5   -O                                                                        (1 = 5.6%) {27.8%}
6   -O                                                                        (1 = 5.6%) {33.3%}
7   -O                                                                        (1 = 5.6%) {38.9%}
8   ... 
11  -O                                                                        (1 = 5.6%) {44.4%}
12  ... 
14  -O                                                                        (1 = 5.6%) {50.0%}
15  -O                                                                        (1 = 5.6%) {55.6%}
16  ... 
18  -O                                                                        (1 = 5.6%) {61.1%}
19  ... 
23  -O                                                                        (1 = 5.6%) {66.7%}
24  -O                                                                        (1 = 5.6%) {72.2%}
25  ... 
29  -O                                                                        (1 = 5.6%) {77.8%}
30  ... 
32  -O                                                                        (1 = 5.6%) {83.3%}
33  -O                                                                        (1 = 5.6%) {88.9%}
34  -O                                                                        (1 = 5.6%) {94.4%}
35  O                                                                         (0 = 0.0%) {100.0%}

Histogram: Settings.TrackedPreferenceUnchanged.FromRegistry recorded 17 samples, mean = 15.1 (flags = 0x41)
0   -O                                                                        (1 = 5.9%)
1   -O                                                                        (1 = 5.9%) {5.9%}
2   -O                                                                        (1 = 5.9%) {11.8%}
3   -O                                                                        (1 = 5.9%) {17.6%}
4   -O                                                                        (1 = 5.9%) {23.5%}
5   O                                                                         (0 = 0.0%) {29.4%}
6   -O                                                                        (1 = 5.9%) {29.4%}
7   -O                                                                        (1 = 5.9%) {35.3%}
8   ... 
11  -O                                                                        (1 = 5.9%) {41.2%}
12  ... 
14  -O                                                                        (1 = 5.9%) {47.1%}
15  -O                                                                        (1 = 5.9%) {52.9%}
16  ... 
18  -O                                                                        (1 = 5.9%) {58.8%}
19  ... 
23  -O                                                                        (1 = 5.9%) {64.7%}
24  -O                                                                        (1 = 5.9%) {70.6%}
25  ... 
29  -O                                                                        (1 = 5.9%) {76.5%}
30  ... 
32  -O                                                                        (1 = 5.9%) {82.4%}
33  -O                                                                        (1 = 5.9%) {88.2%}
34  -O                                                                        (1 = 5.9%) {94.1%}
35  O                                                                         (0 = 0.0%) {100.0%}

Histogram: Settings.TrackingProtection.Enabled recorded 1 samples, mean = 0.0 (flags = 0x41)
0  -O                                                                        (1 = 100.0%)
1  ... 

Histogram: SharedDictionary.TimeInitializeDB recorded 1 samples, mean = 5.0 (flags = 0x41)
0  ... 
5  -O                                                                        (1 = 100.0%) {0.0%}
6  ... 

Histogram: Signin.APIKeyMatchesFeatureOnStartup recorded 3 samples, mean = 0.0 (flags = 0x41)
0  ---O                                                                      (3 = 100.0%)
1  ... 

Histogram: Signin.AccountTracker.CountOfLoadedAccounts recorded 1 samples, mean = 0.0 (flags = 0x41)
0  -O                                                                        (1 = 100.0%)
1  ... 

Histogram: Signin.ExplicitSigninMigration recorded 1 samples, mean = 0.0 (flags = 0x41)
0  -O                                                                        (1 = 100.0%)
1  ... 

Histogram: Signin.HadPreviousSyncAccount.SignedOutOnProfileLoad recorded 1 samples, mean = 0.0 (flags = 0x41)
0  -O                                                                        (1 = 100.0%)
1  ... 

Histogram: Signin.HadPreviousSyncAccount.SyncOffOnProfileLoad recorded 1 samples, mean = 0.0 (flags = 0x41)
0  -O                                                                        (1 = 100.0%)
1  ... 

Histogram: Signin.ListAccountsFailure recorded 1 samples, mean = 0.0 (flags = 0x41)
0  -O                                                                        (1 = 100.0%)
1  ... 

Histogram: Signin.PAMInitialize.PrimaryAccountPrefs recorded 1 samples, mean = 2.0 (flags = 0x41)
0  ... 
2  -O                                                                        (1 = 100.0%) {0.0%}
3  ... 

Histogram: Signin.SigninAllowed recorded 1 samples, mean = 0.0 (flags = 0x41)
0  -O                                                                        (1 = 100.0%)
1  ... 

Histogram: Signin.TokenTable.GetAllTokensSqlStatementValidity recorded 1 samples, mean = 1.0 (flags = 0x41)
0  O                                                                         (0 = 0.0%)
1  -O                                                                        (1 = 100.0%) {0.0%}
2  O                                                                         (0 = 0.0%) {100.0%}

Histogram: SimpleCache.App.CacheSizeOnInit recorded 1 samples, mean = 0.0 (flags = 0x41)
0  -O                                                                        (1 = 100.0%)
1000... 

Histogram: SimpleCache.App.ConsistencyResult recorded 1 samples, mean = 0.0 (flags = 0x41)
0  -O                                                                        (1 = 100.0%)
1  ... 

Histogram: SimpleCache.App.CreationToIndex recorded 1 samples, mean = 48.0 (flags = 0x41)
0   ... 
48  -O                                                                        (1 = 100.0%) {0.0%}
57  ... 

Histogram: SimpleCache.App.IndexFileStateOnLoad recorded 1 samples, mean = 2.0 (flags = 0x41)
0  ... 
2  -O                                                                        (1 = 100.0%) {0.0%}
3  ... 

Histogram: SimpleCache.App.IndexInitializeMethod recorded 1 samples, mean = 1.0 (flags = 0x41)
0  O                                                                         (0 = 0.0%)
1  -O                                                                        (1 = 100.0%) {0.0%}
2  ... 

Histogram: SimpleCache.App.IndexNumEntriesOnInit recorded 1 samples, mean = 0.0 (flags = 0x41)
0  -O                                                                        (1 = 100.0%)
1  ... 

Histogram: SimpleCache.App.MaxCacheSizeOnInit recorded 1 samples, mean = 0.0 (flags = 0x41)
0  -O                                                                        (1 = 100.0%)
1000... 

Histogram: SimpleCache.Code.CacheSizeOnInit recorded 1 samples, mean = 5821.0 (flags = 0x41)
0     ... 
5380  -O                                                                        (1 = 100.0%) {0.0%}
6124  ... 

Histogram: SimpleCache.Code.ConsistencyResult recorded 1 samples, mean = 0.0 (flags = 0x41)
0  -O                                                                        (1 = 100.0%)
1  ... 

Histogram: SimpleCache.Code.CreationToIndex recorded 1 samples, mean = 16.0 (flags = 0x41)
0   ... 
14  -O                                                                        (1 = 100.0%) {0.0%}
17  ... 

Histogram: SimpleCache.Code.DiskCloseLatency recorded 28 samples, mean = 0.0 (flags = 0x41)
0  ----------------------------O                                             (28 = 100.0%)
1  ... 

Histogram: SimpleCache.Code.DiskCreateLatency recorded 2 samples, mean = 0.0 (flags = 0x40)
0  --O                                                                       (2 = 100.0%)
1  ... 

Histogram: SimpleCache.Code.DiskDoomLatency recorded 1 samples, mean = 0.0 (flags = 0x41)
0  -O                                                                        (1 = 100.0%)
1  ... 

Histogram: SimpleCache.Code.DiskOpenLatency recorded 26 samples, mean = 18.6 (flags = 0x41)
0   ... 
5   -O                                                                        (1 = 3.8%) {0.0%}
6   -O                                                                        (1 = 3.8%) {3.8%}
7   -O                                                                        (1 = 3.8%) {7.7%}
8   ----O                                                                     (4 = 15.4%) {11.5%}
10  ... 
14  ---O                                                                      (3 = 11.5%) {26.9%}
17  -O                                                                        (1 = 3.8%) {38.5%}
20  ----O                                                                     (4 = 15.4%) {42.3%}
24  ----------O                                                               (10 = 38.5%) {57.7%}
29  -O                                                                        (1 = 3.8%) {96.2%}
34  ... 

Histogram: SimpleCache.Code.EntryCreationTime recorded 28 samples, mean = 22.2 (flags = 0x41)
0   --O                                                                       (2 = 7.1%)
1   ... 
5   -O                                                                        (1 = 3.6%) {7.1%}
6   -O                                                                        (1 = 3.6%) {10.7%}
7   -O                                                                        (1 = 3.6%) {14.3%}
8   --O                                                                       (2 = 7.1%) {17.9%}
10  -O                                                                        (1 = 3.6%) {25.0%}
12  O                                                                         (0 = 0.0%) {28.6%}
14  --O                                                                       (2 = 7.1%) {28.6%}
17  ... 
24  ---------O                                                                (9 = 32.1%) {35.7%}
29  -----O                                                                    (5 = 17.9%) {67.9%}
34  ---O                                                                      (3 = 10.7%) {85.7%}
40  -O                                                                        (1 = 3.6%) {96.4%}
48  ... 

Histogram: SimpleCache.Code.HeaderSize recorded 3 samples, mean = 36.0 (flags = 0x41)
0   ... 
34  ---O                                                                      (3 = 100.0%) {0.0%}
40  ... 

Histogram: SimpleCache.Code.IndexFileStateOnLoad recorded 1 samples, mean = 2.0 (flags = 0x41)
0  ... 
2  -O                                                                        (1 = 100.0%) {0.0%}
3  ... 

Histogram: SimpleCache.Code.IndexInitializeMethod recorded 1 samples, mean = 1.0 (flags = 0x41)
0  O                                                                         (0 = 0.0%)
1  -O                                                                        (1 = 100.0%) {0.0%}
2  ... 

Histogram: SimpleCache.Code.IndexNumEntriesOnInit recorded 1 samples, mean = 107.0 (flags = 0x41)
0   ... 
95  -O                                                                        (1 = 100.0%) {0.0%}
119 ... 

Histogram: SimpleCache.Code.MaxCacheSizeOnInit recorded 1 samples, mean = 327680.0 (flags = 0x41)
0       ... 
297881  -O                                                                        (1 = 100.0%) {0.0%}
339058  ... 

Histogram: SimpleCache.Code.OpenEntryIndexState recorded 33 samples, mean = 1.8 (flags = 0x41)
0  O                                                                         (0 = 0.0%)
1  -------O                                                                  (7 = 21.2%) {0.0%}
2  --------------------------O                                               (26 = 78.8%) {21.2%}
3  O                                                                         (0 = 0.0%) {100.0%}

Histogram: SimpleCache.Code.SyncCheckEOFResult recorded 34 samples, mean = 0.0 (flags = 0x40)
0  ----------------------------------O                                       (34 = 100.0%)
1  ... 

Histogram: SimpleCache.Code.SyncCloseResult recorded 28 samples, mean = 0.0 (flags = 0x40)
0  ----------------------------O                                             (28 = 100.0%)
1  ... 

Histogram: SimpleCache.Code.SyncOpenPrefetchMode recorded 26 samples, mean = 0.0 (flags = 0x41)
0  --------------------------O                                               (26 = 100.0%)
1  ... 

Histogram: SimpleCache.Code.SyncOpenResult recorded 26 samples, mean = 0.0 (flags = 0x40)
0  --------------------------O                                               (26 = 100.0%)
1  ... 

Histogram: SiteEngagementService.EngagementScore recorded 1 samples, mean = 16.0 (flags = 0x41)
0   ... 
16  -O                                                                        (1 = 100.0%) {0.0%}
17  ... 

Histogram: SiteEngagementService.EngagementType recorded 1 samples, mean = 0.0 (flags = 0x41)
0  -O                                                                        (1 = 100.0%)
1  ... 

Histogram: SiteEngagementService.MeanEngagement recorded 1 samples, mean = 16.0 (flags = 0x41)
0   ... 
16  -O                                                                        (1 = 100.0%) {0.0%}
17  ... 

Histogram: SiteEngagementService.MedianEngagement recorded 1 samples, mean = 16.0 (flags = 0x41)
0   ... 
16  -O                                                                        (1 = 100.0%) {0.0%}
17  ... 

Histogram: SiteEngagementService.OriginsEngaged recorded 1 samples, mean = 1.0 (flags = 0x41)
0  O                                                                         (0 = 0.0%)
1  -O                                                                        (1 = 100.0%) {0.0%}
2  ... 

Histogram: SiteIsolatedCodeCache.JS.Behaviour recorded 34 samples, mean = 0.5 (flags = 0x41)
0  -------------------------O                                                (25 = 73.5%)
1  -----O                                                                    (5 = 14.7%) {73.5%}
2  -O                                                                        (1 = 2.9%) {88.2%}
3  -O                                                                        (1 = 2.9%) {91.2%}
4  --O                                                                       (2 = 5.9%) {94.1%}
5  ... 

Histogram: SiteIsolatedCodeCache.JS.FetchCodeCache recorded 21 samples, mean = 29.5 (flags = 0x41)
0   ... 
6   -O                                                                        (1 = 4.8%) {0.0%}
7   O                                                                         (0 = 0.0%) {4.8%}
8   -O                                                                        (1 = 4.8%) {4.8%}
10  ... 
17  -O                                                                        (1 = 4.8%) {9.5%}
20  O                                                                         (0 = 0.0%) {14.3%}
24  --------O                                                                 (8 = 38.1%) {14.3%}
29  -----O                                                                    (5 = 23.8%) {52.4%}
34  -O                                                                        (1 = 4.8%) {76.2%}
40  ---O                                                                      (3 = 14.3%) {81.0%}
48  -O                                                                        (1 = 4.8%) {95.2%}
57  ... 

Histogram: SiteIsolatedCodeCache.JS.Hit recorded 26 samples, mean = 0.8 (flags = 0x41)
0  -----O                                                                    (5 = 19.2%)
1  ---------------------O                                                    (21 = 80.8%) {19.2%}
2  O                                                                         (0 = 0.0%) {100.0%}

Histogram: SiteIsolatedCodeCache.JS.PotentialMemoryBackedCodeCacheHit recorded 26 samples, mean = 0.0 (flags = 0x41)
0  --------------------------O                                               (26 = 100.0%)
1  ... 

Histogram: SiteIsolatedCodeCache.JS.PotentialMemoryBackedCodeCacheSize2 recorded 14 samples, mean = 1186655.0 (flags = 0x41)
0       ... 
977583  --------------O                                                           (14 = 100.0%) {0.0%}
1404020 ... 

Histogram: SiteIsolatedCodeCache.WASM.Behaviour recorded 4 samples, mean = 1.0 (flags = 0x41)
0  O                                                                         (0 = 0.0%)
1  ----O                                                                     (4 = 100.0%) {0.0%}
2  ... 

Histogram: SiteIsolation.BrowsingInstance.MaxCountPerProcess recorded 3 samples, mean = 0.7 (flags = 0x41)
0  -O                                                                        (1 = 33.3%)
1  --O                                                                       (2 = 66.7%) {33.3%}
2  ... 

Histogram: SiteIsolation.NewProcessUsedForNavigationWhenSameSiteProcessExists recorded 1 samples, mean = 0.0 (flags = 0x41)
0  -O                                                                        (1 = 100.0%)
1  ... 

Histogram: SiteIsolation.ProcessPerSiteWithMainFrameThreshold.IsDevToolsUser recorded 1 samples, mean = 0.0 (flags = 0x41)
0  -O                                                                        (1 = 100.0%)
1  ... 

Histogram: Skia.SubmitRenderPasses recorded 23 samples, mean = 0.7 (flags = 0x41)
0  -----------------O                                                        (17 = 73.9%)
1  --O                                                                       (2 = 8.7%) {73.9%}
2  -O                                                                        (1 = 4.3%) {82.6%}
3  -O                                                                        (1 = 4.3%) {87.0%}
4  --O                                                                       (2 = 8.7%) {91.3%}
5  ... 

Histogram: Sql.Statement.Affiliation.VMSteps recorded 15 samples, mean = 15.5 (flags = 0x41)
0   ... 
3   ----O                                                                     (4 = 26.7%) {0.0%}
4   O                                                                         (0 = 0.0%) {26.7%}
5   -O                                                                        (1 = 6.7%) {26.7%}
6   -O                                                                        (1 = 6.7%) {33.3%}
7   ... 
12  -----O                                                                    (5 = 33.3%) {40.0%}
14  ... 
20  -O                                                                        (1 = 6.7%) {73.3%}
24  O                                                                         (0 = 0.0%) {80.0%}
29  -O                                                                        (1 = 6.7%) {80.0%}
34  O                                                                         (0 = 0.0%) {86.7%}
40  -O                                                                        (1 = 6.7%) {86.7%}
48  -O                                                                        (1 = 6.7%) {93.3%}
57  ... 

Histogram: Sql.Statement.BrowsingTopics.VMSteps recorded 12 samples, mean = 8.0 (flags = 0x41)
0   ... 
3   ----O                                                                     (4 = 33.3%) {0.0%}
4   O                                                                         (0 = 0.0%) {33.3%}
5   -O                                                                        (1 = 8.3%) {33.3%}
6   ... 
8   --O                                                                       (2 = 16.7%) {41.7%}
10  O                                                                         (0 = 0.0%) {58.3%}
12  -----O                                                                    (5 = 41.7%) {58.3%}
14  ... 

Histogram: Sql.Statement.Cookie.VMSteps recorded 33 samples, mean = 21.4 (flags = 0x41)
0   ... 
3   ------O                                                                   (6 = 18.2%) {0.0%}
4   O                                                                         (0 = 0.0%) {18.2%}
5   --O                                                                       (2 = 6.1%) {18.2%}
6   O                                                                         (0 = 0.0%) {24.2%}
7   -O                                                                        (1 = 3.0%) {24.2%}
8   ... 
12  ----------O                                                               (10 = 30.3%) {27.3%}
14  ... 
20  --O                                                                       (2 = 6.1%) {57.6%}
24  -----O                                                                    (5 = 15.2%) {63.6%}
29  O                                                                         (0 = 0.0%) {78.8%}
34  --O                                                                       (2 = 6.1%) {78.8%}
40  ... 
57  -----O                                                                    (5 = 15.2%) {84.8%}
68  ... 

Histogram: Sql.Statement.DIPS.VMSteps recorded 32 samples, mean = 11.7 (flags = 0x41)
0   ... 
3   --O                                                                       (2 = 6.2%) {0.0%}
4   O                                                                         (0 = 0.0%) {6.2%}
5   -O                                                                        (1 = 3.1%) {6.2%}
6   ... 
8   ---------O                                                                (9 = 28.1%) {9.4%}
10  ----O                                                                     (4 = 12.5%) {37.5%}
12  -----------O                                                              (11 = 34.4%) {50.0%}
14  O                                                                         (0 = 0.0%) {84.4%}
17  -O                                                                        (1 = 3.1%) {84.4%}
20  ---O                                                                      (3 = 9.4%) {87.5%}
24  -O                                                                        (1 = 3.1%) {96.9%}
29  ... 

Histogram: Sql.Statement.FirstPartySets.VMSteps recorded 31 samples, mean = 9.2 (flags = 0x41)
0   ... 
3   ----------O                                                               (10 = 32.3%) {0.0%}
4   O                                                                         (0 = 0.0%) {32.3%}
5   -O                                                                        (1 = 3.2%) {32.3%}
6   ... 
8   ----O                                                                     (4 = 12.9%) {35.5%}
10  ---O                                                                      (3 = 9.7%) {48.4%}
12  -----------O                                                              (11 = 35.5%) {58.1%}
14  ... 
20  -O                                                                        (1 = 3.2%) {93.5%}
24  -O                                                                        (1 = 3.2%) {96.8%}
29  ... 

Histogram: Sql.Statement.History.VMSteps recorded 141 samples, mean = 51.9 (flags = 0x41)
0     ... 
3     --------O                                                                 (8 = 5.7%) {0.0%}
4     O                                                                         (0 = 0.0%) {5.7%}
5     -O                                                                        (1 = 0.7%) {5.7%}
6     --O                                                                       (2 = 1.4%) {6.4%}
7     O                                                                         (0 = 0.0%) {7.8%}
8     ----O                                                                     (4 = 2.8%) {7.8%}
10    ----O                                                                     (4 = 2.8%) {10.6%}
12    -------------------------------------O                                    (37 = 26.2%) {13.5%}
14    -O                                                                        (1 = 0.7%) {39.7%}
17    ---------------------------O                                              (27 = 19.1%) {40.4%}
20    ---------------------------O                                              (27 = 19.1%) {59.6%}
24    ----------O                                                               (10 = 7.1%) {78.7%}
29    ---O                                                                      (3 = 2.1%) {85.8%}
34    -O                                                                        (1 = 0.7%) {87.9%}
40    O                                                                         (0 = 0.0%) {88.7%}
48    -O                                                                        (1 = 0.7%) {88.7%}
57    -O                                                                        (1 = 0.7%) {89.4%}
68    -----O                                                                    (5 = 3.5%) {90.1%}
81    -O                                                                        (1 = 0.7%) {93.6%}
96    -O                                                                        (1 = 0.7%) {94.3%}
114   -O                                                                        (1 = 0.7%) {95.0%}
135   ---O                                                                      (3 = 2.1%) {95.7%}
160   ... 
226   -O                                                                        (1 = 0.7%) {97.9%}
268   ... 
1062  -O                                                                        (1 = 0.7%) {98.6%}
1262  ... 
2516  -O                                                                        (1 = 0.7%) {99.3%}
2990  ... 

Histogram: Sql.Statement.OptOutBlacklist.VMSteps recorded 4 samples, mean = 10.8 (flags = 0x41)
0   ... 
5   -O                                                                        (1 = 25.0%) {0.0%}
6   O                                                                         (0 = 0.0%) {25.0%}
7   -O                                                                        (1 = 25.0%) {25.0%}
8   O                                                                         (0 = 0.0%) {50.0%}
10  -O                                                                        (1 = 25.0%) {50.0%}
12  ... 
20  -O                                                                        (1 = 25.0%) {75.0%}
24  ... 

Histogram: Sql.Statement.Passwords.VMSteps recorded 51 samples, mean = 24.6 (flags = 0x41)
0   ... 
3   ----O                                                                     (4 = 7.8%) {0.0%}
4   O                                                                         (0 = 0.0%) {7.8%}
5   --O                                                                       (2 = 3.9%) {7.8%}
6   ------O                                                                   (6 = 11.8%) {11.8%}
7   ----O                                                                     (4 = 7.8%) {23.5%}
8   ---O                                                                      (3 = 5.9%) {31.4%}
10  O                                                                         (0 = 0.0%) {37.3%}
12  ------------O                                                             (12 = 23.5%) {37.3%}
14  --O                                                                       (2 = 3.9%) {60.8%}
17  O                                                                         (0 = 0.0%) {64.7%}
20  --O                                                                       (2 = 3.9%) {64.7%}
24  ... 
34  --O                                                                       (2 = 3.9%) {68.6%}
40  ----O                                                                     (4 = 7.8%) {72.5%}
48  O                                                                         (0 = 0.0%) {80.4%}
57  ----O                                                                     (4 = 7.8%) {80.4%}
68  ------O                                                                   (6 = 11.8%) {88.2%}
81  ... 

Histogram: Sql.Statement.Predictor.VMSteps recorded 15 samples, mean = 15.9 (flags = 0x41)
0   ... 
3   --O                                                                       (2 = 13.3%) {0.0%}
4   O                                                                         (0 = 0.0%) {13.3%}
5   -O                                                                        (1 = 6.7%) {13.3%}
6   -O                                                                        (1 = 6.7%) {20.0%}
7   O                                                                         (0 = 0.0%) {26.7%}
8   -O                                                                        (1 = 6.7%) {26.7%}
10  ----O                                                                     (4 = 26.7%) {33.3%}
12  -O                                                                        (1 = 6.7%) {60.0%}
14  -O                                                                        (1 = 6.7%) {66.7%}
17  ... 
24  -O                                                                        (1 = 6.7%) {73.3%}
29  -O                                                                        (1 = 6.7%) {80.0%}
34  O                                                                         (0 = 0.0%) {86.7%}
40  -O                                                                        (1 = 6.7%) {86.7%}
48  -O                                                                        (1 = 6.7%) {93.3%}
57  ... 

Histogram: Sql.Statement.Quota.VMSteps recorded 18 samples, mean = 8.7 (flags = 0x41)
0   ... 
3   ----O                                                                     (4 = 22.2%) {0.0%}
4   O                                                                         (0 = 0.0%) {22.2%}
5   -O                                                                        (1 = 5.6%) {22.2%}
6   -O                                                                        (1 = 5.6%) {27.8%}
7   O                                                                         (0 = 0.0%) {33.3%}
8   ---O                                                                      (3 = 16.7%) {33.3%}
10  -O                                                                        (1 = 5.6%) {50.0%}
12  --------O                                                                 (8 = 44.4%) {55.6%}
14  ... 

Histogram: Sql.Statement.ReportingAndNEL.VMSteps recorded 12 samples, mean = 13.8 (flags = 0x41)
0   ... 
3   --O                                                                       (2 = 16.7%) {0.0%}
4   O                                                                         (0 = 0.0%) {16.7%}
5   -O                                                                        (1 = 8.3%) {16.7%}
6   -O                                                                        (1 = 8.3%) {25.0%}
7   ... 
12  -----O                                                                    (5 = 41.7%) {33.3%}
14  ... 
20  -O                                                                        (1 = 8.3%) {75.0%}
24  O                                                                         (0 = 0.0%) {83.3%}
29  -O                                                                        (1 = 8.3%) {83.3%}
34  -O                                                                        (1 = 8.3%) {91.7%}
40  ... 

Histogram: Sql.Statement.SharedDictionary.VMSteps recorded 20 samples, mean = 9.1 (flags = 0x41)
0   ... 
3   --------O                                                                 (8 = 40.0%) {0.0%}
4   O                                                                         (0 = 0.0%) {40.0%}
5   -O                                                                        (1 = 5.0%) {40.0%}
6   ... 
8   -O                                                                        (1 = 5.0%) {45.0%}
10  O                                                                         (0 = 0.0%) {50.0%}
12  -------O                                                                  (7 = 35.0%) {50.0%}
14  O                                                                         (0 = 0.0%) {85.0%}
17  --O                                                                       (2 = 10.0%) {85.0%}
20  -O                                                                        (1 = 5.0%) {95.0%}
24  ... 

Histogram: Sql.Statement.SharedStorage.VMSteps recorded 3 samples, mean = 7.7 (flags = 0x41)
0   ... 
5   -O                                                                        (1 = 33.3%) {0.0%}
6   ... 
8   -O                                                                        (1 = 33.3%) {33.3%}
10  -O                                                                        (1 = 33.3%) {66.7%}
12  ... 

Histogram: Sql.Statement.Thumbnail.VMSteps recorded 24 samples, mean = 11.6 (flags = 0x41)
0   ... 
3   --------O                                                                 (8 = 33.3%) {0.0%}
4   O                                                                         (0 = 0.0%) {33.3%}
5   -O                                                                        (1 = 4.2%) {33.3%}
6   ... 
8   -O                                                                        (1 = 4.2%) {37.5%}
10  O                                                                         (0 = 0.0%) {41.7%}
12  ----------O                                                               (10 = 41.7%) {41.7%}
14  ... 
20  -O                                                                        (1 = 4.2%) {83.3%}
24  O                                                                         (0 = 0.0%) {87.5%}
29  ---O                                                                      (3 = 12.5%) {87.5%}
34  ... 

Histogram: Sql.Statement.TopSites.VMSteps recorded 13 samples, mean = 12.7 (flags = 0x41)
0   ... 
3   --O                                                                       (2 = 15.4%) {0.0%}
4   O                                                                         (0 = 0.0%) {15.4%}
5   -O                                                                        (1 = 7.7%) {15.4%}
6   ... 
12  ---------O                                                                (9 = 69.2%) {23.1%}
14  ... 
40  -O                                                                        (1 = 7.7%) {92.3%}
48  ... 

Histogram: Sql.Statement.TrustTokens.VMSteps recorded 16 samples, mean = 14.1 (flags = 0x41)
0   ... 
3   --O                                                                       (2 = 12.5%) {0.0%}
4   O                                                                         (0 = 0.0%) {12.5%}
5   -O                                                                        (1 = 6.2%) {12.5%}
6   ---O                                                                      (3 = 18.8%) {18.8%}
7   ... 
10  -O                                                                        (1 = 6.2%) {37.5%}
12  -----O                                                                    (5 = 31.2%) {43.8%}
14  ... 
20  -O                                                                        (1 = 6.2%) {75.0%}
24  O                                                                         (0 = 0.0%) {81.2%}
29  -O                                                                        (1 = 6.2%) {81.2%}
34  --O                                                                       (2 = 12.5%) {87.5%}
40  ... 

Histogram: Sql.Statement.UKMMetrics.VMSteps recorded 31 samples, mean = 14.2 (flags = 0x41)
0   ... 
3   -----O                                                                    (5 = 16.1%) {0.0%}
4   O                                                                         (0 = 0.0%) {16.1%}
5   -O                                                                        (1 = 3.2%) {16.1%}
6   ... 
8   -------O                                                                  (7 = 22.6%) {19.4%}
10  O                                                                         (0 = 0.0%) {41.9%}
12  -------O                                                                  (7 = 22.6%) {41.9%}
14  ... 
20  --------O                                                                 (8 = 25.8%) {64.5%}
24  O                                                                         (0 = 0.0%) {90.3%}
29  -O                                                                        (1 = 3.2%) {90.3%}
34  O                                                                         (0 = 0.0%) {93.5%}
40  --O                                                                       (2 = 6.5%) {93.5%}
48  ... 

Histogram: Sql.Statement.Web.VMSteps recorded 117 samples, mean = 52.7 (flags = 0x41)
0    ... 
3    --------O                                                                 (8 = 6.8%) {0.0%}
4    -O                                                                        (1 = 0.9%) {6.8%}
5    -O                                                                        (1 = 0.9%) {7.7%}
6    ------------O                                                             (12 = 10.3%) {8.5%}
7    ----------O                                                               (10 = 8.5%) {18.8%}
8    -------O                                                                  (7 = 6.0%) {27.4%}
10   ---------O                                                                (9 = 7.7%) {33.3%}
12   --------------O                                                           (14 = 12.0%) {41.0%}
14   -O                                                                        (1 = 0.9%) {53.0%}
17   ---O                                                                      (3 = 2.6%) {53.8%}
20   -O                                                                        (1 = 0.9%) {56.4%}
24   -O                                                                        (1 = 0.9%) {57.3%}
29   --O                                                                       (2 = 1.7%) {58.1%}
34   --O                                                                       (2 = 1.7%) {59.8%}
40   --O                                                                       (2 = 1.7%) {61.5%}
48   ---O                                                                      (3 = 2.6%) {63.2%}
57   ----O                                                                     (4 = 3.4%) {65.8%}
68   ----O                                                                     (4 = 3.4%) {69.2%}
81   --O                                                                       (2 = 1.7%) {72.6%}
96   -------O                                                                  (7 = 6.0%) {74.4%}
114  -----O                                                                    (5 = 4.3%) {80.3%}
135  -------O                                                                  (7 = 6.0%) {84.6%}
160  -----O                                                                    (5 = 4.3%) {90.6%}
190  ------O                                                                   (6 = 5.1%) {94.9%}
226  ... 

Histogram: Sql.vfs.SyncTime recorded 47 samples, mean = 4.6 (flags = 0x41)
0   ... 
2   ----------------O                                                         (16 = 34.0%) {0.0%}
3   -----------O                                                              (11 = 23.4%) {34.0%}
4   ------O                                                                   (6 = 12.8%) {57.4%}
5   -----O                                                                    (5 = 10.6%) {70.2%}
6   ---O                                                                      (3 = 6.4%) {80.9%}
7   O                                                                         (0 = 0.0%) {87.2%}
8   --O                                                                       (2 = 4.3%) {87.2%}
10  O                                                                         (0 = 0.0%) {91.5%}
12  -O                                                                        (1 = 2.1%) {91.5%}
14  O                                                                         (0 = 0.0%) {93.6%}
17  ---O                                                                      (3 = 6.4%) {93.6%}
20  ... 

Histogram: Stability.Counts2 recorded 12 samples, mean = 22.0 (flags = 0x43)
0   ... 
2   ---O                                                                      (3 = 25.0%) {0.0%}
3   ... 
15  -O                                                                        (1 = 8.3%) {25.0%}
16  ... 
26  ---O                                                                      (3 = 25.0%) {33.3%}
27  ... 
33  -----O                                                                    (5 = 41.7%) {58.3%}
34  O                                                                         (0 = 0.0%) {100.0%}

Histogram: Stability.Experimental.PageLoads recorded 3 samples, mean = 17.0 (flags = 0x41)
0   ... 
17  ---O                                                                      (3 = 100.0%) {0.0%}
18  O                                                                         (0 = 0.0%) {100.0%}

Histogram: Startup.AfterStartupTaskCount recorded 1 samples, mean = 2.0 (flags = 0x41)
0  ... 
2  -O                                                                        (1 = 100.0%) {0.0%}
3  ... 

Histogram: Startup.AfterStartupTaskDelayedUntilTime recorded 1 samples, mean = 73802.0 (flags = 0x41)
0      ... 
69459  -O                                                                        (1 = 100.0%) {0.0%}
94106  ... 

Histogram: Startup.BrowserMainRunnerImplInitializeLongTime recorded 1 samples, mean = 1625.0 (flags = 0x41)
0     ... 
1557  -O                                                                        (1 = 100.0%) {0.0%}
1797  ... 

Histogram: Startup.BrowserMessageLoopFirstIdle recorded 1 samples, mean = 4335344.0 (flags = 0x41)
0        ... 
3600000  -O                                                                        (1 = 100.0%) {0.0%}

Histogram: Startup.BrowserMessageLoopFirstIdle.ColdStartup recorded 1 samples, mean = 4335344.0 (flags = 0x41)
0        ... 
3600000  -O                                                                        (1 = 100.0%) {0.0%}

Histogram: Startup.BrowserMessageLoopStartHardFaultCount recorded 1 samples, mean = 46350.0 (flags = 0x41)
0      ... 
40000  -O                                                                        (1 = 100.0%) {0.0%}

Histogram: Startup.BrowserMessageLoopStartTime recorded 1 samples, mean = 2293.0 (flags = 0x41)
0     ... 
2074  -O                                                                        (1 = 100.0%) {0.0%}
2394  ... 

Histogram: Startup.BrowserMessageLoopStartTime.ColdStartup recorded 1 samples, mean = 2293.0 (flags = 0x41)
0     ... 
2074  -O                                                                        (1 = 100.0%) {0.0%}
2394  ... 

Histogram: Startup.CreateFirstProfile recorded 1 samples, mean = 745.0 (flags = 0x41)
0    ... 
730  -O                                                                        (1 = 100.0%) {0.0%}
989  ... 

Histogram: Startup.FirstWebContents.FinishReason recorded 1 samples, mean = 6.0 (flags = 0x41)
0  ... 
6  -O                                                                        (1 = 100.0%) {0.0%}
7  ... 

Histogram: Startup.LoadTime.ApplicationStartToChromeMain recorded 1 samples, mean = 1.0 (flags = 0x41)
0  O                                                                         (0 = 0.0%)
1  -O                                                                        (1 = 100.0%) {0.0%}
2  ... 

Histogram: Startup.LoadTime.ApplicationStartToChromeMain.ColdStartup recorded 1 samples, mean = 1.0 (flags = 0x41)
0  O                                                                         (0 = 0.0%)
1  -O                                                                        (1 = 100.0%) {0.0%}
2  ... 

Histogram: Startup.LoadTime.ProcessCreateToApplicationStart recorded 1 samples, mean = 59749.0 (flags = 0x41)
0      ... 
51267  -O                                                                        (1 = 100.0%) {0.0%}
69459  ... 

Histogram: Startup.LoadTime.ProcessCreateToApplicationStart.ColdStartup recorded 1 samples, mean = 59749.0 (flags = 0x41)
0      ... 
51267  -O                                                                        (1 = 100.0%) {0.0%}
69459  ... 

Histogram: Startup.LoadTime.RecordedProcessCreation recorded 1 samples, mean = 1.0 (flags = 0x1)
0  O                                                                         (0 = 0.0%)
1  -O                                                                        (1 = 100.0%) {0.0%}
2  O                                                                         (0 = 0.0%) {100.0%}

Histogram: Startup.PreMainMessageLoopRunImplLongTime recorded 1 samples, mean = 1005.0 (flags = 0x41)
0    ... 
878  -O                                                                        (1 = 100.0%) {0.0%}
1013 ... 

Histogram: Startup.Temperature recorded 1 samples, mean = 0.0 (flags = 0x41)
0  -O                                                                        (1 = 100.0%)
1  ... 

Histogram: Storage.Blob.CreateDirectoryResult recorded 1 samples, mean = 0.0 (flags = 0x41)
0  -O                                                                        (1 = 100.0%)
1  ... 

Histogram: Storage.SessionStorage.RendererAreaCacheHit recorded 2 samples, mean = 1.0 (flags = 0x41)
0  -O                                                                        (1 = 50.0%)
1  O                                                                         (0 = 0.0%) {50.0%}
2  -O                                                                        (1 = 50.0%) {50.0%}
3  O                                                                         (0 = 0.0%) {100.0%}

Histogram: Storage.SharedStorage.Database.Timing.OpenImpl recorded 1 samples, mean = 44.0 (flags = 0x41)
0   ... 
40  -O                                                                        (1 = 100.0%) {0.0%}
48  ... 

Histogram: Storage.SharedStorage.OnShutdown.NumSqlErrors recorded 1 samples, mean = 0.0 (flags = 0x41)
0  -O                                                                        (1 = 100.0%)
1  ... 

Histogram: Storage.SharedStorage.OnShutdown.RecoveryFromInitFailureAttempted recorded 1 samples, mean = 0.0 (flags = 0x41)
0  -O                                                                        (1 = 100.0%)
1  ... 

Histogram: Storage.SharedStorage.OnShutdown.RecoveryOnDiskAttempted recorded 1 samples, mean = 0.0 (flags = 0x41)
0  -O                                                                        (1 = 100.0%)
1  ... 

Histogram: Storage.SharedStorage.Worklet.NumPerPage recorded 1 samples, mean = 0.0 (flags = 0x41)
0  -O                                                                        (1 = 100.0%)
1  ... 

Histogram: Storage.SharedStorage.Worklet.SelectURL.CallsPerPage recorded 1 samples, mean = 0.0 (flags = 0x41)
0  -O                                                                        (1 = 100.0%)
1  ... 

Histogram: Style.InvalidationTime recorded 3 samples, mean = 43.0 (flags = 0x41)
0   ... 
29  -O                                                                        (1 = 33.3%) {0.0%}
40  --O                                                                       (2 = 66.7%) {33.3%}
55  ... 

Histogram: Style.RebuildLayoutTreeTime recorded 9 samples, mean = 1584.6 (flags = 0x41)
0      ... 
29     -O                                                                        (1 = 11.1%) {0.0%}
40     ----O                                                                     (4 = 44.4%) {11.1%}
55     -O                                                                        (1 = 11.1%) {55.6%}
76     ... 
203    -O                                                                        (1 = 11.1%) {66.7%}
282    ... 
1043   -O                                                                        (1 = 11.1%) {77.8%}
1447   ... 
10321  -O                                                                        (1 = 11.1%) {88.9%}
14319  ... 

Histogram: Style.RecalcTime recorded 13 samples, mean = 7032.0 (flags = 0x41)
0      O                                                                         (0 = 0.0%)
1      -O                                                                        (1 = 7.7%) {0.0%}
2      ... 
29     -O                                                                        (1 = 7.7%) {7.7%}
40     -O                                                                        (1 = 7.7%) {15.4%}
55     O                                                                         (0 = 0.0%) {23.1%}
76     -O                                                                        (1 = 7.7%) {23.1%}
105    -O                                                                        (1 = 7.7%) {30.8%}
146    ... 
542    -O                                                                        (1 = 7.7%) {38.5%}
752    O                                                                         (0 = 0.0%) {46.2%}
1043   -O                                                                        (1 = 7.7%) {46.2%}
1447   -O                                                                        (1 = 7.7%) {53.8%}
2008   ... 
3865   -O                                                                        (1 = 7.7%) {61.5%}
5362   -O                                                                        (1 = 7.7%) {69.2%}
7439   O                                                                         (0 = 0.0%) {76.9%}
10321  -O                                                                        (1 = 7.7%) {76.9%}
14319  O                                                                         (0 = 0.0%) {84.6%}
19866  -O                                                                        (1 = 7.7%) {84.6%}
27562  O                                                                         (0 = 0.0%) {92.3%}
38240  -O                                                                        (1 = 7.7%) {92.3%}
53055  ... 

Histogram: SubresourceFilter.MainFrameLoad.RulesetIsAvailableAnyActivationLevel recorded 1 samples, mean = 0.0 (flags = 0x41)
0  -O                                                                        (1 = 100.0%)
1  ... 

Histogram: SubresourceFilter.PageLoad.ActivationDecision recorded 1 samples, mean = 1.0 (flags = 0x41)
0  O                                                                         (0 = 0.0%)
1  -O                                                                        (1 = 100.0%) {0.0%}
2  ... 

Histogram: SubresourceFilter.PageLoad.ActivationList recorded 1 samples, mean = 0.0 (flags = 0x41)
0  -O                                                                        (1 = 100.0%)
1  ... 

Histogram: SubresourceFilter.PageLoad.ActivationState recorded 2 samples, mean = 0.0 (flags = 0x41)
0  --O                                                                       (2 = 100.0%)
1  ... 

Histogram: SubresourceFilter.PageLoad.SafeBrowsingDelay recorded 1 samples, mean = 0.0 (flags = 0x41)
0  -O                                                                        (1 = 100.0%)
1  ... 

Histogram: SubresourceFilter.SafeBrowsing.TotalCheckTime recorded 3 samples, mean = 0.3 (flags = 0x41)
0  --O                                                                       (2 = 66.7%)
1  -O                                                                        (1 = 33.3%) {66.7%}
2  ... 

Histogram: Sync.ModelTypeStoreBackendError.ReadRecords recorded 5 samples, mean = 1.0 (flags = 0x41)
0  O                                                                         (0 = 0.0%)
1  -----O                                                                    (5 = 100.0%) {0.0%}
2  ... 

Histogram: Sync.ModelTypeStoreBackendInitializationSuccess recorded 1 samples, mean = 1.0 (flags = 0x41)
0  O                                                                         (0 = 0.0%)
1  -O                                                                        (1 = 100.0%) {0.0%}
2  O                                                                         (0 = 0.0%) {100.0%}

Histogram: Sync.PassphraseType2 recorded 1 samples, mean = 0.0 (flags = 0x41)
0  -O                                                                        (1 = 100.0%)
1  ... 

Histogram: Sync.SyncToSigninMigrationDecision recorded 1 samples, mean = 1.0 (flags = 0x41)
0  O                                                                         (0 = 0.0%)
1  -O                                                                        (1 = 100.0%) {0.0%}
2  ... 

Histogram: Sync.TrustedVaultFileReadStatus recorded 1 samples, mean = 0.0 (flags = 0x41)
0  -O                                                                        (1 = 100.0%)
1  ... 

Histogram: Sync.TrustedVaultFileWriteSuccess recorded 1 samples, mean = 1.0 (flags = 0x41)
0  O                                                                         (0 = 0.0%)
1  -O                                                                        (1 = 100.0%) {0.0%}
2  O                                                                         (0 = 0.0%) {100.0%}

Histogram: TabGroups.CollapsedGroupCountPerLoad recorded 1 samples, mean = 0.0 (flags = 0x41)
0  -O                                                                        (1 = 100.0%)
1  ... 

Histogram: TabGroups.UserCustomizedGroupCountPerLoad recorded 1 samples, mean = 0.0 (flags = 0x41)
0  -O                                                                        (1 = 100.0%)
1  ... 

Histogram: TabGroups.UserGroupCountPerLoad recorded 1 samples, mean = 0.0 (flags = 0x41)
0  -O                                                                        (1 = 100.0%)
1  ... 

Histogram: TabGroups.UserPinnedTabCountPerLoad recorded 1 samples, mean = 0.0 (flags = 0x41)
0  -O                                                                        (1 = 100.0%)
1  ... 

Histogram: Tabs.NewNavigationWithSameOriginTab recorded 1 samples, mean = 0.0 (flags = 0x41)
0  -O                                                                        (1 = 100.0%)
1  ... 

Histogram: Tabs.TabCount recorded 14 samples, mean = 0.0 (flags = 0x41)
0  --------------O                                                           (14 = 100.0%)
1  ... 

Histogram: Tabs.TabCount.PluggedIn recorded 14 samples, mean = 0.0 (flags = 0x41)
0  --------------O                                                           (14 = 100.0%)
1  ... 

Histogram: Tabs.TabCountPerLoad recorded 1 samples, mean = 0.0 (flags = 0x41)
0  -O                                                                        (1 = 100.0%)
1  ... 

Histogram: Tabs.WindowCount recorded 14 samples, mean = 0.0 (flags = 0x41)
0  --------------O                                                           (14 = 100.0%)
1  ... 

Histogram: Tabs.WindowCount.PluggedIn recorded 14 samples, mean = 0.0 (flags = 0x41)
0  --------------O                                                           (14 = 100.0%)
1  ... 

Histogram: ThirdPartyModules.InputMethodEditorsCount recorded 1 samples, mean = 0.0 (flags = 0x41)
0  -O                                                                        (1 = 100.0%)
1  ... 

Histogram: ThreadPool.UnnecessaryWakeup.Browser.Background recorded 6 samples, mean = 1.0 (flags = 0x41)
0  O                                                                         (0 = 0.0%)
1  ------O                                                                   (6 = 100.0%) {0.0%}
2  O                                                                         (0 = 0.0%) {100.0%}

Histogram: ThreadPool.UnnecessaryWakeup.Browser.Foreground recorded 81 samples, mean = 1.0 (flags = 0x41)
0  O                                                                         (0 = 0.0%)
1  ------------------------------------------------------------------------O (81 = 100.0%) {0.0%}
2  O                                                                         (0 = 0.0%) {100.0%}

Histogram: ThreadPool.UnnecessaryWakeup.GPU.Foreground recorded 2 samples, mean = 1.0 (flags = 0x41)
0  O                                                                         (0 = 0.0%)
1  --O                                                                       (2 = 100.0%) {0.0%}
2  O                                                                         (0 = 0.0%) {100.0%}

Histogram: ThreadPool.UnnecessaryWakeup.Renderer.Foreground recorded 101 samples, mean = 1.0 (flags = 0x41)
0  O                                                                         (0 = 0.0%)
1  ------------------------------------------------------------------------O (101 = 100.0%) {0.0%}
2  O                                                                         (0 = 0.0%) {100.0%}

Histogram: Translate.ApplicationStart.AlwaysTranslateLanguage.Count recorded 1 samples, mean = 0.0 (flags = 0x41)
0  -O                                                                        (1 = 100.0%)
1  ... 

Histogram: Translate.ApplicationStart.NeverTranslateLanguage recorded 1 samples (flags = 0x41)
-74147910-O                                                                        (1 = 100.0%)

Histogram: Translate.ApplicationStart.NeverTranslateLanguage.Count recorded 1 samples, mean = 1.0 (flags = 0x41)
0  O                                                                         (0 = 0.0%)
1  -O                                                                        (1 = 100.0%) {0.0%}
2  ... 

Histogram: Translate.ApplicationStart.NeverTranslateSite.Count recorded 1 samples, mean = 0.0 (flags = 0x41)
0  -O                                                                        (1 = 100.0%)
1  ... 

Histogram: Translate.LanguageDetection.ContentLength recorded 1 samples, mean = 2163.0 (flags = 0x41)
0     ... 
1757  -O                                                                        (1 = 100.0%) {0.0%}
2199  ... 

Histogram: Translate.LanguageDeterminedDuration recorded 1 samples, mean = 3969.0 (flags = 0x41)
0     ... 
3333  -O                                                                        (1 = 100.0%) {0.0%}
4516  ... 

Histogram: Translate.PageLoad.FinalSourceLanguage recorded 1 samples (flags = 0x41)
350748440  -O                                                                        (1 = 100.0%)

Histogram: Translate.PageLoad.FinalState recorded 1 samples, mean = 1.0 (flags = 0x41)
0  O                                                                         (0 = 0.0%)
1  -O                                                                        (1 = 100.0%) {0.0%}
2  ... 

Histogram: Translate.PageLoad.FinalTargetLanguage recorded 1 samples (flags = 0x41)
-74147910-O                                                                        (1 = 100.0%)

Histogram: Translate.PageLoad.InitialSourceLanguage recorded 1 samples (flags = 0x41)
350748440  -O                                                                        (1 = 100.0%)

Histogram: Translate.PageLoad.InitialState recorded 1 samples, mean = 1.0 (flags = 0x41)
0  O                                                                         (0 = 0.0%)
1  -O                                                                        (1 = 100.0%) {0.0%}
2  ... 

Histogram: Translate.PageLoad.InitialTargetLanguage recorded 1 samples (flags = 0x41)
-74147910-O                                                                        (1 = 100.0%)

Histogram: Translate.PageLoad.InitialTargetLanguage.Origin recorded 1 samples, mean = 1.0 (flags = 0x41)
0  O                                                                         (0 = 0.0%)
1  -O                                                                        (1 = 100.0%) {0.0%}
2  ... 

Histogram: Translate.PageLoad.IsInitialSourceLanguageInUsersContentLanguages recorded 1 samples, mean = 0.0 (flags = 0x41)
0  -O                                                                        (1 = 100.0%)
1  ... 

Histogram: Translate.PageLoad.NumReversions recorded 1 samples, mean = 0.0 (flags = 0x41)
0  -O                                                                        (1 = 100.0%)
1  ... 

Histogram: Translate.PageLoad.NumTargetLanguageChanges recorded 1 samples, mean = 0.0 (flags = 0x41)
0  -O                                                                        (1 = 100.0%)
1  ... 

Histogram: Translate.PageLoad.NumTranslations recorded 1 samples, mean = 0.0 (flags = 0x41)
0  -O                                                                        (1 = 100.0%)
1  ... 

Histogram: Translate.PageLoad.Ranker.Decision recorded 1 samples, mean = 1.0 (flags = 0x41)
0  O                                                                         (0 = 0.0%)
1  -O                                                                        (1 = 100.0%) {0.0%}
2  ... 

Histogram: Translate.PageLoad.Ranker.Version recorded 1 samples (flags = 0x41)
0  -O                                                                        (1 = 100.0%)

Histogram: Translate.PageLoad.TriggerDecision recorded 1 samples, mean = 4.0 (flags = 0x41)
0  ... 
4  -O                                                                        (1 = 100.0%) {0.0%}
5  ... 

Histogram: Translate.Ranker.Model.Status2 recorded 2 samples, mean = 6.5 (flags = 0x41)
0  ... 
6  -O                                                                        (1 = 50.0%) {0.0%}
7  -O                                                                        (1 = 50.0%) {50.0%}
8  O                                                                         (0 = 0.0%) {100.0%}

Histogram: UI.DeviceScale recorded 1 samples (flags = 0x41)
100  -O                                                                        (1 = 100.0%)

Histogram: UKM.Entries.Dropped recorded 178 samples, mean = 1.0 (flags = 0x41)
0  O                                                                         (0 = 0.0%)
1  ------------------------------------------------------------------------O (178 = 100.0%) {0.0%}
2  ... 

Histogram: UKM.Entries.Dropped.ByEntryHash recorded 178 samples (flags = 0x41)
58315124    -O                                                                        (1 = 0.6%)
181657211   --O                                                                       (2 = 1.1%)
189164898   -O                                                                        (1 = 0.6%)
251237400   -O                                                                        (1 = 0.6%)
270025173   -O                                                                        (1 = 0.6%)
277070773   -O                                                                        (1 = 0.6%)
385121421   -O                                                                        (1 = 0.6%)
465002269   -O                                                                        (1 = 0.6%)
480593958   ------O                                                                   (6 = 3.4%)
532600439   ---O                                                                      (3 = 1.7%)
575234402   -O                                                                        (1 = 0.6%)
624513781   -O                                                                        (1 = 0.6%)
654949485   ----------------O                                                         (16 = 9.0%)
661477988   -O                                                                        (1 = 0.6%)
705322609   ---O                                                                      (3 = 1.7%)
805578149   -O                                                                        (1 = 0.6%)
810755299   -O                                                                        (1 = 0.6%)
828084724   ------------------------------------O                                     (36 = 20.2%)
854760832   -O                                                                        (1 = 0.6%)
888761441   -O                                                                        (1 = 0.6%)
902138984   --------O                                                                 (8 = 4.5%)
923024503   -O                                                                        (1 = 0.6%)
986870865   ----O                                                                     (4 = 2.2%)
1004547038  -O                                                                        (1 = 0.6%)
1035062417  -O                                                                        (1 = 0.6%)
1039353520  --O                                                                       (2 = 1.1%)
1078164680  --O                                                                       (2 = 1.1%)
1149114043  -O                                                                        (1 = 0.6%)
1262170432  -------O                                                                  (7 = 3.9%)
1321082436  --O                                                                       (2 = 1.1%)
1350795912  -O                                                                        (1 = 0.6%)
1354891390  -O                                                                        (1 = 0.6%)
1404242571  ------------------------------------O                                     (36 = 20.2%)
1548358279  -O                                                                        (1 = 0.6%)
1576109827  -O                                                                        (1 = 0.6%)
1604233346  -------O                                                                  (7 = 3.9%)
1663717192  -O                                                                        (1 = 0.6%)
1767609109  -----------O                                                              (11 = 6.2%)
1832900131  ----O                                                                     (4 = 2.2%)
1866365893  -O                                                                        (1 = 0.6%)
1871083634  -O                                                                        (1 = 0.6%)
2037740339  ---O                                                                      (3 = 1.7%)
2066033668  -O                                                                        (1 = 0.6%)

Histogram: UKM.PersistentLogRecall.Status recorded 1 samples, mean = 1.0 (flags = 0x41)
0  O                                                                         (0 = 0.0%)
1  -O                                                                        (1 = 100.0%) {0.0%}
2  ... 

Histogram: UKM.Sources.Dropped recorded 7 samples, mean = 1.0 (flags = 0x41)
0  O                                                                         (0 = 0.0%)
1  -------O                                                                  (7 = 100.0%) {0.0%}
2  ... 

Histogram: UKM.WebDXFeatureSets.Dropped recorded 2 samples, mean = 1.0 (flags = 0x41)
0  O                                                                         (0 = 0.0%)
1  --O                                                                       (2 = 100.0%) {0.0%}
2  ... 

Histogram: UMA.ChildProcess.Ping.Periodic recorded 27 samples, mean = 1.0 (flags = 0x41)
0  ---------O                                                                (9 = 33.3%)
1  ---------O                                                                (9 = 33.3%) {33.3%}
2  ---------O                                                                (9 = 33.3%) {66.7%}
3  O                                                                         (0 = 0.0%) {100.0%}

Histogram: UMA.ChildProcess.Ping.SharedMemorySetUp recorded 28 samples, mean = 1.0 (flags = 0x41)
0  ----------O                                                               (10 = 35.7%)
1  ---------O                                                                (9 = 32.1%) {35.7%}
2  ---------O                                                                (9 = 32.1%) {67.9%}
3  O                                                                         (0 = 0.0%) {100.0%}

Histogram: UMA.CleanExitBeaconConsistency3 recorded 1 samples, mean = 1.0 (flags = 0x41)
0  O                                                                         (0 = 0.0%)
1  -O                                                                        (1 = 100.0%) {0.0%}
2  ... 

Histogram: UMA.EntropySourceType recorded 1 samples, mean = 1.0 (flags = 0x41)
0  O                                                                         (0 = 0.0%)
1  -O                                                                        (1 = 100.0%) {0.0%}
2  ... 

Histogram: UMA.LocalHistogram recorded 11 samples, mean = 1.0 (flags = 0x40)
0  O                                                                         (0 = 0.0%)
1  -----------O                                                              (11 = 100.0%) {0.0%}
2  O                                                                         (0 = 0.0%) {100.0%}

Histogram: UMA.MachineIdState recorded 1 samples, mean = 3.0 (flags = 0x41)
0  ... 
3  -O                                                                        (1 = 100.0%) {0.0%}
4  O                                                                         (0 = 0.0%) {100.0%}

Histogram: UMA.MetricsService.Initialize.Time recorded 1 samples, mean = 626.0 (flags = 0x41)
0    ... 
590  -O                                                                        (1 = 100.0%) {0.0%}
777  ... 

Histogram: UMA.MetricsService.PendingOngoingLogOnDisable recorded 1 samples, mean = 0.0 (flags = 0x41)
0  -O                                                                        (1 = 100.0%)
1  ... 

Histogram: UMA.PersistentAllocator.BrowserMetrics.Errors recorded 0 samples (flags = 0x41)
0 ... 

Histogram: UMA.PersistentAllocator.BrowserMetrics.UsedPct recorded 0 samples (flags = 0x41)
0 ... 

Histogram: UMA.PersistentAllocator.EarlyHistograms.BrowserMetrics recorded 1 samples, mean = 1.0 (flags = 0x41)
0  O                                                                         (0 = 0.0%)
1  -O                                                                        (1 = 100.0%) {0.0%}
2  ... 

Histogram: UMA.PersistentAllocator.EarlyHistograms.GpuMetrics recorded 1 samples, mean = 25.0 (flags = 0x41)
0   ... 
25  -O                                                                        (1 = 100.0%) {0.0%}
26  ... 

Histogram: UMA.PersistentAllocator.EarlyHistograms.RendererMetrics recorded 3 samples, mean = 30.3 (flags = 0x41)
0   ... 
30  ---O                                                                      (3 = 100.0%) {0.0%}
32  ... 

Histogram: UMA.PersistentAllocator.EarlyHistograms.UtilityMetrics recorded 5 samples, mean = 9.8 (flags = 0x41)
0   ... 
7   ---O                                                                      (3 = 60.0%) {0.0%}
8   O                                                                         (0 = 0.0%) {60.0%}
9   -O                                                                        (1 = 20.0%) {60.0%}
10  ... 
19  -O                                                                        (1 = 20.0%) {80.0%}
20  ... 

Histogram: UMA.PersistentAllocator.FieldTrialAllocator.Errors recorded 0 samples (flags = 0x41)
0 ... 

Histogram: UMA.PersistentAllocator.FieldTrialAllocator.UsedPct recorded 10 samples, mean = 0.0 (flags = 0x41)
0  ----------O                                                               (10 = 100.0%)
1  ... 

Histogram: UMA.PersistentHistograms.InitResult recorded 1 samples, mean = 2.0 (flags = 0x41)
0  ... 
2  -O                                                                        (1 = 100.0%) {0.0%}
3  ... 

Histogram: UMA.Pseudo.PageLoad.LayoutInstability.CumulativeShiftScore recorded 1 samples, mean = 0.0 (flags = 0x41)
0  -O                                                                        (1 = 100.0%)
1  ... 

Histogram: UMA.Pseudo.PageLoad.LayoutInstability.MaxCumulativeShiftScore.SessionWindow.Gap1000ms.Max5000ms2 recorded 1 samples, mean = 0.0 (flags = 0x41)
0  -O                                                                        (1 = 100.0%)
1  ... 

Histogram: UnifiedConsent.MakeSearchesAndBrowsingBetter.OnProfileLoad recorded 1 samples, mean = 0.0 (flags = 0x41)
0  -O                                                                        (1 = 100.0%)
1  ... 

Histogram: V8.CollectSourcePositions recorded 32 samples, mean = 60.3 (flags = 0x41)
0    ... 
4    -O                                                                        (1 = 3.1%) {0.0%}
5    -O                                                                        (1 = 3.1%) {3.1%}
7    --O                                                                       (2 = 6.2%) {6.2%}
9    --O                                                                       (2 = 6.2%) {12.5%}
12   --O                                                                       (2 = 6.2%) {18.8%}
16   ---O                                                                      (3 = 9.4%) {25.0%}
21   --O                                                                       (2 = 6.2%) {34.4%}
28   ----O                                                                     (4 = 12.5%) {40.6%}
37   -O                                                                        (1 = 3.1%) {53.1%}
49   ---O                                                                      (3 = 9.4%) {56.2%}
65   ---O                                                                      (3 = 9.4%) {65.6%}
86   ---O                                                                      (3 = 9.4%) {75.0%}
113  ---O                                                                      (3 = 9.4%) {84.4%}
149  O                                                                         (0 = 0.0%) {93.8%}
196  -O                                                                        (1 = 3.1%) {93.8%}
258  -O                                                                        (1 = 3.1%) {96.9%}
340  ... 

Histogram: V8.CompileDeserializeMicroSeconds recorded 20 samples, mean = 7.3 (flags = 0x41)
0   -O                                                                        (1 = 5.0%)
1   ----O                                                                     (4 = 20.0%) {5.0%}
2   ---O                                                                      (3 = 15.0%) {25.0%}
3   -O                                                                        (1 = 5.0%) {40.0%}
4   -O                                                                        (1 = 5.0%) {45.0%}
5   --O                                                                       (2 = 10.0%) {50.0%}
7   --O                                                                       (2 = 10.0%) {60.0%}
9   --O                                                                       (2 = 10.0%) {70.0%}
12  O                                                                         (0 = 0.0%) {80.0%}
16  --O                                                                       (2 = 10.0%) {80.0%}
21  --O                                                                       (2 = 10.0%) {90.0%}
28  ... 

Histogram: V8.CompileLazyMicroSeconds recorded 7 samples, mean = 4502.0 (flags = 0x41)
0      ... 
40     -O                                                                        (1 = 14.3%) {0.0%}
55     --O                                                                       (2 = 28.6%) {14.3%}
76     ... 
1447   --O                                                                       (2 = 28.6%) {42.9%}
2008   ... 
3865   -O                                                                        (1 = 14.3%) {71.4%}
5362   ... 
19866  -O                                                                        (1 = 14.3%) {85.7%}
27562  ... 

Histogram: V8.CompileMicroSeconds recorded 22 samples, mean = 930.4 (flags = 0x41)
0      ... 
2      --O                                                                       (2 = 9.1%) {0.0%}
3      -O                                                                        (1 = 4.5%) {9.1%}
4      --O                                                                       (2 = 9.1%) {13.6%}
5      --O                                                                       (2 = 9.1%) {22.7%}
7      --O                                                                       (2 = 9.1%) {31.8%}
9      -O                                                                        (1 = 4.5%) {40.9%}
12     O                                                                         (0 = 0.0%) {45.5%}
16     -----O                                                                    (5 = 22.7%) {45.5%}
21     --O                                                                       (2 = 9.1%) {68.2%}
28     -O                                                                        (1 = 4.5%) {77.3%}
37     O                                                                         (0 = 0.0%) {81.8%}
49     -O                                                                        (1 = 4.5%) {81.8%}
65     O                                                                         (0 = 0.0%) {86.4%}
86     -O                                                                        (1 = 4.5%) {86.4%}
113    ... 
196    -O                                                                        (1 = 4.5%) {90.9%}
258    ... 
16063  -O                                                                        (1 = 4.5%) {95.5%}
21156  ... 

Histogram: V8.CompileScript.CacheBehaviour recorded 50 samples, mean = 4.9 (flags = 0x41)
0   O                                                                         (0 = 0.0%)
1   --O                                                                       (2 = 4.0%) {0.0%}
2   --------------------O                                                     (20 = 40.0%) {4.0%}
3   O                                                                         (0 = 0.0%) {44.0%}
4   ----------------O                                                         (16 = 32.0%) {44.0%}
5   ... 
8   --O                                                                       (2 = 4.0%) {76.0%}
9   ... 
12  ------O                                                                   (6 = 12.0%) {80.0%}
13  ----O                                                                     (4 = 8.0%) {92.0%}
14  ... 

Histogram: V8.CompileScriptMicroSeconds recorded 50 samples, mean = 749.3 (flags = 0x41)
0      -O                                                                        (1 = 2.0%)
1      ---O                                                                      (3 = 6.0%) {2.0%}
2      ---O                                                                      (3 = 6.0%) {8.0%}
3      O                                                                         (0 = 0.0%) {14.0%}
4      -O                                                                        (1 = 2.0%) {14.0%}
5      ----O                                                                     (4 = 8.0%) {16.0%}
7      ------O                                                                   (6 = 12.0%) {24.0%}
9      -----O                                                                    (5 = 10.0%) {36.0%}
12     --O                                                                       (2 = 4.0%) {46.0%}
16     --O                                                                       (2 = 4.0%) {50.0%}
21     -----O                                                                    (5 = 10.0%) {54.0%}
28     ---O                                                                      (3 = 6.0%) {64.0%}
37     ----O                                                                     (4 = 8.0%) {70.0%}
49     ---O                                                                      (3 = 6.0%) {78.0%}
65     ---O                                                                      (3 = 6.0%) {84.0%}
86     O                                                                         (0 = 0.0%) {90.0%}
113    --O                                                                       (2 = 4.0%) {90.0%}
149    -O                                                                        (1 = 2.0%) {94.0%}
196    ... 
448    -O                                                                        (1 = 2.0%) {96.0%}
590    ... 
27864  -O                                                                        (1 = 2.0%) {98.0%}
36699  ... 

Histogram: V8.CompileScriptMicroSeconds.BackgroundThread recorded 6 samples, mean = 1826.2 (flags = 0x41)
0     ... 
149   -O                                                                        (1 = 16.7%) {0.0%}
196   O                                                                         (0 = 0.0%) {16.7%}
258   -O                                                                        (1 = 16.7%) {16.7%}
340   ... 
777   -O                                                                        (1 = 16.7%) {33.3%}
1023  O                                                                         (0 = 0.0%) {50.0%}
1347  --O                                                                       (2 = 33.3%) {50.0%}
1774  ... 
5338  -O                                                                        (1 = 16.7%) {83.3%}
7031  ... 

Histogram: V8.CompileScriptMicroSeconds.ConsumeCache recorded 20 samples, mean = 11.1 (flags = 0x41)
0   O                                                                         (0 = 0.0%)
1   ----O                                                                     (4 = 20.0%) {0.0%}
2   ---O                                                                      (3 = 15.0%) {20.0%}
3   ... 
5   ----O                                                                     (4 = 20.0%) {35.0%}
7   --O                                                                       (2 = 10.0%) {55.0%}
9   -O                                                                        (1 = 5.0%) {65.0%}
12  -O                                                                        (1 = 5.0%) {70.0%}
16  -O                                                                        (1 = 5.0%) {75.0%}
21  --O                                                                       (2 = 10.0%) {80.0%}
28  O                                                                         (0 = 0.0%) {90.0%}
37  --O                                                                       (2 = 10.0%) {90.0%}
49  ... 

Histogram: V8.CompileScriptMicroSeconds.ConsumeCache.BackgroundThread recorded 20 samples, mean = 696.0 (flags = 0x41)
0     ... 
16    --O                                                                       (2 = 10.0%) {0.0%}
21    -O                                                                        (1 = 5.0%) {10.0%}
28    ----O                                                                     (4 = 20.0%) {15.0%}
37    -O                                                                        (1 = 5.0%) {35.0%}
49    -O                                                                        (1 = 5.0%) {40.0%}
65    ---O                                                                      (3 = 15.0%) {45.0%}
86    --O                                                                       (2 = 10.0%) {60.0%}
113   -O                                                                        (1 = 5.0%) {70.0%}
149   ... 
258   -O                                                                        (1 = 5.0%) {75.0%}
340   ... 
2336  --O                                                                       (2 = 10.0%) {80.0%}
3077  --O                                                                       (2 = 10.0%) {90.0%}
4053  ... 

Histogram: V8.CompileScriptMicroSeconds.IsolateCacheHit recorded 2 samples, mean = 10.0 (flags = 0x41)
0   ... 
5   -O                                                                        (1 = 50.0%) {0.0%}
7   ... 
12  -O                                                                        (1 = 50.0%) {50.0%}
16  ... 

Histogram: V8.CompileScriptMicroSeconds.NoCache.InlineScript recorded 16 samples, mean = 55.2 (flags = 0x41)
0    ... 
7    -O                                                                        (1 = 6.2%) {0.0%}
9    -O                                                                        (1 = 6.2%) {6.2%}
12   -O                                                                        (1 = 6.2%) {12.5%}
16   -O                                                                        (1 = 6.2%) {18.8%}
21   ---O                                                                      (3 = 18.8%) {25.0%}
28   -O                                                                        (1 = 6.2%) {43.8%}
37   -O                                                                        (1 = 6.2%) {50.0%}
49   -O                                                                        (1 = 6.2%) {56.2%}
65   ---O                                                                      (3 = 18.8%) {62.5%}
86   O                                                                         (0 = 0.0%) {81.2%}
113  --O                                                                       (2 = 12.5%) {81.2%}
149  -O                                                                        (1 = 6.2%) {93.8%}
196  ... 

Histogram: V8.CompileScriptMicroSeconds.NoCache.Other recorded 6 samples, mean = 6051.5 (flags = 0x41)
0      ... 
28     -O                                                                        (1 = 16.7%) {0.0%}
37     -O                                                                        (1 = 16.7%) {16.7%}
49     --O                                                                       (2 = 33.3%) {33.3%}
65     ... 
448    -O                                                                        (1 = 16.7%) {66.7%}
590    ... 
27864  -O                                                                        (1 = 16.7%) {83.3%}
36699  ... 

Histogram: V8.CompileScriptMicroSeconds.StreamingFinalization recorded 6 samples, mean = 14.3 (flags = 0x41)
0   ... 
7   ---O                                                                      (3 = 50.0%) {0.0%}
9   O                                                                         (0 = 0.0%) {50.0%}
12  -O                                                                        (1 = 16.7%) {50.0%}
16  -O                                                                        (1 = 16.7%) {66.7%}
21  O                                                                         (0 = 0.0%) {83.3%}
28  -O                                                                        (1 = 16.7%) {83.3%}
37  ... 

Histogram: V8.ErrorsThrownPerContext recorded 1 samples, mean = 0.0 (flags = 0x41)
0  -O                                                                        (1 = 100.0%)
1  ... 

Histogram: V8.GC.Cycle.CollectionRate.Full recorded 2 samples, mean = 89.5 (flags = 0x41)
0   ... 
80  --O                                                                       (2 = 100.0%) {0.0%}
100 O                                                                         (0 = 0.0%) {100.0%}

Histogram: V8.GC.Cycle.CollectionRate.Full.Cpp recorded 2 samples, mean = 70.0 (flags = 0x41)
0   ... 
41  -O                                                                        (1 = 50.0%) {0.0%}
51  ... 
80  -O                                                                        (1 = 50.0%) {50.0%}
100 O                                                                         (0 = 0.0%) {100.0%}

Histogram: V8.GC.Cycle.CollectionRate.Young recorded 19 samples, mean = 30.1 (flags = 0x41)
0   -O                                                                        (1 = 5.3%)
1   ... 
6   -O                                                                        (1 = 5.3%) {5.3%}
7   O                                                                         (0 = 0.0%) {10.5%}
9   -O                                                                        (1 = 5.3%) {10.5%}
11  O                                                                         (0 = 0.0%) {15.8%}
14  -O                                                                        (1 = 5.3%) {15.8%}
17  -O                                                                        (1 = 5.3%) {21.1%}
21  --O                                                                       (2 = 10.5%) {26.3%}
26  ---O                                                                      (3 = 15.8%) {36.8%}
33  ---O                                                                      (3 = 15.8%) {52.6%}
41  -----O                                                                    (5 = 26.3%) {68.4%}
51  -O                                                                        (1 = 5.3%) {94.7%}
64  ... 

Histogram: V8.GC.Cycle.CollectionWeight.Full recorded 2 samples, mean = 0.0 (flags = 0x41)
0  --O                                                                       (2 = 100.0%)
1  ... 

Histogram: V8.GC.Cycle.CollectionWeight.Full.Cpp recorded 2 samples, mean = 0.0 (flags = 0x41)
0  --O                                                                       (2 = 100.0%)
1  ... 

Histogram: V8.GC.Cycle.CollectionWeight.MainThread.Full recorded 2 samples, mean = 0.0 (flags = 0x41)
0  --O                                                                       (2 = 100.0%)
1  ... 

Histogram: V8.GC.Cycle.CollectionWeight.MainThread.Full.Cpp recorded 2 samples, mean = 0.0 (flags = 0x41)
0  --O                                                                       (2 = 100.0%)
1  ... 

Histogram: V8.GC.Cycle.Efficiency.Full recorded 2 samples, mean = 30.5 (flags = 0x41)
0   ... 
3   -O                                                                        (1 = 50.0%) {0.0%}
4   ... 
48  -O                                                                        (1 = 50.0%) {50.0%}
65  ... 

Histogram: V8.GC.Cycle.Efficiency.Full.Cpp recorded 2 samples, mean = 98.5 (flags = 0x41)
0    ... 
10   -O                                                                        (1 = 50.0%) {0.0%}
14   ... 
163  -O                                                                        (1 = 50.0%) {50.0%}
222  ... 

Histogram: V8.GC.Cycle.Efficiency.MainThread.Full recorded 2 samples, mean = 139.0 (flags = 0x41)
0    ... 
10   -O                                                                        (1 = 50.0%) {0.0%}
14   ... 
222  -O                                                                        (1 = 50.0%) {50.0%}
302  ... 

Histogram: V8.GC.Cycle.Efficiency.MainThread.Full.Cpp recorded 2 samples, mean = 239.5 (flags = 0x41)
0    ... 
14   -O                                                                        (1 = 50.0%) {0.0%}
19   ... 
411  -O                                                                        (1 = 50.0%) {50.0%}
559  ... 

Histogram: V8.GC.Cycle.Efficiency.MainThread.Young recorded 19 samples, mean = 3005.3 (flags = 0x41)
0      ... 
88     -O                                                                        (1 = 5.3%) {0.0%}
120    O                                                                         (0 = 0.0%) {5.3%}
163    -O                                                                        (1 = 5.3%) {5.3%}
222    -O                                                                        (1 = 5.3%) {10.5%}
302    ... 
559    -O                                                                        (1 = 5.3%) {15.8%}
760    --O                                                                       (2 = 10.5%) {21.1%}
1034   O                                                                         (0 = 0.0%) {31.6%}
1407   ----O                                                                     (4 = 21.1%) {31.6%}
1914   -O                                                                        (1 = 5.3%) {52.6%}
2604   -----O                                                                    (5 = 26.3%) {57.9%}
3542   ... 
6554   --O                                                                       (2 = 10.5%) {84.2%}
8915   O                                                                         (0 = 0.0%) {94.7%}
12127  -O                                                                        (1 = 5.3%) {94.7%}
16496  ... 

Histogram: V8.GC.Cycle.Efficiency.Young recorded 19 samples, mean = 2141.2 (flags = 0x41)
0      ... 
65     -O                                                                        (1 = 5.3%) {0.0%}
88     O                                                                         (0 = 0.0%) {5.3%}
120    -O                                                                        (1 = 5.3%) {5.3%}
163    O                                                                         (0 = 0.0%) {10.5%}
222    -O                                                                        (1 = 5.3%) {10.5%}
302    O                                                                         (0 = 0.0%) {15.8%}
411    -O                                                                        (1 = 5.3%) {15.8%}
559    ---O                                                                      (3 = 15.8%) {21.1%}
760    --O                                                                       (2 = 10.5%) {36.8%}
1034   --O                                                                       (2 = 10.5%) {47.4%}
1407   --O                                                                       (2 = 10.5%) {57.9%}
1914   ---O                                                                      (3 = 15.8%) {68.4%}
2604   O                                                                         (0 = 0.0%) {84.2%}
3542   -O                                                                        (1 = 5.3%) {84.2%}
4818   -O                                                                        (1 = 5.3%) {89.5%}
6554   ... 
12127  -O                                                                        (1 = 5.3%) {94.7%}
16496  ... 

Histogram: V8.GC.Cycle.Full recorded 2 samples, mean = 38.0 (flags = 0x41)
0   ... 
24  -O                                                                        (1 = 50.0%) {0.0%}
29  ... 
48  -O                                                                        (1 = 50.0%) {50.0%}
57  ... 

Histogram: V8.GC.Cycle.Full.Compact recorded 2 samples, mean = 5.5 (flags = 0x41)
0   O                                                                         (0 = 0.0%)
1   -O                                                                        (1 = 50.0%) {0.0%}
2   ... 
10  -O                                                                        (1 = 50.0%) {50.0%}
12  ... 

Histogram: V8.GC.Cycle.Full.Compact.Cpp recorded 2 samples, mean = 0.5 (flags = 0x41)
0  -O                                                                        (1 = 50.0%)
1  -O                                                                        (1 = 50.0%) {50.0%}
2  ... 

Histogram: V8.GC.Cycle.Full.Cpp recorded 2 samples, mean = 21.5 (flags = 0x41)
0   ... 
4   -O                                                                        (1 = 50.0%) {0.0%}
5   ... 
34  -O                                                                        (1 = 50.0%) {50.0%}
40  ... 

Histogram: V8.GC.Cycle.Full.Mark recorded 2 samples, mean = 27.0 (flags = 0x41)
0   ... 
12  -O                                                                        (1 = 50.0%) {0.0%}
14  ... 
40  -O                                                                        (1 = 50.0%) {50.0%}
48  ... 

Histogram: V8.GC.Cycle.Full.Mark.Cpp recorded 2 samples, mean = 16.5 (flags = 0x41)
0   ... 
2   -O                                                                        (1 = 50.0%) {0.0%}
3   ... 
29  -O                                                                        (1 = 50.0%) {50.0%}
34  ... 

Histogram: V8.GC.Cycle.Full.Sweep recorded 2 samples, mean = 2.0 (flags = 0x41)
0  ... 
2  --O                                                                       (2 = 100.0%) {0.0%}
3  ... 

Histogram: V8.GC.Cycle.Full.Sweep.Cpp recorded 2 samples, mean = 3.5 (flags = 0x41)
0  -O                                                                        (1 = 50.0%)
1  ... 
7  -O                                                                        (1 = 50.0%) {50.0%}
8  ... 

Histogram: V8.GC.Cycle.Full.Weak recorded 2 samples, mean = 0.5 (flags = 0x41)
0  -O                                                                        (1 = 50.0%)
1  -O                                                                        (1 = 50.0%) {50.0%}
2  ... 

Histogram: V8.GC.Cycle.Full.Weak.Cpp recorded 2 samples, mean = 0.0 (flags = 0x41)
0  --O                                                                       (2 = 100.0%)
1  ... 

Histogram: V8.GC.Cycle.MainThread.Full recorded 2 samples, mean = 9.5 (flags = 0x41)
0   ... 
8   -O                                                                        (1 = 50.0%) {0.0%}
10  -O                                                                        (1 = 50.0%) {50.0%}
12  ... 

Histogram: V8.GC.Cycle.MainThread.Full.Atomic recorded 2 samples, mean = 6.5 (flags = 0x41)
0  ... 
6  -O                                                                        (1 = 50.0%) {0.0%}
7  -O                                                                        (1 = 50.0%) {50.0%}
8  ... 

Histogram: V8.GC.Cycle.MainThread.Full.Atomic.Compact recorded 2 samples, mean = 1.5 (flags = 0x41)
0  -O                                                                        (1 = 50.0%)
1  ... 
3  -O                                                                        (1 = 50.0%) {50.0%}
4  ... 

Histogram: V8.GC.Cycle.MainThread.Full.Atomic.Compact.Cpp recorded 2 samples, mean = 0.5 (flags = 0x41)
0  -O                                                                        (1 = 50.0%)
1  -O                                                                        (1 = 50.0%) {50.0%}
2  ... 

Histogram: V8.GC.Cycle.MainThread.Full.Atomic.Cpp recorded 2 samples, mean = 2.0 (flags = 0x41)
0  O                                                                         (0 = 0.0%)
1  -O                                                                        (1 = 50.0%) {0.0%}
2  O                                                                         (0 = 0.0%) {50.0%}
3  -O                                                                        (1 = 50.0%) {50.0%}
4  ... 

Histogram: V8.GC.Cycle.MainThread.Full.Atomic.Mark recorded 2 samples, mean = 1.5 (flags = 0x41)
0  -O                                                                        (1 = 50.0%)
1  ... 
3  -O                                                                        (1 = 50.0%) {50.0%}
4  ... 

Histogram: V8.GC.Cycle.MainThread.Full.Atomic.Mark.Cpp recorded 2 samples, mean = 1.0 (flags = 0x41)
0  -O                                                                        (1 = 50.0%)
1  O                                                                         (0 = 0.0%) {50.0%}
2  -O                                                                        (1 = 50.0%) {50.0%}
3  ... 

Histogram: V8.GC.Cycle.MainThread.Full.Atomic.Sweep recorded 2 samples, mean = 0.0 (flags = 0x41)
0  --O                                                                       (2 = 100.0%)
1  ... 

Histogram: V8.GC.Cycle.MainThread.Full.Atomic.Sweep.Cpp recorded 2 samples, mean = 0.0 (flags = 0x41)
0  --O                                                                       (2 = 100.0%)
1  ... 

Histogram: V8.GC.Cycle.MainThread.Full.Atomic.Weak recorded 2 samples, mean = 0.5 (flags = 0x41)
0  -O                                                                        (1 = 50.0%)
1  -O                                                                        (1 = 50.0%) {50.0%}
2  ... 

Histogram: V8.GC.Cycle.MainThread.Full.Atomic.Weak.Cpp recorded 2 samples, mean = 0.0 (flags = 0x41)
0  --O                                                                       (2 = 100.0%)
1  ... 

Histogram: V8.GC.Cycle.MainThread.Full.Compact recorded 2 samples, mean = 1.5 (flags = 0x41)
0  -O                                                                        (1 = 50.0%)
1  ... 
3  -O                                                                        (1 = 50.0%) {50.0%}
4  ... 

Histogram: V8.GC.Cycle.MainThread.Full.Compact.Cpp recorded 2 samples, mean = 0.5 (flags = 0x41)
0  -O                                                                        (1 = 50.0%)
1  -O                                                                        (1 = 50.0%) {50.0%}
2  ... 

Histogram: V8.GC.Cycle.MainThread.Full.Cpp recorded 2 samples, mean = 9.0 (flags = 0x41)
0   ... 
3   -O                                                                        (1 = 50.0%) {0.0%}
4   ... 
14  -O                                                                        (1 = 50.0%) {50.0%}
17  ... 

Histogram: V8.GC.Cycle.MainThread.Full.Incremental.Mark recorded 2 samples, mean = 2.5 (flags = 0x41)
0  ... 
2  -O                                                                        (1 = 50.0%) {0.0%}
3  -O                                                                        (1 = 50.0%) {50.0%}
4  ... 

Histogram: V8.GC.Cycle.MainThread.Full.Incremental.Mark.Cpp recorded 2 samples, mean = 3.5 (flags = 0x41)
0  O                                                                         (0 = 0.0%)
1  -O                                                                        (1 = 50.0%) {0.0%}
2  ... 
6  -O                                                                        (1 = 50.0%) {50.0%}
7  ... 

Histogram: V8.GC.Cycle.MainThread.Full.Incremental.Mark.StartStop recorded 2 samples, mean = 10.5 (flags = 0x41)
0   ... 
4   -O                                                                        (1 = 50.0%) {0.0%}
5   ... 
17  -O                                                                        (1 = 50.0%) {50.0%}
20  ... 

Histogram: V8.GC.Cycle.MainThread.Full.Incremental.Sweep recorded 2 samples, mean = 0.0 (flags = 0x41)
0  --O                                                                       (2 = 100.0%)
1  ... 

Histogram: V8.GC.Cycle.MainThread.Full.Incremental.Sweep.Cpp recorded 2 samples, mean = 3.0 (flags = 0x41)
0  -O                                                                        (1 = 50.0%)
1  ... 
6  -O                                                                        (1 = 50.0%) {50.0%}
7  ... 

Histogram: V8.GC.Cycle.MainThread.Full.Mark recorded 2 samples, mean = 4.5 (flags = 0x41)
0  ... 
2  -O                                                                        (1 = 50.0%) {0.0%}
3  ... 
7  -O                                                                        (1 = 50.0%) {50.0%}
8  ... 

Histogram: V8.GC.Cycle.MainThread.Full.Mark.Cpp recorded 2 samples, mean = 4.5 (flags = 0x41)
0  O                                                                         (0 = 0.0%)
1  -O                                                                        (1 = 50.0%) {0.0%}
2  ... 
8  -O                                                                        (1 = 50.0%) {50.0%}
10 ... 

Histogram: V8.GC.Cycle.MainThread.Full.Sweep recorded 2 samples, mean = 0.0 (flags = 0x41)
0  --O                                                                       (2 = 100.0%)
1  ... 

Histogram: V8.GC.Cycle.MainThread.Full.Sweep.Cpp recorded 2 samples, mean = 3.5 (flags = 0x41)
0  -O                                                                        (1 = 50.0%)
1  ... 
7  -O                                                                        (1 = 50.0%) {50.0%}
8  ... 

Histogram: V8.GC.Cycle.MainThread.Full.Weak recorded 2 samples, mean = 0.5 (flags = 0x41)
0  -O                                                                        (1 = 50.0%)
1  -O                                                                        (1 = 50.0%) {50.0%}
2  ... 

Histogram: V8.GC.Cycle.MainThread.Full.Weak.Cpp recorded 2 samples, mean = 0.0 (flags = 0x41)
0  --O                                                                       (2 = 100.0%)
1  ... 

Histogram: V8.GC.Cycle.MainThread.Young recorded 19 samples, mean = 0.6 (flags = 0x41)
0  ---------------O                                                          (15 = 78.9%)
1  -O                                                                        (1 = 5.3%) {78.9%}
2  --O                                                                       (2 = 10.5%) {84.2%}
3  ... 
6  -O                                                                        (1 = 5.3%) {94.7%}
7  ... 

Histogram: V8.GC.Cycle.Memory.Freed.Full recorded 2 samples, mean = 4224.0 (flags = 0x41)
0     -O                                                                        (1 = 50.0%)
1     ... 
6554  -O                                                                        (1 = 50.0%) {50.0%}
8915  ... 

Histogram: V8.GC.Cycle.Memory.Freed.Full.Cpp recorded 2 samples, mean = 3776.0 (flags = 0x41)
0     ... 
1914  -O                                                                        (1 = 50.0%) {0.0%}
2604  ... 
4818  -O                                                                        (1 = 50.0%) {50.0%}
6554  ... 

Histogram: V8.GC.Cycle.Objects.After.Full recorded 2 samples, mean = 12084.0 (flags = 0x41)
0      ... 
8915   -O                                                                        (1 = 50.0%) {0.0%}
12127  -O                                                                        (1 = 50.0%) {50.0%}
16496  ... 

Histogram: V8.GC.Cycle.Objects.After.Full.Cpp recorded 2 samples, mean = 5238.0 (flags = 0x41)
0     ... 
4818  --O                                                                       (2 = 100.0%) {0.0%}
6554  ... 

Histogram: V8.GC.Cycle.Objects.Before.Full recorded 2 samples, mean = 13564.0 (flags = 0x41)
0      ... 
12127  --O                                                                       (2 = 100.0%) {0.0%}
16496  ... 

Histogram: V8.GC.Cycle.Objects.Before.Full.Cpp recorded 2 samples, mean = 8963.0 (flags = 0x41)
0      ... 
4818   -O                                                                        (1 = 50.0%) {0.0%}
6554   ... 
12127  -O                                                                        (1 = 50.0%) {50.0%}
16496  ... 

Histogram: V8.GC.Cycle.Objects.Freed.Full recorded 2 samples, mean = 1479.0 (flags = 0x41)
0     ... 
88    -O                                                                        (1 = 50.0%) {0.0%}
120   ... 
2604  -O                                                                        (1 = 50.0%) {50.0%}
3542  ... 

Histogram: V8.GC.Cycle.Objects.Freed.Full.Cpp recorded 2 samples, mean = 3724.0 (flags = 0x41)
0     ... 
48    -O                                                                        (1 = 50.0%) {0.0%}
65    ... 
6554  -O                                                                        (1 = 50.0%) {50.0%}
8915  ... 

Histogram: V8.GC.Cycle.Reason.Full recorded 2 samples, mean = 9.0 (flags = 0x41)
0  ... 
9  --O                                                                       (2 = 100.0%) {0.0%}
10 ... 

Histogram: V8.GC.Cycle.Reason.Young recorded 19 samples, mean = 3.3 (flags = 0x41)
0   O                                                                         (0 = 0.0%)
1   ---------------O                                                          (15 = 78.9%) {0.0%}
2   ... 
12  ----O                                                                     (4 = 21.1%) {78.9%}
13  ... 

Histogram: V8.GC.Cycle.Young recorded 19 samples, mean = 0.8 (flags = 0x41)
0  ------------O                                                             (12 = 63.2%)
1  ----O                                                                     (4 = 21.1%) {63.2%}
2  -O                                                                        (1 = 5.3%) {84.2%}
3  -O                                                                        (1 = 5.3%) {89.5%}
4  ... 
6  -O                                                                        (1 = 5.3%) {94.7%}
7  ... 

Histogram: V8.GC.Event.MainThread.Full.Finalize.Incremental.ReduceMemory recorded 2 samples, mean = 4.0 (flags = 0x41)
0  O                                                                         (0 = 0.0%)
1  -O                                                                        (1 = 50.0%) {0.0%}
2  ... 
7  -O                                                                        (1 = 50.0%) {50.0%}
8  ... 

Histogram: V8.GC.Event.MainThread.Full.Finalize.Incremental.ReduceMemory.Foreground recorded 2 samples, mean = 4.0 (flags = 0x41)
0  O                                                                         (0 = 0.0%)
1  -O                                                                        (1 = 50.0%) {0.0%}
2  ... 
7  -O                                                                        (1 = 50.0%) {50.0%}
8  ... 

Histogram: V8.GC.Event.MainThread.Full.Finalize.Incremental.Regular recorded 1 samples, mean = 6.0 (flags = 0x41)
0  ... 
6  -O                                                                        (1 = 100.0%) {0.0%}
7  ... 

Histogram: V8.GC.Event.MainThread.Full.Finalize.Incremental.Regular.Foreground recorded 1 samples, mean = 6.0 (flags = 0x41)
0  ... 
6  -O                                                                        (1 = 100.0%) {0.0%}
7  ... 

Histogram: V8.GC.Event.MainThread.Full.Incremental.Mark recorded 113 samples, mean = 0.0 (flags = 0x41)
0  ------------------------------------------------------------------------O (112 = 99.1%)
1  -O                                                                        (1 = 0.9%) {99.1%}
2  ... 

Histogram: V8.GC.Event.MainThread.Full.Incremental.Mark.Cpp recorded 117 samples, mean = 0.0 (flags = 0x41)
0  ------------------------------------------------------------------------O (116 = 99.1%)
1  ... 
5  -O                                                                        (1 = 0.9%) {99.1%}
6  ... 

Histogram: V8.GC.Event.MainThread.Full.Incremental.Sweep.Cpp recorded 211 samples, mean = 0.0 (flags = 0x41)
0  ------------------------------------------------------------------------O (209 = 99.1%)
1  O                                                                         (1 = 0.5%) {99.1%}
2  ... 
5  O                                                                         (1 = 0.5%) {99.5%}
6  ... 

Histogram: V8.GC.TimeToSafepoint recorded 25 samples, mean = 89.6 (flags = 0x41)
0    ----------O                                                               (10 = 40.0%)
1    --------O                                                                 (8 = 32.0%) {40.0%}
2    O                                                                         (0 = 0.0%) {72.0%}
3    -O                                                                        (1 = 4.0%) {72.0%}
4    -O                                                                        (1 = 4.0%) {76.0%}
6    ... 
105  -O                                                                        (1 = 4.0%) {80.0%}
146  O                                                                         (0 = 0.0%) {84.0%}
203  -O                                                                        (1 = 4.0%) {84.0%}
282  O                                                                         (0 = 0.0%) {88.0%}
391  --O                                                                       (2 = 8.0%) {88.0%}
542  O                                                                         (0 = 0.0%) {96.0%}
752  -O                                                                        (1 = 4.0%) {96.0%}
1043 ... 

Histogram: V8.GCFinalizeMC.Clear recorded 1 samples, mean = 1.0 (flags = 0x41)
0  O                                                                         (0 = 0.0%)
1  -O                                                                        (1 = 100.0%) {0.0%}
2  ... 

Histogram: V8.GCFinalizeMC.Epilogue recorded 1 samples, mean = 0.0 (flags = 0x41)
0  -O                                                                        (1 = 100.0%)
1  ... 

Histogram: V8.GCFinalizeMC.Evacuate recorded 1 samples, mean = 0.0 (flags = 0x41)
0  -O                                                                        (1 = 100.0%)
1  ... 

Histogram: V8.GCFinalizeMC.Finish recorded 1 samples, mean = 0.0 (flags = 0x41)
0  -O                                                                        (1 = 100.0%)
1  ... 

Histogram: V8.GCFinalizeMC.Mark recorded 1 samples, mean = 3.0 (flags = 0x41)
0  ... 
3  -O                                                                        (1 = 100.0%) {0.0%}
4  ... 

Histogram: V8.GCFinalizeMC.Prologue recorded 1 samples, mean = 0.0 (flags = 0x41)
0  -O                                                                        (1 = 100.0%)
1  ... 

Histogram: V8.GCFinalizeMC.Sweep recorded 1 samples, mean = 0.0 (flags = 0x41)
0  -O                                                                        (1 = 100.0%)
1  ... 

Histogram: V8.GCIncrementalMarking recorded 122 samples, mean = 0.0 (flags = 0x41)
0  ------------------------------------------------------------------------O (120 = 98.4%)
1  -O                                                                        (1 = 0.8%) {98.4%}
2  ... 
5  -O                                                                        (1 = 0.8%) {99.2%}
6  ... 

Histogram: V8.GCIncrementalMarkingReason recorded 3 samples, mean = 12.0 (flags = 0x41)
0   ... 
2   -O                                                                        (1 = 33.3%) {0.0%}
3   ... 
17  --O                                                                       (2 = 66.7%) {33.3%}
18  ... 

Histogram: V8.GCIncrementalMarkingStart recorded 3 samples, mean = 0.3 (flags = 0x41)
0  --O                                                                       (2 = 66.7%)
1  -O                                                                        (1 = 33.3%) {66.7%}
2  ... 

Histogram: V8.GCIncrementalMarkingSum recorded 1 samples, mean = 1.0 (flags = 0x41)
0  O                                                                         (0 = 0.0%)
1  -O                                                                        (1 = 100.0%) {0.0%}
2  ... 

Histogram: V8.GCMarkCompactReason recorded 2 samples, mean = 9.0 (flags = 0x41)
0  ... 
9  --O                                                                       (2 = 100.0%) {0.0%}
10 ... 

Histogram: V8.GCScavenger.ScavengeMain recorded 19 samples, mean = 0.1 (flags = 0x41)
0  -----------------O                                                        (17 = 89.5%)
1  --O                                                                       (2 = 10.5%) {89.5%}
2  ... 

Histogram: V8.GCScavenger.ScavengeRoots recorded 19 samples, mean = 0.2 (flags = 0x41)
0  -----------------O                                                        (17 = 89.5%)
1  -O                                                                        (1 = 5.3%) {89.5%}
2  -O                                                                        (1 = 5.3%) {94.7%}
3  ... 

Histogram: V8.JSDispatchTableEntriesCount recorded 3 samples, mean = 1.0 (flags = 0x41)
0  O                                                                         (0 = 0.0%)
1  ---O                                                                      (3 = 100.0%) {0.0%}
2  ... 

Histogram: V8.LocalWindowProxy.CreateContextTime recorded 4 samples, mean = 26.5 (flags = 0x41)
0   --O                                                                       (2 = 50.0%)
1   O                                                                         (0 = 0.0%) {50.0%}
2   -O                                                                        (1 = 25.0%) {50.0%}
3   ... 
96  -O                                                                        (1 = 25.0%) {75.0%}
114 ... 

Histogram: V8.LocalWindowProxy.InitializeTime recorded 4 samples, mean = 33.5 (flags = 0x41)
0    -O                                                                        (1 = 25.0%)
1    -O                                                                        (1 = 25.0%) {25.0%}
2    ... 
6    -O                                                                        (1 = 25.0%) {50.0%}
7    ... 
114  -O                                                                        (1 = 25.0%) {75.0%}
135  ... 

Histogram: V8.MaglevOptimizeExecute recorded 144 samples, mean = 903.9 (flags = 0x41)
0      ... 
10     -O                                                                        (1 = 0.7%) {0.0%}
13     -O                                                                        (1 = 0.7%) {0.7%}
16     ... 
25     -----O                                                                    (5 = 3.5%) {1.4%}
31     ---O                                                                      (3 = 2.1%) {4.9%}
39     -------O                                                                  (7 = 4.9%) {6.9%}
49     ---------O                                                                (9 = 6.2%) {11.8%}
61     ----------------O                                                         (16 = 11.1%) {18.1%}
76     ------------O                                                             (12 = 8.3%) {29.2%}
95     -------------------O                                                      (19 = 13.2%) {37.5%}
119    -----------O                                                              (11 = 7.6%) {50.7%}
149    ------------O                                                             (12 = 8.3%) {58.3%}
186    ---------------O                                                          (15 = 10.4%) {66.7%}
233    -------O                                                                  (7 = 4.9%) {77.1%}
292    ------O                                                                   (6 = 4.2%) {81.9%}
365    --O                                                                       (2 = 1.4%) {86.1%}
457    --O                                                                       (2 = 1.4%) {87.5%}
572    --O                                                                       (2 = 1.4%) {88.9%}
716    ----O                                                                     (4 = 2.8%) {90.3%}
896    -O                                                                        (1 = 0.7%) {93.1%}
1122   ---O                                                                      (3 = 2.1%) {93.8%}
1404   -O                                                                        (1 = 0.7%) {95.8%}
1757   O                                                                         (0 = 0.0%) {96.5%}
2199   -O                                                                        (1 = 0.7%) {96.5%}
2753   O                                                                         (0 = 0.0%) {97.2%}
3446   --O                                                                       (2 = 1.4%) {97.2%}
4313   ... 
20769  -O                                                                        (1 = 0.7%) {98.6%}
25997  ... 
63822  -O                                                                        (1 = 0.7%) {99.3%}
79889  ... 

Histogram: V8.MaglevOptimizeFinalize recorded 144 samples, mean = 5.3 (flags = 0x41)
0   -------O                                                                  (7 = 4.9%)
1   ----------------O                                                         (16 = 11.1%) {4.9%}
2   ------------------------O                                                 (24 = 16.7%) {16.0%}
3   ----------------------O                                                   (22 = 15.3%) {32.6%}
4   -------------O                                                            (13 = 9.0%) {47.9%}
5   --------------------O                                                     (20 = 13.9%) {56.9%}
6   ------------O                                                             (12 = 8.3%) {70.8%}
8   ------------O                                                             (12 = 8.3%) {79.2%}
10  ------O                                                                   (6 = 4.2%) {87.5%}
13  ----O                                                                     (4 = 2.8%) {91.7%}
16  -----O                                                                    (5 = 3.5%) {94.4%}
20  -O                                                                        (1 = 0.7%) {97.9%}
25  O                                                                         (0 = 0.0%) {98.6%}
31  --O                                                                       (2 = 1.4%) {98.6%}
39  ... 

Histogram: V8.MaglevOptimizePrepare recorded 144 samples, mean = 0.1 (flags = 0x41)
0  ------------------------------------------------------------------------O (133 = 92.4%)
1  ------O                                                                   (11 = 7.6%) {92.4%}
2  ... 

Histogram: V8.MaglevOptimizeTotalTime recorded 144 samples, mean = 1263.8 (flags = 0x41)
0      ... 
28     -O                                                                        (1 = 0.7%) {0.0%}
37     ------O                                                                   (6 = 4.2%) {0.7%}
49     ----O                                                                     (4 = 2.8%) {4.9%}
65     -------------O                                                            (13 = 9.0%) {7.6%}
86     -----------------O                                                        (17 = 11.8%) {16.7%}
113    ----------------------O                                                   (22 = 15.3%) {28.5%}
149    -------------------O                                                      (19 = 13.2%) {43.8%}
196    ----------------O                                                         (16 = 11.1%) {56.9%}
258    ------O                                                                   (6 = 4.2%) {68.1%}
340    -------O                                                                  (7 = 4.9%) {72.2%}
448    -----O                                                                    (5 = 3.5%) {77.1%}
590    --------O                                                                 (8 = 5.6%) {80.6%}
777    ---O                                                                      (3 = 2.1%) {86.1%}
1023   --O                                                                       (2 = 1.4%) {88.2%}
1347   ----O                                                                     (4 = 2.8%) {89.6%}
1774   ---O                                                                      (3 = 2.1%) {92.4%}
2336   O                                                                         (0 = 0.0%) {94.4%}
3077   -O                                                                        (1 = 0.7%) {94.4%}
4053   --O                                                                       (2 = 1.4%) {95.1%}
5338   O                                                                         (0 = 0.0%) {96.5%}
7031   --O                                                                       (2 = 1.4%) {96.5%}
9260   O                                                                         (0 = 0.0%) {97.9%}
12196  -O                                                                        (1 = 0.7%) {97.9%}
16063  O                                                                         (0 = 0.0%) {98.6%}
21156  -O                                                                        (1 = 0.7%) {98.6%}
27864  ... 
63662  -O                                                                        (1 = 0.7%) {99.3%}
83848  ... 

Histogram: V8.MemoryExternalFragmentationCodeSpace recorded 22 samples, mean = 48.3 (flags = 0x41)
0   ... 
9   -O                                                                        (1 = 4.5%) {0.0%}
10  ... 
13  -O                                                                        (1 = 4.5%) {4.5%}
14  --O                                                                       (2 = 9.1%) {9.1%}
15  ... 
20  -O                                                                        (1 = 4.5%) {18.2%}
21  ... 
27  --O                                                                       (2 = 9.1%) {22.7%}
28  -O                                                                        (1 = 4.5%) {31.8%}
29  ... 
31  -O                                                                        (1 = 4.5%) {36.4%}
32  ... 
45  -O                                                                        (1 = 4.5%) {40.9%}
46  ... 
54  -O                                                                        (1 = 4.5%) {45.5%}
55  -O                                                                        (1 = 4.5%) {50.0%}
56  -O                                                                        (1 = 4.5%) {54.5%}
57  -O                                                                        (1 = 4.5%) {59.1%}
58  ... 
61  -O                                                                        (1 = 4.5%) {63.6%}
62  ... 
72  --O                                                                       (2 = 9.1%) {68.2%}
73  O                                                                         (0 = 0.0%) {77.3%}
74  -O                                                                        (1 = 4.5%) {77.3%}
75  ... 
77  -O                                                                        (1 = 4.5%) {81.8%}
78  ... 
80  -O                                                                        (1 = 4.5%) {86.4%}
81  ... 
84  -O                                                                        (1 = 4.5%) {90.9%}
85  ... 
93  -O                                                                        (1 = 4.5%) {95.5%}
94  ... 

Histogram: V8.MemoryExternalFragmentationLoSpace recorded 22 samples, mean = 1.6 (flags = 0x41)
0  O                                                                         (0 = 0.0%)
1  ---------------O                                                          (15 = 68.2%) {0.0%}
2  O                                                                         (0 = 0.0%) {68.2%}
3  -------O                                                                  (7 = 31.8%) {68.2%}
4  ... 

Histogram: V8.MemoryExternalFragmentationOldSpace recorded 22 samples, mean = 6.9 (flags = 0x41)
0   O                                                                         (0 = 0.0%)
1   -O                                                                        (1 = 4.5%) {0.0%}
2   O                                                                         (0 = 0.0%) {4.5%}
3   --O                                                                       (2 = 9.1%) {4.5%}
4   ----O                                                                     (4 = 18.2%) {13.6%}
5   --O                                                                       (2 = 9.1%) {31.8%}
6   ---O                                                                      (3 = 13.6%) {40.9%}
7   --O                                                                       (2 = 9.1%) {54.5%}
8   --O                                                                       (2 = 9.1%) {63.6%}
9   -O                                                                        (1 = 4.5%) {72.7%}
10  ---O                                                                      (3 = 13.6%) {77.3%}
11  ... 
13  -O                                                                        (1 = 4.5%) {90.9%}
14  ... 
18  -O                                                                        (1 = 4.5%) {95.5%}
19  ... 

Histogram: V8.MemoryExternalFragmentationTotal recorded 22 samples, mean = 29.5 (flags = 0x41)
0   ... 
12  -O                                                                        (1 = 4.5%) {0.0%}
13  ... 
17  -O                                                                        (1 = 4.5%) {4.5%}
18  O                                                                         (0 = 0.0%) {9.1%}
19  -O                                                                        (1 = 4.5%) {9.1%}
20  O                                                                         (0 = 0.0%) {13.6%}
21  -O                                                                        (1 = 4.5%) {13.6%}
22  ... 
24  -O                                                                        (1 = 4.5%) {18.2%}
25  O                                                                         (0 = 0.0%) {22.7%}
26  --O                                                                       (2 = 9.1%) {22.7%}
27  ---O                                                                      (3 = 13.6%) {31.8%}
28  --O                                                                       (2 = 9.1%) {45.5%}
29  O                                                                         (0 = 0.0%) {54.5%}
30  -O                                                                        (1 = 4.5%) {54.5%}
31  -O                                                                        (1 = 4.5%) {59.1%}
32  -O                                                                        (1 = 4.5%) {63.6%}
33  ... 
35  --O                                                                       (2 = 9.1%) {68.2%}
36  O                                                                         (0 = 0.0%) {77.3%}
37  --O                                                                       (2 = 9.1%) {77.3%}
38  ... 
40  -O                                                                        (1 = 4.5%) {86.4%}
41  ... 
44  -O                                                                        (1 = 4.5%) {90.9%}
45  ... 
47  -O                                                                        (1 = 4.5%) {95.5%}
48  ... 

Histogram: V8.MemoryHeapSampleCodeSpaceCommitted recorded 22 samples, mean = 896.0 (flags = 0x41)
0     -------------O                                                            (13 = 59.1%)
1000  O                                                                         (0 = 0.0%) {59.1%}
1138  -----O                                                                    (5 = 22.7%) {59.1%}
1295  O                                                                         (0 = 0.0%) {81.8%}
1474  ---O                                                                      (3 = 13.6%) {81.8%}
1678  O                                                                         (0 = 0.0%) {95.5%}
1910  -O                                                                        (1 = 4.5%) {95.5%}
2174  ... 

Histogram: V8.MemoryHeapSampleMaximumCommitted recorded 22 samples, mean = 12093.8 (flags = 0x41)
0      ... 
3649   -O                                                                        (1 = 4.5%) {0.0%}
4153   O                                                                         (0 = 0.0%) {4.5%}
4727   -O                                                                        (1 = 4.5%) {4.5%}
5380   O                                                                         (0 = 0.0%) {9.1%}
6124   ----O                                                                     (4 = 18.2%) {9.1%}
6971   O                                                                         (0 = 0.0%) {27.3%}
7935   -O                                                                        (1 = 4.5%) {27.3%}
9032   --O                                                                       (2 = 9.1%) {31.8%}
10281  ----O                                                                     (4 = 18.2%) {40.9%}
11702  --O                                                                       (2 = 9.1%) {59.1%}
13320  O                                                                         (0 = 0.0%) {68.2%}
15161  ---O                                                                      (3 = 13.6%) {68.2%}
17257  -O                                                                        (1 = 4.5%) {81.8%}
19642  O                                                                         (0 = 0.0%) {86.4%}
22357  ---O                                                                      (3 = 13.6%) {86.4%}
25447  ... 

Histogram: V8.MemoryHeapSampleTotalCommitted recorded 22 samples, mean = 11151.3 (flags = 0x41)
0      ... 
3649   -O                                                                        (1 = 4.5%) {0.0%}
4153   O                                                                         (0 = 0.0%) {4.5%}
4727   -O                                                                        (1 = 4.5%) {4.5%}
5380   O                                                                         (0 = 0.0%) {9.1%}
6124   ----O                                                                     (4 = 18.2%) {9.1%}
6971   O                                                                         (0 = 0.0%) {27.3%}
7935   ---O                                                                      (3 = 13.6%) {27.3%}
9032   O                                                                         (0 = 0.0%) {40.9%}
10281  ----O                                                                     (4 = 18.2%) {40.9%}
11702  --O                                                                       (2 = 9.1%) {59.1%}
13320  --O                                                                       (2 = 9.1%) {68.2%}
15161  ---O                                                                      (3 = 13.6%) {77.3%}
17257  -O                                                                        (1 = 4.5%) {90.9%}
19642  O                                                                         (0 = 0.0%) {95.5%}
22357  -O                                                                        (1 = 4.5%) {95.5%}
25447  ... 

Histogram: V8.MemoryHeapSampleTotalUsed recorded 22 samples, mean = 7827.0 (flags = 0x41)
0      ... 
2174   -O                                                                        (1 = 4.5%) {0.0%}
2475   ... 
3206   -O                                                                        (1 = 4.5%) {4.5%}
3649   -O                                                                        (1 = 4.5%) {9.1%}
4153   --O                                                                       (2 = 9.1%) {13.6%}
4727   --O                                                                       (2 = 9.1%) {22.7%}
5380   O                                                                         (0 = 0.0%) {31.8%}
6124   --O                                                                       (2 = 9.1%) {31.8%}
6971   ----O                                                                     (4 = 18.2%) {40.9%}
7935   -O                                                                        (1 = 4.5%) {59.1%}
9032   --O                                                                       (2 = 9.1%) {63.6%}
10281  --O                                                                       (2 = 9.1%) {72.7%}
11702  ---O                                                                      (3 = 13.6%) {81.8%}
13320  -O                                                                        (1 = 4.5%) {95.5%}
15161  ... 

Histogram: V8.RegExpBacktracks recorded 263 samples, mean = 1.7 (flags = 0x41)
0    ------O                                                                   (19 = 7.2%)
1    ------------------------------------------------------------------------O (229 = 87.1%) {7.2%}
2    --O                                                                       (5 = 1.9%) {94.3%}
3    -O                                                                        (4 = 1.5%) {96.2%}
4    -O                                                                        (3 = 1.1%) {97.7%}
6    O                                                                         (1 = 0.4%) {98.9%}
9    O                                                                         (1 = 0.4%) {99.2%}
13   ... 
127  O                                                                         (1 = 0.4%) {99.6%}
185  ... 

Histogram: V8.SandboxedCodePointersCount recorded 3 samples, mean = 1119.7 (flags = 0x41)
0    ... 
977  ---O                                                                      (3 = 100.0%) {0.0%}
1136 ... 

Histogram: V8.SandboxedCppHeapPointersCount recorded 3 samples, mean = 5598.7 (flags = 0x41)
0     ... 
380   -O                                                                        (1 = 33.3%) {0.0%}
452   ... 
7152  --O                                                                       (2 = 66.7%) {33.3%}
8499  ... 

Histogram: V8.SandboxedExternalPointersCount recorded 25 samples, mean = 1748.5 (flags = 0x41)
0      --------O                                                                 (8 = 32.0%)
1      ... 
10     -O                                                                        (1 = 4.0%) {32.0%}
12     -O                                                                        (1 = 4.0%) {36.0%}
14     -O                                                                        (1 = 4.0%) {40.0%}
17     ... 
24     -O                                                                        (1 = 4.0%) {44.0%}
29     -O                                                                        (1 = 4.0%) {48.0%}
34     -O                                                                        (1 = 4.0%) {52.0%}
40     O                                                                         (0 = 0.0%) {56.0%}
48     -O                                                                        (1 = 4.0%) {56.0%}
57     ... 
81     -O                                                                        (1 = 4.0%) {60.0%}
96     ... 
160    -O                                                                        (1 = 4.0%) {64.0%}
190    ... 
269    -O                                                                        (1 = 4.0%) {68.0%}
320    ... 
452    -O                                                                        (1 = 4.0%) {72.0%}
537    ... 
758    --O                                                                       (2 = 8.0%) {76.0%}
901    ... 
1798   -O                                                                        (1 = 4.0%) {84.0%}
2137   ... 
12002  ---O                                                                      (3 = 12.0%) {88.0%}
14263  ... 

Histogram: V8.SandboxedTrustedPointersCount recorded 3 samples, mean = 3834.0 (flags = 0x41)
0     ... 
3799  ---O                                                                      (3 = 100.0%) {0.0%}
4418  ... 

Histogram: V8.SnapshotDeserializeContextMicroSeconds recorded 6 samples, mean = 1374.2 (flags = 0x41)
0     ... 
258   -O                                                                        (1 = 16.7%) {0.0%}
340   --O                                                                       (2 = 33.3%) {16.7%}
448   O                                                                         (0 = 0.0%) {50.0%}
590   -O                                                                        (1 = 16.7%) {50.0%}
777   -O                                                                        (1 = 16.7%) {66.7%}
1023  ... 
5338  -O                                                                        (1 = 16.7%) {83.3%}
7031  ... 

Histogram: V8.TurboFan1KTicks recorded 15 samples, mean = 22.1 (flags = 0x41)
0    O                                                                         (0 = 0.0%)
1    ---O                                                                      (3 = 20.0%) {0.0%}
2    -O                                                                        (1 = 6.7%) {20.0%}
3    O                                                                         (0 = 0.0%) {26.7%}
4    -O                                                                        (1 = 6.7%) {26.7%}
5    --O                                                                       (2 = 13.3%) {33.3%}
6    -O                                                                        (1 = 6.7%) {46.7%}
7    -O                                                                        (1 = 6.7%) {53.3%}
8    O                                                                         (0 = 0.0%) {60.0%}
9    -O                                                                        (1 = 6.7%) {60.0%}
10   ... 
14   -O                                                                        (1 = 6.7%) {66.7%}
15   -O                                                                        (1 = 6.7%) {73.3%}
16   ... 
31   -O                                                                        (1 = 6.7%) {80.0%}
33   ... 
45   -O                                                                        (1 = 6.7%) {86.7%}
47   ... 
180  -O                                                                        (1 = 6.7%) {93.3%}
189  ... 

Histogram: V8.TurboFanOptimizeConcurrentTotalTime recorded 14 samples, mean = 134113.1 (flags = 0x41)
0        ... 
282      ---O                                                                      (3 = 21.4%) {0.0%}
391      -O                                                                        (1 = 7.1%) {21.4%}
542      -O                                                                        (1 = 7.1%) {28.6%}
752      O                                                                         (0 = 0.0%) {35.7%}
1043     ---O                                                                      (3 = 21.4%) {35.7%}
1447     -O                                                                        (1 = 7.1%) {57.1%}
2008     ... 
7439     -O                                                                        (1 = 7.1%) {64.3%}
10321    O                                                                         (0 = 0.0%) {71.4%}
14319    -O                                                                        (1 = 7.1%) {71.4%}
19866    ... 
196583   --O                                                                       (2 = 14.3%) {78.6%}
272741   ... 
1010575  -O                                                                        (1 = 7.1%) {92.9%}
1402081  ... 

Histogram: V8.TurboFanOptimizeExecute recorded 14 samples, mean = 14060.5 (flags = 0x41)
0       ... 
258     ---O                                                                      (3 = 21.4%) {0.0%}
340     -O                                                                        (1 = 7.1%) {21.4%}
448     -O                                                                        (1 = 7.1%) {28.6%}
590     -O                                                                        (1 = 7.1%) {35.7%}
777     -O                                                                        (1 = 7.1%) {42.9%}
1023    ---O                                                                      (3 = 21.4%) {50.0%}
1347    O                                                                         (0 = 0.0%) {71.4%}
1774    -O                                                                        (1 = 7.1%) {71.4%}
2336    ... 
4053    -O                                                                        (1 = 7.1%) {78.6%}
5338    ... 
12196   -O                                                                        (1 = 7.1%) {85.7%}
16063   ... 
145450  -O                                                                        (1 = 7.1%) {92.9%}
191569  ... 

Histogram: V8.TurboFanOptimizeFinalize recorded 14 samples, mean = 27.9 (flags = 0x41)
0    O                                                                         (0 = 0.0%)
1    -O                                                                        (1 = 7.1%) {0.0%}
2    -O                                                                        (1 = 7.1%) {7.1%}
3    ... 
7    --O                                                                       (2 = 14.3%) {14.3%}
9    -O                                                                        (1 = 7.1%) {28.6%}
12   -O                                                                        (1 = 7.1%) {35.7%}
16   -O                                                                        (1 = 7.1%) {42.9%}
21   --O                                                                       (2 = 14.3%) {50.0%}
28   -O                                                                        (1 = 7.1%) {64.3%}
37   ---O                                                                      (3 = 21.4%) {71.4%}
49   ... 
113  -O                                                                        (1 = 7.1%) {92.9%}
149  ... 

Histogram: V8.TurboFanOptimizeForOnStackReplacementExecute recorded 1 samples, mean = 14502.0 (flags = 0x41)
0      ... 
12196  -O                                                                        (1 = 100.0%) {0.0%}
16063  ... 

Histogram: V8.TurboFanOptimizeForOnStackReplacementFinalize recorded 1 samples, mean = 82.0 (flags = 0x41)
0   ... 
65  -O                                                                        (1 = 100.0%) {0.0%}
86  ... 

Histogram: V8.TurboFanOptimizeForOnStackReplacementPrepare recorded 1 samples, mean = 9.0 (flags = 0x41)
0  ... 
9  -O                                                                        (1 = 100.0%) {0.0%}
12 ... 

Histogram: V8.TurboFanOptimizeForOnStackReplacementTotalTime recorded 1 samples, mean = 15438.0 (flags = 0x41)
0      ... 
14319  -O                                                                        (1 = 100.0%) {0.0%}
19866  ... 

Histogram: V8.TurboFanOptimizePrepare recorded 14 samples, mean = 9.5 (flags = 0x41)
0   ... 
3   -O                                                                        (1 = 7.1%) {0.0%}
4   ---O                                                                      (3 = 21.4%) {7.1%}
5   -O                                                                        (1 = 7.1%) {28.6%}
7   --O                                                                       (2 = 14.3%) {35.7%}
9   ---O                                                                      (3 = 21.4%) {50.0%}
12  --O                                                                       (2 = 14.3%) {71.4%}
16  --O                                                                       (2 = 14.3%) {85.7%}
21  ... 

Histogram: V8.TurboFanOptimizeTotalBackground recorded 14 samples, mean = 14060.5 (flags = 0x41)
0       ... 
282     ---O                                                                      (3 = 21.4%) {0.0%}
391     --O                                                                       (2 = 14.3%) {21.4%}
542     -O                                                                        (1 = 7.1%) {35.7%}
752     --O                                                                       (2 = 14.3%) {42.9%}
1043    --O                                                                       (2 = 14.3%) {57.1%}
1447    O                                                                         (0 = 0.0%) {71.4%}
2008    -O                                                                        (1 = 7.1%) {71.4%}
2786    O                                                                         (0 = 0.0%) {78.6%}
3865    -O                                                                        (1 = 7.1%) {78.6%}
5362    ... 
14319   -O                                                                        (1 = 7.1%) {85.7%}
19866   ... 
141691  -O                                                                        (1 = 7.1%) {92.9%}
196583  ... 

Histogram: V8.TurboFanOptimizeTotalForeground recorded 14 samples, mean = 37.4 (flags = 0x41)
0    ... 
6    -O                                                                        (1 = 7.1%) {0.0%}
8    O                                                                         (0 = 0.0%) {7.1%}
11   ---O                                                                      (3 = 21.4%) {7.1%}
15   --O                                                                       (2 = 14.3%) {28.6%}
21   O                                                                         (0 = 0.0%) {42.9%}
29   -O                                                                        (1 = 7.1%) {42.9%}
40   -----O                                                                    (5 = 35.7%) {50.0%}
55   -O                                                                        (1 = 7.1%) {85.7%}
76   O                                                                         (0 = 0.0%) {92.9%}
105  -O                                                                        (1 = 7.1%) {92.9%}
146  ... 

Histogram: V8.TurboFanOptimizeTotalTime recorded 14 samples, mean = 134113.1 (flags = 0x41)
0        ... 
282      ---O                                                                      (3 = 21.4%) {0.0%}
391      -O                                                                        (1 = 7.1%) {21.4%}
542      -O                                                                        (1 = 7.1%) {28.6%}
752      O                                                                         (0 = 0.0%) {35.7%}
1043     ---O                                                                      (3 = 21.4%) {35.7%}
1447     -O                                                                        (1 = 7.1%) {57.1%}
2008     ... 
7439     -O                                                                        (1 = 7.1%) {64.3%}
10321    O                                                                         (0 = 0.0%) {71.4%}
14319    -O                                                                        (1 = 7.1%) {71.4%}
19866    ... 
196583   --O                                                                       (2 = 14.3%) {78.6%}
272741   ... 
1010575  -O                                                                        (1 = 7.1%) {92.9%}
1402081  ... 

Histogram: V8.WasmCompilationMethod recorded 2 samples, mean = 0.0 (flags = 0x41)
0  --O                                                                       (2 = 100.0%)
1  ... 

Histogram: V8.WasmCompileModuleMicroSeconds.wasm recorded 1 samples, mean = 5714.0 (flags = 0x41)
0     ... 
5362  -O                                                                        (1 = 100.0%) {0.0%}
7439  ... 

Histogram: V8.WasmFunctionsPerModule.wasm recorded 2 samples, mean = 0.0 (flags = 0x41)
0  --O                                                                       (2 = 100.0%)
1  ... 

Histogram: V8.WasmMemoryProtectionKeysSupport recorded 1 samples, mean = 0.0 (flags = 0x41)
0  -O                                                                        (1 = 100.0%)
1  ... 

Histogram: V8.WasmModuleCodeSizeKiB recorded 3 samples, mean = 8.0 (flags = 0x41)
0  ... 
8  ---O                                                                      (3 = 100.0%) {0.0%}
9  ... 

Histogram: V8.WasmModuleCodeSizeMiB recorded 3 samples, mean = 0.0 (flags = 0x41)
0  ---O                                                                      (3 = 100.0%)
1  ... 

Histogram: V8.WasmModuleMetadataSizeKiB recorded 3 samples, mean = 2.0 (flags = 0x41)
0  ... 
2  ---O                                                                      (3 = 100.0%) {0.0%}
3  ... 

Histogram: V8.WasmModuleNumberOfCodeSpaces recorded 1 samples, mean = 1.0 (flags = 0x41)
0  O                                                                         (0 = 0.0%)
1  -O                                                                        (1 = 100.0%) {0.0%}
2  ... 

Histogram: V8.WasmModuleSizeBytes.wasm recorded 2 samples, mean = 8.0 (flags = 0x41)
0  ... 
8  --O                                                                       (2 = 100.0%) {0.0%}
12 ... 

Histogram: V8.WasmModulesPerEngine recorded 1 samples, mean = 1.0 (flags = 0x41)
0  O                                                                         (0 = 0.0%)
1  -O                                                                        (1 = 100.0%) {0.0%}
2  ... 

Histogram: V8.WasmModulesPerIsolate recorded 1 samples, mean = 1.0 (flags = 0x41)
0  O                                                                         (0 = 0.0%)
1  -O                                                                        (1 = 100.0%) {0.0%}
2  ... 

Histogram: Variations.ExtendedSafeMode.BeaconFileStateAtStartup recorded 1 samples, mean = 0.0 (flags = 0x41)
0  -O                                                                        (1 = 100.0%)
1  ... 

Histogram: Variations.ExtendedSafeMode.BeaconFileWrite recorded 2 samples, mean = 1.0 (flags = 0x41)
0  O                                                                         (0 = 0.0%)
1  --O                                                                       (2 = 100.0%) {0.0%}
2  O                                                                         (0 = 0.0%) {100.0%}

Histogram: Variations.ForcedFieldTrialsAtStartupForInternalsPage recorded 1 samples, mean = 0.0 (flags = 0x41)
0  -O                                                                        (1 = 100.0%)
1  ... 

Histogram: Variations.Headers.ExperimentCount recorded 92 samples, mean = 1.0 (flags = 0x41)
0  O                                                                         (0 = 0.0%)
1  ------------------------------------------------------------------------O (92 = 100.0%) {0.0%}
2  ... 

Histogram: Variations.Headers.HasLowEntropySourceValue recorded 92 samples, mean = 1.0 (flags = 0x41)
0  O                                                                         (0 = 0.0%)
1  ------------------------------------------------------------------------O (92 = 100.0%) {0.0%}
2  O                                                                         (0 = 0.0%) {100.0%}

Histogram: Variations.Headers.RequestContextCategory recorded 74 samples, mean = 2.5 (flags = 0x41)
0  ----------------------------O                                             (28 = 37.8%)
1  ... 
4  ----------------------------------------------O                           (46 = 62.2%) {37.8%}
5  ... 

Histogram: Variations.Headers.URLValidationResult.Append recorded 74 samples, mean = 2.4 (flags = 0x41)
0  ... 
2  -----------------------------------------------O                          (47 = 63.5%) {0.0%}
3  ---------------------------O                                              (27 = 36.5%) {63.5%}
4  ... 

Histogram: Variations.Headers.URLValidationResult.Remove recorded 3 samples, mean = 2.0 (flags = 0x41)
0  ... 
2  ---O                                                                      (3 = 100.0%) {0.0%}
3  ... 

Histogram: Variations.Limits.VariationKeySize.Default recorded 23 samples, mean = 0.0 (flags = 0x41)
0  -----------------------O                                                  (23 = 100.0%)
1  ... 

Histogram: Variations.LoadPermanentConsistencyCountryResult recorded 1 samples, mean = 0.0 (flags = 0x41)
0  -O                                                                        (1 = 100.0%)
1  ... 

Histogram: Variations.PolicyRestriction recorded 1 samples, mean = 0.0 (flags = 0x41)
0  -O                                                                        (1 = 100.0%)
1  ... 

Histogram: Variations.SafeMode.Streak.Crashes recorded 1 samples (flags = 0x41)
2  -O                                                                        (1 = 100.0%)

Histogram: Variations.SafeMode.Streak.FetchFailures recorded 1 samples (flags = 0x41)
0  -O                                                                        (1 = 100.0%)

Histogram: Variations.SeedLoadResult recorded 1 samples, mean = 1.0 (flags = 0x41)
0  O                                                                         (0 = 0.0%)
1  -O                                                                        (1 = 100.0%) {0.0%}
2  ... 

Histogram: Variations.SeedUsage recorded 1 samples, mean = 2.0 (flags = 0x41)
0  ... 
2  -O                                                                        (1 = 100.0%) {0.0%}
3  ... 

Histogram: Variations.UserChannel recorded 1 samples (flags = 0x41)
-1 -O                                                                        (1 = 100.0%)

Histogram: Views.Browser.NumColorProvidersInitializedDuringOnNativeThemeUpdated recorded 3 samples, mean = 0.0 (flags = 0x41)
0  ---O                                                                      (3 = 100.0%)
1  ... 

Histogram: Views.Browser.TimeSpentInitializingColorProvider recorded 3 samples, mean = 2.0 (flags = 0x41)
0  --O                                                                       (2 = 66.7%)
1  ... 
6  -O                                                                        (1 = 33.3%) {66.7%}
7  ... 

Histogram: Views.Browser.TimeSpentProcessingOnNativeThemeUpdatedEvent recorded 3 samples, mean = 0.0 (flags = 0x41)
0  ---O                                                                      (3 = 100.0%)
1  ... 

Histogram: Views.ColorProviderCacheSize recorded 3 samples, mean = 2.0 (flags = 0x41)
0  O                                                                         (0 = 0.0%)
1  -O                                                                        (1 = 33.3%) {0.0%}
2  -O                                                                        (1 = 33.3%) {33.3%}
3  -O                                                                        (1 = 33.3%) {66.7%}
4  ... 

Histogram: Viz.FrameSink.GpuBusyDuration recorded 2 samples, mean = 72486.5 (flags = 0x41)
0       ... 
21699   -O                                                                        (1 = 50.0%) {0.0%}
25136   ... 
109350  -O                                                                        (1 = 50.0%) {50.0%}
126669  ... 

Histogram: Viz.FrameSinkVideoCapturer.CaptureDuration recorded 3 samples, mean = 19.3 (flags = 0x41)
0   O                                                                         (0 = 0.0%)
1   -O                                                                        (1 = 33.3%) {0.0%}
2   O                                                                         (0 = 0.0%) {33.3%}
3   -O                                                                        (1 = 33.3%) {33.3%}
4   ... 
53  -O                                                                        (1 = 33.3%) {66.7%}
60  ... 

Histogram: Viz.FrameSinkVideoCapturer.CaptureSucceeded recorded 3 samples, mean = 1.0 (flags = 0x41)
0  O                                                                         (0 = 0.0%)
1  ---O                                                                      (3 = 100.0%) {0.0%}
2  O                                                                         (0 = 0.0%) {100.0%}

Histogram: Viz.FrameSinkVideoCapturer.FrameResurrected recorded 3 samples, mean = 0.0 (flags = 0x41)
0  ---O                                                                      (3 = 100.0%)
1  ... 

Histogram: Viz.FrameSinkVideoCapturer.RGBA.CaptureDuration recorded 3 samples, mean = 19.3 (flags = 0x41)
0   O                                                                         (0 = 0.0%)
1   -O                                                                        (1 = 33.3%) {0.0%}
2   O                                                                         (0 = 0.0%) {33.3%}
3   -O                                                                        (1 = 33.3%) {33.3%}
4   ... 
53  -O                                                                        (1 = 33.3%) {66.7%}
60  ... 

Histogram: Viz.FrameSinkVideoCapturer.RGBA.CaptureSucceeded recorded 3 samples, mean = 1.0 (flags = 0x41)
0  O                                                                         (0 = 0.0%)
1  ---O                                                                      (3 = 100.0%) {0.0%}
2  O                                                                         (0 = 0.0%) {100.0%}

Histogram: Viz.FrameSinkVideoCapturer.ReserveFrameDuration recorded 3 samples, mean = 9.7 (flags = 0x41)
0   --O                                                                       (2 = 66.7%)
1   ... 
28  -O                                                                        (1 = 33.3%) {66.7%}
30  ... 

Histogram: Viz.FrameSinkVideoCapturer.TotalDuration recorded 3 samples, mean = 19.3 (flags = 0x41)
0   O                                                                         (0 = 0.0%)
1   -O                                                                        (1 = 33.3%) {0.0%}
2   O                                                                         (0 = 0.0%) {33.3%}
3   -O                                                                        (1 = 33.3%) {33.3%}
4   ... 
53  -O                                                                        (1 = 33.3%) {66.7%}
60  ... 

Histogram: WebApp.DiyAppsInstalledCount.ByUser recorded 1 samples, mean = 0.0 (flags = 0x41)
0  -O                                                                        (1 = 100.0%)
1  ... 

Histogram: WebApp.GeneratedIconFix.StartUpAttemptCount recorded 1 samples, mean = 0.0 (flags = 0x41)
0  -O                                                                        (1 = 100.0%)
1  ... 

Histogram: WebApp.Icon.AppsWithEmptyDownloadedIconSizes recorded 1 samples, mean = 0.0 (flags = 0x41)
0  -O                                                                        (1 = 100.0%)
1  ... 

Histogram: WebApp.Icon.AppsWithEmptyIconBitmap recorded 1 samples, mean = 0.0 (flags = 0x41)
0  -O                                                                        (1 = 100.0%)
1  ... 

Histogram: WebApp.Icon.AppsWithEmptyIconFile recorded 1 samples, mean = 0.0 (flags = 0x41)
0  -O                                                                        (1 = 100.0%)
1  ... 

Histogram: WebApp.Icon.AppsWithGeneratedIconBitmap recorded 1 samples, mean = 0.0 (flags = 0x41)
0  -O                                                                        (1 = 100.0%)
1  ... 

Histogram: WebApp.Icon.AppsWithGeneratedIconFlag recorded 1 samples, mean = 0.0 (flags = 0x41)
0  -O                                                                        (1 = 100.0%)
1  ... 

Histogram: WebApp.Icon.AppsWithGeneratedIconFlagFalseNegative recorded 1 samples, mean = 0.0 (flags = 0x41)
0  -O                                                                        (1 = 100.0%)
1  ... 

Histogram: WebApp.Icon.AppsWithMissingIconFile recorded 1 samples, mean = 0.0 (flags = 0x41)
0  -O                                                                        (1 = 100.0%)
1  ... 

Histogram: WebApp.InstalledCount.ByUser recorded 1 samples, mean = 0.0 (flags = 0x41)
0  -O                                                                        (1 = 100.0%)
1  ... 

Histogram: WebApp.InstalledCount.ByUserNotLocallyInstalled recorded 1 samples, mean = 0.0 (flags = 0x41)
0  -O                                                                        (1 = 100.0%)
1  ... 

Histogram: WebApp.Preinstalled.AppToReplaceStillDefaultInstalledCount recorded 1 samples, mean = 0.0 (flags = 0x41)
0  -O                                                                        (1 = 100.0%)
1  ... 

Histogram: WebApp.Preinstalled.AppToReplaceStillInstalledCount recorded 1 samples, mean = 0.0 (flags = 0x41)
0  -O                                                                        (1 = 100.0%)
1  ... 

Histogram: WebApp.Preinstalled.AppToReplaceStillInstalledInShelfCount recorded 1 samples, mean = 0.0 (flags = 0x41)
0  -O                                                                        (1 = 100.0%)
1  ... 

Histogram: WebApp.Preinstalled.ConfigErrorCount recorded 1 samples, mean = 0.0 (flags = 0x41)
0  -O                                                                        (1 = 100.0%)
1  ... 

Histogram: WebApp.Preinstalled.CorruptUserUninstallPrefsCount recorded 1 samples, mean = 0.0 (flags = 0x41)
0  -O                                                                        (1 = 100.0%)
1  ... 

Histogram: WebApp.Preinstalled.DisabledCount recorded 1 samples, mean = 0.0 (flags = 0x41)
0  -O                                                                        (1 = 100.0%)
1  ... 

Histogram: WebApp.Preinstalled.EnabledCount recorded 1 samples, mean = 0.0 (flags = 0x41)
0  -O                                                                        (1 = 100.0%)
1  ... 

Histogram: WebApp.Preinstalled.InstallCount recorded 1 samples, mean = 0.0 (flags = 0x41)
0  -O                                                                        (1 = 100.0%)
1  ... 

Histogram: WebApp.Preinstalled.UninstallAndReplaceCount recorded 1 samples, mean = 0.0 (flags = 0x41)
0  -O                                                                        (1 = 100.0%)
1  ... 

Histogram: WebApp.Preinstalled.UninstallAppRemovedCount recorded 1 samples, mean = 0.0 (flags = 0x41)
0  -O                                                                        (1 = 100.0%)
1  ... 

Histogram: WebApp.Preinstalled.UninstallSourceRemovedCount recorded 1 samples, mean = 0.0 (flags = 0x41)
0  -O                                                                        (1 = 100.0%)
1  ... 

Histogram: WebApp.Preinstalled.UninstallTotalCount recorded 1 samples, mean = 0.0 (flags = 0x41)
0  -O                                                                        (1 = 100.0%)
1  ... 

Histogram: WebApp.Uninstall.NonSyncIncompleteCount recorded 1 samples, mean = 0.0 (flags = 0x41)
0  -O                                                                        (1 = 100.0%)
1  ... 

Histogram: WebAuthentication.Windows.KeyCredentialManagerSupported recorded 1 samples, mean = 0.0 (flags = 0x41)
0  -O                                                                        (1 = 100.0%)
1  ... 

Histogram: WebContentsObserver.DOMContentLoaded recorded 3 samples, mean = 0.0 (flags = 0x41)
0  ---O                                                                      (3 = 100.0%)
1  ... 

Histogram: WebContentsObserver.DidChangeVisibleSecurityState recorded 2 samples, mean = 0.0 (flags = 0x41)
0  --O                                                                       (2 = 100.0%)
1  ... 

Histogram: WebContentsObserver.DidFinishLoad recorded 3 samples, mean = 0.0 (flags = 0x41)
0  ---O                                                                      (3 = 100.0%)
1  ... 

Histogram: WebContentsObserver.DidFinishNavigation recorded 5 samples, mean = 4.0 (flags = 0x41)
0   ---O                                                                      (3 = 60.0%)
1   ... 
5   -O                                                                        (1 = 20.0%) {60.0%}
6   ... 
14  -O                                                                        (1 = 20.0%) {80.0%}
17  ... 

Histogram: WebContentsObserver.DidFirstVisuallyNonEmptyPaint recorded 1 samples, mean = 0.0 (flags = 0x41)
0  -O                                                                        (1 = 100.0%)
1  ... 

Histogram: WebContentsObserver.DidRedirectNavigation recorded 1 samples, mean = 0.0 (flags = 0x41)
0  -O                                                                        (1 = 100.0%)
1  ... 

Histogram: WebContentsObserver.DidStartLoading recorded 3 samples, mean = 0.3 (flags = 0x41)
0  --O                                                                       (2 = 66.7%)
1  -O                                                                        (1 = 33.3%) {66.7%}
2  ... 

Histogram: WebContentsObserver.DidStartNavigation recorded 5 samples, mean = 1.4 (flags = 0x41)
0  ----O                                                                     (4 = 80.0%)
1  ... 
7  -O                                                                        (1 = 20.0%) {80.0%}
8  ... 

Histogram: WebContentsObserver.DidStartNavigation.MainFrame recorded 3 samples, mean = 2.3 (flags = 0x41)
0  --O                                                                       (2 = 66.7%)
1  ... 
7  -O                                                                        (1 = 33.3%) {66.7%}
8  ... 

Histogram: WebContentsObserver.DidStartNavigation.Subframe recorded 2 samples, mean = 0.0 (flags = 0x41)
0  --O                                                                       (2 = 100.0%)
1  ... 

Histogram: WebContentsObserver.DidStopLoading recorded 3 samples, mean = 0.0 (flags = 0x41)
0  ---O                                                                      (3 = 100.0%)
1  ... 

Histogram: WebContentsObserver.DidUpdateNavigationHandleTiming recorded 5 samples, mean = 0.0 (flags = 0x41)
0  -----O                                                                    (5 = 100.0%)
1  ... 

Histogram: WebContentsObserver.LoadProgressChanged recorded 11 samples, mean = 0.0 (flags = 0x41)
0  -----------O                                                              (11 = 100.0%)
1  ... 

Histogram: WebContentsObserver.NavigationEntryChanged recorded 3 samples, mean = 0.0 (flags = 0x41)
0  ---O                                                                      (3 = 100.0%)
1  ... 

Histogram: WebContentsObserver.NavigationEntryCommitted recorded 2 samples, mean = 0.0 (flags = 0x41)
0  --O                                                                       (2 = 100.0%)
1  ... 

Histogram: WebContentsObserver.PrimaryMainDocumentElementAvailable recorded 1 samples, mean = 0.0 (flags = 0x41)
0  -O                                                                        (1 = 100.0%)
1  ... 

Histogram: WebContentsObserver.RenderFrameCreated recorded 4 samples, mean = 1.5 (flags = 0x41)
0  ---O                                                                      (3 = 75.0%)
1  ... 
6  -O                                                                        (1 = 25.0%) {75.0%}
7  ... 

Histogram: WebContentsObserver.RenderFrameDeleted recorded 4 samples, mean = 0.0 (flags = 0x41)
0  ----O                                                                     (4 = 100.0%)
1  ... 

Histogram: WebContentsObserver.RenderViewReady recorded 2 samples, mean = 0.0 (flags = 0x41)
0  --O                                                                       (2 = 100.0%)
1  ... 

Histogram: WebContentsObserver.TitleWasSet recorded 1 samples, mean = 0.0 (flags = 0x41)
0  -O                                                                        (1 = 100.0%)
1  ... 

Histogram: WebCore.Scripts.Async.NotStreamingReason recorded 20 samples, mean = 9.0 (flags = 0x41)
0  ... 
9  --------------------O                                                     (20 = 100.0%) {0.0%}
10 ... 

Histogram: WebCore.Scripts.Async.StartedStreaming recorded 26 samples, mean = 0.2 (flags = 0x41)
0  --------------------O                                                     (20 = 76.9%)
1  ------O                                                                   (6 = 23.1%) {76.9%}
2  O                                                                         (0 = 0.0%) {100.0%}

Histogram: WebCore.Scripts.Other.NotStreamingReason recorded 17 samples, mean = 11.0 (flags = 0x41)
0   ... 
11  -----------------O                                                        (17 = 100.0%) {0.0%}
12  ... 

Histogram: WebCore.Scripts.Other.StartedStreaming recorded 17 samples, mean = 0.0 (flags = 0x41)
0  -----------------O                                                        (17 = 100.0%)
1  ... 

Histogram: WebCore.Scripts.V8CodeCacheMetadata.Get recorded 49 samples, mean = 4.1 (flags = 0x41)
0  ---------O                                                                (9 = 18.4%)
1  ... 
5  ----------------------------------------O                                 (40 = 81.6%) {18.4%}
6  O                                                                         (0 = 0.0%) {100.0%}

Histogram: WebCore.Scripts.V8CodeCacheMetadata.Set recorded 3 samples, mean = 0.0 (flags = 0x41)
0  ---O                                                                      (3 = 100.0%)
1  ... 

Histogram: WebCore.Scripts.V8CompileHintsStatus recorded 46 samples, mean = 8.7 (flags = 0x41)
0   ... 
6   --------------------O                                                     (20 = 43.5%) {0.0%}
7   ... 
10  ------O                                                                   (6 = 13.0%) {43.5%}
11  --------------------O                                                     (20 = 43.5%) {56.5%}
12  ... 

Histogram: WebCore.Scripts.V8CrowdsourcedCompileHints.ModelQuality recorded 1 samples, mean = 0.0 (flags = 0x41)
0  -O                                                                        (1 = 100.0%)
1  ... 

Histogram: WebDatabase.InitResult recorded 2 samples, mean = 0.0 (flags = 0x41)
0  --O                                                                       (2 = 100.0%)
1  ... 

Histogram: WebFont.CacheHit recorded 5 samples, mean = 1.4 (flags = 0x41)
0  O                                                                         (0 = 0.0%)
1  ----O                                                                     (4 = 80.0%) {0.0%}
2  O                                                                         (0 = 0.0%) {80.0%}
3  -O                                                                        (1 = 20.0%) {80.0%}
4  O                                                                         (0 = 0.0%) {100.0%}

Histogram: WebFont.Clients.RenderBlockingFonts.ExpiredFonts recorded 1 samples, mean = 1.0 (flags = 0x41)
0  O                                                                         (0 = 0.0%)
1  -O                                                                        (1 = 100.0%) {0.0%}
2  O                                                                         (0 = 0.0%) {100.0%}

Histogram: WebFont.HadBlankText recorded 1 samples, mean = 0.0 (flags = 0x41)
0  -O                                                                        (1 = 100.0%)
1  ... 

Histogram: WebFont.LocalFontUsed recorded 1 samples, mean = 1.0 (flags = 0x41)
0  O                                                                         (0 = 0.0%)
1  -O                                                                        (1 = 100.0%) {0.0%}
2  O                                                                         (0 = 0.0%) {100.0%}

Histogram: Windows.AcLayersLoaded recorded 1 samples, mean = 0.0 (flags = 0x41)
0  -O                                                                        (1 = 100.0%)
1  ... 

Histogram: Windows.CetAvailable recorded 1 samples, mean = 1.0 (flags = 0x41)
0  O                                                                         (0 = 0.0%)
1  -O                                                                        (1 = 100.0%) {0.0%}
2  O                                                                         (0 = 0.0%) {100.0%}

Histogram: Windows.CetEnabled recorded 1 samples, mean = 0.0 (flags = 0x41)
0  -O                                                                        (1 = 100.0%)
1  ... 

Histogram: Windows.DisplayIdFromDeviceId recorded 4 samples, mean = 3.0 (flags = 0x41)
0  ... 
3  ----O                                                                     (4 = 100.0%) {0.0%}
4  O                                                                         (0 = 0.0%) {100.0%}

Histogram: Windows.DisplayIdFromDeviceKey recorded 4 samples, mean = 3.0 (flags = 0x41)
0  ... 
3  ----O                                                                     (4 = 100.0%) {0.0%}
4  O                                                                         (0 = 0.0%) {100.0%}

Histogram: Windows.Enclave.SGX.Available recorded 1 samples, mean = 0.0 (flags = 0x41)
0  -O                                                                        (1 = 100.0%)
1  ... 

Histogram: Windows.Enclave.SGX2.Available recorded 1 samples, mean = 0.0 (flags = 0x41)
0  -O                                                                        (1 = 100.0%)
1  ... 

Histogram: Windows.Enclave.VBS.Available recorded 1 samples, mean = 1.0 (flags = 0x41)
0  O                                                                         (0 = 0.0%)
1  -O                                                                        (1 = 100.0%) {0.0%}
2  O                                                                         (0 = 0.0%) {100.0%}

Histogram: Windows.Enclave.VBSBasic.Available recorded 1 samples, mean = 0.0 (flags = 0x41)
0  -O                                                                        (1 = 100.0%)
1  ... 

Histogram: Windows.HasHighResolutionTimeTicks recorded 1 samples, mean = 1.0 (flags = 0x41)
0  O                                                                         (0 = 0.0%)
1  -O                                                                        (1 = 100.0%) {0.0%}
2  O                                                                         (0 = 0.0%) {100.0%}

Histogram: Windows.HasThreadTicks recorded 1 samples, mean = 1.0 (flags = 0x41)
0  O                                                                         (0 = 0.0%)
1  -O                                                                        (1 = 100.0%) {0.0%}
2  O                                                                         (0 = 0.0%) {100.0%}

Histogram: Windows.HighResolutionTimerUsage recorded 42 samples, mean = 0.0 (flags = 0x41)
0  -----------------------------------------O                                (41 = 97.6%)
1  -O                                                                        (1 = 2.4%) {97.6%}
2  ... 

Histogram: Windows.HypervPresent recorded 1 samples, mean = 1.0 (flags = 0x41)
0  O                                                                         (0 = 0.0%)
1  -O                                                                        (1 = 100.0%) {0.0%}
2  O                                                                         (0 = 0.0%) {100.0%}

Histogram: Windows.IsPinnedToTaskbar recorded 1 samples, mean = 0.0 (flags = 0x41)
0  -O                                                                        (1 = 100.0%)
1  ... 

Histogram: Windows.LegacyDisplayIdAlgorithm recorded 12 samples, mean = 0.0 (flags = 0x41)
0  ------------O                                                             (12 = 100.0%)
1  ... 

Histogram: Windows.ParallelDllLoadingEnabled recorded 1 samples, mean = 1.0 (flags = 0x41)
0  O                                                                         (0 = 0.0%)
1  -O                                                                        (1 = 100.0%) {0.0%}
2  O                                                                         (0 = 0.0%) {100.0%}

Histogram: Windows.PatchLevel recorded 1 samples (flags = 0x41)
1717051657  -O                                                                        (1 = 100.0%)

Histogram: Windows.PatchLevelKernel32 recorded 1 samples (flags = 0x41)
1710497928  -O                                                                        (1 = 100.0%)

Histogram: Windows.ProcessorFamily recorded 1 samples (flags = 0x41)
198  -O                                                                        (1 = 100.0%)

Histogram: Windows.ProcessorVirtualizationFirmwareEnabled recorded 1 samples, mean = 0.0 (flags = 0x41)
0  -O                                                                        (1 = 100.0%)
1  ... 


