[7080:19176:0721/164433.404:WARNING:chrome_main_delegate.cc(745)] This is Chrome version 128.0.6613.138 (not a warning)
[7080:13024:0721/164433.444:ERROR:google_update_settings.cc(265)] Failed opening key Software\Chromium to set usagestats; result: 5
[7080:19176:0721/164433.467:WARNING:account_consistency_mode_manager.cc(77)] Desktop Identity Consistency cannot be enabled as no OAuth client ID and client secret have been configured.
[2708:4060:0721/164436.475:WARNING:frame_impl.cc(430)] virtual CefFrameImpl::SendProcessMessage sent to detached frame 5-6DE03C22CE56BCD9408C12766CF03C05 will be ignored
[7080:19176:0721/164441.271:ERROR:device_event_log_impl.cc(196)] [16:44:41.259] USB: usb_service_win.cc:105 SetupDiGetDeviceProperty({{A45C254E-DF1C-4EFD-8020-67D146A850E0}, 6}) failed: Element not found. (0x490)
[1596:9656:0721/191319.905:VERBOSE1:network_delegate.cc(36)] NetworkDelegate::NotifyBeforeURLRequest: https://optimizationguide-pa.googleapis.com/v1:GetModels?key=dummytoken
[1596:9656:0721/191319.931:VERBOSE1:tls_handshaker.cc(105)] TlsClient: Continuing handshake
[1596:9656:0721/191319.931:VERBOSE1:tls_handshaker.cc(126)] TlsClient: SSL_do_handshake returned when entering early data. After retry, rv=-1, SSL_in_early_data=1
[1596:9656:0721/191319.971:VERBOSE1:tls_handshaker.cc(105)] TlsClient: Continuing handshake
[1596:9656:0721/191319.971:VERBOSE1:tls_handshaker.cc(105)] TlsClient: Continuing handshake
[1596:9656:0721/191319.971:VERBOSE1:tls_client_handshaker.cc(528)] Client: handshake finished
[1596:9656:0721/191601.925:VERBOSE1:network_delegate.cc(36)] NetworkDelegate::NotifyBeforeURLRequest: https://optimizationguide-pa.googleapis.com/v1:GetModels?key=dummytoken
[1596:9656:0721/191601.950:VERBOSE1:tls_handshaker.cc(105)] TlsClient: Continuing handshake
[1596:9656:0721/191601.950:VERBOSE1:tls_handshaker.cc(126)] TlsClient: SSL_do_handshake returned when entering early data. After retry, rv=-1, SSL_in_early_data=1
[1596:9656:0721/191601.989:VERBOSE1:tls_handshaker.cc(105)] TlsClient: Continuing handshake
[1596:9656:0721/191601.989:VERBOSE1:tls_handshaker.cc(105)] TlsClient: Continuing handshake
[1596:9656:0721/191601.989:VERBOSE1:tls_client_handshaker.cc(528)] Client: handshake finished
[1596:9656:0721/191836.611:VERBOSE1:network_delegate.cc(36)] NetworkDelegate::NotifyBeforeURLRequest: https://optimizationguide-pa.googleapis.com/v1:GetModels?key=dummytoken
[1596:9656:0721/191836.638:VERBOSE1:tls_handshaker.cc(105)] TlsClient: Continuing handshake
[1596:9656:0721/191836.638:VERBOSE1:tls_handshaker.cc(126)] TlsClient: SSL_do_handshake returned when entering early data. After retry, rv=-1, SSL_in_early_data=1
[1596:9656:0721/191836.681:VERBOSE1:tls_handshaker.cc(105)] TlsClient: Continuing handshake
[1596:9656:0721/191836.681:VERBOSE1:tls_handshaker.cc(105)] TlsClient: Continuing handshake
[1596:9656:0721/191836.681:VERBOSE1:tls_client_handshaker.cc(528)] Client: handshake finished
[1596:9656:0721/192126.322:VERBOSE1:network_delegate.cc(36)] NetworkDelegate::NotifyBeforeURLRequest: https://optimizationguide-pa.googleapis.com/v1:GetModels?key=dummytoken
[1596:9656:0721/192126.351:VERBOSE1:tls_handshaker.cc(105)] TlsClient: Continuing handshake
[1596:9656:0721/192126.397:VERBOSE1:tls_handshaker.cc(105)] TlsClient: Continuing handshake
[1596:9656:0721/192126.988:VERBOSE1:tls_handshaker.cc(105)] TlsClient: Continuing handshake
[1596:9656:0721/192126.989:VERBOSE1:tls_handshaker.cc(126)] TlsClient: SSL_do_handshake returned when entering early data. After retry, rv=-1, SSL_in_early_data=1
[1596:9656:0721/192126.989:VERBOSE1:tls_handshaker.cc(105)] TlsClient: Continuing handshake
[1596:9656:0721/192126.989:VERBOSE1:tls_client_handshaker.cc(528)] Client: handshake finished
[1596:9656:0721/192403.356:VERBOSE1:network_delegate.cc(36)] NetworkDelegate::NotifyBeforeURLRequest: https://optimizationguide-pa.googleapis.com/v1:GetModels?key=dummytoken
[1596:9656:0721/192403.356:VERBOSE1:tls_handshaker.cc(105)] TlsClient: Continuing handshake
[1596:9656:0721/192403.357:VERBOSE1:tls_handshaker.cc(126)] TlsClient: SSL_do_handshake returned when entering early data. After retry, rv=-1, SSL_in_early_data=1
[1596:9656:0721/192403.401:VERBOSE1:tls_handshaker.cc(105)] TlsClient: Continuing handshake
[1596:9656:0721/192403.402:VERBOSE1:tls_handshaker.cc(105)] TlsClient: Continuing handshake
[1596:9656:0721/192403.402:VERBOSE1:tls_client_handshaker.cc(528)] Client: handshake finished
[1596:9656:0721/192659.384:VERBOSE1:network_delegate.cc(36)] NetworkDelegate::NotifyBeforeURLRequest: https://optimizationguide-pa.googleapis.com/v1:GetModels?key=dummytoken
[1596:9656:0721/192659.405:VERBOSE1:tls_handshaker.cc(105)] TlsClient: Continuing handshake
[1596:9656:0721/192659.405:VERBOSE1:tls_handshaker.cc(126)] TlsClient: SSL_do_handshake returned when entering early data. After retry, rv=-1, SSL_in_early_data=1
[1596:9656:0721/192659.446:VERBOSE1:tls_handshaker.cc(105)] TlsClient: Continuing handshake
[1596:9656:0721/192659.446:VERBOSE1:tls_handshaker.cc(105)] TlsClient: Continuing handshake
[1596:9656:0721/192659.446:VERBOSE1:tls_client_handshaker.cc(528)] Client: handshake finished
[1596:9656:0721/192952.071:VERBOSE1:network_delegate.cc(36)] NetworkDelegate::NotifyBeforeURLRequest: https://optimizationguide-pa.googleapis.com/v1:GetModels?key=dummytoken
[1596:9656:0721/192952.096:VERBOSE1:tls_handshaker.cc(105)] TlsClient: Continuing handshake
[1596:9656:0721/192952.096:VERBOSE1:tls_handshaker.cc(126)] TlsClient: SSL_do_handshake returned when entering early data. After retry, rv=-1, SSL_in_early_data=1
[1596:9656:0721/192952.140:VERBOSE1:tls_handshaker.cc(105)] TlsClient: Continuing handshake
[1596:9656:0721/192952.140:VERBOSE1:tls_handshaker.cc(105)] TlsClient: Continuing handshake
[1596:9656:0721/192952.140:VERBOSE1:tls_client_handshaker.cc(528)] Client: handshake finished
[1596:9656:0721/193229.425:VERBOSE1:network_delegate.cc(36)] NetworkDelegate::NotifyBeforeURLRequest: https://optimizationguide-pa.googleapis.com/v1:GetModels?key=dummytoken
[1596:9656:0721/193229.426:VERBOSE1:tls_handshaker.cc(105)] TlsClient: Continuing handshake
[1596:9656:0721/193229.426:VERBOSE1:tls_handshaker.cc(126)] TlsClient: SSL_do_handshake returned when entering early data. After retry, rv=-1, SSL_in_early_data=1
[1596:9656:0721/193229.465:VERBOSE1:tls_handshaker.cc(105)] TlsClient: Continuing handshake
[1596:9656:0721/193229.465:VERBOSE1:tls_handshaker.cc(105)] TlsClient: Continuing handshake
[1596:9656:0721/193229.465:VERBOSE1:tls_client_handshaker.cc(528)] Client: handshake finished
[1596:9656:0721/193347.811:VERBOSE1:logging_network_change_observer.cc(90)] Observed a change to the network IP addresses
[1596:18688:0721/193347.817:WARNING:dns_config_service_win.cc(605)] Failed to read DnsConfig.
[7080:8660:0721/193347.847:WARNING:dns_config_service_win.cc(605)] Failed to read DnsConfig.
[1596:9656:0721/193348.819:VERBOSE1:logging_network_change_observer.cc(100)] Observed a change to network connectivity state CONNECTION_NONE
[1596:9656:0721/193349.826:VERBOSE1:configured_proxy_resolution_service.cc(1162)] Failed configuring with PAC script, falling-back to manual proxy servers.
[1596:9656:0721/193349.826:VERBOSE1:configured_proxy_resolution_service.cc(1162)] Failed configuring with PAC script, falling-back to manual proxy servers.
[1596:9656:0721/193349.826:VERBOSE1:configured_proxy_resolution_service.cc(1162)] Failed configuring with PAC script, falling-back to manual proxy servers.
[1596:9656:0721/193350.331:VERBOSE1:logging_network_change_observer.cc(113)] Observed a network change to state CONNECTION_NONE
[1596:9656:0721/193351.324:VERBOSE1:logging_network_change_observer.cc(90)] Observed a change to the network IP addresses
[7080:2736:0721/193351.334:WARNING:dns_config_service_win.cc(605)] Failed to read DnsConfig.
[7080:8660:0721/193351.366:WARNING:dns_config_service_win.cc(605)] Failed to read DnsConfig.
[1596:2216:0721/193351.366:WARNING:dns_config_service_win.cc(605)] Failed to read DnsConfig.
[1596:9656:0721/193353.337:VERBOSE1:configured_proxy_resolution_service.cc(1162)] Failed configuring with PAC script, falling-back to manual proxy servers.
[1596:9656:0721/193353.337:VERBOSE1:configured_proxy_resolution_service.cc(1162)] Failed configuring with PAC script, falling-back to manual proxy servers.
[1596:9656:0721/193353.337:VERBOSE1:configured_proxy_resolution_service.cc(1162)] Failed configuring with PAC script, falling-back to manual proxy servers.
[7080:4084:0721/193353.769:VERBOSE1:mdns_client_impl.cc(201)] Sockets ready:0
[1596:9656:0721/193355.352:VERBOSE1:logging_network_change_observer.cc(100)] Observed a change to network connectivity state CONNECTION_ETHERNET
[1596:9656:0721/193356.772:VERBOSE1:network_delegate.cc(36)] NetworkDelegate::NotifyBeforeURLRequest: https://editor.unrealengine.com/api/cosmos/auth
[1596:9656:0721/193356.865:VERBOSE1:logging_network_change_observer.cc(113)] Observed a network change to state CONNECTION_NONE
[1596:9656:0721/193356.865:VERBOSE1:logging_network_change_observer.cc(113)] Observed a network change to state CONNECTION_ETHERNET
[1596:9656:0721/193357.380:VERBOSE1:logging_network_change_observer.cc(90)] Observed a change to the network IP addresses
[7080:19176:0721/193357.437:INFO:CONSOLE(1)] "auth() failed to load Failed to fetch", source: https://assets.unrealengine.com/editor-website-810c1bd/_next/static/chunks/8203-6055bbae29b1c0b4.js (1)
[1596:9656:0721/193358.388:VERBOSE1:logging_network_change_observer.cc(100)] Observed a change to network connectivity state CONNECTION_ETHERNET
[1596:9656:0721/193358.905:VERBOSE1:logging_network_change_observer.cc(113)] Observed a network change to state CONNECTION_NONE
[1596:9656:0721/193358.905:VERBOSE1:logging_network_change_observer.cc(113)] Observed a network change to state CONNECTION_ETHERNET
[1596:9656:0721/193401.408:VERBOSE1:configured_proxy_resolution_service.cc(1162)] Failed configuring with PAC script, falling-back to manual proxy servers.
[1596:9656:0721/193401.408:VERBOSE1:configured_proxy_resolution_service.cc(1162)] Failed configuring with PAC script, falling-back to manual proxy servers.
[1596:9656:0721/193401.408:VERBOSE1:configured_proxy_resolution_service.cc(1162)] Failed configuring with PAC script, falling-back to manual proxy servers.
[7080:4084:0721/193402.437:VERBOSE1:mdns_client_impl.cc(201)] Sockets ready:2
[7080:19176:0721/193402.770:VERBOSE1:service_discovery_device_lister.cc(54)] OnServiceUpdated: service_type: _googlecast._tcp.local, service_name: , update: 3
[7080:19176:0721/193402.770:VERBOSE1:service_discovery_device_lister.cc(42)] DiscoverNewDevices: service_type: _googlecast._tcp.local
[7080:19176:0721/193402.770:VERBOSE1:service_discovery_device_lister.cc(42)] DiscoverNewDevices: service_type: _googlecast._tcp.local
[1596:9656:0721/193408.108:VERBOSE1:network_delegate.cc(36)] NetworkDelegate::NotifyBeforeURLRequest: https://editor.unrealengine.com/api/cosmos/auth
[1596:9656:0721/193418.906:VERBOSE1:logging_network_change_observer.cc(90)] Observed a change to the network IP addresses
[1596:19124:0721/193418.926:WARNING:dns_config_service_win.cc(605)] Failed to read DnsConfig.
[7080:8660:0721/193418.929:WARNING:dns_config_service_win.cc(605)] Failed to read DnsConfig.
[7080:19176:0721/193419.109:INFO:CONSOLE(1)] "auth() failed to load Failed to fetch", source: https://assets.unrealengine.com/editor-website-810c1bd/_next/static/chunks/8203-6055bbae29b1c0b4.js (1)
[1596:9656:0721/193419.918:VERBOSE1:logging_network_change_observer.cc(100)] Observed a change to network connectivity state CONNECTION_ETHERNET
[1596:9656:0721/193420.434:VERBOSE1:logging_network_change_observer.cc(113)] Observed a network change to state CONNECTION_NONE
[1596:9656:0721/193420.435:VERBOSE1:logging_network_change_observer.cc(113)] Observed a network change to state CONNECTION_ETHERNET
[1596:9656:0721/193420.921:VERBOSE1:configured_proxy_resolution_service.cc(1162)] Failed configuring with PAC script, falling-back to manual proxy servers.
[1596:9656:0721/193420.922:VERBOSE1:configured_proxy_resolution_service.cc(1162)] Failed configuring with PAC script, falling-back to manual proxy servers.
[1596:9656:0721/193420.922:VERBOSE1:configured_proxy_resolution_service.cc(1162)] Failed configuring with PAC script, falling-back to manual proxy servers.
[7080:4084:0721/193423.777:VERBOSE1:mdns_client_impl.cc(201)] Sockets ready:1
[7080:2736:0721/193423.932:WARNING:dns_config_service_win.cc(605)] Failed to read DnsConfig.
[1596:2216:0721/193423.942:WARNING:dns_config_service_win.cc(605)] Failed to read DnsConfig.
[7080:19176:0721/193424.110:VERBOSE1:service_discovery_device_lister.cc(54)] OnServiceUpdated: service_type: _googlecast._tcp.local, service_name: , update: 3
[7080:19176:0721/193424.110:VERBOSE1:service_discovery_device_lister.cc(42)] DiscoverNewDevices: service_type: _googlecast._tcp.local
[7080:19176:0721/193424.110:VERBOSE1:service_discovery_device_lister.cc(42)] DiscoverNewDevices: service_type: _googlecast._tcp.local
[1596:9656:0721/193425.378:VERBOSE1:logging_network_change_observer.cc(90)] Observed a change to the network IP addresses
[1596:9656:0721/193426.389:VERBOSE1:logging_network_change_observer.cc(100)] Observed a change to network connectivity state CONNECTION_ETHERNET
[1596:9656:0721/193426.890:VERBOSE1:logging_network_change_observer.cc(113)] Observed a network change to state CONNECTION_NONE
[1596:9656:0721/193426.890:VERBOSE1:logging_network_change_observer.cc(113)] Observed a network change to state CONNECTION_ETHERNET
[1596:9656:0721/193428.883:VERBOSE1:logging_network_change_observer.cc(90)] Observed a change to the network IP addresses
[7080:2736:0721/193429.089:WARNING:dns_config_service_win.cc(605)] Failed to read DnsConfig.
[1596:4228:0721/193429.089:WARNING:dns_config_service_win.cc(605)] Failed to read DnsConfig.
[1596:9656:0721/193429.899:VERBOSE1:logging_network_change_observer.cc(100)] Observed a change to network connectivity state CONNECTION_NONE
[1596:9656:0721/193430.405:VERBOSE1:logging_network_change_observer.cc(113)] Observed a network change to state CONNECTION_NONE
[7080:4084:0721/193430.443:VERBOSE1:mdns_client_impl.cc(201)] Sockets ready:0
[1596:9656:0721/193430.909:VERBOSE1:configured_proxy_resolution_service.cc(1162)] Failed configuring with PAC script, falling-back to manual proxy servers.
[1596:9656:0721/193430.909:VERBOSE1:configured_proxy_resolution_service.cc(1162)] Failed configuring with PAC script, falling-back to manual proxy servers.
[1596:9656:0721/193430.910:VERBOSE1:configured_proxy_resolution_service.cc(1162)] Failed configuring with PAC script, falling-back to manual proxy servers.
[1596:2216:0721/193431.967:WARNING:dns_config_service_win.cc(605)] Failed to read DnsConfig.
[7080:8660:0721/193431.967:WARNING:dns_config_service_win.cc(605)] Failed to read DnsConfig.
[1596:9656:0721/193431.981:VERBOSE1:logging_network_change_observer.cc(90)] Observed a change to the network IP addresses
[1596:18688:0721/193431.989:WARNING:dns_config_service_win.cc(605)] Failed to read DnsConfig.
[7080:8660:0721/193432.002:WARNING:dns_config_service_win.cc(605)] Failed to read DnsConfig.
[1596:18688:0721/193432.003:WARNING:dns_config_service_win.cc(605)] Failed to read DnsConfig.
[1596:9656:0721/193433.000:VERBOSE1:logging_network_change_observer.cc(100)] Observed a change to network connectivity state CONNECTION_ETHERNET
[7080:4084:0721/193433.782:VERBOSE1:mdns_client_impl.cc(201)] Sockets ready:2
[7080:19176:0721/193434.111:VERBOSE1:service_discovery_device_lister.cc(54)] OnServiceUpdated: service_type: _googlecast._tcp.local, service_name: , update: 3
[7080:19176:0721/193434.111:VERBOSE1:service_discovery_device_lister.cc(42)] DiscoverNewDevices: service_type: _googlecast._tcp.local
[7080:19176:0721/193434.111:VERBOSE1:service_discovery_device_lister.cc(42)] DiscoverNewDevices: service_type: _googlecast._tcp.local
[1596:9656:0721/193434.510:VERBOSE1:logging_network_change_observer.cc(113)] Observed a network change to state CONNECTION_NONE
[1596:9656:0721/193434.510:VERBOSE1:logging_network_change_observer.cc(113)] Observed a network change to state CONNECTION_ETHERNET
[1596:9656:0721/193434.780:VERBOSE1:network_delegate.cc(36)] NetworkDelegate::NotifyBeforeURLRequest: https://editor.unrealengine.com/api/cosmos/auth
[1596:9656:0721/193435.378:VERBOSE1:logging_network_change_observer.cc(90)] Observed a change to the network IP addresses
[1596:9656:0721/193436.396:VERBOSE1:logging_network_change_observer.cc(100)] Observed a change to network connectivity state CONNECTION_ETHERNET
[1596:9656:0721/193436.911:VERBOSE1:logging_network_change_observer.cc(113)] Observed a network change to state CONNECTION_NONE
[1596:9656:0721/193436.911:VERBOSE1:logging_network_change_observer.cc(113)] Observed a network change to state CONNECTION_ETHERNET
[7080:2736:0721/193437.005:WARNING:dns_config_service_win.cc(605)] Failed to read DnsConfig.
[1596:17532:0721/193437.024:WARNING:dns_config_service_win.cc(605)] Failed to read DnsConfig.
[1596:9656:0721/193439.394:VERBOSE1:configured_proxy_resolution_service.cc(1162)] Failed configuring with PAC script, falling-back to manual proxy servers.
[1596:9656:0721/193439.394:VERBOSE1:configured_proxy_resolution_service.cc(1162)] Failed configuring with PAC script, falling-back to manual proxy servers.
[1596:9656:0721/193439.395:VERBOSE1:configured_proxy_resolution_service.cc(1162)] Failed configuring with PAC script, falling-back to manual proxy servers.
[7080:19176:0721/193439.448:INFO:CONSOLE(1)] "auth() failed to load Failed to fetch", source: https://assets.unrealengine.com/editor-website-810c1bd/_next/static/chunks/8203-6055bbae29b1c0b4.js (1)
[7080:4084:0721/193440.448:VERBOSE1:mdns_client_impl.cc(201)] Sockets ready:2
[7080:19176:0721/193440.781:VERBOSE1:service_discovery_device_lister.cc(54)] OnServiceUpdated: service_type: _googlecast._tcp.local, service_name: , update: 3
[7080:19176:0721/193440.781:VERBOSE1:service_discovery_device_lister.cc(42)] DiscoverNewDevices: service_type: _googlecast._tcp.local
[7080:19176:0721/193440.781:VERBOSE1:service_discovery_device_lister.cc(42)] DiscoverNewDevices: service_type: _googlecast._tcp.local
[7080:2736:0721/193447.007:WARNING:dns_config_service_win.cc(605)] Failed to read DnsConfig.
[1596:13744:0721/193447.030:WARNING:dns_config_service_win.cc(605)] Failed to read DnsConfig.
[1596:9656:0721/193449.783:VERBOSE1:network_delegate.cc(36)] NetworkDelegate::NotifyBeforeURLRequest: https://editor.unrealengine.com/api/cosmos/auth
[7080:19176:0721/193450.115:INFO:CONSOLE(1)] "auth() failed to load Failed to fetch", source: https://assets.unrealengine.com/editor-website-810c1bd/_next/static/chunks/8203-6055bbae29b1c0b4.js (1)
[1596:9656:0721/193500.248:VERBOSE1:logging_network_change_observer.cc(90)] Observed a change to the network IP addresses
[7080:8660:0721/193500.264:WARNING:dns_config_service_win.cc(605)] Failed to read DnsConfig.
[1596:2216:0721/193500.264:WARNING:dns_config_service_win.cc(605)] Failed to read DnsConfig.
[1596:9656:0721/193501.262:VERBOSE1:logging_network_change_observer.cc(100)] Observed a change to network connectivity state CONNECTION_NONE
[1596:9656:0721/193501.783:VERBOSE1:logging_network_change_observer.cc(113)] Observed a network change to state CONNECTION_NONE
[1596:9656:0721/193502.276:VERBOSE1:configured_proxy_resolution_service.cc(1162)] Failed configuring with PAC script, falling-back to manual proxy servers.
[1596:9656:0721/193502.276:VERBOSE1:configured_proxy_resolution_service.cc(1162)] Failed configuring with PAC script, falling-back to manual proxy servers.
[1596:9656:0721/193502.276:VERBOSE1:configured_proxy_resolution_service.cc(1162)] Failed configuring with PAC script, falling-back to manual proxy servers.
[1596:2216:0721/193503.038:WARNING:dns_config_service_win.cc(605)] Failed to read DnsConfig.
[7080:8660:0721/193503.039:WARNING:dns_config_service_win.cc(605)] Failed to read DnsConfig.
[7080:4084:0721/193505.118:VERBOSE1:mdns_client_impl.cc(201)] Sockets ready:2
[7080:19176:0721/193505.451:VERBOSE1:service_discovery_device_lister.cc(54)] OnServiceUpdated: service_type: _googlecast._tcp.local, service_name: , update: 3
[7080:19176:0721/193505.451:VERBOSE1:service_discovery_device_lister.cc(42)] DiscoverNewDevices: service_type: _googlecast._tcp.local
[7080:19176:0721/193505.451:VERBOSE1:service_discovery_device_lister.cc(42)] DiscoverNewDevices: service_type: _googlecast._tcp.local
[1596:9656:0721/193506.381:VERBOSE1:logging_network_change_observer.cc(90)] Observed a change to the network IP addresses
[1596:9656:0721/193507.386:VERBOSE1:logging_network_change_observer.cc(100)] Observed a change to network connectivity state CONNECTION_ETHERNET
[7080:2736:0721/193508.041:WARNING:dns_config_service_win.cc(605)] Failed to read DnsConfig.
[1596:2216:0721/193508.050:WARNING:dns_config_service_win.cc(605)] Failed to read DnsConfig.
[1596:9656:0721/193508.896:VERBOSE1:logging_network_change_observer.cc(113)] Observed a network change to state CONNECTION_NONE
[1596:9656:0721/193508.896:VERBOSE1:logging_network_change_observer.cc(113)] Observed a network change to state CONNECTION_ETHERNET
[1596:9656:0721/193509.118:VERBOSE1:network_delegate.cc(36)] NetworkDelegate::NotifyBeforeURLRequest: https://editor.unrealengine.com/api/cosmos/auth
[1596:9656:0721/193510.406:VERBOSE1:configured_proxy_resolution_service.cc(1162)] Failed configuring with PAC script, falling-back to manual proxy servers.
[1596:9656:0721/193510.406:VERBOSE1:configured_proxy_resolution_service.cc(1162)] Failed configuring with PAC script, falling-back to manual proxy servers.
[1596:9656:0721/193510.406:VERBOSE1:configured_proxy_resolution_service.cc(1162)] Failed configuring with PAC script, falling-back to manual proxy servers.
[7080:19176:0721/193510.451:INFO:CONSOLE(1)] "auth() failed to load Failed to fetch", source: https://assets.unrealengine.com/editor-website-810c1bd/_next/static/chunks/8203-6055bbae29b1c0b4.js (1)
[7080:4084:0721/193512.452:VERBOSE1:mdns_client_impl.cc(201)] Sockets ready:2
[7080:19176:0721/193512.785:VERBOSE1:service_discovery_device_lister.cc(54)] OnServiceUpdated: service_type: _googlecast._tcp.local, service_name: , update: 3
[7080:19176:0721/193512.785:VERBOSE1:service_discovery_device_lister.cc(42)] DiscoverNewDevices: service_type: _googlecast._tcp.local
[7080:19176:0721/193512.785:VERBOSE1:service_discovery_device_lister.cc(42)] DiscoverNewDevices: service_type: _googlecast._tcp.local
[1596:9656:0721/193516.119:VERBOSE1:network_delegate.cc(36)] NetworkDelegate::NotifyBeforeURLRequest: https://editor.unrealengine.com/api/cosmos/auth
[7080:19176:0721/193516.452:INFO:CONSOLE(1)] "auth() failed to load Failed to fetch", source: https://assets.unrealengine.com/editor-website-810c1bd/_next/static/chunks/8203-6055bbae29b1c0b4.js (1)
[1596:9656:0721/193517.119:VERBOSE1:network_delegate.cc(36)] NetworkDelegate::NotifyBeforeURLRequest: https://optimizationguide-pa.googleapis.com/v1:GetModels?key=dummytoken
[7080:2736:0721/193518.044:WARNING:dns_config_service_win.cc(605)] Failed to read DnsConfig.
[1596:17532:0721/193518.069:WARNING:dns_config_service_win.cc(605)] Failed to read DnsConfig.
[7080:8660:0721/193538.048:WARNING:dns_config_service_win.cc(605)] Failed to read DnsConfig.
[1596:13744:0721/193538.071:WARNING:dns_config_service_win.cc(605)] Failed to read DnsConfig.
[1596:9656:0721/193605.110:VERBOSE1:logging_network_change_observer.cc(90)] Observed a change to the network IP addresses
[1596:9656:0721/193606.125:VERBOSE1:logging_network_change_observer.cc(100)] Observed a change to network connectivity state CONNECTION_ETHERNET
[1596:9656:0721/193606.640:VERBOSE1:logging_network_change_observer.cc(113)] Observed a network change to state CONNECTION_NONE
[1596:9656:0721/193606.640:VERBOSE1:logging_network_change_observer.cc(113)] Observed a network change to state CONNECTION_ETHERNET
[1596:9656:0721/193608.380:VERBOSE1:logging_network_change_observer.cc(90)] Observed a change to the network IP addresses
[1596:9656:0721/193608.797:VERBOSE1:network_delegate.cc(36)] NetworkDelegate::NotifyBeforeURLRequest: http://192.168.0.3:8060/dial/dd.xml
[1596:9656:0721/193609.384:VERBOSE1:logging_network_change_observer.cc(100)] Observed a change to network connectivity state CONNECTION_ETHERNET
[7080:4084:0721/193609.795:VERBOSE1:cast_socket.cc(227)] [192.168.0.3:8009, auth=SSL_VERIFIED] Connect readyState = ReadyState::NONE
[7080:4084:0721/193609.795:VERBOSE1:cast_socket.cc(391)] [192.168.0.3:8009, auth=SSL_VERIFIED] DoTcpConnect
[1596:9656:0721/193609.885:VERBOSE1:logging_network_change_observer.cc(113)] Observed a network change to state CONNECTION_NONE
[1596:9656:0721/193609.885:VERBOSE1:logging_network_change_observer.cc(113)] Observed a network change to state CONNECTION_ETHERNET
[7080:4084:0721/193610.129:VERBOSE1:mdns_client_impl.cc(201)] Sockets ready:2
[1596:9656:0721/193610.797:VERBOSE1:configured_proxy_resolution_service.cc(1162)] Failed configuring with PAC script, falling-back to manual proxy servers.
[1596:9656:0721/193610.797:VERBOSE1:configured_proxy_resolution_service.cc(1162)] Failed configuring with PAC script, falling-back to manual proxy servers.
[1596:9656:0721/193610.797:VERBOSE1:configured_proxy_resolution_service.cc(1162)] Failed configuring with PAC script, falling-back to manual proxy servers.
[7080:4084:0721/193612.129:VERBOSE1:cast_socket.cc(405)] [192.168.0.3:8009, auth=SSL_VERIFIED] DoTcpConnectComplete: -102
[7080:4084:0721/193612.129:VERBOSE1:cast_socket.cc(665)] [192.168.0.3:8009, auth=SSL_VERIFIED] SetErrorState ChannelError::CONNECT_ERROR
[7080:4084:0721/193612.129:VERBOSE1:cast_socket.cc(587)] DoConnectCallback (error_state = ChannelError::CONNECT_ERROR)
[7080:4084:0721/193612.129:VERBOSE1:cast_socket.cc(627)] [192.168.0.3:8009, auth=SSL_VERIFIED] Close ReadyState = ReadyState::CONNECTING
[7080:4084:0721/193612.129:VERBOSE1:cast_socket.cc(227)] [192.168.0.3:8009, auth=SSL_VERIFIED] Connect readyState = ReadyState::NONE
[7080:4084:0721/193612.129:VERBOSE1:cast_socket.cc(391)] [192.168.0.3:8009, auth=SSL_VERIFIED] DoTcpConnect
[1596:9656:0721/193612.130:VERBOSE1:network_delegate.cc(36)] NetworkDelegate::NotifyBeforeURLRequest: http://192.168.0.3:8060/dial/dd.xml
[1596:9656:0721/193613.375:VERBOSE1:logging_network_change_observer.cc(90)] Observed a change to the network IP addresses
[7080:4084:0721/193613.463:VERBOSE1:mdns_client_impl.cc(201)] Sockets ready:3
[7080:19176:0721/193613.796:VERBOSE1:service_discovery_device_lister.cc(54)] OnServiceUpdated: service_type: _googlecast._tcp.local, service_name: , update: 3
[7080:19176:0721/193613.796:VERBOSE1:service_discovery_device_lister.cc(42)] DiscoverNewDevices: service_type: _googlecast._tcp.local
[7080:19176:0721/193613.796:VERBOSE1:service_discovery_device_lister.cc(42)] DiscoverNewDevices: service_type: _googlecast._tcp.local
[1596:9656:0721/193614.394:VERBOSE1:logging_network_change_observer.cc(100)] Observed a change to network connectivity state CONNECTION_UNKNOWN
[7080:4084:0721/193614.797:VERBOSE1:cast_socket.cc(405)] [192.168.0.3:8009, auth=SSL_VERIFIED] DoTcpConnectComplete: -102
[7080:4084:0721/193614.797:VERBOSE1:cast_socket.cc(665)] [192.168.0.3:8009, auth=SSL_VERIFIED] SetErrorState ChannelError::CONNECT_ERROR
[7080:4084:0721/193614.797:VERBOSE1:cast_socket.cc(587)] DoConnectCallback (error_state = ChannelError::CONNECT_ERROR)
[7080:4084:0721/193614.797:VERBOSE1:cast_socket.cc(627)] [192.168.0.3:8009, auth=SSL_VERIFIED] Close ReadyState = ReadyState::CONNECTING
[1596:9656:0721/193614.908:VERBOSE1:logging_network_change_observer.cc(113)] Observed a network change to state CONNECTION_NONE
[1596:9656:0721/193614.908:VERBOSE1:logging_network_change_observer.cc(113)] Observed a network change to state CONNECTION_UNKNOWN
[1596:9656:0721/193616.472:VERBOSE1:logging_network_change_observer.cc(90)] Observed a change to the network IP addresses
[1596:9656:0721/193616.482:VERBOSE1:logging_network_change_observer.cc(90)] Observed a change to the network IP addresses
[1596:9656:0721/193617.130:VERBOSE1:network_delegate.cc(36)] NetworkDelegate::NotifyBeforeURLRequest: http://192.168.0.3:8060/dial/dd.xml
[1596:9656:0721/193617.497:VERBOSE1:logging_network_change_observer.cc(100)] Observed a change to network connectivity state CONNECTION_UNKNOWN
[1596:9656:0721/193618.011:VERBOSE1:logging_network_change_observer.cc(113)] Observed a network change to state CONNECTION_NONE
[1596:9656:0721/193618.011:VERBOSE1:logging_network_change_observer.cc(113)] Observed a network change to state CONNECTION_UNKNOWN
[1596:9656:0721/193618.500:VERBOSE1:configured_proxy_resolution_service.cc(1162)] Failed configuring with PAC script, falling-back to manual proxy servers.
[1596:9656:0721/193618.500:VERBOSE1:configured_proxy_resolution_service.cc(1162)] Failed configuring with PAC script, falling-back to manual proxy servers.
[1596:9656:0721/193618.501:VERBOSE1:configured_proxy_resolution_service.cc(1162)] Failed configuring with PAC script, falling-back to manual proxy servers.
[1596:9656:0721/193619.876:VERBOSE1:logging_network_change_observer.cc(90)] Observed a change to the network IP addresses
[1596:9656:0721/193620.130:VERBOSE1:network_delegate.cc(36)] NetworkDelegate::NotifyBeforeURLRequest: http://192.168.0.3:8060/dial/dd.xml
[1596:9656:0721/193620.892:VERBOSE1:logging_network_change_observer.cc(100)] Observed a change to network connectivity state CONNECTION_UNKNOWN
[1596:9656:0721/193621.408:VERBOSE1:logging_network_change_observer.cc(113)] Observed a network change to state CONNECTION_NONE
[1596:9656:0721/193621.409:VERBOSE1:logging_network_change_observer.cc(113)] Observed a network change to state CONNECTION_UNKNOWN
[7080:4084:0721/193621.465:VERBOSE1:mdns_client_impl.cc(201)] Sockets ready:4
[1596:9656:0721/193621.879:VERBOSE1:configured_proxy_resolution_service.cc(1162)] Failed configuring with PAC script, falling-back to manual proxy servers.
[1596:9656:0721/193621.881:VERBOSE1:configured_proxy_resolution_service.cc(1162)] Failed configuring with PAC script, falling-back to manual proxy servers.
[1596:9656:0721/193621.882:VERBOSE1:configured_proxy_resolution_service.cc(1162)] Failed configuring with PAC script, falling-back to manual proxy servers.
[1596:9656:0721/193623.465:VERBOSE1:network_delegate.cc(36)] NetworkDelegate::NotifyBeforeURLRequest: http://192.168.0.3:8060/dial/dd.xml
[7080:4084:0721/193624.798:VERBOSE1:mdns_client_impl.cc(201)] Sockets ready:4
[7080:19176:0721/193625.131:VERBOSE1:service_discovery_device_lister.cc(54)] OnServiceUpdated: service_type: _googlecast._tcp.local, service_name: , update: 3
[7080:19176:0721/193625.131:VERBOSE1:service_discovery_device_lister.cc(42)] DiscoverNewDevices: service_type: _googlecast._tcp.local
[7080:19176:0721/193625.131:VERBOSE1:service_discovery_device_lister.cc(42)] DiscoverNewDevices: service_type: _googlecast._tcp.local
[7080:4084:0721/193625.133:VERBOSE1:cast_socket.cc(227)] [192.168.0.3:8009, auth=SSL_VERIFIED] Connect readyState = ReadyState::NONE
[7080:4084:0721/193625.133:VERBOSE1:cast_socket.cc(391)] [192.168.0.3:8009, auth=SSL_VERIFIED] DoTcpConnect
[7080:19176:0721/193627.465:ERROR:device_event_log_impl.cc(196)] [19:36:27.174] USB: usb_service_win.cc:105 SetupDiGetDeviceProperty({{A45C254E-DF1C-4EFD-8020-67D146A850E0}, 6}) failed: Element not found. (0x490)
[7080:4084:0721/193627.798:VERBOSE1:cast_socket.cc(405)] [192.168.0.3:8009, auth=SSL_VERIFIED] DoTcpConnectComplete: -102
[7080:4084:0721/193627.798:VERBOSE1:cast_socket.cc(665)] [192.168.0.3:8009, auth=SSL_VERIFIED] SetErrorState ChannelError::CONNECT_ERROR
[7080:4084:0721/193627.798:VERBOSE1:cast_socket.cc(587)] DoConnectCallback (error_state = ChannelError::CONNECT_ERROR)
[7080:4084:0721/193627.798:VERBOSE1:cast_socket.cc(627)] [192.168.0.3:8009, auth=SSL_VERIFIED] Close ReadyState = ReadyState::CONNECTING
[7080:4084:0721/193627.798:VERBOSE1:cast_socket.cc(227)] [192.168.0.3:8009, auth=SSL_VERIFIED] Connect readyState = ReadyState::NONE
[7080:4084:0721/193627.798:VERBOSE1:cast_socket.cc(391)] [192.168.0.3:8009, auth=SSL_VERIFIED] DoTcpConnect
[1596:9656:0721/193629.874:VERBOSE1:logging_network_change_observer.cc(90)] Observed a change to the network IP addresses
[7080:4084:0721/193630.468:VERBOSE1:cast_socket.cc(405)] [192.168.0.3:8009, auth=SSL_VERIFIED] DoTcpConnectComplete: -102
[7080:4084:0721/193630.468:VERBOSE1:cast_socket.cc(665)] [192.168.0.3:8009, auth=SSL_VERIFIED] SetErrorState ChannelError::CONNECT_ERROR
[7080:4084:0721/193630.468:VERBOSE1:cast_socket.cc(587)] DoConnectCallback (error_state = ChannelError::CONNECT_ERROR)
[7080:4084:0721/193630.468:VERBOSE1:cast_socket.cc(627)] [192.168.0.3:8009, auth=SSL_VERIFIED] Close ReadyState = ReadyState::CONNECTING
[1596:9656:0721/193630.893:VERBOSE1:logging_network_change_observer.cc(100)] Observed a change to network connectivity state CONNECTION_UNKNOWN
[1596:9656:0721/193631.406:VERBOSE1:logging_network_change_observer.cc(113)] Observed a network change to state CONNECTION_NONE
[1596:9656:0721/193631.406:VERBOSE1:logging_network_change_observer.cc(113)] Observed a network change to state CONNECTION_UNKNOWN
[1596:9656:0721/193631.881:VERBOSE1:configured_proxy_resolution_service.cc(1162)] Failed configuring with PAC script, falling-back to manual proxy servers.
[1596:9656:0721/193631.881:VERBOSE1:configured_proxy_resolution_service.cc(1162)] Failed configuring with PAC script, falling-back to manual proxy servers.
[1596:9656:0721/193631.881:VERBOSE1:configured_proxy_resolution_service.cc(1162)] Failed configuring with PAC script, falling-back to manual proxy servers.
[1596:9656:0721/193632.911:VERBOSE1:logging_network_change_observer.cc(90)] Observed a change to the network IP addresses
[1596:9656:0721/193633.133:VERBOSE1:network_delegate.cc(36)] NetworkDelegate::NotifyBeforeURLRequest: http://192.168.0.3:8060/dial/dd.xml
[1596:9656:0721/193633.928:VERBOSE1:logging_network_change_observer.cc(100)] Observed a change to network connectivity state CONNECTION_WIFI
[1596:9656:0721/193634.442:VERBOSE1:logging_network_change_observer.cc(113)] Observed a network change to state CONNECTION_NONE
[1596:9656:0721/193634.442:VERBOSE1:logging_network_change_observer.cc(113)] Observed a network change to state CONNECTION_WIFI
[1596:9656:0721/193634.930:VERBOSE1:configured_proxy_resolution_service.cc(1162)] Failed configuring with PAC script, falling-back to manual proxy servers.
[1596:9656:0721/193634.931:VERBOSE1:configured_proxy_resolution_service.cc(1162)] Failed configuring with PAC script, falling-back to manual proxy servers.
[1596:9656:0721/193634.931:VERBOSE1:configured_proxy_resolution_service.cc(1162)] Failed configuring with PAC script, falling-back to manual proxy servers.
[1596:9656:0721/193636.470:VERBOSE1:network_delegate.cc(36)] NetworkDelegate::NotifyBeforeURLRequest: http://192.168.0.3:8060/dial/dd.xml
[7080:4084:0721/193637.801:VERBOSE1:mdns_client_impl.cc(201)] Sockets ready:2
[7080:19176:0721/193638.133:VERBOSE1:service_discovery_device_lister.cc(54)] OnServiceUpdated: service_type: _googlecast._tcp.local, service_name: , update: 3
[7080:19176:0721/193638.133:VERBOSE1:service_discovery_device_lister.cc(42)] DiscoverNewDevices: service_type: _googlecast._tcp.local
[7080:19176:0721/193638.133:VERBOSE1:service_discovery_device_lister.cc(42)] DiscoverNewDevices: service_type: _googlecast._tcp.local
[7080:4084:0721/193638.134:VERBOSE1:cast_socket.cc(227)] [192.168.0.3:8009, auth=SSL_VERIFIED] Connect readyState = ReadyState::NONE
[7080:4084:0721/193638.134:VERBOSE1:cast_socket.cc(391)] [192.168.0.3:8009, auth=SSL_VERIFIED] DoTcpConnect
[7080:4084:0721/193640.801:VERBOSE1:cast_socket.cc(405)] [192.168.0.3:8009, auth=SSL_VERIFIED] DoTcpConnectComplete: -102
[7080:4084:0721/193640.801:VERBOSE1:cast_socket.cc(665)] [192.168.0.3:8009, auth=SSL_VERIFIED] SetErrorState ChannelError::CONNECT_ERROR
[7080:4084:0721/193640.801:VERBOSE1:cast_socket.cc(587)] DoConnectCallback (error_state = ChannelError::CONNECT_ERROR)
[7080:4084:0721/193640.801:VERBOSE1:cast_socket.cc(627)] [192.168.0.3:8009, auth=SSL_VERIFIED] Close ReadyState = ReadyState::CONNECTING
[7080:4084:0721/193640.801:VERBOSE1:cast_socket.cc(227)] [192.168.0.3:8009, auth=SSL_VERIFIED] Connect readyState = ReadyState::NONE
[7080:4084:0721/193640.801:VERBOSE1:cast_socket.cc(391)] [192.168.0.3:8009, auth=SSL_VERIFIED] DoTcpConnect
[1596:9656:0721/193642.871:VERBOSE1:logging_network_change_observer.cc(90)] Observed a change to the network IP addresses
[7080:4084:0721/193643.468:VERBOSE1:cast_socket.cc(405)] [192.168.0.3:8009, auth=SSL_VERIFIED] DoTcpConnectComplete: -102
[7080:4084:0721/193643.468:VERBOSE1:cast_socket.cc(665)] [192.168.0.3:8009, auth=SSL_VERIFIED] SetErrorState ChannelError::CONNECT_ERROR
[7080:4084:0721/193643.468:VERBOSE1:cast_socket.cc(587)] DoConnectCallback (error_state = ChannelError::CONNECT_ERROR)
[7080:4084:0721/193643.468:VERBOSE1:cast_socket.cc(627)] [192.168.0.3:8009, auth=SSL_VERIFIED] Close ReadyState = ReadyState::CONNECTING
[1596:9656:0721/193643.881:VERBOSE1:logging_network_change_observer.cc(100)] Observed a change to network connectivity state CONNECTION_UNKNOWN
[1596:9656:0721/193644.392:VERBOSE1:logging_network_change_observer.cc(113)] Observed a network change to state CONNECTION_NONE
[1596:9656:0721/193644.399:VERBOSE1:logging_network_change_observer.cc(113)] Observed a network change to state CONNECTION_UNKNOWN
[1596:9656:0721/193644.884:VERBOSE1:configured_proxy_resolution_service.cc(1162)] Failed configuring with PAC script, falling-back to manual proxy servers.
[1596:9656:0721/193644.884:VERBOSE1:configured_proxy_resolution_service.cc(1162)] Failed configuring with PAC script, falling-back to manual proxy servers.
[1596:9656:0721/193644.885:VERBOSE1:configured_proxy_resolution_service.cc(1162)] Failed configuring with PAC script, falling-back to manual proxy servers.
[1596:9656:0721/193646.468:VERBOSE1:network_delegate.cc(36)] NetworkDelegate::NotifyBeforeURLRequest: http://192.168.0.3:8060/dial/dd.xml
[7080:4084:0721/193647.802:VERBOSE1:mdns_client_impl.cc(201)] Sockets ready:4
[7080:19176:0721/193648.134:VERBOSE1:service_discovery_device_lister.cc(54)] OnServiceUpdated: service_type: _googlecast._tcp.local, service_name: , update: 3
[7080:19176:0721/193648.134:VERBOSE1:service_discovery_device_lister.cc(42)] DiscoverNewDevices: service_type: _googlecast._tcp.local
[7080:19176:0721/193648.134:VERBOSE1:service_discovery_device_lister.cc(42)] DiscoverNewDevices: service_type: _googlecast._tcp.local
[7080:4084:0721/193656.579:VERBOSE1:cast_socket.cc(227)] [192.168.0.3:8009, auth=SSL_VERIFIED] Connect readyState = ReadyState::NONE
[7080:4084:0721/193656.579:VERBOSE1:cast_socket.cc(391)] [192.168.0.3:8009, auth=SSL_VERIFIED] DoTcpConnect
[7080:4084:0721/193659.135:VERBOSE1:cast_socket.cc(405)] [192.168.0.3:8009, auth=SSL_VERIFIED] DoTcpConnectComplete: -102
[7080:4084:0721/193659.135:VERBOSE1:cast_socket.cc(665)] [192.168.0.3:8009, auth=SSL_VERIFIED] SetErrorState ChannelError::CONNECT_ERROR
[7080:4084:0721/193659.135:VERBOSE1:cast_socket.cc(587)] DoConnectCallback (error_state = ChannelError::CONNECT_ERROR)
[7080:4084:0721/193659.135:VERBOSE1:cast_socket.cc(627)] [192.168.0.3:8009, auth=SSL_VERIFIED] Close ReadyState = ReadyState::CONNECTING
[7080:4084:0721/193709.693:VERBOSE1:cast_socket.cc(227)] [192.168.0.3:8009, auth=SSL_VERIFIED] Connect readyState = ReadyState::NONE
[7080:4084:0721/193709.693:VERBOSE1:cast_socket.cc(391)] [192.168.0.3:8009, auth=SSL_VERIFIED] DoTcpConnect
[1596:9656:0721/193710.137:VERBOSE1:logging_network_change_observer.cc(90)] Observed a change to the network IP addresses
[1596:9656:0721/193711.156:VERBOSE1:logging_network_change_observer.cc(100)] Observed a change to network connectivity state CONNECTION_ETHERNET
[1596:9656:0721/193711.674:VERBOSE1:logging_network_change_observer.cc(113)] Observed a network change to state CONNECTION_NONE
[1596:9656:0721/193711.674:VERBOSE1:logging_network_change_observer.cc(113)] Observed a network change to state CONNECTION_ETHERNET
[7080:4084:0721/193712.136:VERBOSE1:cast_socket.cc(405)] [192.168.0.3:8009, auth=SSL_VERIFIED] DoTcpConnectComplete: -102
[7080:4084:0721/193712.136:VERBOSE1:cast_socket.cc(665)] [192.168.0.3:8009, auth=SSL_VERIFIED] SetErrorState ChannelError::CONNECT_ERROR
[7080:4084:0721/193712.136:VERBOSE1:cast_socket.cc(587)] DoConnectCallback (error_state = ChannelError::CONNECT_ERROR)
[7080:4084:0721/193712.136:VERBOSE1:cast_socket.cc(627)] [192.168.0.3:8009, auth=SSL_VERIFIED] Close ReadyState = ReadyState::CONNECTING
[1596:9656:0721/193712.141:VERBOSE1:configured_proxy_resolution_service.cc(1162)] Failed configuring with PAC script, falling-back to manual proxy servers.
[1596:9656:0721/193712.141:VERBOSE1:configured_proxy_resolution_service.cc(1162)] Failed configuring with PAC script, falling-back to manual proxy servers.
[1596:9656:0721/193712.143:VERBOSE1:configured_proxy_resolution_service.cc(1162)] Failed configuring with PAC script, falling-back to manual proxy servers.
[1596:9656:0721/193713.806:VERBOSE1:network_delegate.cc(36)] NetworkDelegate::NotifyBeforeURLRequest: http://192.168.0.3:8060/dial/dd.xml
[7080:4084:0721/193715.140:VERBOSE1:mdns_client_impl.cc(201)] Sockets ready:2
[7080:19176:0721/193715.470:VERBOSE1:service_discovery_device_lister.cc(54)] OnServiceUpdated: service_type: _googlecast._tcp.local, service_name: , update: 3
[7080:19176:0721/193715.470:VERBOSE1:service_discovery_device_lister.cc(42)] DiscoverNewDevices: service_type: _googlecast._tcp.local
[7080:19176:0721/193715.470:VERBOSE1:service_discovery_device_lister.cc(42)] DiscoverNewDevices: service_type: _googlecast._tcp.local
[1596:9656:0721/193811.813:VERBOSE1:network_delegate.cc(36)] NetworkDelegate::NotifyBeforeURLRequest: https://optimizationguide-pa.googleapis.com/v1:GetModels?key=dummytoken
[1596:9656:0721/193811.834:VERBOSE1:tls_handshaker.cc(105)] TlsClient: Continuing handshake
[1596:9656:0721/193811.834:VERBOSE1:tls_handshaker.cc(126)] TlsClient: SSL_do_handshake returned when entering early data. After retry, rv=-1, SSL_in_early_data=1
[1596:9656:0721/193811.871:VERBOSE1:tls_handshaker.cc(105)] TlsClient: Continuing handshake
[1596:9656:0721/193811.871:VERBOSE1:tls_handshaker.cc(105)] TlsClient: Continuing handshake
[1596:9656:0721/193811.871:VERBOSE1:tls_client_handshaker.cc(528)] Client: handshake finished
[1596:9656:0721/194052.839:VERBOSE1:network_delegate.cc(36)] NetworkDelegate::NotifyBeforeURLRequest: https://optimizationguide-pa.googleapis.com/v1:GetModels?key=dummytoken
[1596:9656:0721/194052.866:VERBOSE1:tls_handshaker.cc(105)] TlsClient: Continuing handshake
[1596:9656:0721/194052.866:VERBOSE1:tls_handshaker.cc(126)] TlsClient: SSL_do_handshake returned when entering early data. After retry, rv=-1, SSL_in_early_data=1
[1596:9656:0721/194052.911:VERBOSE1:tls_handshaker.cc(105)] TlsClient: Continuing handshake
[1596:9656:0721/194052.912:VERBOSE1:tls_handshaker.cc(105)] TlsClient: Continuing handshake
[1596:9656:0721/194052.912:VERBOSE1:tls_client_handshaker.cc(528)] Client: handshake finished
[1596:9656:0721/194342.529:VERBOSE1:network_delegate.cc(36)] NetworkDelegate::NotifyBeforeURLRequest: https://optimizationguide-pa.googleapis.com/v1:GetModels?key=dummytoken
[1596:9656:0721/194342.552:VERBOSE1:tls_handshaker.cc(105)] TlsClient: Continuing handshake
[1596:9656:0721/194342.552:VERBOSE1:tls_handshaker.cc(126)] TlsClient: SSL_do_handshake returned when entering early data. After retry, rv=-1, SSL_in_early_data=1
[1596:9656:0721/194342.594:VERBOSE1:tls_handshaker.cc(105)] TlsClient: Continuing handshake
[1596:9656:0721/194342.594:VERBOSE1:tls_handshaker.cc(105)] TlsClient: Continuing handshake
[1596:9656:0721/194342.595:VERBOSE1:tls_client_handshaker.cc(528)] Client: handshake finished
[1596:9656:0721/194635.556:VERBOSE1:network_delegate.cc(36)] NetworkDelegate::NotifyBeforeURLRequest: https://optimizationguide-pa.googleapis.com/v1:GetModels?key=dummytoken
[1596:9656:0721/194635.577:VERBOSE1:tls_handshaker.cc(105)] TlsClient: Continuing handshake
[1596:9656:0721/194635.578:VERBOSE1:tls_handshaker.cc(126)] TlsClient: SSL_do_handshake returned when entering early data. After retry, rv=-1, SSL_in_early_data=1
[1596:9656:0721/194635.618:VERBOSE1:tls_handshaker.cc(105)] TlsClient: Continuing handshake
[1596:9656:0721/194635.618:VERBOSE1:tls_handshaker.cc(105)] TlsClient: Continuing handshake
[1596:9656:0721/194635.618:VERBOSE1:tls_client_handshaker.cc(528)] Client: handshake finished
[1596:9656:0721/194916.912:VERBOSE1:network_delegate.cc(36)] NetworkDelegate::NotifyBeforeURLRequest: https://optimizationguide-pa.googleapis.com/v1:GetModels?key=dummytoken
[1596:9656:0721/194916.934:VERBOSE1:tls_handshaker.cc(105)] TlsClient: Continuing handshake
[1596:9656:0721/194916.935:VERBOSE1:tls_handshaker.cc(126)] TlsClient: SSL_do_handshake returned when entering early data. After retry, rv=-1, SSL_in_early_data=1
[1596:9656:0721/194916.969:VERBOSE1:tls_handshaker.cc(105)] TlsClient: Continuing handshake
[1596:9656:0721/194916.969:VERBOSE1:tls_handshaker.cc(105)] TlsClient: Continuing handshake
[1596:9656:0721/194916.969:VERBOSE1:tls_client_handshaker.cc(528)] Client: handshake finished
[1596:9656:0721/195155.279:VERBOSE1:network_delegate.cc(36)] NetworkDelegate::NotifyBeforeURLRequest: https://optimizationguide-pa.googleapis.com/v1:GetModels?key=dummytoken
[1596:9656:0721/195155.280:VERBOSE1:tls_handshaker.cc(105)] TlsClient: Continuing handshake
[1596:9656:0721/195155.325:VERBOSE1:tls_handshaker.cc(105)] TlsClient: Continuing handshake
[1596:9656:0721/195155.941:VERBOSE1:tls_handshaker.cc(105)] TlsClient: Continuing handshake
[1596:9656:0721/195155.941:VERBOSE1:tls_handshaker.cc(126)] TlsClient: SSL_do_handshake returned when entering early data. After retry, rv=-1, SSL_in_early_data=1
[1596:9656:0721/195155.941:VERBOSE1:tls_handshaker.cc(105)] TlsClient: Continuing handshake
[1596:9656:0721/195155.941:VERBOSE1:tls_client_handshaker.cc(528)] Client: handshake finished
[1596:9656:0721/195443.295:VERBOSE1:network_delegate.cc(36)] NetworkDelegate::NotifyBeforeURLRequest: https://optimizationguide-pa.googleapis.com/v1:GetModels?key=dummytoken
[1596:9656:0721/195443.317:VERBOSE1:tls_handshaker.cc(105)] TlsClient: Continuing handshake
[1596:9656:0721/195443.317:VERBOSE1:tls_handshaker.cc(126)] TlsClient: SSL_do_handshake returned when entering early data. After retry, rv=-1, SSL_in_early_data=1
[1596:9656:0721/195443.355:VERBOSE1:tls_handshaker.cc(105)] TlsClient: Continuing handshake
[1596:9656:0721/195443.355:VERBOSE1:tls_handshaker.cc(105)] TlsClient: Continuing handshake
[1596:9656:0721/195443.355:VERBOSE1:tls_client_handshaker.cc(528)] Client: handshake finished
[1596:9656:0721/195740.655:VERBOSE1:network_delegate.cc(36)] NetworkDelegate::NotifyBeforeURLRequest: https://optimizationguide-pa.googleapis.com/v1:GetModels?key=dummytoken
[1596:9656:0721/195740.678:VERBOSE1:tls_handshaker.cc(105)] TlsClient: Continuing handshake
[1596:9656:0721/195740.679:VERBOSE1:tls_handshaker.cc(126)] TlsClient: SSL_do_handshake returned when entering early data. After retry, rv=-1, SSL_in_early_data=1
[1596:9656:0721/195740.720:VERBOSE1:tls_handshaker.cc(105)] TlsClient: Continuing handshake
[1596:9656:0721/195740.720:VERBOSE1:tls_handshaker.cc(105)] TlsClient: Continuing handshake
[1596:9656:0721/195740.720:VERBOSE1:tls_client_handshaker.cc(528)] Client: handshake finished
[1596:9656:0721/200015.347:VERBOSE1:network_delegate.cc(36)] NetworkDelegate::NotifyBeforeURLRequest: https://optimizationguide-pa.googleapis.com/v1:GetModels?key=dummytoken
[1596:9656:0721/200015.371:VERBOSE1:tls_handshaker.cc(105)] TlsClient: Continuing handshake
[1596:9656:0721/200015.371:VERBOSE1:tls_handshaker.cc(126)] TlsClient: SSL_do_handshake returned when entering early data. After retry, rv=-1, SSL_in_early_data=1
[1596:9656:0721/200015.411:VERBOSE1:tls_handshaker.cc(105)] TlsClient: Continuing handshake
[1596:9656:0721/200015.411:VERBOSE1:tls_handshaker.cc(105)] TlsClient: Continuing handshake
[1596:9656:0721/200015.411:VERBOSE1:tls_client_handshaker.cc(528)] Client: handshake finished
[1596:9656:0721/200253.369:VERBOSE1:network_delegate.cc(36)] NetworkDelegate::NotifyBeforeURLRequest: https://optimizationguide-pa.googleapis.com/v1:GetModels?key=dummytoken
[1596:9656:0721/200253.394:VERBOSE1:tls_handshaker.cc(105)] TlsClient: Continuing handshake
[1596:9656:0721/200253.395:VERBOSE1:tls_handshaker.cc(126)] TlsClient: SSL_do_handshake returned when entering early data. After retry, rv=-1, SSL_in_early_data=1
[1596:9656:0721/200253.434:VERBOSE1:tls_handshaker.cc(105)] TlsClient: Continuing handshake
[1596:9656:0721/200253.434:VERBOSE1:tls_handshaker.cc(105)] TlsClient: Continuing handshake
[1596:9656:0721/200253.435:VERBOSE1:tls_client_handshaker.cc(528)] Client: handshake finished
[1596:9656:0721/200551.732:VERBOSE1:network_delegate.cc(36)] NetworkDelegate::NotifyBeforeURLRequest: https://optimizationguide-pa.googleapis.com/v1:GetModels?key=dummytoken
[1596:9656:0721/200551.755:VERBOSE1:tls_handshaker.cc(105)] TlsClient: Continuing handshake
[1596:9656:0721/200551.756:VERBOSE1:tls_handshaker.cc(126)] TlsClient: SSL_do_handshake returned when entering early data. After retry, rv=-1, SSL_in_early_data=1
[1596:9656:0721/200551.792:VERBOSE1:tls_handshaker.cc(105)] TlsClient: Continuing handshake
[1596:9656:0721/200551.792:VERBOSE1:tls_handshaker.cc(105)] TlsClient: Continuing handshake
[1596:9656:0721/200551.792:VERBOSE1:tls_client_handshaker.cc(528)] Client: handshake finished
[1596:9656:0721/200825.091:VERBOSE1:network_delegate.cc(36)] NetworkDelegate::NotifyBeforeURLRequest: https://optimizationguide-pa.googleapis.com/v1:GetModels?key=dummytoken
[1596:9656:0721/200825.115:VERBOSE1:tls_handshaker.cc(105)] TlsClient: Continuing handshake
[1596:9656:0721/200825.115:VERBOSE1:tls_handshaker.cc(126)] TlsClient: SSL_do_handshake returned when entering early data. After retry, rv=-1, SSL_in_early_data=1
[1596:9656:0721/200825.151:VERBOSE1:tls_handshaker.cc(105)] TlsClient: Continuing handshake
[1596:9656:0721/200825.151:VERBOSE1:tls_handshaker.cc(105)] TlsClient: Continuing handshake
[1596:9656:0721/200825.151:VERBOSE1:tls_client_handshaker.cc(528)] Client: handshake finished
[1596:9656:0721/201119.787:VERBOSE1:network_delegate.cc(36)] NetworkDelegate::NotifyBeforeURLRequest: https://optimizationguide-pa.googleapis.com/v1:GetModels?key=dummytoken
[1596:9656:0721/201119.811:VERBOSE1:tls_handshaker.cc(105)] TlsClient: Continuing handshake
[1596:9656:0721/201119.811:VERBOSE1:tls_handshaker.cc(126)] TlsClient: SSL_do_handshake returned when entering early data. After retry, rv=-1, SSL_in_early_data=1
[1596:9656:0721/201119.850:VERBOSE1:tls_handshaker.cc(105)] TlsClient: Continuing handshake
[1596:9656:0721/201119.850:VERBOSE1:tls_handshaker.cc(105)] TlsClient: Continuing handshake
[1596:9656:0721/201119.850:VERBOSE1:tls_client_handshaker.cc(528)] Client: handshake finished
[1596:9656:0721/201414.817:VERBOSE1:network_delegate.cc(36)] NetworkDelegate::NotifyBeforeURLRequest: https://optimizationguide-pa.googleapis.com/v1:GetModels?key=dummytoken
[1596:9656:0721/201414.843:VERBOSE1:tls_handshaker.cc(105)] TlsClient: Continuing handshake
[1596:9656:0721/201414.843:VERBOSE1:tls_handshaker.cc(126)] TlsClient: SSL_do_handshake returned when entering early data. After retry, rv=-1, SSL_in_early_data=1
[1596:9656:0721/201414.880:VERBOSE1:tls_handshaker.cc(105)] TlsClient: Continuing handshake
[1596:9656:0721/201414.880:VERBOSE1:tls_handshaker.cc(105)] TlsClient: Continuing handshake
[1596:9656:0721/201414.880:VERBOSE1:tls_client_handshaker.cc(528)] Client: handshake finished
[1596:9656:0721/201703.511:VERBOSE1:network_delegate.cc(36)] NetworkDelegate::NotifyBeforeURLRequest: https://optimizationguide-pa.googleapis.com/v1:GetModels?key=dummytoken
[1596:9656:0721/201703.511:VERBOSE1:tls_handshaker.cc(105)] TlsClient: Continuing handshake
[1596:9656:0721/201703.512:VERBOSE1:tls_handshaker.cc(126)] TlsClient: SSL_do_handshake returned when entering early data. After retry, rv=-1, SSL_in_early_data=1
[1596:9656:0721/201703.554:VERBOSE1:tls_handshaker.cc(105)] TlsClient: Continuing handshake
[1596:9656:0721/201703.554:VERBOSE1:tls_handshaker.cc(105)] TlsClient: Continuing handshake
[1596:9656:0721/201703.554:VERBOSE1:tls_client_handshaker.cc(528)] Client: handshake finished
[1596:9656:0721/201944.540:VERBOSE1:network_delegate.cc(36)] NetworkDelegate::NotifyBeforeURLRequest: https://optimizationguide-pa.googleapis.com/v1:GetModels?key=dummytoken
[1596:9656:0721/201944.563:VERBOSE1:tls_handshaker.cc(105)] TlsClient: Continuing handshake
[1596:9656:0721/201944.564:VERBOSE1:tls_handshaker.cc(126)] TlsClient: SSL_do_handshake returned when entering early data. After retry, rv=-1, SSL_in_early_data=1
[1596:9656:0721/201944.604:VERBOSE1:tls_handshaker.cc(105)] TlsClient: Continuing handshake
[1596:9656:0721/201944.604:VERBOSE1:tls_handshaker.cc(105)] TlsClient: Continuing handshake
[1596:9656:0721/201944.604:VERBOSE1:tls_client_handshaker.cc(528)] Client: handshake finished
[1596:9656:0721/202230.566:VERBOSE1:network_delegate.cc(36)] NetworkDelegate::NotifyBeforeURLRequest: https://optimizationguide-pa.googleapis.com/v1:GetModels?key=dummytoken
[1596:9656:0721/202230.586:VERBOSE1:tls_handshaker.cc(105)] TlsClient: Continuing handshake
[1596:9656:0721/202230.626:VERBOSE1:tls_handshaker.cc(105)] TlsClient: Continuing handshake
[1596:9656:0721/202231.233:VERBOSE1:tls_handshaker.cc(105)] TlsClient: Continuing handshake
[1596:9656:0721/202231.233:VERBOSE1:tls_handshaker.cc(126)] TlsClient: SSL_do_handshake returned when entering early data. After retry, rv=-1, SSL_in_early_data=1
[1596:9656:0721/202231.234:VERBOSE1:tls_handshaker.cc(105)] TlsClient: Continuing handshake
[1596:9656:0721/202231.234:VERBOSE1:tls_client_handshaker.cc(528)] Client: handshake finished
[1596:9656:0721/202521.923:VERBOSE1:network_delegate.cc(36)] NetworkDelegate::NotifyBeforeURLRequest: https://optimizationguide-pa.googleapis.com/v1:GetModels?key=dummytoken
[1596:9656:0721/202521.945:VERBOSE1:tls_handshaker.cc(105)] TlsClient: Continuing handshake
[1596:9656:0721/202521.945:VERBOSE1:tls_handshaker.cc(126)] TlsClient: SSL_do_handshake returned when entering early data. After retry, rv=-1, SSL_in_early_data=1
[1596:9656:0721/202521.987:VERBOSE1:tls_handshaker.cc(105)] TlsClient: Continuing handshake
[1596:9656:0721/202521.987:VERBOSE1:tls_handshaker.cc(105)] TlsClient: Continuing handshake
[1596:9656:0721/202521.987:VERBOSE1:tls_client_handshaker.cc(528)] Client: handshake finished
[1596:9656:0721/202758.942:VERBOSE1:network_delegate.cc(36)] NetworkDelegate::NotifyBeforeURLRequest: https://optimizationguide-pa.googleapis.com/v1:GetModels?key=dummytoken
[1596:9656:0721/202758.974:VERBOSE1:tls_handshaker.cc(105)] TlsClient: Continuing handshake
[1596:9656:0721/202758.975:VERBOSE1:tls_handshaker.cc(126)] TlsClient: SSL_do_handshake returned when entering early data. After retry, rv=-1, SSL_in_early_data=1
[1596:9656:0721/202759.015:VERBOSE1:tls_handshaker.cc(105)] TlsClient: Continuing handshake
[1596:9656:0721/202759.015:VERBOSE1:tls_handshaker.cc(105)] TlsClient: Continuing handshake
[1596:9656:0721/202759.015:VERBOSE1:tls_client_handshaker.cc(528)] Client: handshake finished
[1596:9656:0721/203037.299:VERBOSE1:network_delegate.cc(36)] NetworkDelegate::NotifyBeforeURLRequest: https://optimizationguide-pa.googleapis.com/v1:GetModels?key=dummytoken
[1596:9656:0721/203037.322:VERBOSE1:tls_handshaker.cc(105)] TlsClient: Continuing handshake
[1596:9656:0721/203037.322:VERBOSE1:tls_handshaker.cc(126)] TlsClient: SSL_do_handshake returned when entering early data. After retry, rv=-1, SSL_in_early_data=1
[1596:9656:0721/203037.356:VERBOSE1:tls_handshaker.cc(105)] TlsClient: Continuing handshake
[1596:9656:0721/203037.356:VERBOSE1:tls_handshaker.cc(105)] TlsClient: Continuing handshake
[1596:9656:0721/203037.356:VERBOSE1:tls_client_handshaker.cc(528)] Client: handshake finished
[1596:9656:0721/203333.659:VERBOSE1:network_delegate.cc(36)] NetworkDelegate::NotifyBeforeURLRequest: https://optimizationguide-pa.googleapis.com/v1:GetModels?key=dummytoken
[1596:9656:0721/203333.681:VERBOSE1:tls_handshaker.cc(105)] TlsClient: Continuing handshake
[1596:9656:0721/203333.681:VERBOSE1:tls_handshaker.cc(126)] TlsClient: SSL_do_handshake returned when entering early data. After retry, rv=-1, SSL_in_early_data=1
[1596:9656:0721/203333.719:VERBOSE1:tls_handshaker.cc(105)] TlsClient: Continuing handshake
[1596:9656:0721/203333.719:VERBOSE1:tls_handshaker.cc(105)] TlsClient: Continuing handshake
[1596:9656:0721/203333.719:VERBOSE1:tls_client_handshaker.cc(528)] Client: handshake finished
[1596:9656:0721/203620.355:VERBOSE1:network_delegate.cc(36)] NetworkDelegate::NotifyBeforeURLRequest: https://optimizationguide-pa.googleapis.com/v1:GetModels?key=dummytoken
[1596:9656:0721/203620.378:VERBOSE1:tls_handshaker.cc(105)] TlsClient: Continuing handshake
[1596:9656:0721/203620.378:VERBOSE1:tls_handshaker.cc(126)] TlsClient: SSL_do_handshake returned when entering early data. After retry, rv=-1, SSL_in_early_data=1
[1596:9656:0721/203620.422:VERBOSE1:tls_handshaker.cc(105)] TlsClient: Continuing handshake
[1596:9656:0721/203620.422:VERBOSE1:tls_handshaker.cc(105)] TlsClient: Continuing handshake
[1596:9656:0721/203620.422:VERBOSE1:tls_client_handshaker.cc(528)] Client: handshake finished
[1596:9656:0721/203626.376:VERBOSE1:logging_network_change_observer.cc(90)] Observed a change to the network IP addresses
[1596:9656:0721/203626.385:VERBOSE1:logging_network_change_observer.cc(90)] Observed a change to the network IP addresses
[1596:9656:0721/203627.400:VERBOSE1:logging_network_change_observer.cc(100)] Observed a change to network connectivity state CONNECTION_ETHERNET
[1596:9656:0721/203627.906:VERBOSE1:logging_network_change_observer.cc(113)] Observed a network change to state CONNECTION_NONE
[1596:9656:0721/203627.906:VERBOSE1:logging_network_change_observer.cc(113)] Observed a network change to state CONNECTION_ETHERNET
[1596:9656:0721/203628.393:VERBOSE1:configured_proxy_resolution_service.cc(1162)] Failed configuring with PAC script, falling-back to manual proxy servers.
[1596:9656:0721/203628.393:VERBOSE1:configured_proxy_resolution_service.cc(1162)] Failed configuring with PAC script, falling-back to manual proxy servers.
[1596:9656:0721/203628.394:VERBOSE1:configured_proxy_resolution_service.cc(1162)] Failed configuring with PAC script, falling-back to manual proxy servers.
[1596:9656:0721/203629.691:VERBOSE1:network_delegate.cc(36)] NetworkDelegate::NotifyBeforeURLRequest: http://192.168.0.3:8060/dial/dd.xml
[7080:4084:0721/203631.358:VERBOSE1:mdns_client_impl.cc(201)] Sockets ready:2
[7080:19176:0721/203631.691:VERBOSE1:service_discovery_device_lister.cc(54)] OnServiceUpdated: service_type: _googlecast._tcp.local, service_name: , update: 3
[7080:19176:0721/203631.691:VERBOSE1:service_discovery_device_lister.cc(42)] DiscoverNewDevices: service_type: _googlecast._tcp.local
[7080:19176:0721/203631.691:VERBOSE1:service_discovery_device_lister.cc(42)] DiscoverNewDevices: service_type: _googlecast._tcp.local
[1596:9656:0721/203632.878:VERBOSE1:logging_network_change_observer.cc(90)] Observed a change to the network IP addresses
[1596:9656:0721/203633.885:VERBOSE1:logging_network_change_observer.cc(100)] Observed a change to network connectivity state CONNECTION_ETHERNET
[1596:9656:0721/203634.405:VERBOSE1:logging_network_change_observer.cc(113)] Observed a network change to state CONNECTION_NONE
[1596:9656:0721/203634.405:VERBOSE1:logging_network_change_observer.cc(113)] Observed a network change to state CONNECTION_ETHERNET
[1596:9656:0721/203634.902:VERBOSE1:configured_proxy_resolution_service.cc(1162)] Failed configuring with PAC script, falling-back to manual proxy servers.
[1596:9656:0721/203634.903:VERBOSE1:configured_proxy_resolution_service.cc(1162)] Failed configuring with PAC script, falling-back to manual proxy servers.
[1596:9656:0721/203634.903:VERBOSE1:configured_proxy_resolution_service.cc(1162)] Failed configuring with PAC script, falling-back to manual proxy servers.
[1596:9656:0721/203636.696:VERBOSE1:network_delegate.cc(36)] NetworkDelegate::NotifyBeforeURLRequest: http://192.168.0.3:8060/dial/dd.xml
[7080:4084:0721/203638.024:VERBOSE1:mdns_client_impl.cc(201)] Sockets ready:2
[7080:19176:0721/203638.357:VERBOSE1:service_discovery_device_lister.cc(54)] OnServiceUpdated: service_type: _googlecast._tcp.local, service_name: , update: 3
[7080:19176:0721/203638.357:VERBOSE1:service_discovery_device_lister.cc(42)] DiscoverNewDevices: service_type: _googlecast._tcp.local
[7080:19176:0721/203638.357:VERBOSE1:service_discovery_device_lister.cc(42)] DiscoverNewDevices: service_type: _googlecast._tcp.local
[1596:9656:0721/203900.718:VERBOSE1:network_delegate.cc(36)] NetworkDelegate::NotifyBeforeURLRequest: https://optimizationguide-pa.googleapis.com/v1:GetModels?key=dummytoken
[1596:9656:0721/203900.748:VERBOSE1:tls_handshaker.cc(105)] TlsClient: Continuing handshake
[1596:9656:0721/203900.749:VERBOSE1:tls_handshaker.cc(126)] TlsClient: SSL_do_handshake returned when entering early data. After retry, rv=-1, SSL_in_early_data=1
[1596:9656:0721/203900.789:VERBOSE1:tls_handshaker.cc(105)] TlsClient: Continuing handshake
[1596:9656:0721/203900.789:VERBOSE1:tls_handshaker.cc(105)] TlsClient: Continuing handshake
[1596:9656:0721/203900.789:VERBOSE1:tls_client_handshaker.cc(528)] Client: handshake finished
[1596:9656:0721/204142.740:VERBOSE1:network_delegate.cc(36)] NetworkDelegate::NotifyBeforeURLRequest: https://optimizationguide-pa.googleapis.com/v1:GetModels?key=dummytoken
[1596:9656:0721/204142.740:VERBOSE1:tls_handshaker.cc(105)] TlsClient: Continuing handshake
[1596:9656:0721/204142.741:VERBOSE1:tls_handshaker.cc(126)] TlsClient: SSL_do_handshake returned when entering early data. After retry, rv=-1, SSL_in_early_data=1
[1596:9656:0721/204142.784:VERBOSE1:tls_handshaker.cc(105)] TlsClient: Continuing handshake
[1596:9656:0721/204142.784:VERBOSE1:tls_handshaker.cc(105)] TlsClient: Continuing handshake
[1596:9656:0721/204142.784:VERBOSE1:tls_client_handshaker.cc(528)] Client: handshake finished
[1596:9656:0721/204439.098:VERBOSE1:network_delegate.cc(36)] NetworkDelegate::NotifyBeforeURLRequest: https://optimizationguide-pa.googleapis.com/v1:GetModels?key=dummytoken
[1596:9656:0721/204439.123:VERBOSE1:tls_handshaker.cc(105)] TlsClient: Continuing handshake
[1596:9656:0721/204439.124:VERBOSE1:tls_handshaker.cc(126)] TlsClient: SSL_do_handshake returned when entering early data. After retry, rv=-1, SSL_in_early_data=1
[1596:9656:0721/204439.164:VERBOSE1:tls_handshaker.cc(105)] TlsClient: Continuing handshake
[1596:9656:0721/204439.164:VERBOSE1:tls_handshaker.cc(105)] TlsClient: Continuing handshake
[1596:9656:0721/204439.164:VERBOSE1:tls_client_handshaker.cc(528)] Client: handshake finished
[1596:9656:0721/204714.126:VERBOSE1:network_delegate.cc(36)] NetworkDelegate::NotifyBeforeURLRequest: https://optimizationguide-pa.googleapis.com/v1:GetModels?key=dummytoken
[1596:9656:0721/204714.126:VERBOSE1:tls_handshaker.cc(105)] TlsClient: Continuing handshake
[1596:9656:0721/204714.126:VERBOSE1:tls_handshaker.cc(126)] TlsClient: SSL_do_handshake returned when entering early data. After retry, rv=-1, SSL_in_early_data=1
[1596:9656:0721/204714.164:VERBOSE1:tls_handshaker.cc(105)] TlsClient: Continuing handshake
[1596:9656:0721/204714.164:VERBOSE1:tls_handshaker.cc(105)] TlsClient: Continuing handshake
[1596:9656:0721/204714.164:VERBOSE1:tls_client_handshaker.cc(528)] Client: handshake finished
[7080:19176:0721/204729.793:VERBOSE1:profile_manager.cc(1325)] AddKeepAlive(Default, kExtensionUpdater). keep_alives=[kWaitingForFirstBrowserWindow (1), kAppWindow (1), kExtensionUpdater (1)]
[7080:19176:0721/204729.793:VERBOSE1:profile_manager.cc(1377)] RemoveKeepAlive(Default, kExtensionUpdater). keep_alives=[kWaitingForFirstBrowserWindow (1), kAppWindow (1)]
[1596:9656:0721/205002.146:VERBOSE1:network_delegate.cc(36)] NetworkDelegate::NotifyBeforeURLRequest: https://optimizationguide-pa.googleapis.com/v1:GetModels?key=dummytoken
[1596:9656:0721/205002.171:VERBOSE1:tls_handshaker.cc(105)] TlsClient: Continuing handshake
[1596:9656:0721/205002.171:VERBOSE1:tls_handshaker.cc(126)] TlsClient: SSL_do_handshake returned when entering early data. After retry, rv=-1, SSL_in_early_data=1
[1596:9656:0721/205002.211:VERBOSE1:tls_handshaker.cc(105)] TlsClient: Continuing handshake
[1596:9656:0721/205002.211:VERBOSE1:tls_handshaker.cc(105)] TlsClient: Continuing handshake
[1596:9656:0721/205002.211:VERBOSE1:tls_client_handshaker.cc(528)] Client: handshake finished
[1596:9656:0721/205233.501:VERBOSE1:network_delegate.cc(36)] NetworkDelegate::NotifyBeforeURLRequest: https://optimizationguide-pa.googleapis.com/v1:GetModels?key=dummytoken
[1596:9656:0721/205233.502:VERBOSE1:tls_handshaker.cc(105)] TlsClient: Continuing handshake
[1596:9656:0721/205233.542:VERBOSE1:tls_handshaker.cc(105)] TlsClient: Continuing handshake
[1596:9656:0721/205234.168:VERBOSE1:tls_handshaker.cc(105)] TlsClient: Continuing handshake
[1596:9656:0721/205234.168:VERBOSE1:tls_handshaker.cc(126)] TlsClient: SSL_do_handshake returned when entering early data. After retry, rv=-1, SSL_in_early_data=1
[1596:9656:0721/205234.168:VERBOSE1:tls_handshaker.cc(105)] TlsClient: Continuing handshake
[1596:9656:0721/205234.168:VERBOSE1:tls_client_handshaker.cc(528)] Client: handshake finished
[1596:9656:0721/205509.191:VERBOSE1:network_delegate.cc(36)] NetworkDelegate::NotifyBeforeURLRequest: https://optimizationguide-pa.googleapis.com/v1:GetModels?key=dummytoken
[1596:9656:0721/205509.214:VERBOSE1:tls_handshaker.cc(105)] TlsClient: Continuing handshake
[1596:9656:0721/205509.215:VERBOSE1:tls_handshaker.cc(126)] TlsClient: SSL_do_handshake returned when entering early data. After retry, rv=-1, SSL_in_early_data=1
[1596:9656:0721/205509.255:VERBOSE1:tls_handshaker.cc(105)] TlsClient: Continuing handshake
[1596:9656:0721/205509.255:VERBOSE1:tls_handshaker.cc(105)] TlsClient: Continuing handshake
[1596:9656:0721/205509.255:VERBOSE1:tls_client_handshaker.cc(528)] Client: handshake finished
[1596:9656:0721/205756.211:VERBOSE1:network_delegate.cc(36)] NetworkDelegate::NotifyBeforeURLRequest: https://optimizationguide-pa.googleapis.com/v1:GetModels?key=dummytoken
[1596:9656:0721/205756.233:VERBOSE1:tls_handshaker.cc(105)] TlsClient: Continuing handshake
[1596:9656:0721/205756.234:VERBOSE1:tls_handshaker.cc(126)] TlsClient: SSL_do_handshake returned when entering early data. After retry, rv=-1, SSL_in_early_data=1
[1596:9656:0721/205756.273:VERBOSE1:tls_handshaker.cc(105)] TlsClient: Continuing handshake
[1596:9656:0721/205756.273:VERBOSE1:tls_handshaker.cc(105)] TlsClient: Continuing handshake
[1596:9656:0721/205756.273:VERBOSE1:tls_client_handshaker.cc(528)] Client: handshake finished
[1596:9656:0721/210034.573:VERBOSE1:network_delegate.cc(36)] NetworkDelegate::NotifyBeforeURLRequest: https://optimizationguide-pa.googleapis.com/v1:GetModels?key=dummytoken
[1596:9656:0721/210034.598:VERBOSE1:tls_handshaker.cc(105)] TlsClient: Continuing handshake
[1596:9656:0721/210034.599:VERBOSE1:tls_handshaker.cc(126)] TlsClient: SSL_do_handshake returned when entering early data. After retry, rv=-1, SSL_in_early_data=1
[1596:9656:0721/210034.638:VERBOSE1:tls_handshaker.cc(105)] TlsClient: Continuing handshake
[1596:9656:0721/210034.638:VERBOSE1:tls_handshaker.cc(105)] TlsClient: Continuing handshake
[1596:9656:0721/210034.638:VERBOSE1:tls_client_handshaker.cc(528)] Client: handshake finished
[1596:9656:0721/210318.602:VERBOSE1:network_delegate.cc(36)] NetworkDelegate::NotifyBeforeURLRequest: https://optimizationguide-pa.googleapis.com/v1:GetModels?key=dummytoken
[1596:9656:0721/210318.603:VERBOSE1:tls_handshaker.cc(105)] TlsClient: Continuing handshake
[1596:9656:0721/210318.603:VERBOSE1:tls_handshaker.cc(126)] TlsClient: SSL_do_handshake returned when entering early data. After retry, rv=-1, SSL_in_early_data=1
[1596:9656:0721/210318.641:VERBOSE1:tls_handshaker.cc(105)] TlsClient: Continuing handshake
[1596:9656:0721/210318.641:VERBOSE1:tls_handshaker.cc(105)] TlsClient: Continuing handshake
[1596:9656:0721/210318.641:VERBOSE1:tls_client_handshaker.cc(528)] Client: handshake finished
[1596:9656:0721/210602.959:VERBOSE1:network_delegate.cc(36)] NetworkDelegate::NotifyBeforeURLRequest: https://optimizationguide-pa.googleapis.com/v1:GetModels?key=dummytoken
[1596:9656:0721/210602.983:VERBOSE1:tls_handshaker.cc(105)] TlsClient: Continuing handshake
[1596:9656:0721/210602.983:VERBOSE1:tls_handshaker.cc(126)] TlsClient: SSL_do_handshake returned when entering early data. After retry, rv=-1, SSL_in_early_data=1
[1596:9656:0721/210603.023:VERBOSE1:tls_handshaker.cc(105)] TlsClient: Continuing handshake
[1596:9656:0721/210603.023:VERBOSE1:tls_handshaker.cc(105)] TlsClient: Continuing handshake
[1596:9656:0721/210603.023:VERBOSE1:tls_client_handshaker.cc(528)] Client: handshake finished
[1596:9656:0721/210855.979:VERBOSE1:network_delegate.cc(36)] NetworkDelegate::NotifyBeforeURLRequest: https://optimizationguide-pa.googleapis.com/v1:GetModels?key=dummytoken
[1596:9656:0721/210856.005:VERBOSE1:tls_handshaker.cc(105)] TlsClient: Continuing handshake
[1596:9656:0721/210856.006:VERBOSE1:tls_handshaker.cc(126)] TlsClient: SSL_do_handshake returned when entering early data. After retry, rv=-1, SSL_in_early_data=1
[1596:9656:0721/210856.042:VERBOSE1:tls_handshaker.cc(105)] TlsClient: Continuing handshake
[1596:9656:0721/210856.042:VERBOSE1:tls_handshaker.cc(105)] TlsClient: Continuing handshake
[1596:9656:0721/210856.043:VERBOSE1:tls_client_handshaker.cc(528)] Client: handshake finished
[1596:9656:0721/211149.677:VERBOSE1:network_delegate.cc(36)] NetworkDelegate::NotifyBeforeURLRequest: https://optimizationguide-pa.googleapis.com/v1:GetModels?key=dummytoken
[1596:9656:0721/211149.677:VERBOSE1:tls_handshaker.cc(105)] TlsClient: Continuing handshake
[1596:9656:0721/211149.678:VERBOSE1:tls_handshaker.cc(126)] TlsClient: SSL_do_handshake returned when entering early data. After retry, rv=-1, SSL_in_early_data=1
[1596:9656:0721/211149.717:VERBOSE1:tls_handshaker.cc(105)] TlsClient: Continuing handshake
[1596:9656:0721/211149.717:VERBOSE1:tls_handshaker.cc(105)] TlsClient: Continuing handshake
[1596:9656:0721/211149.717:VERBOSE1:tls_client_handshaker.cc(528)] Client: handshake finished
[1596:9656:0721/211431.369:VERBOSE1:network_delegate.cc(36)] NetworkDelegate::NotifyBeforeURLRequest: https://optimizationguide-pa.googleapis.com/v1:GetModels?key=dummytoken
[1596:9656:0721/211431.392:VERBOSE1:tls_handshaker.cc(105)] TlsClient: Continuing handshake
[1596:9656:0721/211431.392:VERBOSE1:tls_handshaker.cc(126)] TlsClient: SSL_do_handshake returned when entering early data. After retry, rv=-1, SSL_in_early_data=1
[1596:9656:0721/211431.427:VERBOSE1:tls_handshaker.cc(105)] TlsClient: Continuing handshake
[1596:9656:0721/211431.427:VERBOSE1:tls_handshaker.cc(105)] TlsClient: Continuing handshake
[1596:9656:0721/211431.427:VERBOSE1:tls_client_handshaker.cc(528)] Client: handshake finished
[1596:9656:0721/211707.057:VERBOSE1:network_delegate.cc(36)] NetworkDelegate::NotifyBeforeURLRequest: https://optimizationguide-pa.googleapis.com/v1:GetModels?key=dummytoken
[1596:9656:0721/211707.083:VERBOSE1:tls_handshaker.cc(105)] TlsClient: Continuing handshake
[1596:9656:0721/211707.083:VERBOSE1:tls_handshaker.cc(126)] TlsClient: SSL_do_handshake returned when entering early data. After retry, rv=-1, SSL_in_early_data=1
[1596:9656:0721/211707.121:VERBOSE1:tls_handshaker.cc(105)] TlsClient: Continuing handshake
[1596:9656:0721/211707.121:VERBOSE1:tls_handshaker.cc(105)] TlsClient: Continuing handshake
[1596:9656:0721/211707.121:VERBOSE1:tls_client_handshaker.cc(528)] Client: handshake finished
[1596:9656:0721/211959.086:VERBOSE1:network_delegate.cc(36)] NetworkDelegate::NotifyBeforeURLRequest: https://optimizationguide-pa.googleapis.com/v1:GetModels?key=dummytoken
[1596:9656:0721/211959.110:VERBOSE1:tls_handshaker.cc(105)] TlsClient: Continuing handshake
[1596:9656:0721/211959.110:VERBOSE1:tls_handshaker.cc(126)] TlsClient: SSL_do_handshake returned when entering early data. After retry, rv=-1, SSL_in_early_data=1
[1596:9656:0721/211959.152:VERBOSE1:tls_handshaker.cc(105)] TlsClient: Continuing handshake
[1596:9656:0721/211959.152:VERBOSE1:tls_handshaker.cc(105)] TlsClient: Continuing handshake
[1596:9656:0721/211959.152:VERBOSE1:tls_client_handshaker.cc(528)] Client: handshake finished
[1596:9656:0721/212259.123:VERBOSE1:network_delegate.cc(36)] NetworkDelegate::NotifyBeforeURLRequest: https://optimizationguide-pa.googleapis.com/v1:GetModels?key=dummytoken
[1596:9656:0721/212259.146:VERBOSE1:tls_handshaker.cc(105)] TlsClient: Continuing handshake
[1596:9656:0721/212259.184:VERBOSE1:tls_handshaker.cc(105)] TlsClient: Continuing handshake
[1596:9656:0721/212259.789:VERBOSE1:tls_handshaker.cc(105)] TlsClient: Continuing handshake
[1596:9656:0721/212259.789:VERBOSE1:tls_handshaker.cc(126)] TlsClient: SSL_do_handshake returned when entering early data. After retry, rv=-1, SSL_in_early_data=1
[1596:9656:0721/212259.789:VERBOSE1:tls_handshaker.cc(105)] TlsClient: Continuing handshake
[1596:9656:0721/212259.789:VERBOSE1:tls_client_handshaker.cc(528)] Client: handshake finished
[1596:9656:0721/212542.821:VERBOSE1:network_delegate.cc(36)] NetworkDelegate::NotifyBeforeURLRequest: https://optimizationguide-pa.googleapis.com/v1:GetModels?key=dummytoken
[1596:9656:0721/212542.844:VERBOSE1:tls_handshaker.cc(105)] TlsClient: Continuing handshake
[1596:9656:0721/212542.845:VERBOSE1:tls_handshaker.cc(126)] TlsClient: SSL_do_handshake returned when entering early data. After retry, rv=-1, SSL_in_early_data=1
[1596:9656:0721/212542.885:VERBOSE1:tls_handshaker.cc(105)] TlsClient: Continuing handshake
[1596:9656:0721/212542.885:VERBOSE1:tls_handshaker.cc(105)] TlsClient: Continuing handshake
[1596:9656:0721/212542.885:VERBOSE1:tls_client_handshaker.cc(528)] Client: handshake finished
[7080:4084:0721/212702.531:VERBOSE1:media_stream_manager.cc(1533)] video capture: VideoCaptureManager::OnScreenUnlocked
[1596:9656:0721/212817.182:VERBOSE1:network_delegate.cc(36)] NetworkDelegate::NotifyBeforeURLRequest: https://optimizationguide-pa.googleapis.com/v1:GetModels?key=dummytoken
[1596:9656:0721/212817.208:VERBOSE1:tls_handshaker.cc(105)] TlsClient: Continuing handshake
[1596:9656:0721/212817.209:VERBOSE1:tls_handshaker.cc(126)] TlsClient: SSL_do_handshake returned when entering early data. After retry, rv=-1, SSL_in_early_data=1
[1596:9656:0721/212817.253:VERBOSE1:tls_handshaker.cc(105)] TlsClient: Continuing handshake
[1596:9656:0721/212817.253:VERBOSE1:tls_handshaker.cc(105)] TlsClient: Continuing handshake
[1596:9656:0721/212817.253:VERBOSE1:tls_client_handshaker.cc(528)] Client: handshake finished
[7080:19176:0721/212826.213:VERBOSE1:device_event_log_impl.cc(198)] [21:28:26.213] Display: EVENT: screen_win.cc:893 Displays updated, count: 2
[7080:19176:0721/212826.213:VERBOSE1:device_event_log_impl.cc(198)] [21:28:26.213] Display: EVENT: screen_win.cc:895 Display[3903145113] bounds=[0,0 1920x1080], workarea=[0,0 1920x1032], scale=1, rotation=0, panel_rotation=0 external detected
[7080:19176:0721/212826.213:VERBOSE1:device_event_log_impl.cc(198)] [21:28:26.213] Display: EVENT: screen_win.cc:895 Display[2335996943] bounds=[1920,0 1920x1080], workarea=[1920,0 1920x1032], scale=1, rotation=0, panel_rotation=0 external detected
[7080:19176:0721/212844.037:VERBOSE1:device_event_log_impl.cc(198)] [21:28:44.037] Display: EVENT: screen_win.cc:893 Displays updated, count: 2
[7080:19176:0721/212844.037:VERBOSE1:device_event_log_impl.cc(198)] [21:28:44.037] Display: EVENT: screen_win.cc:895 Display[3903145113] bounds=[0,0 1920x1080], workarea=[0,0 1920x1032], scale=1, rotation=0, panel_rotation=0 external detected
[7080:19176:0721/212844.037:VERBOSE1:device_event_log_impl.cc(198)] [21:28:44.037] Display: EVENT: screen_win.cc:895 Display[2335996943] bounds=[1920,0 1920x1080], workarea=[1920,0 1920x1032], scale=1, rotation=0, panel_rotation=0 external detected
[7080:19176:0721/213044.928:VERBOSE1:device_event_log_impl.cc(198)] [21:30:44.928] Display: EVENT: screen_win.cc:893 Displays updated, count: 2
[7080:19176:0721/213044.928:VERBOSE1:device_event_log_impl.cc(198)] [21:30:44.929] Display: EVENT: screen_win.cc:895 Display[3903145113] bounds=[0,0 1920x1080], workarea=[0,0 1920x1032], scale=1, rotation=0, panel_rotation=0 external detected
[7080:19176:0721/213044.928:VERBOSE1:device_event_log_impl.cc(198)] [21:30:44.929] Display: EVENT: screen_win.cc:895 Display[2335996943] bounds=[1920,0 1920x1080], workarea=[1920,0 1920x1032], scale=1, rotation=0, panel_rotation=0 external detected
[1596:9656:0721/213049.971:VERBOSE1:network_delegate.cc(36)] NetworkDelegate::NotifyBeforeURLRequest: https://optimizationguide-pa.googleapis.com/v1:GetModels?key=dummytoken
[1596:9656:0721/213049.988:VERBOSE1:tls_handshaker.cc(105)] TlsClient: Continuing handshake
[1596:9656:0721/213049.989:VERBOSE1:tls_handshaker.cc(126)] TlsClient: SSL_do_handshake returned when entering early data. After retry, rv=-1, SSL_in_early_data=1
[1596:9656:0721/213050.025:VERBOSE1:tls_handshaker.cc(105)] TlsClient: Continuing handshake
[1596:9656:0721/213050.025:VERBOSE1:tls_handshaker.cc(105)] TlsClient: Continuing handshake
[1596:9656:0721/213050.025:VERBOSE1:tls_client_handshaker.cc(528)] Client: handshake finished
[7080:19176:0721/213216.978:VERBOSE1:device_event_log_impl.cc(198)] [21:32:16.978] Display: EVENT: screen_win.cc:893 Displays updated, count: 2
[7080:19176:0721/213216.978:VERBOSE1:device_event_log_impl.cc(198)] [21:32:16.978] Display: EVENT: screen_win.cc:895 Display[3903145113] bounds=[0,0 1920x1080], workarea=[0,0 1920x1032], scale=1, rotation=0, panel_rotation=0 external detected
[7080:19176:0721/213216.978:VERBOSE1:device_event_log_impl.cc(198)] [21:32:16.978] Display: EVENT: screen_win.cc:895 Display[2335996943] bounds=[1920,0 1920x1080], workarea=[1920,0 1920x1032], scale=1, rotation=0, panel_rotation=0 external detected
[7080:19176:0721/213227.873:VERBOSE1:device_event_log_impl.cc(198)] [21:32:27.873] Display: EVENT: screen_win.cc:893 Displays updated, count: 2
[7080:19176:0721/213227.873:VERBOSE1:device_event_log_impl.cc(198)] [21:32:27.873] Display: EVENT: screen_win.cc:895 Display[3903145113] bounds=[0,0 1920x1080], workarea=[0,0 1920x1032], scale=1, rotation=0, panel_rotation=0 external detected
[7080:19176:0721/213227.873:VERBOSE1:device_event_log_impl.cc(198)] [21:32:27.873] Display: EVENT: screen_win.cc:895 Display[2335996943] bounds=[1920,0 1920x1080], workarea=[1920,0 1920x1032], scale=1, rotation=0, panel_rotation=0 external detected
[7080:19176:0721/213242.075:VERBOSE1:device_event_log_impl.cc(198)] [21:32:42.075] Display: EVENT: screen_win.cc:893 Displays updated, count: 2
[7080:19176:0721/213242.075:VERBOSE1:device_event_log_impl.cc(198)] [21:32:42.075] Display: EVENT: screen_win.cc:895 Display[3903145113] bounds=[0,0 1920x1080], workarea=[0,0 1920x1032], scale=1, rotation=0, panel_rotation=0 external detected
[7080:19176:0721/213242.075:VERBOSE1:device_event_log_impl.cc(198)] [21:32:42.075] Display: EVENT: screen_win.cc:895 Display[2335996943] bounds=[1920,0 1920x1080], workarea=[1920,0 1920x1032], scale=1, rotation=0, panel_rotation=0 external detected
[7080:19176:0721/213251.395:VERBOSE1:device_event_log_impl.cc(198)] [21:32:51.396] Display: EVENT: screen_win.cc:893 Displays updated, count: 2
[7080:19176:0721/213251.395:VERBOSE1:device_event_log_impl.cc(198)] [21:32:51.396] Display: EVENT: screen_win.cc:895 Display[3903145113] bounds=[0,0 1920x1080], workarea=[0,0 1920x1032], scale=1, rotation=0, panel_rotation=0 external detected
[7080:19176:0721/213251.395:VERBOSE1:device_event_log_impl.cc(198)] [21:32:51.396] Display: EVENT: screen_win.cc:895 Display[2335996943] bounds=[1920,0 1920x1080], workarea=[1920,0 1920x1032], scale=1, rotation=0, panel_rotation=0 external detected
[7080:19176:0721/213332.558:VERBOSE1:device_event_log_impl.cc(198)] [21:33:32.557] Display: EVENT: screen_win.cc:893 Displays updated, count: 2
[7080:19176:0721/213332.558:VERBOSE1:device_event_log_impl.cc(198)] [21:33:32.558] Display: EVENT: screen_win.cc:895 Display[3903145113] bounds=[0,0 1920x1080], workarea=[0,0 1920x1032], scale=1, rotation=0, panel_rotation=0 external detected
[7080:19176:0721/213332.558:VERBOSE1:device_event_log_impl.cc(198)] [21:33:32.558] Display: EVENT: screen_win.cc:895 Display[2335996943] bounds=[1920,0 1920x1080], workarea=[1920,0 1920x1032], scale=1, rotation=0, panel_rotation=0 external detected
[1596:9656:0721/213339.245:VERBOSE1:network_delegate.cc(36)] NetworkDelegate::NotifyBeforeURLRequest: https://optimizationguide-pa.googleapis.com/v1:GetModels?key=dummytoken
[1596:9656:0721/213339.265:VERBOSE1:tls_handshaker.cc(105)] TlsClient: Continuing handshake
[1596:9656:0721/213339.266:VERBOSE1:tls_handshaker.cc(126)] TlsClient: SSL_do_handshake returned when entering early data. After retry, rv=-1, SSL_in_early_data=1
[1596:9656:0721/213339.311:VERBOSE1:tls_handshaker.cc(105)] TlsClient: Continuing handshake
[1596:9656:0721/213339.311:VERBOSE1:tls_handshaker.cc(105)] TlsClient: Continuing handshake
[1596:9656:0721/213339.311:VERBOSE1:tls_client_handshaker.cc(528)] Client: handshake finished
[7080:19176:0721/213421.659:VERBOSE1:device_event_log_impl.cc(198)] [21:34:21.660] Display: EVENT: screen_win.cc:893 Displays updated, count: 2
[7080:19176:0721/213421.659:VERBOSE1:device_event_log_impl.cc(198)] [21:34:21.660] Display: EVENT: screen_win.cc:895 Display[3903145113] bounds=[0,0 1920x1080], workarea=[0,0 1920x1032], scale=1, rotation=0, panel_rotation=0 external detected
[7080:19176:0721/213421.659:VERBOSE1:device_event_log_impl.cc(198)] [21:34:21.660] Display: EVENT: screen_win.cc:895 Display[2335996943] bounds=[1920,0 1920x1080], workarea=[1920,0 1920x1032], scale=1, rotation=0, panel_rotation=0 external detected
[1596:9656:0721/213618.335:VERBOSE1:network_delegate.cc(36)] NetworkDelegate::NotifyBeforeURLRequest: https://optimizationguide-pa.googleapis.com/v1:GetModels?key=dummytoken
[1596:9656:0721/213618.357:VERBOSE1:tls_handshaker.cc(105)] TlsClient: Continuing handshake
[1596:9656:0721/213618.357:VERBOSE1:tls_handshaker.cc(126)] TlsClient: SSL_do_handshake returned when entering early data. After retry, rv=-1, SSL_in_early_data=1
[1596:9656:0721/213618.399:VERBOSE1:tls_handshaker.cc(105)] TlsClient: Continuing handshake
[1596:9656:0721/213618.399:VERBOSE1:tls_handshaker.cc(105)] TlsClient: Continuing handshake
[1596:9656:0721/213618.399:VERBOSE1:tls_client_handshaker.cc(528)] Client: handshake finished
[7080:19176:0721/213644.806:VERBOSE1:device_event_log_impl.cc(198)] [21:36:44.806] Display: EVENT: screen_win.cc:893 Displays updated, count: 2
[7080:19176:0721/213644.806:VERBOSE1:device_event_log_impl.cc(198)] [21:36:44.806] Display: EVENT: screen_win.cc:895 Display[3903145113] bounds=[0,0 1920x1080], workarea=[0,0 1920x1032], scale=1, rotation=0, panel_rotation=0 external detected
[7080:19176:0721/213644.806:VERBOSE1:device_event_log_impl.cc(198)] [21:36:44.806] Display: EVENT: screen_win.cc:895 Display[2335996943] bounds=[1920,0 1920x1080], workarea=[1920,0 1920x1032], scale=1, rotation=0, panel_rotation=0 external detected
[7080:19176:0721/213755.879:VERBOSE1:device_event_log_impl.cc(198)] [21:37:55.879] Display: EVENT: screen_win.cc:893 Displays updated, count: 2
[7080:19176:0721/213755.879:VERBOSE1:device_event_log_impl.cc(198)] [21:37:55.879] Display: EVENT: screen_win.cc:895 Display[3903145113] bounds=[0,0 1920x1080], workarea=[0,0 1920x1032], scale=1, rotation=0, panel_rotation=0 external detected
[7080:19176:0721/213755.879:VERBOSE1:device_event_log_impl.cc(198)] [21:37:55.879] Display: EVENT: screen_win.cc:895 Display[2335996943] bounds=[1920,0 1920x1080], workarea=[1920,0 1920x1032], scale=1, rotation=0, panel_rotation=0 external detected
[7080:19176:0721/213805.348:VERBOSE1:device_event_log_impl.cc(198)] [21:38:05.349] Display: EVENT: screen_win.cc:893 Displays updated, count: 2
[7080:19176:0721/213805.348:VERBOSE1:device_event_log_impl.cc(198)] [21:38:05.349] Display: EVENT: screen_win.cc:895 Display[3903145113] bounds=[0,0 1920x1080], workarea=[0,0 1920x1032], scale=1, rotation=0, panel_rotation=0 external detected
[7080:19176:0721/213805.348:VERBOSE1:device_event_log_impl.cc(198)] [21:38:05.349] Display: EVENT: screen_win.cc:895 Display[2335996943] bounds=[1920,0 1920x1080], workarea=[1920,0 1920x1032], scale=1, rotation=0, panel_rotation=0 external detected
[1596:9656:0721/213854.846:VERBOSE1:network_delegate.cc(36)] NetworkDelegate::NotifyBeforeURLRequest: https://optimizationguide-pa.googleapis.com/v1:GetModels?key=dummytoken
[1596:9656:0721/213854.879:VERBOSE1:tls_handshaker.cc(105)] TlsClient: Continuing handshake
[1596:9656:0721/213854.879:VERBOSE1:tls_handshaker.cc(126)] TlsClient: SSL_do_handshake returned when entering early data. After retry, rv=-1, SSL_in_early_data=1
[1596:9656:0721/213854.915:VERBOSE1:tls_handshaker.cc(105)] TlsClient: Continuing handshake
[1596:9656:0721/213854.915:VERBOSE1:tls_handshaker.cc(105)] TlsClient: Continuing handshake
[1596:9656:0721/213854.915:VERBOSE1:tls_client_handshaker.cc(528)] Client: handshake finished
[7080:19176:0721/214001.725:VERBOSE1:device_event_log_impl.cc(198)] [21:40:01.725] Display: EVENT: screen_win.cc:893 Displays updated, count: 2
[7080:19176:0721/214001.725:VERBOSE1:device_event_log_impl.cc(198)] [21:40:01.725] Display: EVENT: screen_win.cc:895 Display[3903145113] bounds=[0,0 1920x1080], workarea=[0,0 1920x1032], scale=1, rotation=0, panel_rotation=0 external detected
[7080:19176:0721/214001.725:VERBOSE1:device_event_log_impl.cc(198)] [21:40:01.725] Display: EVENT: screen_win.cc:895 Display[2335996943] bounds=[1920,0 1920x1080], workarea=[1920,0 1920x1032], scale=1, rotation=0, panel_rotation=0 external detected
[7080:19176:0721/214055.487:VERBOSE1:device_event_log_impl.cc(198)] [21:40:55.487] Display: EVENT: screen_win.cc:893 Displays updated, count: 2
[7080:19176:0721/214055.487:VERBOSE1:device_event_log_impl.cc(198)] [21:40:55.488] Display: EVENT: screen_win.cc:895 Display[3903145113] bounds=[0,0 1920x1080], workarea=[0,0 1920x1032], scale=1, rotation=0, panel_rotation=0 external detected
[7080:19176:0721/214055.487:VERBOSE1:device_event_log_impl.cc(198)] [21:40:55.488] Display: EVENT: screen_win.cc:895 Display[2335996943] bounds=[1920,0 1920x1080], workarea=[1920,0 1920x1032], scale=1, rotation=0, panel_rotation=0 external detected
[1596:9656:0721/214144.843:VERBOSE1:network_delegate.cc(36)] NetworkDelegate::NotifyBeforeURLRequest: https://optimizationguide-pa.googleapis.com/v1:GetModels?key=dummytoken
[1596:9656:0721/214144.861:VERBOSE1:tls_handshaker.cc(105)] TlsClient: Continuing handshake
[1596:9656:0721/214144.862:VERBOSE1:tls_handshaker.cc(126)] TlsClient: SSL_do_handshake returned when entering early data. After retry, rv=-1, SSL_in_early_data=1
[1596:9656:0721/214144.898:VERBOSE1:tls_handshaker.cc(105)] TlsClient: Continuing handshake
[1596:9656:0721/214144.898:VERBOSE1:tls_handshaker.cc(105)] TlsClient: Continuing handshake
[1596:9656:0721/214144.898:VERBOSE1:tls_client_handshaker.cc(528)] Client: handshake finished
[7080:19176:0721/214159.739:VERBOSE1:device_event_log_impl.cc(198)] [21:41:59.740] Display: EVENT: screen_win.cc:893 Displays updated, count: 2
[7080:19176:0721/214159.739:VERBOSE1:device_event_log_impl.cc(198)] [21:41:59.740] Display: EVENT: screen_win.cc:895 Display[3903145113] bounds=[0,0 1920x1080], workarea=[0,0 1920x1032], scale=1, rotation=0, panel_rotation=0 external detected
[7080:19176:0721/214159.739:VERBOSE1:device_event_log_impl.cc(198)] [21:41:59.740] Display: EVENT: screen_win.cc:895 Display[2335996943] bounds=[1920,0 1920x1080], workarea=[1920,0 1920x1032], scale=1, rotation=0, panel_rotation=0 external detected
[1596:9656:0721/214434.093:VERBOSE1:network_delegate.cc(36)] NetworkDelegate::NotifyBeforeURLRequest: https://optimizationguide-pa.googleapis.com/v1:GetModels?key=dummytoken
[1596:9656:0721/214434.113:VERBOSE1:tls_handshaker.cc(105)] TlsClient: Continuing handshake
[1596:9656:0721/214434.113:VERBOSE1:tls_handshaker.cc(126)] TlsClient: SSL_do_handshake returned when entering early data. After retry, rv=-1, SSL_in_early_data=1
[1596:9656:0721/214434.150:VERBOSE1:tls_handshaker.cc(105)] TlsClient: Continuing handshake
[1596:9656:0721/214434.150:VERBOSE1:tls_handshaker.cc(105)] TlsClient: Continuing handshake
[1596:9656:0721/214434.150:VERBOSE1:tls_client_handshaker.cc(528)] Client: handshake finished
[1596:9656:0721/214711.127:VERBOSE1:network_delegate.cc(36)] NetworkDelegate::NotifyBeforeURLRequest: https://optimizationguide-pa.googleapis.com/v1:GetModels?key=dummytoken
[1596:9656:0721/214711.152:VERBOSE1:tls_handshaker.cc(105)] TlsClient: Continuing handshake
[1596:9656:0721/214711.152:VERBOSE1:tls_handshaker.cc(126)] TlsClient: SSL_do_handshake returned when entering early data. After retry, rv=-1, SSL_in_early_data=1
[1596:9656:0721/214711.189:VERBOSE1:tls_handshaker.cc(105)] TlsClient: Continuing handshake
[1596:9656:0721/214711.189:VERBOSE1:tls_handshaker.cc(105)] TlsClient: Continuing handshake
[1596:9656:0721/214711.189:VERBOSE1:tls_client_handshaker.cc(528)] Client: handshake finished
[7080:19176:0721/214808.134:VERBOSE1:device_event_log_impl.cc(198)] [21:48:08.134] Display: EVENT: screen_win.cc:893 Displays updated, count: 2
[7080:19176:0721/214808.134:VERBOSE1:device_event_log_impl.cc(198)] [21:48:08.134] Display: EVENT: screen_win.cc:895 Display[3903145113] bounds=[0,0 1920x1080], workarea=[0,0 1920x1032], scale=1, rotation=0, panel_rotation=0 external detected
[7080:19176:0721/214808.134:VERBOSE1:device_event_log_impl.cc(198)] [21:48:08.134] Display: EVENT: screen_win.cc:895 Display[2335996943] bounds=[1920,0 1920x1080], workarea=[1920,0 1920x1032], scale=1, rotation=0, panel_rotation=0 external detected
[7080:19176:0721/214854.001:VERBOSE1:device_event_log_impl.cc(198)] [21:48:54.001] Display: EVENT: screen_win.cc:893 Displays updated, count: 2
[7080:19176:0721/214854.001:VERBOSE1:device_event_log_impl.cc(198)] [21:48:54.001] Display: EVENT: screen_win.cc:895 Display[3903145113] bounds=[0,0 1920x1080], workarea=[0,0 1920x1032], scale=1, rotation=0, panel_rotation=0 external detected
[7080:19176:0721/214854.001:VERBOSE1:device_event_log_impl.cc(198)] [21:48:54.001] Display: EVENT: screen_win.cc:895 Display[2335996943] bounds=[1920,0 1920x1080], workarea=[1920,0 1920x1032], scale=1, rotation=0, panel_rotation=0 external detected
[1596:9656:0721/215009.826:VERBOSE1:network_delegate.cc(36)] NetworkDelegate::NotifyBeforeURLRequest: https://optimizationguide-pa.googleapis.com/v1:GetModels?key=dummytoken
[1596:9656:0721/215009.847:VERBOSE1:tls_handshaker.cc(105)] TlsClient: Continuing handshake
[1596:9656:0721/215009.848:VERBOSE1:tls_handshaker.cc(126)] TlsClient: SSL_do_handshake returned when entering early data. After retry, rv=-1, SSL_in_early_data=1
[1596:9656:0721/215009.884:VERBOSE1:tls_handshaker.cc(105)] TlsClient: Continuing handshake
[1596:9656:0721/215009.884:VERBOSE1:tls_handshaker.cc(105)] TlsClient: Continuing handshake
[1596:9656:0721/215009.884:VERBOSE1:tls_client_handshaker.cc(528)] Client: handshake finished
[7080:19176:0721/215044.574:VERBOSE1:device_event_log_impl.cc(198)] [21:50:44.574] Display: EVENT: screen_win.cc:893 Displays updated, count: 2
[7080:19176:0721/215044.574:VERBOSE1:device_event_log_impl.cc(198)] [21:50:44.574] Display: EVENT: screen_win.cc:895 Display[3903145113] bounds=[0,0 1920x1080], workarea=[0,0 1920x1032], scale=1, rotation=0, panel_rotation=0 external detected
[7080:19176:0721/215044.574:VERBOSE1:device_event_log_impl.cc(198)] [21:50:44.574] Display: EVENT: screen_win.cc:895 Display[2335996943] bounds=[1920,0 1920x1080], workarea=[1920,0 1920x1032], scale=1, rotation=0, panel_rotation=0 external detected
[7080:19176:0721/215101.897:VERBOSE1:device_event_log_impl.cc(198)] [21:51:01.897] Display: EVENT: screen_win.cc:893 Displays updated, count: 2
[7080:19176:0721/215101.897:VERBOSE1:device_event_log_impl.cc(198)] [21:51:01.897] Display: EVENT: screen_win.cc:895 Display[3903145113] bounds=[0,0 1920x1080], workarea=[0,0 1920x1032], scale=1, rotation=0, panel_rotation=0 external detected
[7080:19176:0721/215101.897:VERBOSE1:device_event_log_impl.cc(198)] [21:51:01.897] Display: EVENT: screen_win.cc:895 Display[2335996943] bounds=[1920,0 1920x1080], workarea=[1920,0 1920x1032], scale=1, rotation=0, panel_rotation=0 external detected
[7080:19176:0721/215144.762:VERBOSE1:device_event_log_impl.cc(198)] [21:51:44.762] Display: EVENT: screen_win.cc:893 Displays updated, count: 2
[7080:19176:0721/215144.762:VERBOSE1:device_event_log_impl.cc(198)] [21:51:44.762] Display: EVENT: screen_win.cc:895 Display[3903145113] bounds=[0,0 1920x1080], workarea=[0,0 1920x1032], scale=1, rotation=0, panel_rotation=0 external detected
[7080:19176:0721/215144.762:VERBOSE1:device_event_log_impl.cc(198)] [21:51:44.762] Display: EVENT: screen_win.cc:895 Display[2335996943] bounds=[1920,0 1920x1080], workarea=[1920,0 1920x1032], scale=1, rotation=0, panel_rotation=0 external detected
[7080:19176:0721/215205.807:VERBOSE1:device_event_log_impl.cc(198)] [21:52:05.807] Display: EVENT: screen_win.cc:893 Displays updated, count: 2
[7080:19176:0721/215205.807:VERBOSE1:device_event_log_impl.cc(198)] [21:52:05.807] Display: EVENT: screen_win.cc:895 Display[3903145113] bounds=[0,0 1920x1080], workarea=[0,0 1920x1032], scale=1, rotation=0, panel_rotation=0 external detected
[7080:19176:0721/215205.807:VERBOSE1:device_event_log_impl.cc(198)] [21:52:05.807] Display: EVENT: screen_win.cc:895 Display[2335996943] bounds=[1920,0 1920x1080], workarea=[1920,0 1920x1032], scale=1, rotation=0, panel_rotation=0 external detected
[1596:9656:0721/215247.395:VERBOSE1:network_delegate.cc(36)] NetworkDelegate::NotifyBeforeURLRequest: https://optimizationguide-pa.googleapis.com/v1:GetModels?key=dummytoken
[1596:9656:0721/215247.396:VERBOSE1:tls_handshaker.cc(105)] TlsClient: Continuing handshake
[1596:9656:0721/215247.396:VERBOSE1:tls_handshaker.cc(126)] TlsClient: SSL_do_handshake returned when entering early data. After retry, rv=-1, SSL_in_early_data=1
[1596:9656:0721/215247.434:VERBOSE1:tls_handshaker.cc(105)] TlsClient: Continuing handshake
[1596:9656:0721/215247.434:VERBOSE1:tls_handshaker.cc(105)] TlsClient: Continuing handshake
[1596:9656:0721/215247.434:VERBOSE1:tls_client_handshaker.cc(528)] Client: handshake finished
[7080:19176:0721/215325.006:VERBOSE1:frame_host_impl.cc(515)] frame 6-59739E21D2D3D6ED22D3A094791E3DCE (sub) detached (reason=RENDER_FRAME_DELETED, is_connected=1)
[7556:17792:0721/215325.006:VERBOSE1:dispatcher.cc(596)] Num tracked contexts: 1
[7556:17792:0721/215325.006:VERBOSE1:frame_impl.cc(620)] frame 6-59739E21D2D3D6ED22D3A094791E3DCE disconnected (reason=DETACHED, current_state=CONNECTION_ACKED, FRAME_INVALID)
[7556:17792:0721/215325.007:VERBOSE1:script_context.cc(164)] Destroyed context for extension
  extension id: 
  effective extension id: 
[7556:17792:0721/215325.007:VERBOSE1:script_context.cc(164)] Destroyed context for extension
  extension id: 
  effective extension id: 
[7556:17792:0721/215325.008:VERBOSE1:frame_impl.cc(620)] frame 6-6D04B0CE38465D076C1F4D4BE2DF690B disconnected (reason=BROWSER_FRAME_DISCONNECT, current_state=CONNECTION_ACKED)
[7556:17792:0721/215325.008:VERBOSE1:frame_impl.cc(633)] frame 6-6D04B0CE38465D076C1F4D4BE2DF690B connection retry scheduled
[7080:19176:0721/215325.008:VERBOSE1:frame_host_impl.cc(515)] frame 6-6D04B0CE38465D076C1F4D4BE2DF690B (main) detached (reason=NEW_MAIN_FRAME, is_connected=1)
[7080:19176:0721/215325.016:VERBOSE1:account_reconcilor.cc(264)] AccountReconcilor::Shutdown
[7080:19176:0721/215325.016:VERBOSE1:account_reconcilor.cc(718)] AccountReconcilor::AbortReconcile: try again later
[7080:19176:0721/215325.016:VERBOSE1:account_reconcilor.cc(827)] AccountReconcilor::CalculateIfMultiloginReconcileIsDone: Error was 
[7080:19176:0721/215325.016:VERBOSE1:account_reconcilor.cc(313)] AccountReconcilor::UnregisterWithIdentityManager
[7080:19176:0721/215325.016:VERBOSE1:account_reconcilor.cc(286)] AccountReconcilor::UnregisterWithContentSettings
[7080:19176:0721/215325.017:VERBOSE1:gaia_cookie_manager_service.cc(628)] GaiaCookieManagerService::CancelAll
[7080:19176:0721/215325.017:VERBOSE1:mutable_profile_oauth2_token_service_delegate.cc(752)] MutablePO2TS::Shutdown
[7080:19176:0721/215325.017:VERBOSE1:mutable_profile_oauth2_token_service_delegate.cc(235)] MutablePO2TS::~MutablePO2TS
[7080:19176:0721/215325.017:VERBOSE1:device_event_log_impl.cc(198)] [21:53:25.016] Bluetooth: EVENT: bluetooth_api.cc:109 BluetoothAPI: Shutdown
[7080:19176:0721/215325.019:VERBOSE1:account_reconcilor.cc(193)] AccountReconcilor::~AccountReconcilor
[7080:19176:0721/215325.019:VERBOSE1:device_event_log_impl.cc(198)] [21:53:25.018] Bluetooth: EVENT: bluetooth_api.cc:95 ~BluetoothAPI: 00007B7C00331A00
[7080:19176:0721/215325.139:VERBOSE1:component_updater_service.cc(180)] CrxUpdateService stopping
[7080:19176:0721/215325.139:WARNING:pref_notifier_impl.cc(41)] Pref observer for media_router.cast_allow_all_ips found at shutdown.
[7080:19176:0721/215325.156:VERBOSE1:statistics_recorder.cc(607)] Collections of all histograms
Histogram: API.StorageAccess.AllowedRequests2 recorded 138 samples, mean = 0.1 (flags = 0x41)
0  ------------------------------------------------------------------------O (127 = 92.0%)
1  ------O                                                                   (11 = 8.0%) {92.0%}
2  ... 

Histogram: API.StorageAccess.DocumentInheritedStorageAccess recorded 7 samples, mean = 0.0 (flags = 0x41)
0  -------O                                                                  (7 = 100.0%)
1  ... 

Histogram: API.StorageAccess.DocumentLoadedWithStorageAccess recorded 7 samples, mean = 0.0 (flags = 0x41)
0  -------O                                                                  (7 = 100.0%)
1  ... 

Histogram: Accessibility.CaptionSettingsLoadedFromSystemSettings recorded 1 samples, mean = 1.0 (flags = 0x41)
0  O                                                                         (0 = 0.0%)
1  -O                                                                        (1 = 100.0%) {0.0%}
2  O                                                                         (0 = 0.0%) {100.0%}

Histogram: Accessibility.ImageLabels2 recorded 1 samples, mean = 0.0 (flags = 0x41)
0  -O                                                                        (1 = 100.0%)
1  ... 

Histogram: Accessibility.LiveCaption.FeatureEnabled2 recorded 1 samples, mean = 1.0 (flags = 0x41)
0  O                                                                         (0 = 0.0%)
1  -O                                                                        (1 = 100.0%) {0.0%}
2  O                                                                         (0 = 0.0%) {100.0%}

Histogram: Accessibility.LiveCaption2 recorded 1 samples, mean = 0.0 (flags = 0x41)
0  -O                                                                        (1 = 100.0%)
1  ... 

Histogram: Accessibility.ManuallyEnabled recorded 1 samples, mean = 0.0 (flags = 0x41)
0  -O                                                                        (1 = 100.0%)
1  ... 

Histogram: Accessibility.WinJAWS recorded 1 samples, mean = 0.0 (flags = 0x41)
0  -O                                                                        (1 = 100.0%)
1  ... 

Histogram: Accessibility.WinNVDA recorded 1 samples, mean = 0.0 (flags = 0x41)
0  -O                                                                        (1 = 100.0%)
1  ... 

Histogram: Accessibility.WinSAToGo recorded 1 samples, mean = 0.0 (flags = 0x41)
0  -O                                                                        (1 = 100.0%)
1  ... 

Histogram: Accessibility.WinScreenReader2 recorded 1 samples, mean = 0.0 (flags = 0x41)
0  -O                                                                        (1 = 100.0%)
1  ... 

Histogram: Accessibility.WinStickyKeys recorded 1 samples, mean = 0.0 (flags = 0x41)
0  -O                                                                        (1 = 100.0%)
1  ... 

Histogram: Accessibility.WinSupernova recorded 1 samples, mean = 0.0 (flags = 0x41)
0  -O                                                                        (1 = 100.0%)
1  ... 

Histogram: Accessibility.WinZoomText recorded 1 samples, mean = 0.0 (flags = 0x41)
0  -O                                                                        (1 = 100.0%)
1  ... 

Histogram: AppBanners.InstallableStatusCode recorded 1 samples (flags = 0x41)
8  -O                                                                        (1 = 100.0%)

Histogram: Apps.PreferredApps.EntryCount recorded 1 samples, mean = 0.0 (flags = 0x41)
0  -O                                                                        (1 = 100.0%)
1  ... 

Histogram: Autofill.Address.IsEnabled.PageLoad recorded 1 samples, mean = 1.0 (flags = 0x41)
0  O                                                                         (0 = 0.0%)
1  -O                                                                        (1 = 100.0%) {0.0%}
2  O                                                                         (0 = 0.0%) {100.0%}

Histogram: Autofill.Address.IsEnabled.PageLoad.SignedOut recorded 1 samples, mean = 1.0 (flags = 0x41)
0  O                                                                         (0 = 0.0%)
1  -O                                                                        (1 = 100.0%) {0.0%}
2  O                                                                         (0 = 0.0%) {100.0%}

Histogram: Autofill.Address.IsEnabled.Startup recorded 1 samples, mean = 1.0 (flags = 0x41)
0  O                                                                         (0 = 0.0%)
1  -O                                                                        (1 = 100.0%) {0.0%}
2  O                                                                         (0 = 0.0%) {100.0%}

Histogram: Autofill.CreditCard.IsEnabled.PageLoad recorded 1 samples, mean = 1.0 (flags = 0x41)
0  O                                                                         (0 = 0.0%)
1  -O                                                                        (1 = 100.0%) {0.0%}
2  O                                                                         (0 = 0.0%) {100.0%}

Histogram: Autofill.CreditCard.IsEnabled.PageLoad.SignedOut recorded 1 samples, mean = 1.0 (flags = 0x41)
0  O                                                                         (0 = 0.0%)
1  -O                                                                        (1 = 100.0%) {0.0%}
2  O                                                                         (0 = 0.0%) {100.0%}

Histogram: Autofill.CreditCard.IsEnabled.Startup recorded 1 samples, mean = 1.0 (flags = 0x41)
0  O                                                                         (0 = 0.0%)
1  -O                                                                        (1 = 100.0%) {0.0%}
2  O                                                                         (0 = 0.0%) {100.0%}

Histogram: Autofill.DOMContentLoadedInOutermostMainFrame recorded 3 samples, mean = 0.3 (flags = 0x41)
0  --O                                                                       (2 = 66.7%)
1  -O                                                                        (1 = 33.3%) {66.7%}
2  O                                                                         (0 = 0.0%) {100.0%}

Histogram: Autofill.ExtractFormUnowned.FieldCount recorded 4 samples, mean = 0.0 (flags = 0x41)
0  ----O                                                                     (4 = 100.0%)
1  ... 

Histogram: Autofill.FormForest.GetBrowserFormOfRendererForm.Duration recorded 1 samples, mean = 0.0 (flags = 0x41)
0  -O                                                                        (1 = 100.0%)
1  ... 

Histogram: Autofill.FormForest.UpdateTreeOfRendererForm.Duration recorded 1 samples, mean = 13.0 (flags = 0x41)
0   ... 
12  -O                                                                        (1 = 100.0%) {0.0%}
16  ... 

Histogram: Autofill.FormForest.UpdateTreeOfRendererForm.Visits recorded 1 samples, mean = 2.0 (flags = 0x41)
0  ... 
2  -O                                                                        (1 = 100.0%) {0.0%}
3  ... 

Histogram: Autofill.Funnel.ParsedAsType.Address recorded 6 samples, mean = 0.0 (flags = 0x41)
0  ------O                                                                   (6 = 100.0%)
1  ... 

Histogram: Autofill.Funnel.ParsedAsType.CreditCard recorded 6 samples, mean = 0.0 (flags = 0x41)
0  ------O                                                                   (6 = 100.0%)
1  ... 

Histogram: Autofill.Funnel.ParsedAsType.VirtualCard.StandaloneCvc recorded 6 samples, mean = 0.0 (flags = 0x41)
0  ------O                                                                   (6 = 100.0%)
1  ... 

Histogram: Autofill.IsEnabled.PageLoad recorded 1 samples, mean = 1.0 (flags = 0x41)
0  O                                                                         (0 = 0.0%)
1  -O                                                                        (1 = 100.0%) {0.0%}
2  O                                                                         (0 = 0.0%) {100.0%}

Histogram: Autofill.IsEnabled.PageLoad.SignedOut recorded 1 samples, mean = 1.0 (flags = 0x41)
0  O                                                                         (0 = 0.0%)
1  -O                                                                        (1 = 100.0%) {0.0%}
2  O                                                                         (0 = 0.0%) {100.0%}

Histogram: Autofill.IsEnabled.Startup recorded 1 samples, mean = 1.0 (flags = 0x41)
0  O                                                                         (0 = 0.0%)
1  -O                                                                        (1 = 100.0%) {0.0%}
2  O                                                                         (0 = 0.0%) {100.0%}

Histogram: Autofill.Leipzig.Duplication.NumberOfLocalSupersetProfilesOnStartup recorded 1 samples, mean = 0.0 (flags = 0x41)
0  -O                                                                        (1 = 100.0%)
1  ... 

Histogram: Autofill.NumberOfDriversPerFactory recorded 1 samples, mean = 3.0 (flags = 0x41)
0  ... 
3  -O                                                                        (1 = 100.0%) {0.0%}
4  ... 

Histogram: Autofill.Offer.StoredOfferCount2.CardLinkedOffer recorded 1 samples, mean = 0.0 (flags = 0x41)
0  -O                                                                        (1 = 100.0%)
1  ... 

Histogram: Autofill.Offer.StoredOfferCount2.GPayPromoCodeOffer recorded 1 samples, mean = 0.0 (flags = 0x41)
0  -O                                                                        (1 = 100.0%)
1  ... 

Histogram: Autofill.PaymentMethods.CvcStorageIsEnabled.Startup recorded 1 samples, mean = 0.0 (flags = 0x41)
0  -O                                                                        (1 = 100.0%)
1  ... 

Histogram: Autofill.StoredCreditCardCount recorded 1 samples, mean = 0.0 (flags = 0x41)
0  -O                                                                        (1 = 100.0%)
1  ... 

Histogram: Autofill.StoredCreditCardCount.Local recorded 1 samples, mean = 0.0 (flags = 0x41)
0  -O                                                                        (1 = 100.0%)
1  ... 

Histogram: Autofill.StoredCreditCardCount.Local.WithInvalidCardNumber recorded 1 samples, mean = 0.0 (flags = 0x41)
0  -O                                                                        (1 = 100.0%)
1  ... 

Histogram: Autofill.StoredCreditCardCount.Local.WithNickname recorded 1 samples, mean = 0.0 (flags = 0x41)
0  -O                                                                        (1 = 100.0%)
1  ... 

Histogram: Autofill.StoredCreditCardCount.Server recorded 1 samples, mean = 0.0 (flags = 0x41)
0  -O                                                                        (1 = 100.0%)
1  ... 

Histogram: Autofill.StoredCreditCardCount.Server.Masked recorded 1 samples, mean = 0.0 (flags = 0x41)
0  -O                                                                        (1 = 100.0%)
1  ... 

Histogram: Autofill.StoredCreditCardCount.Server.Masked.WithNickname recorded 1 samples, mean = 0.0 (flags = 0x41)
0  -O                                                                        (1 = 100.0%)
1  ... 

Histogram: Autofill.StoredCreditCardCount.Server.Unmasked recorded 1 samples, mean = 0.0 (flags = 0x41)
0  -O                                                                        (1 = 100.0%)
1  ... 

Histogram: Autofill.StoredCreditCardCount.Server.WithCardArtImage recorded 1 samples, mean = 0.0 (flags = 0x41)
0  -O                                                                        (1 = 100.0%)
1  ... 

Histogram: Autofill.StoredCreditCardCount.Server.WithVirtualCardMetadata recorded 1 samples, mean = 0.0 (flags = 0x41)
0  -O                                                                        (1 = 100.0%)
1  ... 

Histogram: Autofill.StoredIbanCount recorded 1 samples, mean = 0.0 (flags = 0x41)
0  -O                                                                        (1 = 100.0%)
1  ... 

Histogram: Autofill.StoredProfileCount.AccountChrome recorded 1 samples, mean = 0.0 (flags = 0x41)
0  -O                                                                        (1 = 100.0%)
1  ... 

Histogram: Autofill.StoredProfileCount.AccountNonChrome recorded 1 samples, mean = 0.0 (flags = 0x41)
0  -O                                                                        (1 = 100.0%)
1  ... 

Histogram: Autofill.StoredProfileCount.Legacy recorded 1 samples, mean = 0.0 (flags = 0x41)
0  -O                                                                        (1 = 100.0%)
1  ... 

Histogram: Autofill.StoredProfileCount.Total recorded 1 samples, mean = 0.0 (flags = 0x41)
0  -O                                                                        (1 = 100.0%)
1  ... 

Histogram: Autofill.SubmissionDetectionSource.FormTracker recorded 2 samples, mean = 3.0 (flags = 0x41)
0  ... 
3  --O                                                                       (2 = 100.0%) {0.0%}
4  ... 

Histogram: Autofill.Timing.ParseFormsAsync recorded 1 samples, mean = 0.0 (flags = 0x41)
0  -O                                                                        (1 = 100.0%)
1  ... 

Histogram: Autofill.Timing.ParseFormsAsync.RunHeuristics recorded 1 samples, mean = 0.0 (flags = 0x41)
0  -O                                                                        (1 = 100.0%)
1  ... 

Histogram: Autofill.Timing.ParseFormsAsync.UpdateCache recorded 1 samples, mean = 0.0 (flags = 0x41)
0  -O                                                                        (1 = 100.0%)
1  ... 

Histogram: Autofill.TimingInterval.ExtractFormData.GetFormDataFromUnownedInputElements.AutofillAgentReset recorded 2 samples, mean = 1607056.5 (flags = 0x41)
0        ... 
982376   -O                                                                        (1 = 50.0%) {0.0%}
1146725  ... 
2129046  -O                                                                        (1 = 50.0%) {50.0%}
2485230  ... 

Histogram: Autofill.TimingInterval.ExtractFormData.GetFormDataFromUnownedInputElements.DOMContentLoaded recorded 2 samples, mean = 1074266752.0 (flags = 0x41)
0         ... 
982376    -O                                                                        (1 = 50.0%) {0.0%}
1146725   ... 
10000000  -O                                                                        (1 = 50.0%) {50.0%}

Histogram: Autofill.TimingInterval.ExtractFormData.UpdateFormCache.AutofillAgentReset recorded 4 samples, mean = 803570.8 (flags = 0x41)
0        ... 
68       -O                                                                        (1 = 25.0%) {0.0%}
79       -O                                                                        (1 = 25.0%) {25.0%}
92       ... 
982376   -O                                                                        (1 = 25.0%) {50.0%}
1146725  ... 
2129046  -O                                                                        (1 = 25.0%) {75.0%}
2485230  ... 

Histogram: Autofill.TimingInterval.ExtractFormData.UpdateFormCache.DOMContentLoaded recorded 4 samples, mean = 262471.5 (flags = 0x41)
0       ... 
6       -O                                                                        (1 = 25.0%) {0.0%}
7       ... 
13      -O                                                                        (1 = 25.0%) {25.0%}
15      ... 
27      -O                                                                        (1 = 25.0%) {50.0%}
32      ... 
982376  -O                                                                        (1 = 25.0%) {75.0%}
1146725 ... 

Histogram: Autofill.TimingInterval.UpdateFormCache.UpdateFormCache.AutofillAgentReset recorded 4 samples, mean = 803588.0 (flags = 0x41)
0        ... 
68       -O                                                                        (1 = 25.0%) {0.0%}
79       ... 
107      -O                                                                        (1 = 25.0%) {25.0%}
125      ... 
982376   -O                                                                        (1 = 25.0%) {50.0%}
1146725  ... 
2129046  -O                                                                        (1 = 25.0%) {75.0%}
2485230  ... 

Histogram: Autofill.TimingInterval.UpdateFormCache.UpdateFormCache.DOMContentLoaded recorded 4 samples, mean = 262488.8 (flags = 0x41)
0       ... 
17      -O                                                                        (1 = 25.0%) {0.0%}
20      O                                                                         (0 = 0.0%) {25.0%}
23      -O                                                                        (1 = 25.0%) {25.0%}
27      ... 
58      -O                                                                        (1 = 25.0%) {50.0%}
68      ... 
982376  -O                                                                        (1 = 25.0%) {75.0%}
1146725 ... 

Histogram: Autofill.TimingPrecise.ExtractFormData recorded 6 samples, mean = 22.7 (flags = 0x41)
0   ... 
3   -O                                                                        (1 = 16.7%) {0.0%}
4   -O                                                                        (1 = 16.7%) {16.7%}
5   ... 
11  -O                                                                        (1 = 16.7%) {33.3%}
13  ... 
22  -O                                                                        (1 = 16.7%) {50.0%}
25  ... 
41  -O                                                                        (1 = 16.7%) {66.7%}
47  O                                                                         (0 = 0.0%) {83.3%}
53  -O                                                                        (1 = 16.7%) {83.3%}
60  ... 

Histogram: Autofill.TimingPrecise.ExtractFormData.GetFormDataFromUnownedInputElements recorded 2 samples, mean = 28.0 (flags = 0x41)
0   ... 
3   -O                                                                        (1 = 50.0%) {0.0%}
4   ... 
53  -O                                                                        (1 = 50.0%) {50.0%}
60  ... 

Histogram: Autofill.TimingPrecise.ExtractFormData.UpdateFormCache recorded 4 samples, mean = 20.0 (flags = 0x41)
0   ... 
4   -O                                                                        (1 = 25.0%) {0.0%}
5   ... 
11  -O                                                                        (1 = 25.0%) {25.0%}
13  ... 
22  -O                                                                        (1 = 25.0%) {50.0%}
25  ... 
41  -O                                                                        (1 = 25.0%) {75.0%}
47  ... 

Histogram: Autofill.TimingPrecise.InferLabelForElement recorded 6 samples, mean = 0.5 (flags = 0x41)
0  ---O                                                                      (3 = 50.0%)
1  ---O                                                                      (3 = 50.0%) {50.0%}
2  ... 

Histogram: Autofill.TimingPrecise.UpdateFormCache recorded 4 samples, mean = 40.5 (flags = 0x41)
0   ... 
17  -O                                                                        (1 = 25.0%) {0.0%}
19  O                                                                         (0 = 0.0%) {25.0%}
22  -O                                                                        (1 = 25.0%) {25.0%}
25  ... 
60  --O                                                                       (2 = 50.0%) {50.0%}
68  ... 

Histogram: Autofill.TimingPrecise.UpdateFormCache.UpdateFormCache recorded 4 samples, mean = 40.5 (flags = 0x41)
0   ... 
17  -O                                                                        (1 = 25.0%) {0.0%}
19  O                                                                         (0 = 0.0%) {25.0%}
22  -O                                                                        (1 = 25.0%) {25.0%}
25  ... 
60  --O                                                                       (2 = 50.0%) {50.0%}
68  ... 

Histogram: Autofill.VirtualCardUsageData.StoredUsageDataCount recorded 1 samples, mean = 0.0 (flags = 0x41)
0  -O                                                                        (1 = 100.0%)
1  ... 

Histogram: Blink.CSSStyleSheetResource.ParseTime recorded 7 samples, mean = 659.3 (flags = 0x41)
0     ... 
40    -O                                                                        (1 = 14.3%) {0.0%}
55    O                                                                         (0 = 0.0%) {14.3%}
76    --O                                                                       (2 = 28.6%) {14.3%}
105   O                                                                         (0 = 0.0%) {42.9%}
146   -O                                                                        (1 = 14.3%) {42.9%}
203   ... 
391   --O                                                                       (2 = 28.6%) {57.1%}
542   ... 
2786  -O                                                                        (1 = 14.3%) {85.7%}
3865  ... 

Histogram: Blink.CommitDocumentLoaderTime recorded 7 samples, mean = 1.3 (flags = 0x41)
0  ---O                                                                      (3 = 42.9%)
1  ---O                                                                      (3 = 42.9%) {42.9%}
2  ... 
6  -O                                                                        (1 = 14.3%) {85.7%}
7  ... 

Histogram: Blink.CookiesTime recorded 21 samples, mean = 15.7 (flags = 0x41)
0    --------------------O                                                     (20 = 95.2%)
1    ... 
318  -O                                                                        (1 = 4.8%) {95.2%}
378  ... 

Histogram: Blink.CullRect.UpdateTime recorded 31 samples, mean = 4.1 (flags = 0x41)
0   --O                                                                       (2 = 6.5%)
1   --------------O                                                           (14 = 45.2%) {6.5%}
2   O                                                                         (0 = 0.0%) {51.6%}
3   ---O                                                                      (3 = 9.7%) {51.6%}
4   ------O                                                                   (6 = 19.4%) {61.3%}
6   --O                                                                       (2 = 6.5%) {80.6%}
8   -O                                                                        (1 = 3.2%) {87.1%}
11  -O                                                                        (1 = 3.2%) {90.3%}
15  O                                                                         (0 = 0.0%) {93.5%}
21  --O                                                                       (2 = 6.5%) {93.5%}
29  ... 

Histogram: Blink.DocumentLoader.CommitNavigationToStartLoadingResponse.Time.OutermostMainFrame.NewNavigation.IsHTTPOrHTTPS recorded 1 samples, mean = 0.0 (flags = 0x41)
0  -O                                                                        (1 = 100.0%)
1  ... 

Histogram: Blink.DocumentLoader.CreateParserPostCommit.Time.OutermostMainFrame.NewNavigation.IsHTTPOrHTTPS recorded 1 samples, mean = 5.0 (flags = 0x41)
0  ... 
5  -O                                                                        (1 = 100.0%) {0.0%}
6  ... 

Histogram: Blink.Experimental.Cookies.CacheLookupResult2 recorded 21 samples, mean = 0.9 (flags = 0x41)
0  --O                                                                       (2 = 9.5%)
1  -------------------O                                                      (19 = 90.5%) {9.5%}
2  ... 

Histogram: Blink.Experimental.Cookies.FirstCookieRequest recorded 2 samples, mean = 1.0 (flags = 0x41)
0  O                                                                         (0 = 0.0%)
1  --O                                                                       (2 = 100.0%) {0.0%}
2  ... 

Histogram: Blink.Fetch.RequestResourceTime2 recorded 132 samples, mean = 423.0 (flags = 0x41)
0      ... 
8      --O                                                                       (2 = 1.5%) {0.0%}
11     ---------------------------O                                              (27 = 20.5%) {1.5%}
15     ----------------O                                                         (16 = 12.1%) {22.0%}
21     --------------O                                                           (14 = 10.6%) {34.1%}
29     -----------------O                                                        (17 = 12.9%) {44.7%}
40     ----------O                                                               (10 = 7.6%) {57.6%}
55     ---------------O                                                          (15 = 11.4%) {65.2%}
76     -------O                                                                  (7 = 5.3%) {76.5%}
105    -O                                                                        (1 = 0.8%) {81.8%}
146    --O                                                                       (2 = 1.5%) {82.6%}
203    --------O                                                                 (8 = 6.1%) {84.1%}
282    -------O                                                                  (7 = 5.3%) {90.2%}
391    --O                                                                       (2 = 1.5%) {95.5%}
542    -O                                                                        (1 = 0.8%) {97.0%}
752    O                                                                         (0 = 0.0%) {97.7%}
1043   -O                                                                        (1 = 0.8%) {97.7%}
1447   -O                                                                        (1 = 0.8%) {98.5%}
2008   ... 
38240  -O                                                                        (1 = 0.8%) {99.2%}
53055  ... 

Histogram: Blink.Fetch.RequestResourceTime2.Preload recorded 39 samples, mean = 40.7 (flags = 0x41)
0    ... 
8    --O                                                                       (2 = 5.1%) {0.0%}
11   ---O                                                                      (3 = 7.7%) {5.1%}
15   ----------O                                                               (10 = 25.6%) {12.8%}
21   ------------O                                                             (12 = 30.8%) {38.5%}
29   O                                                                         (0 = 0.0%) {69.2%}
40   ---O                                                                      (3 = 7.7%) {69.2%}
55   ----O                                                                     (4 = 10.3%) {76.9%}
76   ---O                                                                      (3 = 7.7%) {87.2%}
105  -O                                                                        (1 = 2.6%) {94.9%}
146  ... 
282  -O                                                                        (1 = 2.6%) {97.4%}
391  ... 

Histogram: Blink.FetchQueuedPreloadsTime.MainFrame.Initial recorded 1 samples, mean = 0.0 (flags = 0x41)
0  -O                                                                        (1 = 100.0%)
1  ... 

Histogram: Blink.Fonts.DecodeTime recorded 5 samples, mean = 11434.4 (flags = 0x41)
0      ... 
2786   ----O                                                                     (4 = 80.0%) {0.0%}
3865   ... 
38240  -O                                                                        (1 = 20.0%) {80.0%}
53055  ... 

Histogram: Blink.Fonts.VariableFontsRatio recorded 5 samples, mean = 1.2 (flags = 0x41)
0  O                                                                         (0 = 0.0%)
1  ----O                                                                     (4 = 80.0%) {0.0%}
2  -O                                                                        (1 = 20.0%) {80.0%}
3  ... 

Histogram: Blink.ForcedStyleAndLayout.UpdateTime.PreFCP recorded 2 samples, mean = 13.5 (flags = 0x41)
0   ... 
2   -O                                                                        (1 = 50.0%) {0.0%}
3   ... 
21  -O                                                                        (1 = 50.0%) {50.0%}
29  ... 

Histogram: Blink.HTMLFastPathParser.AbortedParseSize recorded 75 samples, mean = 1.7 (flags = 0x41)
0  -----------O                                                              (11 = 14.7%)
1  O                                                                         (0 = 0.0%) {14.7%}
2  ----------------------------------------------------------------O         (64 = 85.3%) {14.7%}
3  ... 

Histogram: Blink.HTMLFastPathParser.AbortedParseTime2 recorded 75 samples, mean = 1.0 (flags = 0x41)
0   ----------------------------------------O                                 (40 = 53.3%)
1   -----------------------O                                                  (23 = 30.7%) {53.3%}
2   ---------O                                                                (9 = 12.0%) {84.0%}
3   -O                                                                        (1 = 1.3%) {96.0%}
4   ... 
9   -O                                                                        (1 = 1.3%) {97.3%}
10  ... 
21  -O                                                                        (1 = 1.3%) {98.7%}
23  ... 

Histogram: Blink.HTMLFastPathParser.ParseResult recorded 149 samples, mean = 8.0 (flags = 0x41)
0   ------------------------------------------------------------------------O (74 = 49.7%)
1   ... 
4   -----------O                                                              (11 = 7.4%) {49.7%}
5   ... 
18  --------------------------------------------------------------O           (64 = 43.0%) {57.0%}
19  ... 

Histogram: Blink.HTMLFastPathParser.SuccessfulParseSize recorded 74 samples, mean = 313.2 (flags = 0x41)
0    ... 
146  ---------O                                                                (9 = 12.2%) {0.0%}
203  ---------------------------O                                              (27 = 36.5%) {12.2%}
282  -------------------O                                                      (19 = 25.7%) {48.6%}
391  -------------------O                                                      (19 = 25.7%) {74.3%}
542  ... 

Histogram: Blink.HTMLFastPathParser.SuccessfulParseTime2 recorded 74 samples, mean = 2.8 (flags = 0x41)
0   -------O                                                                  (7 = 9.5%)
1   ---------------------O                                                    (21 = 28.4%) {9.5%}
2   ----------------------O                                                   (22 = 29.7%) {37.8%}
3   ----------------O                                                         (16 = 21.6%) {67.6%}
4   ---O                                                                      (3 = 4.1%) {89.2%}
5   -O                                                                        (1 = 1.4%) {93.2%}
6   -O                                                                        (1 = 1.4%) {94.6%}
7   ... 
9   -O                                                                        (1 = 1.4%) {95.9%}
10  ... 
29  -O                                                                        (1 = 1.4%) {97.3%}
31  O                                                                         (0 = 0.0%) {98.6%}
34  -O                                                                        (1 = 1.4%) {98.6%}
37  ... 

Histogram: Blink.HTMLFastPathParser.TotalParseTime2 recorded 149 samples, mean = 10.4 (flags = 0x41)
0   O                                                                         (0 = 0.0%)
1   -----------------------O                                                  (23 = 15.4%) {0.0%}
2   --------------------O                                                     (20 = 13.4%) {15.4%}
3   --------------------O                                                     (20 = 13.4%) {28.9%}
4   --------------------------O                                               (26 = 17.4%) {42.3%}
5   ---------O                                                                (9 = 6.0%) {59.7%}
6   -------O                                                                  (7 = 4.7%) {65.8%}
7   -O                                                                        (1 = 0.7%) {70.5%}
8   ---O                                                                      (3 = 2.0%) {71.1%}
9   -----O                                                                    (5 = 3.4%) {73.2%}
10  -O                                                                        (1 = 0.7%) {76.5%}
11  -O                                                                        (1 = 0.7%) {77.2%}
12  O                                                                         (0 = 0.0%) {77.9%}
13  ---O                                                                      (3 = 2.0%) {77.9%}
14  O                                                                         (0 = 0.0%) {79.9%}
15  -O                                                                        (1 = 0.7%) {79.9%}
16  -O                                                                        (1 = 0.7%) {80.5%}
17  ... 
21  --O                                                                       (2 = 1.3%) {81.2%}
23  ---O                                                                      (3 = 2.0%) {82.6%}
25  --O                                                                       (2 = 1.3%) {84.6%}
27  -O                                                                        (1 = 0.7%) {85.9%}
29  -O                                                                        (1 = 0.7%) {86.6%}
31  --O                                                                       (2 = 1.3%) {87.2%}
34  --O                                                                       (2 = 1.3%) {88.6%}
37  ----O                                                                     (4 = 2.7%) {89.9%}
40  --O                                                                       (2 = 1.3%) {92.6%}
43  O                                                                         (0 = 0.0%) {94.0%}
46  ----O                                                                     (4 = 2.7%) {94.0%}
50  ---O                                                                      (3 = 2.0%) {96.6%}
54  ... 
63  -O                                                                        (1 = 0.7%) {98.7%}
68  -O                                                                        (1 = 0.7%) {99.3%}
74  ... 

Histogram: Blink.HTMLParsing.ChunkCount4 recorded 1 samples, mean = 1.0 (flags = 0x41)
0  O                                                                         (0 = 0.0%)
1  -O                                                                        (1 = 100.0%) {0.0%}
2  ... 

Histogram: Blink.HTMLParsing.InputCharacterCount4 recorded 1 samples, mean = 159204.0 (flags = 0x41)
0       ... 
141691  -O                                                                        (1 = 100.0%) {0.0%}
196583  ... 

Histogram: Blink.HTMLParsing.ParsingTimeMax4 recorded 1 samples, mean = 1426.0 (flags = 0x41)
0     ... 
1424  -O                                                                        (1 = 100.0%) {0.0%}
1446  ... 

Histogram: Blink.HTMLParsing.ParsingTimeMin4 recorded 1 samples, mean = 1426.0 (flags = 0x41)
0     ... 
1330  -O                                                                        (1 = 100.0%) {0.0%}
1514  ... 

Histogram: Blink.HTMLParsing.ParsingTimeTotal4 recorded 1 samples, mean = 1426.0 (flags = 0x41)
0     ... 
1424  -O                                                                        (1 = 100.0%) {0.0%}
1446  ... 

Histogram: Blink.HTMLParsing.PreloadRequestCount recorded 1 samples, mean = 32.0 (flags = 0x41)
0   ... 
29  -O                                                                        (1 = 100.0%) {0.0%}
33  ... 

Histogram: Blink.HTMLParsing.TimeToDeferredPumpTokenizer4 recorded 1 samples, mean = 198.0 (flags = 0x41)
0    ... 
191  -O                                                                        (1 = 100.0%) {0.0%}
217  ... 

Histogram: Blink.HTMLParsing.TokensParsedAverage4 recorded 1 samples, mean = 126.0 (flags = 0x41)
0    ... 
113  -O                                                                        (1 = 100.0%) {0.0%}
149  ... 

Histogram: Blink.HTMLParsing.TokensParsedMax4 recorded 1 samples, mean = 126.0 (flags = 0x41)
0    ... 
113  -O                                                                        (1 = 100.0%) {0.0%}
149  ... 

Histogram: Blink.HTMLParsing.TokensParsedMin4 recorded 1 samples, mean = 126.0 (flags = 0x41)
0    ... 
114  -O                                                                        (1 = 100.0%) {0.0%}
135  ... 

Histogram: Blink.HTMLParsing.TokensParsedTotal4 recorded 1 samples, mean = 126.0 (flags = 0x41)
0    ... 
105  -O                                                                        (1 = 100.0%) {0.0%}
146  ... 

Histogram: Blink.HTMLParsing.YieldedTimeAverage4 recorded 1 samples, mean = 201.0 (flags = 0x41)
0    ... 
198  -O                                                                        (1 = 100.0%) {0.0%}
231  ... 

Histogram: Blink.HTMLParsing.YieldedTimeMax4 recorded 1 samples, mean = 204.0 (flags = 0x41)
0    ... 
202  -O                                                                        (1 = 100.0%) {0.0%}
205  ... 

Histogram: Blink.HTMLParsing.YieldedTimeMin4 recorded 1 samples, mean = 198.0 (flags = 0x41)
0    ... 
198  -O                                                                        (1 = 100.0%) {0.0%}
231  ... 

Histogram: Blink.History.VisitedLinks.IsLinkStyledAsVisited recorded 41 samples, mean = 0.0 (flags = 0x41)
0  -----------------------------------------O                                (41 = 100.0%)
1  ... 

Histogram: Blink.JavascriptDocumentUpdate.UpdateTime.PreFCP recorded 1 samples, mean = 2.0 (flags = 0x41)
0  ... 
2  -O                                                                        (1 = 100.0%) {0.0%}
3  ... 

Histogram: Blink.Layout.InlineNode.ShapeText.MaxTime.InOutermostMainFrame3 recorded 1 samples, mean = 0.0 (flags = 0x41)
0  -O                                                                        (1 = 100.0%)
1  ... 

Histogram: Blink.Layout.InlineNode.ShapeText.TotalTime.InOutermostMainFrame3 recorded 1 samples, mean = 0.0 (flags = 0x41)
0  -O                                                                        (1 = 100.0%)
1  ... 

Histogram: Blink.Layout.SVGImage.Count.InOutermostMainFrame recorded 1 samples, mean = 0.0 (flags = 0x41)
0  -O                                                                        (1 = 100.0%)
1  ... 

Histogram: Blink.Layout.SVGImage.TotalTime.InOutermostMainFrame recorded 1 samples, mean = 0.0 (flags = 0x41)
0  -O                                                                        (1 = 100.0%)
1  ... 

Histogram: Blink.MainFrame.UpdateTime.PreFCP recorded 31 samples, mean = 2868.2 (flags = 0x41)
0      ... 
55     -O                                                                        (1 = 3.2%) {0.0%}
76     ----------O                                                               (10 = 32.3%) {3.2%}
105    -O                                                                        (1 = 3.2%) {35.5%}
146    ... 
282    ----O                                                                     (4 = 12.9%) {38.7%}
391    -O                                                                        (1 = 3.2%) {51.6%}
542    --O                                                                       (2 = 6.5%) {54.8%}
752    -O                                                                        (1 = 3.2%) {61.3%}
1043   O                                                                         (0 = 0.0%) {64.5%}
1447   -O                                                                        (1 = 3.2%) {64.5%}
2008   O                                                                         (0 = 0.0%) {67.7%}
2786   -------O                                                                  (7 = 22.6%) {67.7%}
3865   O                                                                         (0 = 0.0%) {90.3%}
5362   --O                                                                       (2 = 6.5%) {90.3%}
7439   ... 
38240  -O                                                                        (1 = 3.2%) {96.8%}
53055  ... 

Histogram: Blink.MemoryCache.RevalidationPolicy.AsyncScript recorded 48 samples, mean = 1.6 (flags = 0x41)
0  -----------------------O                                                  (23 = 47.9%)
1  ... 
3  -------------------------O                                                (25 = 52.1%) {47.9%}
4  ... 

Histogram: Blink.MemoryCache.RevalidationPolicy.CSSStyleSheet recorded 7 samples, mean = 0.0 (flags = 0x41)
0  -------O                                                                  (7 = 100.0%)
1  ... 

Histogram: Blink.MemoryCache.RevalidationPolicy.Dead.CSSStyleSheet recorded 1 samples, mean = 0.0 (flags = 0x41)
0  -O                                                                        (1 = 100.0%)
1  ... 

Histogram: Blink.MemoryCache.RevalidationPolicy.Dead.Font recorded 2 samples, mean = 0.0 (flags = 0x41)
0  --O                                                                       (2 = 100.0%)
1  ... 

Histogram: Blink.MemoryCache.RevalidationPolicy.Dead.Script recorded 22 samples, mean = 0.0 (flags = 0x41)
0  ----------------------O                                                   (22 = 100.0%)
1  ... 

Histogram: Blink.MemoryCache.RevalidationPolicy.Font recorded 23 samples, mean = 4.0 (flags = 0x41)
0  -O                                                                        (1 = 4.3%)
1  ... 
4  ------------------O                                                       (18 = 78.3%) {4.3%}
5  ----O                                                                     (4 = 17.4%) {82.6%}
6  O                                                                         (0 = 0.0%) {100.0%}

Histogram: Blink.MemoryCache.RevalidationPolicy.Image recorded 27 samples, mean = 4.0 (flags = 0x41)
0  ... 
3  -O                                                                        (1 = 3.7%) {0.0%}
4  --------------------------O                                               (26 = 96.3%) {3.7%}
5  ... 

Histogram: Blink.MemoryCache.RevalidationPolicy.Manifest recorded 1 samples, mean = 3.0 (flags = 0x41)
0  ... 
3  -O                                                                        (1 = 100.0%) {0.0%}
4  ... 

Histogram: Blink.MemoryCache.RevalidationPolicy.Preload.CSSStyleSheet recorded 13 samples, mean = 1.6 (flags = 0x41)
0  ------O                                                                   (6 = 46.2%)
1  ... 
3  -------O                                                                  (7 = 53.8%) {46.2%}
4  ... 

Histogram: Blink.MemoryCache.RevalidationPolicy.Preload.Font recorded 2 samples, mean = 1.5 (flags = 0x41)
0  -O                                                                        (1 = 50.0%)
1  ... 
3  -O                                                                        (1 = 50.0%) {50.0%}
4  ... 

Histogram: Blink.MemoryCache.RevalidationPolicy.Preload.Script recorded 24 samples, mean = 2.8 (flags = 0x41)
0  --O                                                                       (2 = 8.3%)
1  ... 
3  ----------------------O                                                   (22 = 91.7%) {8.3%}
4  ... 

Histogram: Blink.MemoryCache.RevalidationPolicy.Raw recorded 13 samples, mean = 3.0 (flags = 0x41)
0  ... 
3  -------------O                                                            (13 = 100.0%) {0.0%}
4  ... 

Histogram: Blink.MemoryCache.RevalidationPolicy.Script recorded 26 samples, mean = 0.5 (flags = 0x41)
0  ----------------------O                                                   (22 = 84.6%)
1  ... 
3  ----O                                                                     (4 = 15.4%) {84.6%}
4  ... 

Histogram: Blink.PreloadRequestStartDuration recorded 39 samples, mean = 41.8 (flags = 0x41)
0    ... 
11   -----O                                                                    (5 = 12.8%) {0.0%}
15   -------O                                                                  (7 = 17.9%) {12.8%}
21   ---------------O                                                          (15 = 38.5%) {30.8%}
29   O                                                                         (0 = 0.0%) {69.2%}
40   ---O                                                                      (3 = 7.7%) {69.2%}
55   ----O                                                                     (4 = 10.3%) {76.9%}
76   --O                                                                       (2 = 5.1%) {87.2%}
105  --O                                                                       (2 = 5.1%) {92.3%}
146  ... 
282  -O                                                                        (1 = 2.6%) {97.4%}
391  ... 

Histogram: Blink.PreloadRequestWaitTime recorded 30 samples, mean = 0.6 (flags = 0x41)
0  -----------O                                                              (11 = 36.7%)
1  -------------------O                                                      (19 = 63.3%) {36.7%}
2  ... 

Histogram: Blink.PrepareToStopParsingTime recorded 82 samples, mean = 0.0 (flags = 0x41)
0  ------------------------------------------------------------------------O (81 = 98.8%)
1  -O                                                                        (1 = 1.2%) {98.8%}
2  ... 

Histogram: Blink.PumpTokenizerTime recorded 160 samples, mean = 0.0 (flags = 0x41)
0  ------------------------------------------------------------------------O (158 = 98.8%)
1  O                                                                         (0 = 0.0%) {98.8%}
2  O                                                                         (1 = 0.6%) {98.8%}
3  ... 
5  O                                                                         (1 = 0.6%) {99.4%}
6  ... 

Histogram: Blink.ResourceRequest.BackgroundResourceFetchSupportStatus recorded 53 samples, mean = 0.1 (flags = 0x41)
0  ---------------------------------------------------O                      (51 = 96.2%)
1  O                                                                         (0 = 0.0%) {96.2%}
2  --O                                                                       (2 = 3.8%) {96.2%}
3  ... 

Histogram: Blink.ResourceRequest.CompletionDelay2 recorded 53 samples, mean = 34.5 (flags = 0x41)
0    ----------------O                                                         (16 = 30.2%)
1    ---O                                                                      (3 = 5.7%) {30.2%}
2    O                                                                         (0 = 0.0%) {35.8%}
3    -O                                                                        (1 = 1.9%) {35.8%}
4    O                                                                         (0 = 0.0%) {37.7%}
5    -O                                                                        (1 = 1.9%) {37.7%}
6    ------O                                                                   (6 = 11.3%) {39.6%}
7    --O                                                                       (2 = 3.8%) {50.9%}
8    --------O                                                                 (8 = 15.1%) {54.7%}
10   --------O                                                                 (8 = 15.1%) {69.8%}
12   --O                                                                       (2 = 3.8%) {84.9%}
14   -O                                                                        (1 = 1.9%) {88.7%}
17   --O                                                                       (2 = 3.8%) {90.6%}
20   ... 
268  -O                                                                        (1 = 1.9%) {94.3%}
318  ... 
533  -O                                                                        (1 = 1.9%) {96.2%}
633  -O                                                                        (1 = 1.9%) {98.1%}
752  ... 

Histogram: Blink.ResourceRequest.RedirectDelay2 recorded 3 samples, mean = 1.7 (flags = 0x41)
0  --O                                                                       (2 = 66.7%)
1  ... 
5  -O                                                                        (1 = 33.3%) {66.7%}
6  ... 

Histogram: Blink.ResourceRequest.ResponseDelay2 recorded 47 samples, mean = 39.2 (flags = 0x41)
0    -----------O                                                              (11 = 23.4%)
1    -----O                                                                    (5 = 10.6%) {23.4%}
2    -O                                                                        (1 = 2.1%) {34.0%}
3    -O                                                                        (1 = 2.1%) {36.2%}
4    ---O                                                                      (3 = 6.4%) {38.3%}
5    O                                                                         (0 = 0.0%) {44.7%}
6    -O                                                                        (1 = 2.1%) {44.7%}
7    --O                                                                       (2 = 4.3%) {46.8%}
8    O                                                                         (0 = 0.0%) {51.1%}
10   ----------------O                                                         (16 = 34.0%) {51.1%}
12   --O                                                                       (2 = 4.3%) {85.1%}
14   -O                                                                        (1 = 2.1%) {89.4%}
17   -O                                                                        (1 = 2.1%) {91.5%}
20   ... 
268  -O                                                                        (1 = 2.1%) {93.6%}
318  ... 
633  --O                                                                       (2 = 4.3%) {95.7%}
752  ... 

Histogram: Blink.ResourceRequest.StartDelay2 recorded 47 samples, mean = 299.8 (flags = 0x41)
0    --O                                                                       (2 = 4.3%)
1    ... 
6    -O                                                                        (1 = 2.1%) {4.3%}
7    ... 
20   -O                                                                        (1 = 2.1%) {6.4%}
24   ... 
160  --O                                                                       (2 = 4.3%) {8.5%}
190  -O                                                                        (1 = 2.1%) {12.8%}
226  ----O                                                                     (4 = 8.5%) {14.9%}
268  ----------------------------O                                             (28 = 59.6%) {23.4%}
318  -O                                                                        (1 = 2.1%) {83.0%}
378  ... 
533  ------O                                                                   (6 = 12.8%) {85.1%}
633  -O                                                                        (1 = 2.1%) {97.9%}
752  ... 

Histogram: Blink.ScanAndPreloadTime.MainFrame.Initial recorded 1 samples, mean = 1.0 (flags = 0x41)
0  O                                                                         (0 = 0.0%)
1  -O                                                                        (1 = 100.0%) {0.0%}
2  ... 

Histogram: Blink.ScanAndPreloadTime.MainFrame.NonInitial recorded 1 samples, mean = 0.0 (flags = 0x41)
0  -O                                                                        (1 = 100.0%)
1  ... 

Histogram: Blink.ScanAndPreloadTime2.MainFrame.Initial recorded 1 samples, mean = 1646.0 (flags = 0x41)
0     ... 
1447  -O                                                                        (1 = 100.0%) {0.0%}
2008  ... 

Histogram: Blink.ScanAndPreloadTime2.MainFrame.NonInitial recorded 1 samples, mean = 7.0 (flags = 0x41)
0  ... 
6  -O                                                                        (1 = 100.0%) {0.0%}
8  ... 

Histogram: Blink.ScanAndPreloadTime2.Preload.MainFrame.Initial recorded 1 samples, mean = 938.0 (flags = 0x41)
0    ... 
752  -O                                                                        (1 = 100.0%) {0.0%}
1043 ... 

Histogram: Blink.ScanAndPreloadTime2.Preload.MainFrame.NonInitial recorded 1 samples, mean = 1.0 (flags = 0x41)
0  O                                                                         (0 = 0.0%)
1  -O                                                                        (1 = 100.0%) {0.0%}
2  ... 

Histogram: Blink.ScanAndPreloadTime2.Scan.MainFrame.Initial recorded 1 samples, mean = 698.0 (flags = 0x41)
0    ... 
542  -O                                                                        (1 = 100.0%) {0.0%}
752  ... 

Histogram: Blink.ScanAndPreloadTime2.Scan.MainFrame.NonInitial recorded 1 samples, mean = 0.0 (flags = 0x41)
0  -O                                                                        (1 = 100.0%)
1  ... 

Histogram: Blink.Script.AsyncScript.FromReadyToStartExecution.Time recorded 26 samples, mean = 1.8 (flags = 0x41)
0   ------------------O                                                       (18 = 69.2%)
1   ----O                                                                     (4 = 15.4%) {69.2%}
2   ... 
5   --O                                                                       (2 = 7.7%) {84.6%}
6   ... 
10  -O                                                                        (1 = 3.8%) {92.3%}
13  ... 
20  -O                                                                        (1 = 3.8%) {96.2%}
25  ... 

Histogram: Blink.Script.SchedulingType recorded 42 samples, mean = 5.3 (flags = 0x41)
0  ... 
3  -O                                                                        (1 = 2.4%) {0.0%}
4  O                                                                         (0 = 0.0%) {2.4%}
5  -------------------------O                                                (25 = 59.5%) {2.4%}
6  ----------------O                                                         (16 = 38.1%) {61.9%}
7  ... 

Histogram: Blink.UseCounter.AnimatedCSSProperties recorded 1 samples, mean = 1.0 (flags = 0x41)
0  O                                                                         (0 = 0.0%)
1  -O                                                                        (1 = 100.0%) {0.0%}
2  ... 

Histogram: Blink.UseCounter.CSSProperties recorded 96 samples, mean = 275.0 (flags = 0x41)
0    O                                                                         (0 = 0.0%)
1    -O                                                                        (1 = 1.0%) {0.0%}
2    -O                                                                        (1 = 1.0%) {1.0%}
3    -O                                                                        (1 = 1.0%) {2.1%}
4    -O                                                                        (1 = 1.0%) {3.1%}
5    -O                                                                        (1 = 1.0%) {4.2%}
6    -O                                                                        (1 = 1.0%) {5.2%}
7    -O                                                                        (1 = 1.0%) {6.2%}
8    -O                                                                        (1 = 1.0%) {7.3%}
9    O                                                                         (0 = 0.0%) {8.3%}
10   -O                                                                        (1 = 1.0%) {8.3%}
11   ... 
14   -O                                                                        (1 = 1.0%) {9.4%}
15   ... 
20   -O                                                                        (1 = 1.0%) {10.4%}
21   -O                                                                        (1 = 1.0%) {11.5%}
22   ... 
24   -O                                                                        (1 = 1.0%) {12.5%}
25   ... 
34   -O                                                                        (1 = 1.0%) {13.5%}
35   ... 
42   -O                                                                        (1 = 1.0%) {14.6%}
43   ... 
53   -O                                                                        (1 = 1.0%) {15.6%}
54   ... 
59   -O                                                                        (1 = 1.0%) {16.7%}
60   ... 
66   -O                                                                        (1 = 1.0%) {17.7%}
67   ... 
69   -O                                                                        (1 = 1.0%) {18.8%}
70   ... 
72   -O                                                                        (1 = 1.0%) {19.8%}
73   O                                                                         (0 = 0.0%) {20.8%}
74   -O                                                                        (1 = 1.0%) {20.8%}
75   ... 
77   -O                                                                        (1 = 1.0%) {21.9%}
78   ... 
81   -O                                                                        (1 = 1.0%) {22.9%}
82   ... 
84   -O                                                                        (1 = 1.0%) {24.0%}
85   ... 
89   -O                                                                        (1 = 1.0%) {25.0%}
90   ... 
95   -O                                                                        (1 = 1.0%) {26.0%}
96   -O                                                                        (1 = 1.0%) {27.1%}
97   -O                                                                        (1 = 1.0%) {28.1%}
98   -O                                                                        (1 = 1.0%) {29.2%}
99   O                                                                         (0 = 0.0%) {30.2%}
100  -O                                                                        (1 = 1.0%) {30.2%}
101  ... 
105  -O                                                                        (1 = 1.0%) {31.2%}
106  -O                                                                        (1 = 1.0%) {32.3%}
107  -O                                                                        (1 = 1.0%) {33.3%}
108  O                                                                         (0 = 0.0%) {34.4%}
109  -O                                                                        (1 = 1.0%) {34.4%}
110  ... 
118  -O                                                                        (1 = 1.0%) {35.4%}
119  -O                                                                        (1 = 1.0%) {36.5%}
120  ... 
124  -O                                                                        (1 = 1.0%) {37.5%}
125  ... 
127  -O                                                                        (1 = 1.0%) {38.5%}
128  -O                                                                        (1 = 1.0%) {39.6%}
129  -O                                                                        (1 = 1.0%) {40.6%}
130  ... 
143  -O                                                                        (1 = 1.0%) {41.7%}
144  ... 
150  -O                                                                        (1 = 1.0%) {42.7%}
151  O                                                                         (0 = 0.0%) {43.8%}
152  -O                                                                        (1 = 1.0%) {43.8%}
153  -O                                                                        (1 = 1.0%) {44.8%}
154  -O                                                                        (1 = 1.0%) {45.8%}
155  O                                                                         (0 = 0.0%) {46.9%}
156  -O                                                                        (1 = 1.0%) {46.9%}
157  -O                                                                        (1 = 1.0%) {47.9%}
158  O                                                                         (0 = 0.0%) {49.0%}
159  -O                                                                        (1 = 1.0%) {49.0%}
160  O                                                                         (0 = 0.0%) {50.0%}
161  -O                                                                        (1 = 1.0%) {50.0%}
162  ... 
164  -O                                                                        (1 = 1.0%) {51.0%}
165  -O                                                                        (1 = 1.0%) {52.1%}
166  ... 
175  -O                                                                        (1 = 1.0%) {53.1%}
176  ... 
231  -O                                                                        (1 = 1.0%) {54.2%}
232  -O                                                                        (1 = 1.0%) {55.2%}
233  O                                                                         (0 = 0.0%) {56.2%}
234  -O                                                                        (1 = 1.0%) {56.2%}
235  -O                                                                        (1 = 1.0%) {57.3%}
236  O                                                                         (0 = 0.0%) {58.3%}
237  -O                                                                        (1 = 1.0%) {58.3%}
238  -O                                                                        (1 = 1.0%) {59.4%}
239  -O                                                                        (1 = 1.0%) {60.4%}
240  -O                                                                        (1 = 1.0%) {61.5%}
241  O                                                                         (0 = 0.0%) {62.5%}
242  -O                                                                        (1 = 1.0%) {62.5%}
243  ... 
303  -O                                                                        (1 = 1.0%) {63.5%}
304  ... 
369  -O                                                                        (1 = 1.0%) {64.6%}
370  -O                                                                        (1 = 1.0%) {65.6%}
371  ... 
415  -O                                                                        (1 = 1.0%) {66.7%}
416  ... 
432  -O                                                                        (1 = 1.0%) {67.7%}
433  -O                                                                        (1 = 1.0%) {68.8%}
434  ... 
437  -O                                                                        (1 = 1.0%) {69.8%}
438  ... 
446  -O                                                                        (1 = 1.0%) {70.8%}
447  ... 
508  -O                                                                        (1 = 1.0%) {71.9%}
509  ... 
514  -O                                                                        (1 = 1.0%) {72.9%}
515  -O                                                                        (1 = 1.0%) {74.0%}
516  -O                                                                        (1 = 1.0%) {75.0%}
517  ... 
537  -O                                                                        (1 = 1.0%) {76.0%}
538  ... 
549  -O                                                                        (1 = 1.0%) {77.1%}
550  ... 
563  -O                                                                        (1 = 1.0%) {78.1%}
564  ... 
591  -O                                                                        (1 = 1.0%) {79.2%}
592  -O                                                                        (1 = 1.0%) {80.2%}
593  O                                                                         (0 = 0.0%) {81.2%}
594  -O                                                                        (1 = 1.0%) {81.2%}
595  -O                                                                        (1 = 1.0%) {82.3%}
596  ... 
598  -O                                                                        (1 = 1.0%) {83.3%}
599  -O                                                                        (1 = 1.0%) {84.4%}
600  ... 
618  -O                                                                        (1 = 1.0%) {85.4%}
619  -O                                                                        (1 = 1.0%) {86.5%}
620  -O                                                                        (1 = 1.0%) {87.5%}
621  -O                                                                        (1 = 1.0%) {88.5%}
622  ... 
636  -O                                                                        (1 = 1.0%) {89.6%}
637  ... 
657  -O                                                                        (1 = 1.0%) {90.6%}
658  -O                                                                        (1 = 1.0%) {91.7%}
659  ... 
662  -O                                                                        (1 = 1.0%) {92.7%}
663  ... 
672  -O                                                                        (1 = 1.0%) {93.8%}
673  -O                                                                        (1 = 1.0%) {94.8%}
674  O                                                                         (0 = 0.0%) {95.8%}
675  -O                                                                        (1 = 1.0%) {95.8%}
676  ... 
696  -O                                                                        (1 = 1.0%) {96.9%}
697  ... 
746  -O                                                                        (1 = 1.0%) {97.9%}
747  ... 
770  -O                                                                        (1 = 1.0%) {99.0%}
771  ... 

Histogram: Blink.UseCounter.Features recorded 182 samples, mean = 2244.8 (flags = 0x41)
0     ... 
13    -O                                                                        (1 = 0.5%) {0.0%}
14    ... 
16    -O                                                                        (1 = 0.5%) {0.5%}
17    ... 
52    -O                                                                        (1 = 0.5%) {1.1%}
53    ... 
69    -O                                                                        (1 = 0.5%) {1.6%}
70    ... 
123   -O                                                                        (1 = 0.5%) {2.2%}
124   -O                                                                        (1 = 0.5%) {2.7%}
125   -O                                                                        (1 = 0.5%) {3.3%}
126   ... 
138   -O                                                                        (1 = 0.5%) {3.8%}
139   ... 
240   -O                                                                        (1 = 0.5%) {4.4%}
241   ... 
250   -O                                                                        (1 = 0.5%) {4.9%}
251   ... 
429   -O                                                                        (1 = 0.5%) {5.5%}
430   -O                                                                        (1 = 0.5%) {6.0%}
431   -O                                                                        (1 = 0.5%) {6.6%}
432   -O                                                                        (1 = 0.5%) {7.1%}
433   ... 
469   -O                                                                        (1 = 0.5%) {7.7%}
470   ... 
494   -O                                                                        (1 = 0.5%) {8.2%}
495   ... 
522   -O                                                                        (1 = 0.5%) {8.8%}
523   -O                                                                        (1 = 0.5%) {9.3%}
524   -O                                                                        (1 = 0.5%) {9.9%}
525   ... 
540   -O                                                                        (1 = 0.5%) {10.4%}
541   ... 
587   -O                                                                        (1 = 0.5%) {11.0%}
588   -O                                                                        (1 = 0.5%) {11.5%}
589   ... 
675   -O                                                                        (1 = 0.5%) {12.1%}
676   ... 
710   -O                                                                        (1 = 0.5%) {12.6%}
711   -O                                                                        (1 = 0.5%) {13.2%}
712   -O                                                                        (1 = 0.5%) {13.7%}
713   ... 
717   -O                                                                        (1 = 0.5%) {14.3%}
718   ... 
730   -O                                                                        (1 = 0.5%) {14.8%}
731   ... 
744   -O                                                                        (1 = 0.5%) {15.4%}
745   ... 
780   -O                                                                        (1 = 0.5%) {15.9%}
781   -O                                                                        (1 = 0.5%) {16.5%}
782   ... 
786   -O                                                                        (1 = 0.5%) {17.0%}
787   -O                                                                        (1 = 0.5%) {17.6%}
788   ... 
804   -O                                                                        (1 = 0.5%) {18.1%}
805   ... 
900   -O                                                                        (1 = 0.5%) {18.7%}
901   -O                                                                        (1 = 0.5%) {19.2%}
902   ... 
907   -O                                                                        (1 = 0.5%) {19.8%}
908   ... 
954   -O                                                                        (1 = 0.5%) {20.3%}
955   ... 
970   -O                                                                        (1 = 0.5%) {20.9%}
971   O                                                                         (0 = 0.0%) {21.4%}
972   -O                                                                        (1 = 0.5%) {21.4%}
973   -O                                                                        (1 = 0.5%) {22.0%}
974   ... 
976   -O                                                                        (1 = 0.5%) {22.5%}
977   ... 
1023  -O                                                                        (1 = 0.5%) {23.1%}
1024  ... 
1069  -O                                                                        (1 = 0.5%) {23.6%}
1070  -O                                                                        (1 = 0.5%) {24.2%}
1071  ... 
1075  -O                                                                        (1 = 0.5%) {24.7%}
1076  -O                                                                        (1 = 0.5%) {25.3%}
1077  ... 
1124  -O                                                                        (1 = 0.5%) {25.8%}
1125  ... 
1302  -O                                                                        (1 = 0.5%) {26.4%}
1303  ... 
1347  -O                                                                        (1 = 0.5%) {26.9%}
1348  ... 
1351  -O                                                                        (1 = 0.5%) {27.5%}
1352  ... 
1354  -O                                                                        (1 = 0.5%) {28.0%}
1355  ... 
1368  -O                                                                        (1 = 0.5%) {28.6%}
1369  ... 
1417  -O                                                                        (1 = 0.5%) {29.1%}
1418  ... 
1441  -O                                                                        (1 = 0.5%) {29.7%}
1442  ... 
1458  -O                                                                        (1 = 0.5%) {30.2%}
1459  -O                                                                        (1 = 0.5%) {30.8%}
1460  ... 
1462  -O                                                                        (1 = 0.5%) {31.3%}
1463  -O                                                                        (1 = 0.5%) {31.9%}
1464  ... 
1467  -O                                                                        (1 = 0.5%) {32.4%}
1468  ... 
1502  -O                                                                        (1 = 0.5%) {33.0%}
1503  ... 
1692  -O                                                                        (1 = 0.5%) {33.5%}
1693  -O                                                                        (1 = 0.5%) {34.1%}
1694  ... 
1827  -O                                                                        (1 = 0.5%) {34.6%}
1828  ... 
2013  -O                                                                        (1 = 0.5%) {35.2%}
2014  ... 
2077  -O                                                                        (1 = 0.5%) {35.7%}
2078  ... 
2094  -O                                                                        (1 = 0.5%) {36.3%}
2095  O                                                                         (0 = 0.0%) {36.8%}
2096  -O                                                                        (1 = 0.5%) {36.8%}
2097  ... 
2100  -O                                                                        (1 = 0.5%) {37.4%}
2101  ... 
2112  -O                                                                        (1 = 0.5%) {37.9%}
2113  ... 
2121  -O                                                                        (1 = 0.5%) {38.5%}
2122  ... 
2157  -O                                                                        (1 = 0.5%) {39.0%}
2158  ... 
2188  -O                                                                        (1 = 0.5%) {39.6%}
2189  O                                                                         (0 = 0.0%) {40.1%}
2190  -O                                                                        (1 = 0.5%) {40.1%}
2191  -O                                                                        (1 = 0.5%) {40.7%}
2192  ... 
2195  -O                                                                        (1 = 0.5%) {41.2%}
2196  ... 
2203  -O                                                                        (1 = 0.5%) {41.8%}
2204  -O                                                                        (1 = 0.5%) {42.3%}
2205  ... 
2217  -O                                                                        (1 = 0.5%) {42.9%}
2218  ... 
2226  -O                                                                        (1 = 0.5%) {43.4%}
2227  O                                                                         (0 = 0.0%) {44.0%}
2228  -O                                                                        (1 = 0.5%) {44.0%}
2229  -O                                                                        (1 = 0.5%) {44.5%}
2230  ... 
2236  -O                                                                        (1 = 0.5%) {45.1%}
2237  ... 
2298  -O                                                                        (1 = 0.5%) {45.6%}
2299  ... 
2314  -O                                                                        (1 = 0.5%) {46.2%}
2315  ... 
2319  -O                                                                        (1 = 0.5%) {46.7%}
2320  ... 
2322  -O                                                                        (1 = 0.5%) {47.3%}
2323  ... 
2347  -O                                                                        (1 = 0.5%) {47.8%}
2348  ... 
2355  -O                                                                        (1 = 0.5%) {48.4%}
2356  ... 
2361  -O                                                                        (1 = 0.5%) {48.9%}
2362  ... 
2387  -O                                                                        (1 = 0.5%) {49.5%}
2388  -O                                                                        (1 = 0.5%) {50.0%}
2389  ... 
2399  -O                                                                        (1 = 0.5%) {50.5%}
2400  ... 
2413  -O                                                                        (1 = 0.5%) {51.1%}
2414  ... 
2429  -O                                                                        (1 = 0.5%) {51.6%}
2430  O                                                                         (0 = 0.0%) {52.2%}
2431  -O                                                                        (1 = 0.5%) {52.2%}
2432  ... 
2487  -O                                                                        (1 = 0.5%) {52.7%}
2488  ... 
2518  -O                                                                        (1 = 0.5%) {53.3%}
2519  ... 
2598  -O                                                                        (1 = 0.5%) {53.8%}
2599  ... 
2618  -O                                                                        (1 = 0.5%) {54.4%}
2619  ... 
2654  -O                                                                        (1 = 0.5%) {54.9%}
2655  -O                                                                        (1 = 0.5%) {55.5%}
2656  -O                                                                        (1 = 0.5%) {56.0%}
2657  -O                                                                        (1 = 0.5%) {56.6%}
2658  -O                                                                        (1 = 0.5%) {57.1%}
2659  -O                                                                        (1 = 0.5%) {57.7%}
2660  -O                                                                        (1 = 0.5%) {58.2%}
2661  -O                                                                        (1 = 0.5%) {58.8%}
2662  -O                                                                        (1 = 0.5%) {59.3%}
2663  -O                                                                        (1 = 0.5%) {59.9%}
2664  ... 
2699  -O                                                                        (1 = 0.5%) {60.4%}
2700  -O                                                                        (1 = 0.5%) {61.0%}
2701  -O                                                                        (1 = 0.5%) {61.5%}
2702  -O                                                                        (1 = 0.5%) {62.1%}
2703  -O                                                                        (1 = 0.5%) {62.6%}
2704  -O                                                                        (1 = 0.5%) {63.2%}
2705  -O                                                                        (1 = 0.5%) {63.7%}
2706  -O                                                                        (1 = 0.5%) {64.3%}
2707  -O                                                                        (1 = 0.5%) {64.8%}
2708  ... 
2710  -O                                                                        (1 = 0.5%) {65.4%}
2711  -O                                                                        (1 = 0.5%) {65.9%}
2712  ... 
2714  -O                                                                        (1 = 0.5%) {66.5%}
2715  -O                                                                        (1 = 0.5%) {67.0%}
2716  -O                                                                        (1 = 0.5%) {67.6%}
2717  ... 
2723  -O                                                                        (1 = 0.5%) {68.1%}
2724  ... 
2738  -O                                                                        (1 = 0.5%) {68.7%}
2739  ... 
2769  -O                                                                        (1 = 0.5%) {69.2%}
2770  ... 
2789  -O                                                                        (1 = 0.5%) {69.8%}
2790  -O                                                                        (1 = 0.5%) {70.3%}
2791  -O                                                                        (1 = 0.5%) {70.9%}
2792  -O                                                                        (1 = 0.5%) {71.4%}
2793  ... 
2841  -O                                                                        (1 = 0.5%) {72.0%}
2842  ... 
2903  -O                                                                        (1 = 0.5%) {72.5%}
2904  -O                                                                        (1 = 0.5%) {73.1%}
2905  ... 
2927  -O                                                                        (1 = 0.5%) {73.6%}
2928  ... 
2935  -O                                                                        (1 = 0.5%) {74.2%}
2936  ... 
3004  -O                                                                        (1 = 0.5%) {74.7%}
3005  ... 
3019  -O                                                                        (1 = 0.5%) {75.3%}
3020  -O                                                                        (1 = 0.5%) {75.8%}
3021  ... 
3028  -O                                                                        (1 = 0.5%) {76.4%}
3029  ... 
3066  -O                                                                        (1 = 0.5%) {76.9%}
3067  ... 
3116  -O                                                                        (1 = 0.5%) {77.5%}
3117  ... 
3157  -O                                                                        (1 = 0.5%) {78.0%}
3158  ... 
3189  -O                                                                        (1 = 0.5%) {78.6%}
3190  ... 
3198  -O                                                                        (1 = 0.5%) {79.1%}
3199  ... 
3254  -O                                                                        (1 = 0.5%) {79.7%}
3255  ... 
3273  -O                                                                        (1 = 0.5%) {80.2%}
3274  O                                                                         (0 = 0.0%) {80.8%}
3275  -O                                                                        (1 = 0.5%) {80.8%}
3276  ... 
3279  -O                                                                        (1 = 0.5%) {81.3%}
3280  ... 
3307  -O                                                                        (1 = 0.5%) {81.9%}
3308  -O                                                                        (1 = 0.5%) {82.4%}
3309  ... 
3349  -O                                                                        (1 = 0.5%) {83.0%}
3350  ... 
3359  -O                                                                        (1 = 0.5%) {83.5%}
3360  ... 
3408  -O                                                                        (1 = 0.5%) {84.1%}
3409  -O                                                                        (1 = 0.5%) {84.6%}
3410  ... 
3444  -O                                                                        (1 = 0.5%) {85.2%}
3445  ... 
3698  -O                                                                        (1 = 0.5%) {85.7%}
3699  ... 
3789  -O                                                                        (1 = 0.5%) {86.3%}
3790  -O                                                                        (1 = 0.5%) {86.8%}
3791  ... 
3803  -O                                                                        (1 = 0.5%) {87.4%}
3804  ... 
3870  -O                                                                        (1 = 0.5%) {87.9%}
3871  ... 
3945  -O                                                                        (1 = 0.5%) {88.5%}
3946  ... 
3973  -O                                                                        (1 = 0.5%) {89.0%}
3974  ... 
4007  -O                                                                        (1 = 0.5%) {89.6%}
4008  ... 
4079  -O                                                                        (1 = 0.5%) {90.1%}
4080  ... 
4113  -O                                                                        (1 = 0.5%) {90.7%}
4114  ... 
4161  -O                                                                        (1 = 0.5%) {91.2%}
4162  ... 
4177  -O                                                                        (1 = 0.5%) {91.8%}
4178  ... 
4194  -O                                                                        (1 = 0.5%) {92.3%}
4195  O                                                                         (0 = 0.0%) {92.9%}
4196  -O                                                                        (1 = 0.5%) {92.9%}
4197  ... 
4240  -O                                                                        (1 = 0.5%) {93.4%}
4241  O                                                                         (0 = 0.0%) {94.0%}
4242  -O                                                                        (1 = 0.5%) {94.0%}
4243  ... 
4307  -O                                                                        (1 = 0.5%) {94.5%}
4308  ... 
4317  -O                                                                        (1 = 0.5%) {95.1%}
4318  ... 
4372  -O                                                                        (1 = 0.5%) {95.6%}
4373  ... 
4379  -O                                                                        (1 = 0.5%) {96.2%}
4380  ... 
4419  -O                                                                        (1 = 0.5%) {96.7%}
4420  ... 
4561  -O                                                                        (1 = 0.5%) {97.3%}
4562  ... 
4673  -O                                                                        (1 = 0.5%) {97.8%}
4674  ... 
4743  -O                                                                        (1 = 0.5%) {98.4%}
4744  ... 
4961  -O                                                                        (1 = 0.5%) {98.9%}
4962  ... 
4994  -O                                                                        (1 = 0.5%) {99.5%}
4995  ... 

Histogram: Blink.UseCounter.MainFrame.Features recorded 182 samples, mean = 2244.8 (flags = 0x41)
0     ... 
13    -O                                                                        (1 = 0.5%) {0.0%}
14    ... 
16    -O                                                                        (1 = 0.5%) {0.5%}
17    ... 
52    -O                                                                        (1 = 0.5%) {1.1%}
53    ... 
69    -O                                                                        (1 = 0.5%) {1.6%}
70    ... 
123   -O                                                                        (1 = 0.5%) {2.2%}
124   -O                                                                        (1 = 0.5%) {2.7%}
125   -O                                                                        (1 = 0.5%) {3.3%}
126   ... 
138   -O                                                                        (1 = 0.5%) {3.8%}
139   ... 
240   -O                                                                        (1 = 0.5%) {4.4%}
241   ... 
250   -O                                                                        (1 = 0.5%) {4.9%}
251   ... 
429   -O                                                                        (1 = 0.5%) {5.5%}
430   -O                                                                        (1 = 0.5%) {6.0%}
431   -O                                                                        (1 = 0.5%) {6.6%}
432   -O                                                                        (1 = 0.5%) {7.1%}
433   ... 
469   -O                                                                        (1 = 0.5%) {7.7%}
470   ... 
494   -O                                                                        (1 = 0.5%) {8.2%}
495   ... 
522   -O                                                                        (1 = 0.5%) {8.8%}
523   -O                                                                        (1 = 0.5%) {9.3%}
524   -O                                                                        (1 = 0.5%) {9.9%}
525   ... 
540   -O                                                                        (1 = 0.5%) {10.4%}
541   ... 
587   -O                                                                        (1 = 0.5%) {11.0%}
588   -O                                                                        (1 = 0.5%) {11.5%}
589   ... 
675   -O                                                                        (1 = 0.5%) {12.1%}
676   ... 
710   -O                                                                        (1 = 0.5%) {12.6%}
711   -O                                                                        (1 = 0.5%) {13.2%}
712   -O                                                                        (1 = 0.5%) {13.7%}
713   ... 
717   -O                                                                        (1 = 0.5%) {14.3%}
718   ... 
730   -O                                                                        (1 = 0.5%) {14.8%}
731   ... 
744   -O                                                                        (1 = 0.5%) {15.4%}
745   ... 
780   -O                                                                        (1 = 0.5%) {15.9%}
781   -O                                                                        (1 = 0.5%) {16.5%}
782   ... 
786   -O                                                                        (1 = 0.5%) {17.0%}
787   -O                                                                        (1 = 0.5%) {17.6%}
788   ... 
804   -O                                                                        (1 = 0.5%) {18.1%}
805   ... 
900   -O                                                                        (1 = 0.5%) {18.7%}
901   -O                                                                        (1 = 0.5%) {19.2%}
902   ... 
907   -O                                                                        (1 = 0.5%) {19.8%}
908   ... 
954   -O                                                                        (1 = 0.5%) {20.3%}
955   ... 
970   -O                                                                        (1 = 0.5%) {20.9%}
971   O                                                                         (0 = 0.0%) {21.4%}
972   -O                                                                        (1 = 0.5%) {21.4%}
973   -O                                                                        (1 = 0.5%) {22.0%}
974   ... 
976   -O                                                                        (1 = 0.5%) {22.5%}
977   ... 
1023  -O                                                                        (1 = 0.5%) {23.1%}
1024  ... 
1069  -O                                                                        (1 = 0.5%) {23.6%}
1070  -O                                                                        (1 = 0.5%) {24.2%}
1071  ... 
1075  -O                                                                        (1 = 0.5%) {24.7%}
1076  -O                                                                        (1 = 0.5%) {25.3%}
1077  ... 
1124  -O                                                                        (1 = 0.5%) {25.8%}
1125  ... 
1302  -O                                                                        (1 = 0.5%) {26.4%}
1303  ... 
1347  -O                                                                        (1 = 0.5%) {26.9%}
1348  ... 
1351  -O                                                                        (1 = 0.5%) {27.5%}
1352  ... 
1354  -O                                                                        (1 = 0.5%) {28.0%}
1355  ... 
1368  -O                                                                        (1 = 0.5%) {28.6%}
1369  ... 
1417  -O                                                                        (1 = 0.5%) {29.1%}
1418  ... 
1441  -O                                                                        (1 = 0.5%) {29.7%}
1442  ... 
1458  -O                                                                        (1 = 0.5%) {30.2%}
1459  -O                                                                        (1 = 0.5%) {30.8%}
1460  ... 
1462  -O                                                                        (1 = 0.5%) {31.3%}
1463  -O                                                                        (1 = 0.5%) {31.9%}
1464  ... 
1467  -O                                                                        (1 = 0.5%) {32.4%}
1468  ... 
1502  -O                                                                        (1 = 0.5%) {33.0%}
1503  ... 
1692  -O                                                                        (1 = 0.5%) {33.5%}
1693  -O                                                                        (1 = 0.5%) {34.1%}
1694  ... 
1827  -O                                                                        (1 = 0.5%) {34.6%}
1828  ... 
2013  -O                                                                        (1 = 0.5%) {35.2%}
2014  ... 
2077  -O                                                                        (1 = 0.5%) {35.7%}
2078  ... 
2094  -O                                                                        (1 = 0.5%) {36.3%}
2095  O                                                                         (0 = 0.0%) {36.8%}
2096  -O                                                                        (1 = 0.5%) {36.8%}
2097  ... 
2100  -O                                                                        (1 = 0.5%) {37.4%}
2101  ... 
2112  -O                                                                        (1 = 0.5%) {37.9%}
2113  ... 
2121  -O                                                                        (1 = 0.5%) {38.5%}
2122  ... 
2157  -O                                                                        (1 = 0.5%) {39.0%}
2158  ... 
2188  -O                                                                        (1 = 0.5%) {39.6%}
2189  O                                                                         (0 = 0.0%) {40.1%}
2190  -O                                                                        (1 = 0.5%) {40.1%}
2191  -O                                                                        (1 = 0.5%) {40.7%}
2192  ... 
2195  -O                                                                        (1 = 0.5%) {41.2%}
2196  ... 
2203  -O                                                                        (1 = 0.5%) {41.8%}
2204  -O                                                                        (1 = 0.5%) {42.3%}
2205  ... 
2217  -O                                                                        (1 = 0.5%) {42.9%}
2218  ... 
2226  -O                                                                        (1 = 0.5%) {43.4%}
2227  O                                                                         (0 = 0.0%) {44.0%}
2228  -O                                                                        (1 = 0.5%) {44.0%}
2229  -O                                                                        (1 = 0.5%) {44.5%}
2230  ... 
2236  -O                                                                        (1 = 0.5%) {45.1%}
2237  ... 
2298  -O                                                                        (1 = 0.5%) {45.6%}
2299  ... 
2314  -O                                                                        (1 = 0.5%) {46.2%}
2315  ... 
2319  -O                                                                        (1 = 0.5%) {46.7%}
2320  ... 
2322  -O                                                                        (1 = 0.5%) {47.3%}
2323  ... 
2347  -O                                                                        (1 = 0.5%) {47.8%}
2348  ... 
2355  -O                                                                        (1 = 0.5%) {48.4%}
2356  ... 
2361  -O                                                                        (1 = 0.5%) {48.9%}
2362  ... 
2387  -O                                                                        (1 = 0.5%) {49.5%}
2388  -O                                                                        (1 = 0.5%) {50.0%}
2389  ... 
2399  -O                                                                        (1 = 0.5%) {50.5%}
2400  ... 
2413  -O                                                                        (1 = 0.5%) {51.1%}
2414  ... 
2429  -O                                                                        (1 = 0.5%) {51.6%}
2430  O                                                                         (0 = 0.0%) {52.2%}
2431  -O                                                                        (1 = 0.5%) {52.2%}
2432  ... 
2487  -O                                                                        (1 = 0.5%) {52.7%}
2488  ... 
2518  -O                                                                        (1 = 0.5%) {53.3%}
2519  ... 
2598  -O                                                                        (1 = 0.5%) {53.8%}
2599  ... 
2618  -O                                                                        (1 = 0.5%) {54.4%}
2619  ... 
2654  -O                                                                        (1 = 0.5%) {54.9%}
2655  -O                                                                        (1 = 0.5%) {55.5%}
2656  -O                                                                        (1 = 0.5%) {56.0%}
2657  -O                                                                        (1 = 0.5%) {56.6%}
2658  -O                                                                        (1 = 0.5%) {57.1%}
2659  -O                                                                        (1 = 0.5%) {57.7%}
2660  -O                                                                        (1 = 0.5%) {58.2%}
2661  -O                                                                        (1 = 0.5%) {58.8%}
2662  -O                                                                        (1 = 0.5%) {59.3%}
2663  -O                                                                        (1 = 0.5%) {59.9%}
2664  ... 
2699  -O                                                                        (1 = 0.5%) {60.4%}
2700  -O                                                                        (1 = 0.5%) {61.0%}
2701  -O                                                                        (1 = 0.5%) {61.5%}
2702  -O                                                                        (1 = 0.5%) {62.1%}
2703  -O                                                                        (1 = 0.5%) {62.6%}
2704  -O                                                                        (1 = 0.5%) {63.2%}
2705  -O                                                                        (1 = 0.5%) {63.7%}
2706  -O                                                                        (1 = 0.5%) {64.3%}
2707  -O                                                                        (1 = 0.5%) {64.8%}
2708  ... 
2710  -O                                                                        (1 = 0.5%) {65.4%}
2711  -O                                                                        (1 = 0.5%) {65.9%}
2712  ... 
2714  -O                                                                        (1 = 0.5%) {66.5%}
2715  -O                                                                        (1 = 0.5%) {67.0%}
2716  -O                                                                        (1 = 0.5%) {67.6%}
2717  ... 
2723  -O                                                                        (1 = 0.5%) {68.1%}
2724  ... 
2738  -O                                                                        (1 = 0.5%) {68.7%}
2739  ... 
2769  -O                                                                        (1 = 0.5%) {69.2%}
2770  ... 
2789  -O                                                                        (1 = 0.5%) {69.8%}
2790  -O                                                                        (1 = 0.5%) {70.3%}
2791  -O                                                                        (1 = 0.5%) {70.9%}
2792  -O                                                                        (1 = 0.5%) {71.4%}
2793  ... 
2841  -O                                                                        (1 = 0.5%) {72.0%}
2842  ... 
2903  -O                                                                        (1 = 0.5%) {72.5%}
2904  -O                                                                        (1 = 0.5%) {73.1%}
2905  ... 
2927  -O                                                                        (1 = 0.5%) {73.6%}
2928  ... 
2935  -O                                                                        (1 = 0.5%) {74.2%}
2936  ... 
3004  -O                                                                        (1 = 0.5%) {74.7%}
3005  ... 
3019  -O                                                                        (1 = 0.5%) {75.3%}
3020  -O                                                                        (1 = 0.5%) {75.8%}
3021  ... 
3028  -O                                                                        (1 = 0.5%) {76.4%}
3029  ... 
3066  -O                                                                        (1 = 0.5%) {76.9%}
3067  ... 
3116  -O                                                                        (1 = 0.5%) {77.5%}
3117  ... 
3157  -O                                                                        (1 = 0.5%) {78.0%}
3158  ... 
3189  -O                                                                        (1 = 0.5%) {78.6%}
3190  ... 
3198  -O                                                                        (1 = 0.5%) {79.1%}
3199  ... 
3254  -O                                                                        (1 = 0.5%) {79.7%}
3255  ... 
3273  -O                                                                        (1 = 0.5%) {80.2%}
3274  O                                                                         (0 = 0.0%) {80.8%}
3275  -O                                                                        (1 = 0.5%) {80.8%}
3276  ... 
3279  -O                                                                        (1 = 0.5%) {81.3%}
3280  ... 
3307  -O                                                                        (1 = 0.5%) {81.9%}
3308  -O                                                                        (1 = 0.5%) {82.4%}
3309  ... 
3349  -O                                                                        (1 = 0.5%) {83.0%}
3350  ... 
3359  -O                                                                        (1 = 0.5%) {83.5%}
3360  ... 
3408  -O                                                                        (1 = 0.5%) {84.1%}
3409  -O                                                                        (1 = 0.5%) {84.6%}
3410  ... 
3444  -O                                                                        (1 = 0.5%) {85.2%}
3445  ... 
3698  -O                                                                        (1 = 0.5%) {85.7%}
3699  ... 
3789  -O                                                                        (1 = 0.5%) {86.3%}
3790  -O                                                                        (1 = 0.5%) {86.8%}
3791  ... 
3803  -O                                                                        (1 = 0.5%) {87.4%}
3804  ... 
3870  -O                                                                        (1 = 0.5%) {87.9%}
3871  ... 
3945  -O                                                                        (1 = 0.5%) {88.5%}
3946  ... 
3973  -O                                                                        (1 = 0.5%) {89.0%}
3974  ... 
4007  -O                                                                        (1 = 0.5%) {89.6%}
4008  ... 
4079  -O                                                                        (1 = 0.5%) {90.1%}
4080  ... 
4113  -O                                                                        (1 = 0.5%) {90.7%}
4114  ... 
4161  -O                                                                        (1 = 0.5%) {91.2%}
4162  ... 
4177  -O                                                                        (1 = 0.5%) {91.8%}
4178  ... 
4194  -O                                                                        (1 = 0.5%) {92.3%}
4195  O                                                                         (0 = 0.0%) {92.9%}
4196  -O                                                                        (1 = 0.5%) {92.9%}
4197  ... 
4240  -O                                                                        (1 = 0.5%) {93.4%}
4241  O                                                                         (0 = 0.0%) {94.0%}
4242  -O                                                                        (1 = 0.5%) {94.0%}
4243  ... 
4307  -O                                                                        (1 = 0.5%) {94.5%}
4308  ... 
4317  -O                                                                        (1 = 0.5%) {95.1%}
4318  ... 
4372  -O                                                                        (1 = 0.5%) {95.6%}
4373  ... 
4379  -O                                                                        (1 = 0.5%) {96.2%}
4380  ... 
4419  -O                                                                        (1 = 0.5%) {96.7%}
4420  ... 
4561  -O                                                                        (1 = 0.5%) {97.3%}
4562  ... 
4673  -O                                                                        (1 = 0.5%) {97.8%}
4674  ... 
4743  -O                                                                        (1 = 0.5%) {98.4%}
4744  ... 
4961  -O                                                                        (1 = 0.5%) {98.9%}
4962  ... 
4994  -O                                                                        (1 = 0.5%) {99.5%}
4995  ... 

Histogram: Blink.UseCounter.PermissionsPolicy.Allow2 recorded 0 samples (flags = 0x41)
0 ... 

Histogram: Blink.UseCounter.PermissionsPolicy.Header2 recorded 0 samples (flags = 0x41)
0 ... 

Histogram: Blink.UseCounter.PermissionsPolicy.Violation.Enforce recorded 0 samples (flags = 0x41)
0 ... 

Histogram: Blink.UseCounter.WebDXFeatures recorded 15 samples, mean = 37.7 (flags = 0x41)
0   ... 
5   -O                                                                        (1 = 6.7%) {0.0%}
6   ... 
8   -O                                                                        (1 = 6.7%) {6.7%}
9   -O                                                                        (1 = 6.7%) {13.3%}
10  O                                                                         (0 = 0.0%) {20.0%}
11  -O                                                                        (1 = 6.7%) {20.0%}
12  ... 
27  -O                                                                        (1 = 6.7%) {26.7%}
28  -O                                                                        (1 = 6.7%) {33.3%}
29  -O                                                                        (1 = 6.7%) {40.0%}
30  ... 
38  -O                                                                        (1 = 6.7%) {46.7%}
39  -O                                                                        (1 = 6.7%) {53.3%}
40  ... 
45  -O                                                                        (1 = 6.7%) {60.0%}
46  -O                                                                        (1 = 6.7%) {66.7%}
47  ... 
58  -O                                                                        (1 = 6.7%) {73.3%}
59  ... 
68  -O                                                                        (1 = 6.7%) {80.0%}
69  ... 
71  -O                                                                        (1 = 6.7%) {86.7%}
72  ... 
83  -O                                                                        (1 = 6.7%) {93.3%}
84  ... 

Histogram: Blink.UserDrivenDocumentUpdate.UpdateTime.PreFCP recorded 1 samples, mean = 25.0 (flags = 0x41)
0   ... 
21  -O                                                                        (1 = 100.0%) {0.0%}
29  ... 

Histogram: Bookmarks.BookmarkBar.Shown recorded 1 samples, mean = 0.0 (flags = 0x41)
0  -O                                                                        (1 = 100.0%)
1  ... 

Histogram: Bookmarks.Count.OnProfileLoad3 recorded 1 samples, mean = 0.0 (flags = 0x41)
0  -O                                                                        (1 = 100.0%)
1  ... 

Histogram: Bookmarks.Storage.TimeToLoadAtStartup2 recorded 1 samples, mean = 1748.0 (flags = 0x41)
0     ... 
1500  -O                                                                        (1 = 100.0%) {0.0%}
1782  ... 

Histogram: Bookmarks.Times.OnProfileLoad.TimeSinceAdded3 recorded 1 samples, mean = 0.0 (flags = 0x41)
0  -O                                                                        (1 = 100.0%)
1  ... 

Histogram: Bookmarks.Utilization.OnProfileLoad.PercentageUsed recorded 1 samples, mean = 0.0 (flags = 0x41)
0  -O                                                                        (1 = 100.0%)
1  ... 

Histogram: Bookmarks.Utilization.OnProfileLoad.TotalUnused recorded 1 samples, mean = 0.0 (flags = 0x41)
0  -O                                                                        (1 = 100.0%)
1  ... 

Histogram: Bookmarks.Utilization.OnProfileLoad.TotalUsed recorded 1 samples, mean = 0.0 (flags = 0x41)
0  -O                                                                        (1 = 100.0%)
1  ... 

Histogram: BrotliFilter.CompressionPercent recorded 34 samples, mean = 35.8 (flags = 0x41)
0    ... 
10   --O                                                                       (2 = 5.9%) {0.0%}
11   --O                                                                       (2 = 5.9%) {5.9%}
12   -O                                                                        (1 = 2.9%) {11.8%}
13   O                                                                         (0 = 0.0%) {14.7%}
14   -O                                                                        (1 = 2.9%) {14.7%}
15   O                                                                         (0 = 0.0%) {17.6%}
16   -O                                                                        (1 = 2.9%) {17.6%}
17   O                                                                         (0 = 0.0%) {20.6%}
18   -O                                                                        (1 = 2.9%) {20.6%}
19   ... 
22   -O                                                                        (1 = 2.9%) {23.5%}
23   -O                                                                        (1 = 2.9%) {26.5%}
24   -O                                                                        (1 = 2.9%) {29.4%}
25   -O                                                                        (1 = 2.9%) {32.4%}
26   -O                                                                        (1 = 2.9%) {35.3%}
27   ... 
29   -----O                                                                    (5 = 14.7%) {38.2%}
30   -O                                                                        (1 = 2.9%) {52.9%}
31   O                                                                         (0 = 0.0%) {55.9%}
32   --O                                                                       (2 = 5.9%) {55.9%}
33   O                                                                         (0 = 0.0%) {61.8%}
34   -O                                                                        (1 = 2.9%) {61.8%}
35   ... 
38   --O                                                                       (2 = 5.9%) {64.7%}
39   -O                                                                        (1 = 2.9%) {70.6%}
40   ... 
43   --O                                                                       (2 = 5.9%) {73.5%}
44   --O                                                                       (2 = 5.9%) {79.4%}
45   ... 
47   --O                                                                       (2 = 5.9%) {85.3%}
48   ... 
84   -O                                                                        (1 = 2.9%) {91.2%}
85   ... 
101  --O                                                                       (2 = 5.9%) {94.1%}

Histogram: BrotliFilter.Status recorded 34 samples, mean = 1.0 (flags = 0x41)
0  O                                                                         (0 = 0.0%)
1  ----------------------------------O                                       (34 = 100.0%) {0.0%}
2  ... 

Histogram: BrotliFilter.UsedMemoryKB recorded 34 samples, mean = 213.6 (flags = 0x41)
0    ... 
16   --O                                                                       (2 = 5.9%) {0.0%}
20   O                                                                         (0 = 0.0%) {5.9%}
25   ---O                                                                      (3 = 8.8%) {5.9%}
31   ------O                                                                   (6 = 17.6%) {14.7%}
39   O                                                                         (0 = 0.0%) {32.4%}
49   --O                                                                       (2 = 5.9%) {32.4%}
61   --O                                                                       (2 = 5.9%) {38.2%}
76   ---O                                                                      (3 = 8.8%) {44.1%}
95   O                                                                         (0 = 0.0%) {52.9%}
119  ----O                                                                     (4 = 11.8%) {52.9%}
149  O                                                                         (0 = 0.0%) {64.7%}
187  -O                                                                        (1 = 2.9%) {64.7%}
234  -O                                                                        (1 = 2.9%) {67.6%}
293  O                                                                         (0 = 0.0%) {70.6%}
367  ------O                                                                   (6 = 17.6%) {70.6%}
460  O                                                                         (0 = 0.0%) {88.2%}
576  -O                                                                        (1 = 2.9%) {88.2%}
722  ---O                                                                      (3 = 8.8%) {91.2%}
905  ... 

Histogram: Browser.ERP.RequestPayloadSizePerHour recorded 5 samples, mean = 0.0 (flags = 0x41)
0  -----O                                                                    (5 = 100.0%)
1  ... 

Histogram: Browser.ERP.ResponsePayloadSizePerHour recorded 5 samples, mean = 0.0 (flags = 0x41)
0  -----O                                                                    (5 = 100.0%)
1  ... 

Histogram: Browser.MainThreadsCongestion.RunningOnly recorded 613 samples, mean = 0.0 (flags = 0x41)
0  ------------------------------------------------------------------------O (613 = 100.0%)
1  ... 

Histogram: Browser.MainThreadsCongestion.RunningOnly.Initial recorded 1 samples, mean = 0.0 (flags = 0x41)
0  -O                                                                        (1 = 100.0%)
1  ... 

Histogram: Browser.Responsiveness.IOJanksTotalPerMinute recorded 308 samples, mean = 0.0 (flags = 0x41)
0  ------------------------------------------------------------------------O (308 = 100.0%)
1  ... 

Histogram: Browser.Responsiveness.IOJankyIntervalsPerMinute recorded 308 samples, mean = 0.0 (flags = 0x41)
0  ------------------------------------------------------------------------O (308 = 100.0%)
1  ... 

Histogram: BrowserRenderProcessHost.Cleanup.DelayReason recorded 12 samples, mean = 6.8 (flags = 0x41)
0  ---O                                                                      (3 = 25.0%)
1  ... 
9  ---------O                                                                (9 = 75.0%) {25.0%}
10 ... 

Histogram: BrowserRenderProcessHost.Cleanup.Total recorded 12 samples, mean = 1.0 (flags = 0x41)
0  O                                                                         (0 = 0.0%)
1  ------------O                                                             (12 = 100.0%) {0.0%}
2  O                                                                         (0 = 0.0%) {100.0%}

Histogram: BrowserRenderProcessHost.ExistingRendererIsInitializedAndNotDead recorded 1 samples, mean = 1.0 (flags = 0x41)
0  O                                                                         (0 = 0.0%)
1  -O                                                                        (1 = 100.0%) {0.0%}
2  O                                                                         (0 = 0.0%) {100.0%}

Histogram: BrowserRenderProcessHost.FastShutdownIfPossible.DelayReason recorded 1 samples, mean = 4.0 (flags = 0x41)
0  ... 
4  -O                                                                        (1 = 100.0%) {0.0%}
5  ... 

Histogram: BrowserRenderProcessHost.FastShutdownIfPossible.Total recorded 1 samples, mean = 1.0 (flags = 0x41)
0  O                                                                         (0 = 0.0%)
1  -O                                                                        (1 = 100.0%) {0.0%}
2  O                                                                         (0 = 0.0%) {100.0%}

Histogram: BrowserRenderProcessHost.SpareProcessEvictedOtherSpare recorded 2 samples, mean = 0.0 (flags = 0x41)
0  --O                                                                       (2 = 100.0%)
1  ... 

Histogram: BrowserRenderProcessHost.SpareProcessMaybeTakeAction recorded 2 samples, mean = 2.0 (flags = 0x41)
0  -O                                                                        (1 = 50.0%)
1  ... 
4  -O                                                                        (1 = 50.0%) {50.0%}
5  ... 

Histogram: BrowserRenderProcessHost.SpareProcessStartupTime recorded 2 samples, mean = 997.0 (flags = 0x41)
0     ... 
268   -O                                                                        (1 = 50.0%) {0.0%}
318   ... 
1500  -O                                                                        (1 = 50.0%) {50.0%}
1782  ... 

Histogram: BrowserSwitcher.ExternalGreylistSize recorded 1 samples, mean = 0.0 (flags = 0x41)
0  -O                                                                        (1 = 100.0%)
1  ... 

Histogram: BrowserSwitcher.ExternalSitelistSize recorded 1 samples, mean = 0.0 (flags = 0x41)
0  -O                                                                        (1 = 100.0%)
1  ... 

Histogram: BrowserSwitcher.IeemSitelistSize recorded 1 samples, mean = 0.0 (flags = 0x41)
0  -O                                                                        (1 = 100.0%)
1  ... 

Histogram: BrowsingTopics.BrowsingTopicsState.LoadFinishStatus recorded 1 samples, mean = 1.0 (flags = 0x41)
0  O                                                                         (0 = 0.0%)
1  -O                                                                        (1 = 100.0%) {0.0%}
2  O                                                                         (0 = 0.0%) {100.0%}

Histogram: BrowsingTopics.SiteDataStorage.FileSize.KB recorded 1 samples, mean = 28.0 (flags = 0x41)
0   ... 
28  -O                                                                        (1 = 100.0%) {0.0%}
37  ... 

Histogram: BrowsingTopics.SiteDataStorage.InitStatus recorded 1 samples, mean = 1.0 (flags = 0x41)
0  O                                                                         (0 = 0.0%)
1  -O                                                                        (1 = 100.0%) {0.0%}
2  O                                                                         (0 = 0.0%) {100.0%}

Histogram: CPU.Experimental.CpuEstimationTaskMigrated recorded 61 samples, mean = 0.0 (flags = 0x41)
0  ------------------------------------------------------------O             (60 = 98.4%)
1  -O                                                                        (1 = 1.6%) {98.4%}
2  O                                                                         (0 = 0.0%) {100.0%}

Histogram: CPU.Experimental.CpuEstimationTaskQueuedTime.Performance recorded 61 samples, mean = 8.2 (flags = 0x41)
0   ... 
3   -O                                                                        (1 = 1.6%) {0.0%}
4   ----O                                                                     (4 = 6.6%) {1.6%}
5   ------------------O                                                       (18 = 29.5%) {8.2%}
7   -----------------O                                                        (17 = 27.9%) {37.7%}
9   -------------O                                                            (13 = 21.3%) {65.6%}
12  ----O                                                                     (4 = 6.6%) {86.9%}
16  ----O                                                                     (4 = 6.6%) {93.4%}
21  ... 

Histogram: CPU.Experimental.CpuEstimationTaskThreadTime.Performance recorded 61 samples, mean = 103.5 (flags = 0x41)
0    ... 
86   ----------------------------------------------------------O               (58 = 95.1%) {0.0%}
113  ---O                                                                      (3 = 4.9%) {95.1%}
149  ... 

Histogram: CPU.Experimental.CpuEstimationTaskTotalTime.Performance recorded 61 samples, mean = 114.5 (flags = 0x41)
0    ... 
86   -------------------------------------O                                    (37 = 60.7%) {0.0%}
113  -----------------------O                                                  (23 = 37.7%) {60.7%}
149  O                                                                         (0 = 0.0%) {98.4%}
196  -O                                                                        (1 = 1.6%) {98.4%}
258  ... 

Histogram: CPU.Experimental.CpuEstimationTaskWallTime.Performance recorded 61 samples, mean = 106.3 (flags = 0x41)
0    ... 
86   ---------------------------------------------------------O                (57 = 93.4%) {0.0%}
113  ---O                                                                      (3 = 4.9%) {93.4%}
149  -O                                                                        (1 = 1.6%) {98.4%}
196  ... 

Histogram: CPU.Experimental.CpuEstimationThreadTimePercent.Performance recorded 61 samples, mean = 97.7 (flags = 0x41)
0    ... 
64   -O                                                                        (1 = 1.6%) {0.0%}
65   ... 
91   -O                                                                        (1 = 1.6%) {1.6%}
92   ... 
97   -----O                                                                    (5 = 8.2%) {3.3%}
98   -----------------------------O                                            (29 = 47.5%) {11.5%}
99   -----------------------O                                                  (23 = 37.7%) {59.0%}
100  --O                                                                       (2 = 3.3%) {96.7%}
101  O                                                                         (0 = 0.0%) {100.0%}

Histogram: CPU.Experimental.EstimatedFrequencyAsPercentOfLimit.Performance recorded 60 samples, mean = 131.2 (flags = 0x41)
0    ... 
72   -O                                                                        (1 = 1.7%) {0.0%}
73   ... 
101  -----------------------------------------------------------O              (59 = 98.3%) {1.7%}

Histogram: CPU.Experimental.EstimatedFrequencyAsPercentOfMax.Performance recorded 60 samples, mean = 131.2 (flags = 0x41)
0    ... 
72   -O                                                                        (1 = 1.7%) {0.0%}
73   ... 
101  -----------------------------------------------------------O              (59 = 98.3%) {1.7%}

Histogram: CertificateType2.BR.Intermediate.ECDSA recorded 4 samples, mean = 320.0 (flags = 0x41)
0    ... 
256  --O                                                                       (2 = 50.0%) {0.0%}
257  ... 
384  --O                                                                       (2 = 50.0%) {50.0%}
385  ... 

Histogram: CertificateType2.BR.Intermediate.RSA recorded 15 samples, mean = 2048.0 (flags = 0x41)
0     ... 
2048  ---------------O                                                          (15 = 100.0%) {0.0%}
2049  ... 

Histogram: CertificateType2.BR.Leaf.ECDSA recorded 16 samples, mean = 256.0 (flags = 0x41)
0    ... 
256  ----------------O                                                         (16 = 100.0%) {0.0%}
257  ... 

Histogram: CertificateType2.BR.Leaf.RSA recorded 2 samples, mean = 2048.0 (flags = 0x41)
0     ... 
2048  --O                                                                       (2 = 100.0%) {0.0%}
2049  ... 

Histogram: CertificateType2.BR.Root.ECDSA recorded 3 samples, mean = 384.0 (flags = 0x41)
0    ... 
384  ---O                                                                      (3 = 100.0%) {0.0%}
385  ... 

Histogram: CertificateType2.BR.Root.RSA recorded 15 samples, mean = 3822.9 (flags = 0x41)
0     ... 
2048  --O                                                                       (2 = 13.3%) {0.0%}
2049  ... 
4096  -------------O                                                            (13 = 86.7%) {13.3%}
4097  ... 

Histogram: ChildProcess.Launched.UtilityProcessHash recorded 10 samples (flags = 0x41)
-2043041185 -O                                                                        (1 = 10.0%)
-1468742076 -O                                                                        (1 = 10.0%)
331504207   -------O                                                                  (7 = 70.0%)
1411170475  -O                                                                        (1 = 10.0%)

Histogram: ChildProcess.ProcessLifetime.Utility recorded 10 samples, mean = 3711188.0 (flags = 0x41)
0        ... 
217      -O                                                                        (1 = 10.0%) {0.0%}
294      ... 
4516     -----O                                                                    (5 = 50.0%) {10.0%}
6118     -O                                                                        (1 = 10.0%) {60.0%}
8289     ... 
15215    -O                                                                        (1 = 10.0%) {70.0%}
20614    ... 
3600000  --O                                                                       (2 = 20.0%) {80.0%}

Histogram: Chrome.ProcessSingleton.NotifyResult recorded 1 samples, mean = 0.0 (flags = 0x41)
0  -O                                                                        (1 = 100.0%)
1  ... 

Histogram: Chrome.ProcessSingleton.TimeToCreate recorded 1 samples, mean = 0.0 (flags = 0x41)
0  -O                                                                        (1 = 100.0%)
10 ... 

Histogram: Chrome.SystemNetworkContextManager.NetworkSandboxState recorded 4 samples, mean = 0.0 (flags = 0x41)
0  ----O                                                                     (4 = 100.0%)
1  ... 

Histogram: ChromeElf.Beacon.RetryAttemptsBeforeSuccess recorded 1 samples, mean = 0.0 (flags = 0x41)
0  -O                                                                        (1 = 100.0%)
1  ... 

Histogram: ChromeElf.Beacon.SetupStatus recorded 1 samples, mean = 1.0 (flags = 0x41)
0  O                                                                         (0 = 0.0%)
1  -O                                                                        (1 = 100.0%) {0.0%}
2  ... 

Histogram: ChromeElf.ExtensionPoint.EnableState recorded 1 samples, mean = 1.0 (flags = 0x41)
0  O                                                                         (0 = 0.0%)
1  -O                                                                        (1 = 100.0%) {0.0%}
2  O                                                                         (0 = 0.0%) {100.0%}

Histogram: ClientHints.CriticalCHRestart recorded 1 samples, mean = 0.0 (flags = 0x41)
0  -O                                                                        (1 = 100.0%)
1  ... 

Histogram: ClientHints.FetchLatency_PrefRead recorded 5 samples, mean = 13.0 (flags = 0x41)
0   ... 
3   -O                                                                        (1 = 20.0%) {0.0%}
4   O                                                                         (0 = 0.0%) {20.0%}
6   -O                                                                        (1 = 20.0%) {20.0%}
8   -O                                                                        (1 = 20.0%) {40.0%}
11  -O                                                                        (1 = 20.0%) {60.0%}
15  ... 
29  -O                                                                        (1 = 20.0%) {80.0%}
40  ... 

Histogram: ClientHints.FetchLatency_PrerenderHost recorded 5 samples, mean = 0.8 (flags = 0x41)
0  --O                                                                       (2 = 40.0%)
1  --O                                                                       (2 = 40.0%) {40.0%}
2  -O                                                                        (1 = 20.0%) {80.0%}
3  ... 

Histogram: ClientHints.FetchLatency_Total recorded 5 samples, mean = 13.8 (flags = 0x41)
0   ... 
4   -O                                                                        (1 = 20.0%) {0.0%}
6   O                                                                         (0 = 0.0%) {20.0%}
8   --O                                                                       (2 = 40.0%) {20.0%}
11  -O                                                                        (1 = 20.0%) {60.0%}
15  ... 
29  -O                                                                        (1 = 20.0%) {80.0%}
40  ... 

Histogram: Commerce.PDPNavigation.ShoppingList.IneligibilityReason recorded 6 samples, mean = 4.0 (flags = 0x41)
0  ... 
3  --O                                                                       (2 = 33.3%) {0.0%}
4  --O                                                                       (2 = 33.3%) {33.3%}
5  --O                                                                       (2 = 33.3%) {66.7%}
6  ... 

Histogram: Compositing.Browser.CompositorFrame.Quads recorded 4 samples, mean = 1.0 (flags = 0x41)
0  O                                                                         (0 = 0.0%)
1  ----O                                                                     (4 = 100.0%) {0.0%}
2  ... 

Histogram: Compositing.Browser.LayerTreeImpl.CalculateDrawPropertiesUs recorded 5 samples, mean = 12.6 (flags = 0x41)
0   ... 
3   -O                                                                        (1 = 20.0%) {0.0%}
4   ... 
7   -O                                                                        (1 = 20.0%) {20.0%}
9   -O                                                                        (1 = 20.0%) {40.0%}
12  -O                                                                        (1 = 20.0%) {60.0%}
16  ... 
28  -O                                                                        (1 = 20.0%) {80.0%}
37  ... 

Histogram: Compositing.Browser.LayersUpdateTime recorded 5 samples, mean = 26.2 (flags = 0x41)
0   ... 
6   --O                                                                       (2 = 40.0%) {0.0%}
8   O                                                                         (0 = 0.0%) {40.0%}
11  -O                                                                        (1 = 20.0%) {40.0%}
15  -O                                                                        (1 = 20.0%) {60.0%}
21  ... 
76  -O                                                                        (1 = 20.0%) {80.0%}
105 ... 

Histogram: Compositing.ColorGamut recorded 6 samples, mean = 0.0 (flags = 0x41)
0  ------O                                                                   (6 = 100.0%)
1  ... 

Histogram: Compositing.DidMainThreadBlockDuringCommit recorded 14 samples, mean = 0.1 (flags = 0x41)
0  -------------O                                                            (13 = 92.9%)
1  -O                                                                        (1 = 7.1%) {92.9%}
2  O                                                                         (0 = 0.0%) {100.0%}

Histogram: Compositing.DirectRenderer.OverlayProcessingUs recorded 6 samples, mean = 0.5 (flags = 0x41)
0  ------O                                                                   (6 = 100.0%)
5  ... 

Histogram: Compositing.DirectRenderer.PartialSwap.ExtraDamage recorded 6 samples, mean = 0.0 (flags = 0x41)
0  ------O                                                                   (6 = 100.0%)
1  ... 

Histogram: Compositing.DirectRenderer.PartialSwap.FrameBufferDamage recorded 6 samples, mean = 0.0 (flags = 0x41)
0  ------O                                                                   (6 = 100.0%)
1  ... 

Histogram: Compositing.DirectRenderer.PartialSwap.RootDamage recorded 6 samples, mean = 100.0 (flags = 0x41)
0    ... 
100  ------O                                                                   (6 = 100.0%) {0.0%}
101  O                                                                         (0 = 0.0%) {100.0%}

Histogram: Compositing.DirectRenderer.PartialSwap.TotalDamage recorded 6 samples, mean = 100.0 (flags = 0x41)
0    ... 
100  ------O                                                                   (6 = 100.0%) {0.0%}
101  O                                                                         (0 = 0.0%) {100.0%}

Histogram: Compositing.DirectRenderer.SkipAllNonRootRenderPassesPerFrame recorded 3 samples, mean = 0.0 (flags = 0x41)
0  ---O                                                                      (3 = 100.0%)
1  ... 

Histogram: Compositing.DirectRenderer.SkipNonRootRenderPass recorded 3 samples, mean = 0.0 (flags = 0x41)
0  ---O                                                                      (3 = 100.0%)
1  ... 

Histogram: Compositing.DirectRenderer.TotalPixelsRendered recorded 6 samples, mean = 1.5 (flags = 0x41)
0  O                                                                         (0 = 0.0%)
1  ---O                                                                      (3 = 50.0%) {0.0%}
2  ---O                                                                      (3 = 50.0%) {50.0%}
3  ... 

Histogram: Compositing.Display.Draw.Occlusion.Calculation.Time recorded 6 samples, mean = 4.7 (flags = 0x41)
0   O                                                                         (0 = 0.0%)
1   -O                                                                        (1 = 16.7%) {0.0%}
2   -O                                                                        (1 = 16.7%) {16.7%}
3   --O                                                                       (2 = 33.3%) {33.3%}
4   ... 
8   -O                                                                        (1 = 16.7%) {66.7%}
9   ... 
11  -O                                                                        (1 = 16.7%) {83.3%}
12  ... 

Histogram: Compositing.Display.Draw.Quads recorded 6 samples, mean = 2.0 (flags = 0x41)
0  O                                                                         (0 = 0.0%)
1  ---O                                                                      (3 = 50.0%) {0.0%}
2  O                                                                         (0 = 0.0%) {50.0%}
3  ---O                                                                      (3 = 50.0%) {50.0%}
4  ... 

Histogram: Compositing.Display.DrawToSwapUs recorded 6 samples, mean = 3866.0 (flags = 0x41)
0      ... 
275    -O                                                                        (1 = 16.7%) {0.0%}
333    ... 
594    --O                                                                       (2 = 33.3%) {16.7%}
720    ... 
1059   -O                                                                        (1 = 16.7%) {50.0%}
1284   ... 
7277   -O                                                                        (1 = 16.7%) {66.7%}
8824   O                                                                         (0 = 0.0%) {83.3%}
10700  -O                                                                        (1 = 16.7%) {83.3%}
12974  ... 

Histogram: Compositing.Display.FlattenedRenderPassCount recorded 6 samples, mean = 1.5 (flags = 0x41)
0  O                                                                         (0 = 0.0%)
1  ---O                                                                      (3 = 50.0%) {0.0%}
2  ---O                                                                      (3 = 50.0%) {50.0%}
3  ... 

Histogram: Compositing.Display.PendingSwaps recorded 6 samples, mean = 1.0 (flags = 0x41)
0  O                                                                         (0 = 0.0%)
1  ------O                                                                   (6 = 100.0%) {0.0%}
2  ... 

Histogram: Compositing.Display.VizDependencyResolvedToGpuStartedDrawUs recorded 6 samples, mean = 42.3 (flags = 0x41)
0    ... 
18   ---O                                                                      (3 = 50.0%) {0.0%}
22   O                                                                         (0 = 0.0%) {50.0%}
27   --O                                                                       (2 = 33.3%) {50.0%}
33   ... 
127  -O                                                                        (1 = 16.7%) {83.3%}
154  ... 

Histogram: Compositing.Display.VizScheduledDrawToDependencyResolvedUs recorded 6 samples, mean = 2.0 (flags = 0x41)
0  ------O                                                                   (6 = 100.0%)
5  ... 

Histogram: Compositing.Display.VizScheduledDrawToGpuStartedDrawUs recorded 6 samples, mean = 44.3 (flags = 0x41)
0    ... 
18   -O                                                                        (1 = 16.7%) {0.0%}
22   --O                                                                       (2 = 33.3%) {16.7%}
27   --O                                                                       (2 = 33.3%) {50.0%}
33   ... 
127  -O                                                                        (1 = 16.7%) {83.3%}
154  ... 

Histogram: Compositing.MainThreadBlockedDuringCommitTime recorded 1 samples, mean = 10.0 (flags = 0x41)
0  ... 
8  -O                                                                        (1 = 100.0%) {0.0%}
11 ... 

Histogram: Compositing.Renderer.CompositorFrame.Quads recorded 2 samples, mean = 2.0 (flags = 0x41)
0  ... 
2  --O                                                                       (2 = 100.0%) {0.0%}
3  ... 

Histogram: Compositing.Renderer.LayersUpdateTime recorded 5 samples, mean = 26.6 (flags = 0x41)
0   ... 
6   -O                                                                        (1 = 20.0%) {0.0%}
8   --O                                                                       (2 = 40.0%) {20.0%}
11  ... 
21  -O                                                                        (1 = 20.0%) {60.0%}
29  ... 
76  -O                                                                        (1 = 20.0%) {80.0%}
105 ... 

Histogram: Compositing.Renderer.NumRenderSurfaces recorded 9 samples, mean = 1.0 (flags = 0x41)
0  O                                                                         (0 = 0.0%)
1  ---------O                                                                (9 = 100.0%) {0.0%}
2  ... 

Histogram: Compositing.SurfaceAggregator.AggregateUs recorded 6 samples, mean = 6324.0 (flags = 0x41)
0      ... 
28     --O                                                                       (2 = 33.3%) {0.0%}
37     -O                                                                        (1 = 16.7%) {33.3%}
49     ... 
113    -O                                                                        (1 = 16.7%) {50.0%}
149    ... 
590    -O                                                                        (1 = 16.7%) {66.7%}
777    ... 
36699  -O                                                                        (1 = 16.7%) {83.3%}
48336  ... 

Histogram: Compositing.SurfaceAggregator.CopiedSurfaceCount recorded 6 samples, mean = 1.5 (flags = 0x41)
0  O                                                                         (0 = 0.0%)
1  ---O                                                                      (3 = 50.0%) {0.0%}
2  ---O                                                                      (3 = 50.0%) {50.0%}
3  ... 

Histogram: Compositing.SurfaceAggregator.CopyUs recorded 6 samples, mean = 12.5 (flags = 0x41)
0   ... 
8   -O                                                                        (1 = 16.7%) {0.0%}
9   -O                                                                        (1 = 16.7%) {16.7%}
11  --O                                                                       (2 = 33.3%) {33.3%}
13  O                                                                         (0 = 0.0%) {66.7%}
15  -O                                                                        (1 = 16.7%) {66.7%}
18  -O                                                                        (1 = 16.7%) {83.3%}
21  ... 

Histogram: Compositing.SurfaceAggregator.HasCopyRequestsPerFrame recorded 6 samples, mean = 0.3 (flags = 0x41)
0  ----O                                                                     (4 = 66.7%)
1  --O                                                                       (2 = 33.3%) {66.7%}
2  O                                                                         (0 = 0.0%) {100.0%}

Histogram: Compositing.SurfaceAggregator.HasPixelMovingBackdropFiltersPerFrame recorded 6 samples, mean = 0.0 (flags = 0x41)
0  ------O                                                                   (6 = 100.0%)
1  ... 

Histogram: Compositing.SurfaceAggregator.HasPixelMovingFiltersPerFrame recorded 6 samples, mean = 0.0 (flags = 0x41)
0  ------O                                                                   (6 = 100.0%)
1  ... 

Histogram: Compositing.SurfaceAggregator.HasUnembeddedRenderPassesPerFrame recorded 6 samples, mean = 0.0 (flags = 0x41)
0  ------O                                                                   (6 = 100.0%)
1  ... 

Histogram: Compositing.SurfaceAggregator.PrewalkUs recorded 6 samples, mean = 6293.2 (flags = 0x41)
0      ... 
13     --O                                                                       (2 = 33.3%) {0.0%}
15     ... 
21     -O                                                                        (1 = 16.7%) {33.3%}
25     ... 
55     -O                                                                        (1 = 16.7%) {50.0%}
64     ... 
684    -O                                                                        (1 = 16.7%) {66.7%}
801    ... 
10000  -O                                                                        (1 = 16.7%) {83.3%}

Histogram: Compositing.SurfaceAggregator.PrewalkedSurfaceCount recorded 6 samples, mean = 1.5 (flags = 0x41)
0  O                                                                         (0 = 0.0%)
1  ---O                                                                      (3 = 50.0%) {0.0%}
2  ---O                                                                      (3 = 50.0%) {50.0%}
3  ... 

Histogram: Compositing.SurfaceManager.MarkForDestructionToDestroy recorded 1 samples, mean = 12.0 (flags = 0x41)
0   ... 
12  -O                                                                        (1 = 100.0%) {0.0%}
14  ... 

Histogram: Content.Classification.OpenGraph recorded 1 samples, mean = 4.0 (flags = 0x41)
0  ... 
4  -O                                                                        (1 = 100.0%) {0.0%}
5  ... 

Histogram: ContentSettings.AllowStorageAccessSync recorded 4 samples, mean = 0.0 (flags = 0x41)
0  ----O                                                                     (4 = 100.0%)
1  ... 

Histogram: ContentSettings.GetContentSetting.Network.Duration recorded 460 samples, mean = 0.5 (flags = 0x41)
0  ------------------------------------------------------------------------O (289 = 62.8%)
1  -----------------------------------O                                      (142 = 30.9%) {62.8%}
2  -----O                                                                    (22 = 4.8%) {93.7%}
3  -O                                                                        (6 = 1.3%) {98.5%}
4  O                                                                         (1 = 0.2%) {99.8%}
5  ... 

Histogram: ContentSettings.GetCookieSettingInternal.Duration recorded 138 samples, mean = 3.9 (flags = 0x41)
0   -O                                                                        (1 = 0.7%)
1   ----------------------------------O                                       (34 = 24.6%) {0.7%}
2   -------------------------------------O                                    (37 = 26.8%) {25.4%}
3   ------------------------O                                                 (24 = 17.4%) {52.2%}
4   ---O                                                                      (3 = 2.2%) {69.6%}
5   --------------O                                                           (14 = 10.1%) {71.7%}
7   ---------O                                                                (9 = 6.5%) {81.9%}
9   --------O                                                                 (8 = 5.8%) {88.4%}
12  ---O                                                                      (3 = 2.2%) {94.2%}
16  -----O                                                                    (5 = 3.6%) {96.4%}
21  ... 

Histogram: ContentSettings.NumberOfExceptions recorded 1 samples, mean = 4.0 (flags = 0x41)
0  ... 
4  -O                                                                        (1 = 100.0%) {0.0%}
5  ... 

Histogram: ContentSettings.Popups.StrongBlockerActions recorded 1 samples, mean = 0.0 (flags = 0x41)
0  -O                                                                        (1 = 100.0%)
1  ... 

Histogram: ContentSettings.RegularProfile.DefaultAutoVerifySetting recorded 1 samples, mean = 1.0 (flags = 0x41)
0  O                                                                         (0 = 0.0%)
1  -O                                                                        (1 = 100.0%) {0.0%}
2  ... 

Histogram: ContentSettings.RegularProfile.DefaultAutoplaySetting recorded 1 samples, mean = 1.0 (flags = 0x41)
0  O                                                                         (0 = 0.0%)
1  -O                                                                        (1 = 100.0%) {0.0%}
2  ... 

Histogram: ContentSettings.RegularProfile.DefaultBackgroundSyncSetting recorded 1 samples, mean = 1.0 (flags = 0x41)
0  O                                                                         (0 = 0.0%)
1  -O                                                                        (1 = 100.0%) {0.0%}
2  ... 

Histogram: ContentSettings.RegularProfile.DefaultCookiesSetting recorded 1 samples, mean = 1.0 (flags = 0x41)
0  O                                                                         (0 = 0.0%)
1  -O                                                                        (1 = 100.0%) {0.0%}
2  ... 

Histogram: ContentSettings.RegularProfile.DefaultIdleDetectionSetting recorded 1 samples, mean = 3.0 (flags = 0x41)
0  ... 
3  -O                                                                        (1 = 100.0%) {0.0%}
4  ... 

Histogram: ContentSettings.RegularProfile.DefaultImagesSetting recorded 1 samples, mean = 1.0 (flags = 0x41)
0  O                                                                         (0 = 0.0%)
1  -O                                                                        (1 = 100.0%) {0.0%}
2  ... 

Histogram: ContentSettings.RegularProfile.DefaultJavaScriptSetting recorded 1 samples, mean = 1.0 (flags = 0x41)
0  O                                                                         (0 = 0.0%)
1  -O                                                                        (1 = 100.0%) {0.0%}
2  ... 

Histogram: ContentSettings.RegularProfile.DefaultLocationSetting recorded 1 samples, mean = 3.0 (flags = 0x41)
0  ... 
3  -O                                                                        (1 = 100.0%) {0.0%}
4  ... 

Histogram: ContentSettings.RegularProfile.DefaultMIDISysExSetting recorded 1 samples, mean = 3.0 (flags = 0x41)
0  ... 
3  -O                                                                        (1 = 100.0%) {0.0%}
4  ... 

Histogram: ContentSettings.RegularProfile.DefaultMediaStreamCameraSetting recorded 1 samples, mean = 3.0 (flags = 0x41)
0  ... 
3  -O                                                                        (1 = 100.0%) {0.0%}
4  ... 

Histogram: ContentSettings.RegularProfile.DefaultMediaStreamMicSetting recorded 1 samples, mean = 3.0 (flags = 0x41)
0  ... 
3  -O                                                                        (1 = 100.0%) {0.0%}
4  ... 

Histogram: ContentSettings.RegularProfile.DefaultNotificationsSetting recorded 1 samples, mean = 3.0 (flags = 0x41)
0  ... 
3  -O                                                                        (1 = 100.0%) {0.0%}
4  ... 

Histogram: ContentSettings.RegularProfile.DefaultPopupsSetting recorded 1 samples, mean = 2.0 (flags = 0x41)
0  ... 
2  -O                                                                        (1 = 100.0%) {0.0%}
3  ... 

Histogram: ContentSettings.RegularProfile.DefaultSoundSetting recorded 1 samples, mean = 1.0 (flags = 0x41)
0  O                                                                         (0 = 0.0%)
1  -O                                                                        (1 = 100.0%) {0.0%}
2  ... 

Histogram: ContentSettings.RegularProfile.DefaultStorageAccessSetting recorded 1 samples, mean = 3.0 (flags = 0x41)
0  ... 
3  -O                                                                        (1 = 100.0%) {0.0%}
4  ... 

Histogram: ContentSettings.RegularProfile.DefaultSubresourceFilterSetting recorded 1 samples, mean = 2.0 (flags = 0x41)
0  ... 
2  -O                                                                        (1 = 100.0%) {0.0%}
3  ... 

Histogram: ContentSettings.RegularProfile.DefaultUsbGuardSetting recorded 1 samples, mean = 3.0 (flags = 0x41)
0  ... 
3  -O                                                                        (1 = 100.0%) {0.0%}
4  ... 

Histogram: ContentSettings.RegularProfile.DefaultWebBluetoothGuardSetting recorded 1 samples, mean = 3.0 (flags = 0x41)
0  ... 
3  -O                                                                        (1 = 100.0%) {0.0%}
4  ... 

Histogram: ContentSettings.RegularProfile.Exceptions.3pcd-heuristics-grants recorded 1 samples, mean = 0.0 (flags = 0x41)
0  -O                                                                        (1 = 100.0%)
1  ... 

Histogram: ContentSettings.RegularProfile.Exceptions.3pcd-support recorded 1 samples, mean = 0.0 (flags = 0x41)
0  -O                                                                        (1 = 100.0%)
1  ... 

Histogram: ContentSettings.RegularProfile.Exceptions.abusive-notification-permissions recorded 1 samples, mean = 0.0 (flags = 0x41)
0  -O                                                                        (1 = 100.0%)
1  ... 

Histogram: ContentSettings.RegularProfile.Exceptions.access-to-get-all-screens-media-in-session recorded 1 samples, mean = 0.0 (flags = 0x41)
0  -O                                                                        (1 = 100.0%)
1  ... 

Histogram: ContentSettings.RegularProfile.Exceptions.accessibility-events recorded 1 samples, mean = 0.0 (flags = 0x41)
0  -O                                                                        (1 = 100.0%)
1  ... 

Histogram: ContentSettings.RegularProfile.Exceptions.anti-abuse recorded 1 samples, mean = 0.0 (flags = 0x41)
0  -O                                                                        (1 = 100.0%)
1  ... 

Histogram: ContentSettings.RegularProfile.Exceptions.app-banner recorded 1 samples, mean = 0.0 (flags = 0x41)
0  -O                                                                        (1 = 100.0%)
1  ... 

Histogram: ContentSettings.RegularProfile.Exceptions.ar recorded 1 samples, mean = 0.0 (flags = 0x41)
0  -O                                                                        (1 = 100.0%)
1  ... 

Histogram: ContentSettings.RegularProfile.Exceptions.auto-picture-in-picture recorded 1 samples, mean = 0.0 (flags = 0x41)
0  -O                                                                        (1 = 100.0%)
1  ... 

Histogram: ContentSettings.RegularProfile.Exceptions.auto-select-certificate recorded 1 samples, mean = 0.0 (flags = 0x41)
0  -O                                                                        (1 = 100.0%)
1  ... 

Histogram: ContentSettings.RegularProfile.Exceptions.automatic-downloads recorded 1 samples, mean = 0.0 (flags = 0x41)
0  -O                                                                        (1 = 100.0%)
1  ... 

Histogram: ContentSettings.RegularProfile.Exceptions.automatic-fullscreen recorded 1 samples, mean = 0.0 (flags = 0x41)
0  -O                                                                        (1 = 100.0%)
1  ... 

Histogram: ContentSettings.RegularProfile.Exceptions.autoplay recorded 1 samples, mean = 0.0 (flags = 0x41)
0  -O                                                                        (1 = 100.0%)
1  ... 

Histogram: ContentSettings.RegularProfile.Exceptions.background-sync recorded 1 samples, mean = 0.0 (flags = 0x41)
0  -O                                                                        (1 = 100.0%)
1  ... 

Histogram: ContentSettings.RegularProfile.Exceptions.bluetooth-chooser-data recorded 1 samples, mean = 0.0 (flags = 0x41)
0  -O                                                                        (1 = 100.0%)
1  ... 

Histogram: ContentSettings.RegularProfile.Exceptions.bluetooth-guard recorded 1 samples, mean = 0.0 (flags = 0x41)
0  -O                                                                        (1 = 100.0%)
1  ... 

Histogram: ContentSettings.RegularProfile.Exceptions.bluetooth-scanning recorded 1 samples, mean = 0.0 (flags = 0x41)
0  -O                                                                        (1 = 100.0%)
1  ... 

Histogram: ContentSettings.RegularProfile.Exceptions.camera-pan-tilt-zoom recorded 1 samples, mean = 0.0 (flags = 0x41)
0  -O                                                                        (1 = 100.0%)
1  ... 

Histogram: ContentSettings.RegularProfile.Exceptions.captured-surface-control recorded 1 samples, mean = 0.0 (flags = 0x41)
0  -O                                                                        (1 = 100.0%)
1  ... 

Histogram: ContentSettings.RegularProfile.Exceptions.client-hints recorded 1 samples, mean = 1.0 (flags = 0x41)
0  O                                                                         (0 = 0.0%)
1  -O                                                                        (1 = 100.0%) {0.0%}
2  ... 

Histogram: ContentSettings.RegularProfile.Exceptions.clipboard recorded 1 samples, mean = 0.0 (flags = 0x41)
0  -O                                                                        (1 = 100.0%)
1  ... 

Histogram: ContentSettings.RegularProfile.Exceptions.cookie-controls-metadata recorded 1 samples, mean = 0.0 (flags = 0x41)
0  -O                                                                        (1 = 100.0%)
1  ... 

Histogram: ContentSettings.RegularProfile.Exceptions.cookies recorded 1 samples, mean = 0.0 (flags = 0x41)
0  -O                                                                        (1 = 100.0%)
1  ... 

Histogram: ContentSettings.RegularProfile.Exceptions.cookies.Allow recorded 1 samples, mean = 0.0 (flags = 0x41)
0  -O                                                                        (1 = 100.0%)
1  ... 

Histogram: ContentSettings.RegularProfile.Exceptions.cookies.AllowThirdParty recorded 1 samples, mean = 0.0 (flags = 0x41)
0  -O                                                                        (1 = 100.0%)
1  ... 

Histogram: ContentSettings.RegularProfile.Exceptions.cookies.Block recorded 1 samples, mean = 0.0 (flags = 0x41)
0  -O                                                                        (1 = 100.0%)
1  ... 

Histogram: ContentSettings.RegularProfile.Exceptions.cookies.DomainWildcardAllowThirdParty recorded 1 samples, mean = 0.0 (flags = 0x41)
0  -O                                                                        (1 = 100.0%)
1  ... 

Histogram: ContentSettings.RegularProfile.Exceptions.cookies.SessionOnly recorded 1 samples, mean = 0.0 (flags = 0x41)
0  -O                                                                        (1 = 100.0%)
1  ... 

Histogram: ContentSettings.RegularProfile.Exceptions.cookies.TemporaryAllowThirdParty recorded 1 samples, mean = 0.0 (flags = 0x41)
0  -O                                                                        (1 = 100.0%)
1  ... 

Histogram: ContentSettings.RegularProfile.Exceptions.direct-sockets recorded 1 samples, mean = 0.0 (flags = 0x41)
0  -O                                                                        (1 = 100.0%)
1  ... 

Histogram: ContentSettings.RegularProfile.Exceptions.display-media-system-audio recorded 1 samples, mean = 0.0 (flags = 0x41)
0  -O                                                                        (1 = 100.0%)
1  ... 

Histogram: ContentSettings.RegularProfile.Exceptions.durable-storage recorded 1 samples, mean = 0.0 (flags = 0x41)
0  -O                                                                        (1 = 100.0%)
1  ... 

Histogram: ContentSettings.RegularProfile.Exceptions.fedcm-idp-registration recorded 1 samples, mean = 0.0 (flags = 0x41)
0  -O                                                                        (1 = 100.0%)
1  ... 

Histogram: ContentSettings.RegularProfile.Exceptions.fedcm-idp-signin recorded 1 samples, mean = 1.0 (flags = 0x41)
0  O                                                                         (0 = 0.0%)
1  -O                                                                        (1 = 100.0%) {0.0%}
2  ... 

Histogram: ContentSettings.RegularProfile.Exceptions.fedcm-share recorded 1 samples, mean = 0.0 (flags = 0x41)
0  -O                                                                        (1 = 100.0%)
1  ... 

Histogram: ContentSettings.RegularProfile.Exceptions.file-system-access-chooser-data recorded 1 samples, mean = 0.0 (flags = 0x41)
0  -O                                                                        (1 = 100.0%)
1  ... 

Histogram: ContentSettings.RegularProfile.Exceptions.file-system-access-extended-permission recorded 1 samples, mean = 0.0 (flags = 0x41)
0  -O                                                                        (1 = 100.0%)
1  ... 

Histogram: ContentSettings.RegularProfile.Exceptions.file-system-access-restore-permission recorded 1 samples, mean = 0.0 (flags = 0x41)
0  -O                                                                        (1 = 100.0%)
1  ... 

Histogram: ContentSettings.RegularProfile.Exceptions.file-system-last-picked-directory recorded 1 samples, mean = 0.0 (flags = 0x41)
0  -O                                                                        (1 = 100.0%)
1  ... 

Histogram: ContentSettings.RegularProfile.Exceptions.file-system-read-guard recorded 1 samples, mean = 0.0 (flags = 0x41)
0  -O                                                                        (1 = 100.0%)
1  ... 

Histogram: ContentSettings.RegularProfile.Exceptions.file-system-write-guard recorded 1 samples, mean = 0.0 (flags = 0x41)
0  -O                                                                        (1 = 100.0%)
1  ... 

Histogram: ContentSettings.RegularProfile.Exceptions.formfill-metadata recorded 1 samples, mean = 0.0 (flags = 0x41)
0  -O                                                                        (1 = 100.0%)
1  ... 

Histogram: ContentSettings.RegularProfile.Exceptions.geolocation recorded 1 samples, mean = 0.0 (flags = 0x41)
0  -O                                                                        (1 = 100.0%)
1  ... 

Histogram: ContentSettings.RegularProfile.Exceptions.hid-chooser-data recorded 1 samples, mean = 0.0 (flags = 0x41)
0  -O                                                                        (1 = 100.0%)
1  ... 

Histogram: ContentSettings.RegularProfile.Exceptions.hid-guard recorded 1 samples, mean = 0.0 (flags = 0x41)
0  -O                                                                        (1 = 100.0%)
1  ... 

Histogram: ContentSettings.RegularProfile.Exceptions.http-allowed recorded 1 samples, mean = 0.0 (flags = 0x41)
0  -O                                                                        (1 = 100.0%)
1  ... 

Histogram: ContentSettings.RegularProfile.Exceptions.https-enforced recorded 1 samples, mean = 0.0 (flags = 0x41)
0  -O                                                                        (1 = 100.0%)
1  ... 

Histogram: ContentSettings.RegularProfile.Exceptions.idle-detection recorded 1 samples, mean = 0.0 (flags = 0x41)
0  -O                                                                        (1 = 100.0%)
1  ... 

Histogram: ContentSettings.RegularProfile.Exceptions.images recorded 1 samples, mean = 0.0 (flags = 0x41)
0  -O                                                                        (1 = 100.0%)
1  ... 

Histogram: ContentSettings.RegularProfile.Exceptions.important-site-info recorded 1 samples, mean = 0.0 (flags = 0x41)
0  -O                                                                        (1 = 100.0%)
1  ... 

Histogram: ContentSettings.RegularProfile.Exceptions.insecure-private-network recorded 1 samples, mean = 0.0 (flags = 0x41)
0  -O                                                                        (1 = 100.0%)
1  ... 

Histogram: ContentSettings.RegularProfile.Exceptions.intent-picker-auto-display recorded 1 samples, mean = 0.0 (flags = 0x41)
0  -O                                                                        (1 = 100.0%)
1  ... 

Histogram: ContentSettings.RegularProfile.Exceptions.javascript recorded 1 samples, mean = 0.0 (flags = 0x41)
0  -O                                                                        (1 = 100.0%)
1  ... 

Histogram: ContentSettings.RegularProfile.Exceptions.javascript-jit recorded 1 samples, mean = 0.0 (flags = 0x41)
0  -O                                                                        (1 = 100.0%)
1  ... 

Histogram: ContentSettings.RegularProfile.Exceptions.javascript-optimizer recorded 1 samples, mean = 0.0 (flags = 0x41)
0  -O                                                                        (1 = 100.0%)
1  ... 

Histogram: ContentSettings.RegularProfile.Exceptions.keyboard-lock recorded 1 samples, mean = 0.0 (flags = 0x41)
0  -O                                                                        (1 = 100.0%)
1  ... 

Histogram: ContentSettings.RegularProfile.Exceptions.legacy-cookie-access recorded 1 samples, mean = 0.0 (flags = 0x41)
0  -O                                                                        (1 = 100.0%)
1  ... 

Histogram: ContentSettings.RegularProfile.Exceptions.local-fonts recorded 1 samples, mean = 0.0 (flags = 0x41)
0  -O                                                                        (1 = 100.0%)
1  ... 

Histogram: ContentSettings.RegularProfile.Exceptions.media-engagement recorded 1 samples, mean = 1.0 (flags = 0x41)
0  O                                                                         (0 = 0.0%)
1  -O                                                                        (1 = 100.0%) {0.0%}
2  ... 

Histogram: ContentSettings.RegularProfile.Exceptions.media-stream-camera recorded 1 samples, mean = 0.0 (flags = 0x41)
0  -O                                                                        (1 = 100.0%)
1  ... 

Histogram: ContentSettings.RegularProfile.Exceptions.media-stream-mic recorded 1 samples, mean = 0.0 (flags = 0x41)
0  -O                                                                        (1 = 100.0%)
1  ... 

Histogram: ContentSettings.RegularProfile.Exceptions.midi-sysex recorded 1 samples, mean = 0.0 (flags = 0x41)
0  -O                                                                        (1 = 100.0%)
1  ... 

Histogram: ContentSettings.RegularProfile.Exceptions.mixed-script recorded 1 samples, mean = 0.0 (flags = 0x41)
0  -O                                                                        (1 = 100.0%)
1  ... 

Histogram: ContentSettings.RegularProfile.Exceptions.nfc-devices recorded 1 samples, mean = 0.0 (flags = 0x41)
0  -O                                                                        (1 = 100.0%)
1  ... 

Histogram: ContentSettings.RegularProfile.Exceptions.notification-interactions recorded 1 samples, mean = 0.0 (flags = 0x41)
0  -O                                                                        (1 = 100.0%)
1  ... 

Histogram: ContentSettings.RegularProfile.Exceptions.notification-permission-review recorded 1 samples, mean = 0.0 (flags = 0x41)
0  -O                                                                        (1 = 100.0%)
1  ... 

Histogram: ContentSettings.RegularProfile.Exceptions.notifications recorded 1 samples, mean = 0.0 (flags = 0x41)
0  -O                                                                        (1 = 100.0%)
1  ... 

Histogram: ContentSettings.RegularProfile.Exceptions.password-protection recorded 1 samples, mean = 0.0 (flags = 0x41)
0  -O                                                                        (1 = 100.0%)
1  ... 

Histogram: ContentSettings.RegularProfile.Exceptions.payment-handler recorded 1 samples, mean = 0.0 (flags = 0x41)
0  -O                                                                        (1 = 100.0%)
1  ... 

Histogram: ContentSettings.RegularProfile.Exceptions.permission-autoblocking-data recorded 1 samples, mean = 0.0 (flags = 0x41)
0  -O                                                                        (1 = 100.0%)
1  ... 

Histogram: ContentSettings.RegularProfile.Exceptions.permission-autorevocation-data recorded 1 samples, mean = 0.0 (flags = 0x41)
0  -O                                                                        (1 = 100.0%)
1  ... 

Histogram: ContentSettings.RegularProfile.Exceptions.pointer-lock recorded 1 samples, mean = 0.0 (flags = 0x41)
0  -O                                                                        (1 = 100.0%)
1  ... 

Histogram: ContentSettings.RegularProfile.Exceptions.popups recorded 1 samples, mean = 0.0 (flags = 0x41)
0  -O                                                                        (1 = 100.0%)
1  ... 

Histogram: ContentSettings.RegularProfile.Exceptions.popups.Allow recorded 1 samples, mean = 0.0 (flags = 0x41)
0  -O                                                                        (1 = 100.0%)
1  ... 

Histogram: ContentSettings.RegularProfile.Exceptions.popups.Block recorded 1 samples, mean = 0.0 (flags = 0x41)
0  -O                                                                        (1 = 100.0%)
1  ... 

Histogram: ContentSettings.RegularProfile.Exceptions.private-network-chooser-data recorded 1 samples, mean = 0.0 (flags = 0x41)
0  -O                                                                        (1 = 100.0%)
1  ... 

Histogram: ContentSettings.RegularProfile.Exceptions.private-network-guard recorded 1 samples, mean = 0.0 (flags = 0x41)
0  -O                                                                        (1 = 100.0%)
1  ... 

Histogram: ContentSettings.RegularProfile.Exceptions.protected-media-identifier recorded 1 samples, mean = 0.0 (flags = 0x41)
0  -O                                                                        (1 = 100.0%)
1  ... 

Histogram: ContentSettings.RegularProfile.Exceptions.protocol-handler recorded 1 samples, mean = 0.0 (flags = 0x41)
0  -O                                                                        (1 = 100.0%)
1  ... 

Histogram: ContentSettings.RegularProfile.Exceptions.reduced-accept-language recorded 1 samples, mean = 0.0 (flags = 0x41)
0  -O                                                                        (1 = 100.0%)
1  ... 

Histogram: ContentSettings.RegularProfile.Exceptions.safe-browsing-url-check-data recorded 1 samples, mean = 0.0 (flags = 0x41)
0  -O                                                                        (1 = 100.0%)
1  ... 

Histogram: ContentSettings.RegularProfile.Exceptions.sensors recorded 1 samples, mean = 0.0 (flags = 0x41)
0  -O                                                                        (1 = 100.0%)
1  ... 

Histogram: ContentSettings.RegularProfile.Exceptions.serial-chooser-data recorded 1 samples, mean = 0.0 (flags = 0x41)
0  -O                                                                        (1 = 100.0%)
1  ... 

Histogram: ContentSettings.RegularProfile.Exceptions.serial-guard recorded 1 samples, mean = 0.0 (flags = 0x41)
0  -O                                                                        (1 = 100.0%)
1  ... 

Histogram: ContentSettings.RegularProfile.Exceptions.site-engagement recorded 1 samples, mean = 1.0 (flags = 0x41)
0  O                                                                         (0 = 0.0%)
1  -O                                                                        (1 = 100.0%) {0.0%}
2  ... 

Histogram: ContentSettings.RegularProfile.Exceptions.sound recorded 1 samples, mean = 0.0 (flags = 0x41)
0  -O                                                                        (1 = 100.0%)
1  ... 

Histogram: ContentSettings.RegularProfile.Exceptions.speaker-selection recorded 1 samples, mean = 0.0 (flags = 0x41)
0  -O                                                                        (1 = 100.0%)
1  ... 

Histogram: ContentSettings.RegularProfile.Exceptions.ssl-cert-decisions recorded 1 samples, mean = 0.0 (flags = 0x41)
0  -O                                                                        (1 = 100.0%)
1  ... 

Histogram: ContentSettings.RegularProfile.Exceptions.storage-access recorded 1 samples, mean = 0.0 (flags = 0x41)
0  -O                                                                        (1 = 100.0%)
1  ... 

Histogram: ContentSettings.RegularProfile.Exceptions.storage-access-header-origin-trial recorded 1 samples, mean = 0.0 (flags = 0x41)
0  -O                                                                        (1 = 100.0%)
1  ... 

Histogram: ContentSettings.RegularProfile.Exceptions.storage-access.Allow recorded 1 samples, mean = 0.0 (flags = 0x41)
0  -O                                                                        (1 = 100.0%)
1  ... 

Histogram: ContentSettings.RegularProfile.Exceptions.storage-access.Ask recorded 1 samples, mean = 0.0 (flags = 0x41)
0  -O                                                                        (1 = 100.0%)
1  ... 

Histogram: ContentSettings.RegularProfile.Exceptions.storage-access.Block recorded 1 samples, mean = 0.0 (flags = 0x41)
0  -O                                                                        (1 = 100.0%)
1  ... 

Histogram: ContentSettings.RegularProfile.Exceptions.storage-access.MaxRequester recorded 1 samples, mean = 0.0 (flags = 0x41)
0  -O                                                                        (1 = 100.0%)
1  ... 

Histogram: ContentSettings.RegularProfile.Exceptions.storage-access.MaxTopLevel recorded 1 samples, mean = 0.0 (flags = 0x41)
0  -O                                                                        (1 = 100.0%)
1  ... 

Histogram: ContentSettings.RegularProfile.Exceptions.subresource-filter recorded 1 samples, mean = 0.0 (flags = 0x41)
0  -O                                                                        (1 = 100.0%)
1  ... 

Histogram: ContentSettings.RegularProfile.Exceptions.subresource-filter-data recorded 1 samples, mean = 0.0 (flags = 0x41)
0  -O                                                                        (1 = 100.0%)
1  ... 

Histogram: ContentSettings.RegularProfile.Exceptions.subresource-filter.Allow recorded 1 samples, mean = 0.0 (flags = 0x41)
0  -O                                                                        (1 = 100.0%)
1  ... 

Histogram: ContentSettings.RegularProfile.Exceptions.subresource-filter.Block recorded 1 samples, mean = 0.0 (flags = 0x41)
0  -O                                                                        (1 = 100.0%)
1  ... 

Histogram: ContentSettings.RegularProfile.Exceptions.third-party-storage-partitioning recorded 1 samples, mean = 0.0 (flags = 0x41)
0  -O                                                                        (1 = 100.0%)
1  ... 

Histogram: ContentSettings.RegularProfile.Exceptions.top-level-3pcd-origin-trial recorded 1 samples, mean = 0.0 (flags = 0x41)
0  -O                                                                        (1 = 100.0%)
1  ... 

Histogram: ContentSettings.RegularProfile.Exceptions.top-level-3pcd-support recorded 1 samples, mean = 0.0 (flags = 0x41)
0  -O                                                                        (1 = 100.0%)
1  ... 

Histogram: ContentSettings.RegularProfile.Exceptions.top-level-storage-access recorded 1 samples, mean = 0.0 (flags = 0x41)
0  -O                                                                        (1 = 100.0%)
1  ... 

Histogram: ContentSettings.RegularProfile.Exceptions.tracking-protection recorded 1 samples, mean = 0.0 (flags = 0x41)
0  -O                                                                        (1 = 100.0%)
1  ... 

Histogram: ContentSettings.RegularProfile.Exceptions.tracking-protection.Allow recorded 1 samples, mean = 0.0 (flags = 0x41)
0  -O                                                                        (1 = 100.0%)
1  ... 

Histogram: ContentSettings.RegularProfile.Exceptions.tracking-protection.Block recorded 1 samples, mean = 0.0 (flags = 0x41)
0  -O                                                                        (1 = 100.0%)
1  ... 

Histogram: ContentSettings.RegularProfile.Exceptions.unused-site-permissions recorded 1 samples, mean = 0.0 (flags = 0x41)
0  -O                                                                        (1 = 100.0%)
1  ... 

Histogram: ContentSettings.RegularProfile.Exceptions.usb-chooser-data recorded 1 samples, mean = 0.0 (flags = 0x41)
0  -O                                                                        (1 = 100.0%)
1  ... 

Histogram: ContentSettings.RegularProfile.Exceptions.usb-guard recorded 1 samples, mean = 0.0 (flags = 0x41)
0  -O                                                                        (1 = 100.0%)
1  ... 

Histogram: ContentSettings.RegularProfile.Exceptions.vr recorded 1 samples, mean = 0.0 (flags = 0x41)
0  -O                                                                        (1 = 100.0%)
1  ... 

Histogram: ContentSettings.RegularProfile.Exceptions.webid-api recorded 1 samples, mean = 0.0 (flags = 0x41)
0  -O                                                                        (1 = 100.0%)
1  ... 

Histogram: ContentSettings.RegularProfile.Exceptions.webid-auto-reauthn recorded 1 samples, mean = 0.0 (flags = 0x41)
0  -O                                                                        (1 = 100.0%)
1  ... 

Histogram: ContentSettings.RegularProfile.Exceptions.window-placement recorded 1 samples, mean = 0.0 (flags = 0x41)
0  -O                                                                        (1 = 100.0%)
1  ... 

Histogram: Conversions.DelayOnAttestationsLoaded recorded 1 samples, mean = 300005.0 (flags = 0x41)
0       ... 
300000  -O                                                                        (1 = 100.0%) {0.0%}

Histogram: Cookie.AvgCookieJarSizePerKey recorded 1 samples, mean = 0.0 (flags = 0x41)
0  -O                                                                        (1 = 100.0%)
1  ... 

Histogram: Cookie.ClockSkew.AddMinutes recorded 5 samples, mean = 0.0 (flags = 0x41)
0  -----O                                                                    (5 = 100.0%)
1  ... 

Histogram: Cookie.ClockSkew.AddMinutes12To24Hours recorded 5 samples, mean = 0.0 (flags = 0x41)
0  -----O                                                                    (5 = 100.0%)
720... 

Histogram: Cookie.ClockSkew.ExpiredWithoutSkew recorded 5 samples, mean = 0.0 (flags = 0x41)
0  -----O                                                                    (5 = 100.0%)
1  ... 

Histogram: Cookie.CookieJarSize recorded 1 samples, mean = 0.0 (flags = 0x41)
0  -O                                                                        (1 = 100.0%)
1  ... 

Histogram: Cookie.CookiePartitionSizeKibibytes recorded 1 samples, mean = 0.0 (flags = 0x41)
0  -O                                                                        (1 = 100.0%)
1  ... 

Histogram: Cookie.CookiePrefix recorded 6 samples, mean = 0.0 (flags = 0x41)
0  ------O                                                                   (6 = 100.0%)
1  ... 

Histogram: Cookie.CookieSchemeRequestScheme recorded 87 samples, mean = 2.0 (flags = 0x41)
0  ... 
2  ------------------------------------------------------------------------O (87 = 100.0%) {0.0%}
3  ... 

Histogram: Cookie.CookieSourceScheme recorded 6 samples, mean = 0.0 (flags = 0x41)
0  ------O                                                                   (6 = 100.0%)
1  ... 

Histogram: Cookie.CookieSourceSchemeName recorded 6 samples, mean = 14.0 (flags = 0x41)
0   ... 
14  ------O                                                                   (6 = 100.0%) {0.0%}
15  ... 

Histogram: Cookie.Count2 recorded 1 samples, mean = 2.0 (flags = 0x41)
0  ... 
2  -O                                                                        (1 = 100.0%) {0.0%}
3  ... 

Histogram: Cookie.CrossSiteRedirectType.Read recorded 136 samples, mean = 1.0 (flags = 0x41)
0  O                                                                         (0 = 0.0%)
1  ------------------------------------------------------------------------O (136 = 100.0%) {0.0%}
2  ... 

Histogram: Cookie.CrossSiteRedirectType.Write recorded 6 samples, mean = 1.0 (flags = 0x41)
0  O                                                                         (0 = 0.0%)
1  ------O                                                                   (6 = 100.0%) {0.0%}
2  ... 

Histogram: Cookie.DaysSinceRefreshForRetrieval recorded 4 samples, mean = 0.0 (flags = 0x41)
0  ----O                                                                     (4 = 100.0%)
1  ... 

Histogram: Cookie.DomainHasNonASCII recorded 6 samples, mean = 0.0 (flags = 0x41)
0  ------O                                                                   (6 = 100.0%)
1  ... 

Histogram: Cookie.DomainSet recorded 6 samples, mean = 1.0 (flags = 0x41)
0  O                                                                         (0 = 0.0%)
1  ------O                                                                   (6 = 100.0%) {0.0%}
2  O                                                                         (0 = 0.0%) {100.0%}

Histogram: Cookie.DoubleUnderscorePrefixedName recorded 6 samples, mean = 0.7 (flags = 0x41)
0  --O                                                                       (2 = 33.3%)
1  ----O                                                                     (4 = 66.7%) {33.3%}
2  O                                                                         (0 = 0.0%) {100.0%}

Histogram: Cookie.ExpirationDuration400DaysLTE recorded 5 samples, mean = 73.0 (flags = 0x41)
0    ----O                                                                     (4 = 80.0%)
1    ... 
364  -O                                                                        (1 = 20.0%) {80.0%}
400  O                                                                         (0 = 0.0%) {100.0%}

Histogram: Cookie.ExpirationDurationMinutesSecure recorded 5 samples, mean = 105144.0 (flags = 0x41)
0       ... 
26      ----O                                                                     (4 = 80.0%) {0.0%}
36      ... 
429766  -O                                                                        (1 = 20.0%) {80.0%}
587706  ... 

Histogram: Cookie.FirstPartyPartitioned.HasCrossSiteAncestor recorded 52 samples, mean = 0.0 (flags = 0x41)
0  ----------------------------------------------------O                     (52 = 100.0%)
1  ... 

Histogram: Cookie.FirstPartySets.Browser.DelayedQueriesCount recorded 1 samples, mean = 2.0 (flags = 0x41)
0  ... 
2  -O                                                                        (1 = 100.0%) {0.0%}
3  ... 

Histogram: Cookie.FirstPartySets.Browser.MostDelayedQueryDelta recorded 1 samples, mean = 47.0 (flags = 0x41)
0   ... 
40  -O                                                                        (1 = 100.0%) {0.0%}
48  ... 

Histogram: Cookie.FirstPartySets.ComponentSetsNonfatalErrors recorded 1 samples, mean = 0.0 (flags = 0x41)
0  -O                                                                        (1 = 100.0%)
1  ... 

Histogram: Cookie.FirstPartySets.ComponentSetsParsedSuccessfully recorded 1 samples, mean = 0.0 (flags = 0x41)
0  -O                                                                        (1 = 100.0%)
1  ... 

Histogram: Cookie.FirstPartySets.ContextDelayedQueriesCount recorded 1 samples, mean = 0.0 (flags = 0x41)
0  -O                                                                        (1 = 100.0%)
1  ... 

Histogram: Cookie.FirstPartySets.ContextMostDelayedQueryDelta recorded 1 samples, mean = 0.0 (flags = 0x41)
0  -O                                                                        (1 = 100.0%)
1  ... 

Histogram: Cookie.FirstPartySets.EnqueueingDelay.ContextConfig2 recorded 1 samples, mean = 13.0 (flags = 0x41)
0   ... 
12  -O                                                                        (1 = 100.0%) {0.0%}
14  ... 

Histogram: Cookie.FirstPartySets.InitializationDuration.ContextReadyToServeQueries2 recorded 1 samples, mean = 6139.0 (flags = 0x41)
0     ... 
5961  -O                                                                        (1 = 100.0%) {0.0%}
7083  ... 

Histogram: Cookie.FirstPartySets.InitializationDuration.ReadCommandLineSet2 recorded 1 samples, mean = 47.0 (flags = 0x41)
0   ... 
40  -O                                                                        (1 = 100.0%) {0.0%}
48  ... 

Histogram: Cookie.FirstPartySets.InitializationDuration.ReadComponentSets2 recorded 1 samples, mean = 0.0 (flags = 0x41)
0  -O                                                                        (1 = 100.0%)
1  ... 

Histogram: Cookie.FirstPartySets.InitializationDuration.ReadyToServeQueries2 recorded 1 samples, mean = 0.0 (flags = 0x41)
0  -O                                                                        (1 = 100.0%)
1  ... 

Histogram: Cookie.FirstPartySets.Network.DelayedQueriesCount recorded 1 samples, mean = 0.0 (flags = 0x41)
0  -O                                                                        (1 = 100.0%)
1  ... 

Histogram: Cookie.FirstPartySets.Network.MostDelayedQueryDelta recorded 1 samples, mean = 0.0 (flags = 0x41)
0  -O                                                                        (1 = 100.0%)
1  ... 

Histogram: Cookie.FirstPartySets.ProcessedEntireComponent recorded 1 samples, mean = 1.0 (flags = 0x41)
0  O                                                                         (0 = 0.0%)
1  -O                                                                        (1 = 100.0%) {0.0%}
2  O                                                                         (0 = 0.0%) {100.0%}

Histogram: Cookie.FromStorageWithValidLength recorded 84 samples, mean = 1.0 (flags = 0x41)
0  O                                                                         (0 = 0.0%)
1  ------------------------------------------------------------------------O (84 = 100.0%) {0.0%}
2  O                                                                         (0 = 0.0%) {100.0%}

Histogram: Cookie.HasNonASCII.Name recorded 6 samples, mean = 0.0 (flags = 0x41)
0  ------O                                                                   (6 = 100.0%)
1  ... 

Histogram: Cookie.HasNonASCII.Value recorded 6 samples, mean = 0.0 (flags = 0x41)
0  ------O                                                                   (6 = 100.0%)
1  ... 

Histogram: Cookie.IncludedRequestEffectiveSameSite recorded 142 samples, mean = 0.0 (flags = 0x41)
0  ------------------------------------------------------------------------O (142 = 100.0%)
1  ... 

Histogram: Cookie.IncludedResponseEffectiveSameSite recorded 6 samples, mean = 0.0 (flags = 0x41)
0  ------O                                                                   (6 = 100.0%)
1  ... 

Histogram: Cookie.IsPartitionedValid recorded 1 samples, mean = 1.0 (flags = 0x41)
0  O                                                                         (0 = 0.0%)
1  -O                                                                        (1 = 100.0%) {0.0%}
2  O                                                                         (0 = 0.0%) {100.0%}

Histogram: Cookie.MaxCookieJarSizePerKey recorded 1 samples, mean = 0.0 (flags = 0x41)
0  -O                                                                        (1 = 100.0%)
1  ... 

Histogram: Cookie.MaxSameSiteNoneCookiesPerKey recorded 1 samples, mean = 1.0 (flags = 0x41)
0  O                                                                         (0 = 0.0%)
1  -O                                                                        (1 = 100.0%) {0.0%}
2  ... 

Histogram: Cookie.NameOrValueHtab recorded 6 samples, mean = 0.0 (flags = 0x41)
0  ------O                                                                   (6 = 100.0%)
1  ... 

Histogram: Cookie.NumKeys recorded 1 samples, mean = 2.0 (flags = 0x41)
0  ... 
2  -O                                                                        (1 = 100.0%) {0.0%}
3  ... 

Histogram: Cookie.OnCookiesAccessed.BatchSize recorded 7 samples, mean = 1.4 (flags = 0x41)
0  O                                                                         (0 = 0.0%)
1  ----O                                                                     (4 = 57.1%) {0.0%}
2  ---O                                                                      (3 = 42.9%) {57.1%}
3  ... 

Histogram: Cookie.OnCookiesAccessed.TotalAccesses recorded 7 samples, mean = 2.4 (flags = 0x41)
0  ... 
2  -----O                                                                    (5 = 71.4%) {0.0%}
3  -O                                                                        (1 = 14.3%) {71.4%}
4  -O                                                                        (1 = 14.3%) {85.7%}
5  ... 

Histogram: Cookie.PartitionCount recorded 1 samples, mean = 1.0 (flags = 0x41)
0  O                                                                         (0 = 0.0%)
1  -O                                                                        (1 = 100.0%) {0.0%}
2  ... 

Histogram: Cookie.PartitionedCookieCount recorded 1 samples, mean = 1.0 (flags = 0x41)
0  O                                                                         (0 = 0.0%)
1  -O                                                                        (1 = 100.0%) {0.0%}
2  ... 

Histogram: Cookie.PartitionedCookieCount.Nonced recorded 1 samples, mean = 0.0 (flags = 0x41)
0  -O                                                                        (1 = 100.0%)
1  ... 

Histogram: Cookie.PartitionedCookieCount.Unnonced recorded 1 samples, mean = 1.0 (flags = 0x41)
0  O                                                                         (0 = 0.0%)
1  -O                                                                        (1 = 100.0%) {0.0%}
2  ... 

Histogram: Cookie.PartitionedCookieJarSizeKibibytes recorded 1 samples, mean = 0.0 (flags = 0x41)
0  -O                                                                        (1 = 100.0%)
1  ... 

Histogram: Cookie.PartitionedCookieJarSizeKibibytes.Nonced recorded 1 samples, mean = 0.0 (flags = 0x41)
0  -O                                                                        (1 = 100.0%)
1  ... 

Histogram: Cookie.PartitionedCookieJarSizeKibibytes.Unnonced recorded 1 samples, mean = 0.0 (flags = 0x41)
0  -O                                                                        (1 = 100.0%)
1  ... 

Histogram: Cookie.PartitionedCookiesInRequest recorded 47 samples, mean = 1.0 (flags = 0x41)
0  -O                                                                        (1 = 2.1%)
1  ----------------------------------------------O                           (46 = 97.9%) {2.1%}
2  ... 

Histogram: Cookie.Port.Read.RemoteHost recorded 135 samples, mean = 7.0 (flags = 0x41)
0  ... 
7  ------------------------------------------------------------------------O (135 = 100.0%) {0.0%}
8  ... 

Histogram: Cookie.Port.ReadDiffersFromSet.DomainSet recorded 135 samples, mean = 4.0 (flags = 0x41)
0  ... 
4  ------------------------------------------------------------------------O (135 = 100.0%) {0.0%}
5  O                                                                         (0 = 0.0%) {100.0%}

Histogram: Cookie.Port.ReadDiffersFromSet.RemoteHost recorded 135 samples, mean = 4.0 (flags = 0x41)
0  ... 
4  ------------------------------------------------------------------------O (135 = 100.0%) {0.0%}
5  O                                                                         (0 = 0.0%) {100.0%}

Histogram: Cookie.Port.Set.RemoteHost recorded 6 samples, mean = 7.0 (flags = 0x41)
0  ... 
7  ------O                                                                   (6 = 100.0%) {0.0%}
8  ... 

Histogram: Cookie.RequestSameSiteContext recorded 146 samples, mean = 2.9 (flags = 0x41)
0  --O                                                                       (4 = 2.7%)
1  ... 
3  ------------------------------------------------------------------------O (142 = 97.3%) {2.7%}
4  O                                                                         (0 = 0.0%) {100.0%}

Histogram: Cookie.SameSiteAttributeValue recorded 6 samples, mean = 5.0 (flags = 0x41)
0  ... 
5  ------O                                                                   (6 = 100.0%) {0.0%}
6  ... 

Histogram: Cookie.SameSiteNoneSizeBytes recorded 6 samples, mean = 213.5 (flags = 0x41)
0    ... 
40   -O                                                                        (1 = 16.7%) {0.0%}
48   ... 
190  ----O                                                                     (4 = 66.7%) {16.7%}
226  ... 
378  -O                                                                        (1 = 16.7%) {83.3%}
449  ... 

Histogram: Cookie.SameSiteNoneSizeBytes.Partitioned recorded 1 samples, mean = 417.0 (flags = 0x41)
0    ... 
378  -O                                                                        (1 = 100.0%) {0.0%}
449  ... 

Histogram: Cookie.SameSiteNoneSizeBytes.Unpartitioned recorded 5 samples, mean = 172.8 (flags = 0x41)
0    ... 
40   -O                                                                        (1 = 20.0%) {0.0%}
48   ... 
190  ----O                                                                     (4 = 80.0%) {20.0%}
226  ... 

Histogram: Cookie.SessionAgeInHoursLTEOneWeek2 recorded 1 samples, mean = 0.0 (flags = 0x41)
0  -O                                                                        (1 = 100.0%)
1  ... 

Histogram: Cookie.SessionAgeSinceLastUpdateInHoursLTEOneWeek recorded 1 samples, mean = 0.0 (flags = 0x41)
0  -O                                                                        (1 = 100.0%)
1  ... 

Histogram: Cookie.SourceType recorded 10 samples, mean = 1.0 (flags = 0x41)
0  O                                                                         (0 = 0.0%)
1  ----------O                                                               (10 = 100.0%) {0.0%}
2  ... 

Histogram: Cookie.TimeBlockedOnLoad recorded 2 samples, mean = 103.5 (flags = 0x41)
0    ... 
3    -O                                                                        (1 = 50.0%) {0.0%}
4    ... 
181  -O                                                                        (1 = 50.0%) {50.0%}
224  ... 

Histogram: Cookie.TimeInitializeDB recorded 2 samples, mean = 3.0 (flags = 0x41)
0  ... 
3  --O                                                                       (2 = 100.0%) {0.0%}
4  ... 

Histogram: Cookie.TimeOpsBlockedDueToGlobalOp recorded 2 samples, mean = 1.5 (flags = 0x41)
0  -O                                                                        (1 = 50.0%)
1  ... 
3  -O                                                                        (1 = 50.0%) {50.0%}
4  ... 

Histogram: Cookie.TimeToRecordPeriodicStats recorded 1 samples, mean = 1.0 (flags = 0x41)
0  O                                                                         (0 = 0.0%)
1  -O                                                                        (1 = 100.0%) {0.0%}
2  ... 

Histogram: Cookie.Type2 recorded 10 samples, mean = 12.0 (flags = 0x41)
0   ... 
4   --O                                                                       (2 = 20.0%) {0.0%}
5   ... 
14  --------O                                                                 (8 = 80.0%) {20.0%}
15  ... 

Histogram: Crypto.TPMDuration.MessageSigningECDSA recorded 1 samples, mean = 78.0 (flags = 0x41)
0   ... 
66  -O                                                                        (1 = 100.0%) {0.0%}
84  ... 

Histogram: Crypto.TPMDuration.NewKeyCreationECDSA recorded 1 samples, mean = 377.0 (flags = 0x41)
0    ... 
356  -O                                                                        (1 = 100.0%) {0.0%}
452  ... 

Histogram: Crypto.TPMDuration.Virtual.MessageSigningECDSA recorded 1 samples, mean = 0.0 (flags = 0x41)
0  -O                                                                        (1 = 100.0%)
1  ... 

Histogram: Crypto.TPMDuration.Virtual.NewKeyCreationECDSA recorded 1 samples, mean = 9.0 (flags = 0x41)
0  ... 
8  -O                                                                        (1 = 100.0%) {0.0%}
10 ... 

Histogram: Crypto.TPMDuration.Virtual.WrappedKeyCreationECDSA recorded 1 samples, mean = 2.0 (flags = 0x41)
0  ... 
2  -O                                                                        (1 = 100.0%) {0.0%}
3  ... 

Histogram: Crypto.TPMDuration.WrappedKeyCreationECDSA recorded 1 samples, mean = 60.0 (flags = 0x41)
0   ... 
52  -O                                                                        (1 = 100.0%) {0.0%}
66  ... 

Histogram: Crypto.TPMOperation.MessageSigningECDSA recorded 1 samples, mean = 1.0 (flags = 0x41)
0  O                                                                         (0 = 0.0%)
1  -O                                                                        (1 = 100.0%) {0.0%}
2  O                                                                         (0 = 0.0%) {100.0%}

Histogram: Crypto.TPMOperation.MessageVerifyECDSA recorded 1 samples, mean = 1.0 (flags = 0x41)
0  O                                                                         (0 = 0.0%)
1  -O                                                                        (1 = 100.0%) {0.0%}
2  O                                                                         (0 = 0.0%) {100.0%}

Histogram: Crypto.TPMOperation.NewKeyCreationECDSA recorded 1 samples, mean = 1.0 (flags = 0x41)
0  O                                                                         (0 = 0.0%)
1  -O                                                                        (1 = 100.0%) {0.0%}
2  O                                                                         (0 = 0.0%) {100.0%}

Histogram: Crypto.TPMOperation.Virtual.MessageSigningECDSA recorded 1 samples, mean = 1.0 (flags = 0x41)
0  O                                                                         (0 = 0.0%)
1  -O                                                                        (1 = 100.0%) {0.0%}
2  O                                                                         (0 = 0.0%) {100.0%}

Histogram: Crypto.TPMOperation.Virtual.MessageVerifyECDSA recorded 1 samples, mean = 1.0 (flags = 0x41)
0  O                                                                         (0 = 0.0%)
1  -O                                                                        (1 = 100.0%) {0.0%}
2  O                                                                         (0 = 0.0%) {100.0%}

Histogram: Crypto.TPMOperation.Virtual.NewKeyCreationECDSA recorded 1 samples, mean = 1.0 (flags = 0x41)
0  O                                                                         (0 = 0.0%)
1  -O                                                                        (1 = 100.0%) {0.0%}
2  O                                                                         (0 = 0.0%) {100.0%}

Histogram: Crypto.TPMOperation.Virtual.WrappedKeyCreationECDSA recorded 1 samples, mean = 1.0 (flags = 0x41)
0  O                                                                         (0 = 0.0%)
1  -O                                                                        (1 = 100.0%) {0.0%}
2  O                                                                         (0 = 0.0%) {100.0%}

Histogram: Crypto.TPMOperation.WrappedKeyCreationECDSA recorded 1 samples, mean = 1.0 (flags = 0x41)
0  O                                                                         (0 = 0.0%)
1  -O                                                                        (1 = 100.0%) {0.0%}
2  O                                                                         (0 = 0.0%) {100.0%}

Histogram: Crypto.TPMSupport2 recorded 1 samples, mean = 2.0 (flags = 0x41)
0  ... 
2  -O                                                                        (1 = 100.0%) {0.0%}
3  O                                                                         (0 = 0.0%) {100.0%}

Histogram: Crypto.TPMSupportType recorded 1 samples, mean = 3.0 (flags = 0x41)
0  ... 
3  -O                                                                        (1 = 100.0%) {0.0%}
4  O                                                                         (0 = 0.0%) {100.0%}

Histogram: Crypto.VirtualKeySupport recorded 1 samples, mean = 2.0 (flags = 0x41)
0  ... 
2  -O                                                                        (1 = 100.0%) {0.0%}
3  O                                                                         (0 = 0.0%) {100.0%}

Histogram: DOMStorage.CommitMeasuredDelay recorded 4 samples, mean = 3738.0 (flags = 0x41)
0     ... 
6     -O                                                                        (1 = 25.0%) {0.0%}
7     ... 
4904  ---O                                                                      (3 = 75.0%) {25.0%}
5660  ... 

Histogram: DOMStorage.CommitSizeBytes recorded 2 samples, mean = 8174.5 (flags = 0x41)
0     ... 
7433  --O                                                                       (2 = 100.0%) {0.0%}
8380  ... 

Histogram: DataUse.BytesReceived3.Delegate recorded 138 samples, mean = 2007.7 (flags = 0x41)
0      ... 
64     -O                                                                        (1 = 0.7%) {0.0%}
83     ... 
297    -O                                                                        (1 = 0.7%) {0.7%}
383    -O                                                                        (2 = 1.4%) {1.4%}
494    -O                                                                        (2 = 1.4%) {2.9%}
637    -O                                                                        (1 = 0.7%) {4.3%}
821    -O                                                                        (1 = 0.7%) {5.1%}
1059   ------------------------------------------------------------------------O (112 = 81.2%) {5.8%}
1366   --------O                                                                 (12 = 8.7%) {87.0%}
1761   ... 
2928   ---O                                                                      (4 = 2.9%) {95.7%}
3776   ... 
17362  -O                                                                        (1 = 0.7%) {98.6%}
22388  ... 
79817  -O                                                                        (1 = 0.7%) {99.3%}
102923 ... 

Histogram: DataUse.BytesSent3.Delegate recorded 138 samples, mean = 1116.2 (flags = 0x41)
0      ... 
21     -O                                                                        (1 = 0.7%) {0.0%}
28     ... 
196    -O                                                                        (1 = 0.7%) {0.7%}
258    --------O                                                                 (12 = 8.7%) {1.4%}
340    O                                                                         (0 = 0.0%) {10.1%}
448    -O                                                                        (2 = 1.4%) {10.1%}
590    --O                                                                       (3 = 2.2%) {11.6%}
777    --O                                                                       (3 = 2.2%) {13.8%}
1023   ------------------------------------------------------------------------O (115 = 83.3%) {15.9%}
1347   ... 
16063  -O                                                                        (1 = 0.7%) {99.3%}
21156  ... 

Histogram: DefaultBrowser.State recorded 1 samples, mean = 0.0 (flags = 0x41)
0  -O                                                                        (1 = 100.0%)
1  ... 

Histogram: DiskCache.0.Error recorded 1 samples, mean = 0.0 (flags = 0x41)
0  -O                                                                        (1 = 100.0%)
1  ... 

Histogram: DiskCache.0.TotalIOTimeRead recorded 110 samples, mean = 1.3 (flags = 0x41)
0  --------------------------------------------O                             (44 = 40.0%)
1  -------------------------O                                                (25 = 22.7%) {40.0%}
2  -------------------O                                                      (19 = 17.3%) {62.7%}
3  ----------O                                                               (10 = 9.1%) {80.0%}
4  -------O                                                                  (7 = 6.4%) {89.1%}
5  -----O                                                                    (5 = 4.5%) {95.5%}
6  ... 

Histogram: DiskCache.0.TotalIOTimeWrite recorded 22 samples, mean = 1.0 (flags = 0x41)
0   ------------------O                                                       (18 = 81.8%)
1   -O                                                                        (1 = 4.5%) {81.8%}
2   -O                                                                        (1 = 4.5%) {86.4%}
3   ... 
7   -O                                                                        (1 = 4.5%) {90.9%}
8   ... 
12  -O                                                                        (1 = 4.5%) {95.5%}
14  ... 

Histogram: Download.Database.IsAvailable recorded 1 samples, mean = 1.0 (flags = 0x41)
0  O                                                                         (0 = 0.0%)
1  -O                                                                        (1 = 100.0%) {0.0%}
2  O                                                                         (0 = 0.0%) {100.0%}

Histogram: Download.Service.Db.Operation.Success recorded 1 samples, mean = 0.0 (flags = 0x41)
0  -O                                                                        (1 = 100.0%)
1  ... 

Histogram: Download.Service.Db.Records recorded 1 samples, mean = 0.0 (flags = 0x41)
0  -O                                                                        (1 = 100.0%)
1  ... 

Histogram: Download.Service.Db.Records.Active recorded 1 samples, mean = 0.0 (flags = 0x41)
0  -O                                                                        (1 = 100.0%)
1  ... 

Histogram: Download.Service.Db.Records.Available recorded 1 samples, mean = 0.0 (flags = 0x41)
0  -O                                                                        (1 = 100.0%)
1  ... 

Histogram: Download.Service.Db.Records.Complete recorded 1 samples, mean = 0.0 (flags = 0x41)
0  -O                                                                        (1 = 100.0%)
1  ... 

Histogram: Download.Service.Db.Records.New recorded 1 samples, mean = 0.0 (flags = 0x41)
0  -O                                                                        (1 = 100.0%)
1  ... 

Histogram: Download.Service.Db.Records.Paused recorded 1 samples, mean = 0.0 (flags = 0x41)
0  -O                                                                        (1 = 100.0%)
1  ... 

Histogram: Download.Service.Files.CleanUp.External recorded 3 samples, mean = 0.0 (flags = 0x41)
0  ---O                                                                      (3 = 100.0%)
1  ... 

Histogram: Download.Service.Files.CleanUp.External.Orphaned recorded 1 samples, mean = 0.0 (flags = 0x41)
0  -O                                                                        (1 = 100.0%)
1  ... 

Histogram: Download.Service.Files.CleanUp.External.Timeout recorded 1 samples, mean = 0.0 (flags = 0x41)
0  -O                                                                        (1 = 100.0%)
1  ... 

Histogram: Download.Service.Files.CleanUp.External.Unknown recorded 1 samples, mean = 0.0 (flags = 0x41)
0  -O                                                                        (1 = 100.0%)
1  ... 

Histogram: Download.Service.Files.CleanUp.Failure recorded 3 samples, mean = 0.0 (flags = 0x41)
0  ---O                                                                      (3 = 100.0%)
1  ... 

Histogram: Download.Service.Files.CleanUp.Failure.Orphaned recorded 1 samples, mean = 0.0 (flags = 0x41)
0  -O                                                                        (1 = 100.0%)
1  ... 

Histogram: Download.Service.Files.CleanUp.Failure.Timeout recorded 1 samples, mean = 0.0 (flags = 0x41)
0  -O                                                                        (1 = 100.0%)
1  ... 

Histogram: Download.Service.Files.CleanUp.Failure.Unknown recorded 1 samples, mean = 0.0 (flags = 0x41)
0  -O                                                                        (1 = 100.0%)
1  ... 

Histogram: Download.Service.Files.CleanUp.Success recorded 3 samples, mean = 0.0 (flags = 0x41)
0  ---O                                                                      (3 = 100.0%)
1  ... 

Histogram: Download.Service.Files.CleanUp.Success.Orphaned recorded 1 samples, mean = 0.0 (flags = 0x41)
0  -O                                                                        (1 = 100.0%)
1  ... 

Histogram: Download.Service.Files.CleanUp.Success.Timeout recorded 1 samples, mean = 0.0 (flags = 0x41)
0  -O                                                                        (1 = 100.0%)
1  ... 

Histogram: Download.Service.Files.CleanUp.Success.Unknown recorded 1 samples, mean = 0.0 (flags = 0x41)
0  -O                                                                        (1 = 100.0%)
1  ... 

Histogram: Download.Service.StartUpStatus.Initialization recorded 1 samples, mean = 0.0 (flags = 0x41)
0  -O                                                                        (1 = 100.0%)
1  ... 

Histogram: Enterprise.TimeToFirstPolicyLoad.Profile.Unmanaged recorded 1 samples, mean = 0.0 (flags = 0x41)
0  -O                                                                        (1 = 100.0%)
1  ... 

Histogram: EnterpriseCheck.AzureADJoinStatusCheckTime recorded 1 samples, mean = 20.0 (flags = 0x41)
0   ... 
20  -O                                                                        (1 = 100.0%) {0.0%}
24  ... 

Histogram: Event.GestureCreated recorded 1 samples, mean = 12.0 (flags = 0x41)
0   ... 
12  -O                                                                        (1 = 100.0%) {0.0%}
13  ... 

Histogram: Extension.Toolbar.BrowserActionsCount2 recorded 1 samples, mean = 0.0 (flags = 0x41)
0  -O                                                                        (1 = 100.0%)
1  ... 

Histogram: ExtensionToolbarModel.BrowserActionsCount recorded 1 samples, mean = 0.0 (flags = 0x41)
0  -O                                                                        (1 = 100.0%)
1  ... 

Histogram: Extensions.AppLocation2 recorded 1 samples, mean = 5.0 (flags = 0x41)
0  ... 
5  -O                                                                        (1 = 100.0%) {0.0%}
6  ... 

Histogram: Extensions.CorruptExtensionTotalDisables recorded 1 samples, mean = 0.0 (flags = 0x41)
0  -O                                                                        (1 = 100.0%)
1  ... 

Histogram: Extensions.CorruptExtensionTotalDisables2 recorded 1 samples, mean = 0.0 (flags = 0x41)
0  -O                                                                        (1 = 100.0%)
1  ... 

Histogram: Extensions.Database.Open.State recorded 1 samples, mean = 0.0 (flags = 0x41)
0  -O                                                                        (1 = 100.0%)
1  ... 

Histogram: Extensions.DeveloperModeEnabled recorded 2 samples, mean = 0.0 (flags = 0x41)
0  --O                                                                       (2 = 100.0%)
1  ... 

Histogram: Extensions.DidCreateScriptContext_Unspecified recorded 1 samples, mean = 0.0 (flags = 0x41)
0  -O                                                                        (1 = 100.0%)
1  ... 

Histogram: Extensions.DidCreateScriptContext_WebPage recorded 3 samples, mean = 0.0 (flags = 0x41)
0  ---O                                                                      (3 = 100.0%)
1  ... 

Histogram: Extensions.Disabled recorded 1 samples, mean = 0.0 (flags = 0x41)
0  -O                                                                        (1 = 100.0%)
1  ... 

Histogram: Extensions.Disabled2 recorded 1 samples, mean = 0.0 (flags = 0x41)
0  -O                                                                        (1 = 100.0%)
1  ... 

Histogram: Extensions.DisabledForPermissions recorded 1 samples, mean = 0.0 (flags = 0x41)
0  -O                                                                        (1 = 100.0%)
1  ... 

Histogram: Extensions.DisabledForPermissions2 recorded 1 samples, mean = 0.0 (flags = 0x41)
0  -O                                                                        (1 = 100.0%)
1  ... 

Histogram: Extensions.EventlessEventPages2 recorded 1 samples, mean = 0.0 (flags = 0x41)
0  -O                                                                        (1 = 100.0%)
1  ... 

Histogram: Extensions.ExtensionLocation recorded 1 samples, mean = 5.0 (flags = 0x41)
0  ... 
5  -O                                                                        (1 = 100.0%) {0.0%}
6  ... 

Histogram: Extensions.ExtensionLocation2 recorded 1 samples, mean = 5.0 (flags = 0x41)
0  ... 
5  -O                                                                        (1 = 100.0%) {0.0%}
6  ... 

Histogram: Extensions.ExtensionsWithPageActions recorded 1 samples, mean = 0.0 (flags = 0x41)
0  -O                                                                        (1 = 100.0%)
1  ... 

Histogram: Extensions.HomepageOverrides recorded 1 samples, mean = 0.0 (flags = 0x41)
0  -O                                                                        (1 = 100.0%)
1  ... 

Histogram: Extensions.HomepageOverrides2 recorded 1 samples, mean = 0.0 (flags = 0x41)
0  -O                                                                        (1 = 100.0%)
1  ... 

Histogram: Extensions.InjectEnd_ScriptCount recorded 3 samples, mean = 0.0 (flags = 0x41)
0  ---O                                                                      (3 = 100.0%)
1  ... 

Histogram: Extensions.InjectIdle_ScriptCount recorded 3 samples, mean = 0.0 (flags = 0x41)
0  ---O                                                                      (3 = 100.0%)
1  ... 

Histogram: Extensions.InjectStart_CssCount recorded 5 samples, mean = 0.0 (flags = 0x41)
0  -----O                                                                    (5 = 100.0%)
1  ... 

Histogram: Extensions.InjectStart_ScriptCount recorded 5 samples, mean = 0.0 (flags = 0x41)
0  -----O                                                                    (5 = 100.0%)
1  ... 

Histogram: Extensions.LoadAll recorded 1 samples, mean = 2.0 (flags = 0x41)
0  ... 
2  -O                                                                        (1 = 100.0%) {0.0%}
3  ... 

Histogram: Extensions.LoadAll2 recorded 1 samples, mean = 2.0 (flags = 0x41)
0  ... 
2  -O                                                                        (1 = 100.0%) {0.0%}
3  ... 

Histogram: Extensions.LoadAllComponentTime recorded 1 samples, mean = 0.0 (flags = 0x41)
0  -O                                                                        (1 = 100.0%)
1  ... 

Histogram: Extensions.LoadAllComponentTime.User recorded 1 samples, mean = 0.0 (flags = 0x41)
0  -O                                                                        (1 = 100.0%)
1  ... 

Histogram: Extensions.LoadAllTime2 recorded 1 samples, mean = 0.0 (flags = 0x41)
0  -O                                                                        (1 = 100.0%)
1  ... 

Histogram: Extensions.LoadAllTime2.User recorded 1 samples, mean = 0.0 (flags = 0x41)
0  -O                                                                        (1 = 100.0%)
1  ... 

Histogram: Extensions.LoadApp recorded 1 samples, mean = 0.0 (flags = 0x41)
0  -O                                                                        (1 = 100.0%)
1  ... 

Histogram: Extensions.LoadApp2 recorded 1 samples, mean = 0.0 (flags = 0x41)
0  -O                                                                        (1 = 100.0%)
1  ... 

Histogram: Extensions.LoadAppExternal recorded 1 samples, mean = 0.0 (flags = 0x41)
0  -O                                                                        (1 = 100.0%)
1  ... 

Histogram: Extensions.LoadAppExternal2 recorded 1 samples, mean = 0.0 (flags = 0x41)
0  -O                                                                        (1 = 100.0%)
1  ... 

Histogram: Extensions.LoadAppUser recorded 1 samples, mean = 0.0 (flags = 0x41)
0  -O                                                                        (1 = 100.0%)
1  ... 

Histogram: Extensions.LoadAppUser2 recorded 1 samples, mean = 0.0 (flags = 0x41)
0  -O                                                                        (1 = 100.0%)
1  ... 

Histogram: Extensions.LoadBrowserAction recorded 1 samples, mean = 0.0 (flags = 0x41)
0  -O                                                                        (1 = 100.0%)
1  ... 

Histogram: Extensions.LoadBrowserAction2 recorded 1 samples, mean = 0.0 (flags = 0x41)
0  -O                                                                        (1 = 100.0%)
1  ... 

Histogram: Extensions.LoadExtension recorded 1 samples, mean = 0.0 (flags = 0x41)
0  -O                                                                        (1 = 100.0%)
1  ... 

Histogram: Extensions.LoadExtension2 recorded 1 samples, mean = 0.0 (flags = 0x41)
0  -O                                                                        (1 = 100.0%)
1  ... 

Histogram: Extensions.LoadExtensionExternal recorded 1 samples, mean = 0.0 (flags = 0x41)
0  -O                                                                        (1 = 100.0%)
1  ... 

Histogram: Extensions.LoadExtensionExternal2 recorded 1 samples, mean = 0.0 (flags = 0x41)
0  -O                                                                        (1 = 100.0%)
1  ... 

Histogram: Extensions.LoadExtensionUser2 recorded 1 samples, mean = 0.0 (flags = 0x41)
0  -O                                                                        (1 = 100.0%)
1  ... 

Histogram: Extensions.LoadHostedApp recorded 1 samples, mean = 0.0 (flags = 0x41)
0  -O                                                                        (1 = 100.0%)
1  ... 

Histogram: Extensions.LoadHostedApp2 recorded 1 samples, mean = 0.0 (flags = 0x41)
0  -O                                                                        (1 = 100.0%)
1  ... 

Histogram: Extensions.LoadNoExtensionAction recorded 1 samples, mean = 0.0 (flags = 0x41)
0  -O                                                                        (1 = 100.0%)
1  ... 

Histogram: Extensions.LoadNoExtensionAction2 recorded 1 samples, mean = 0.0 (flags = 0x41)
0  -O                                                                        (1 = 100.0%)
1  ... 

Histogram: Extensions.LoadOffStoreItems recorded 1 samples, mean = 0.0 (flags = 0x41)
0  -O                                                                        (1 = 100.0%)
1  ... 

Histogram: Extensions.LoadOffStoreItems2 recorded 1 samples, mean = 0.0 (flags = 0x41)
0  -O                                                                        (1 = 100.0%)
1  ... 

Histogram: Extensions.LoadPackagedApp recorded 1 samples, mean = 0.0 (flags = 0x41)
0  -O                                                                        (1 = 100.0%)
1  ... 

Histogram: Extensions.LoadPackagedApp2 recorded 1 samples, mean = 0.0 (flags = 0x41)
0  -O                                                                        (1 = 100.0%)
1  ... 

Histogram: Extensions.LoadPlatformApp recorded 1 samples, mean = 0.0 (flags = 0x41)
0  -O                                                                        (1 = 100.0%)
1  ... 

Histogram: Extensions.LoadPlatformApp2 recorded 1 samples, mean = 0.0 (flags = 0x41)
0  -O                                                                        (1 = 100.0%)
1  ... 

Histogram: Extensions.LoadTheme recorded 1 samples, mean = 0.0 (flags = 0x41)
0  -O                                                                        (1 = 100.0%)
1  ... 

Histogram: Extensions.LoadTheme2 recorded 1 samples, mean = 0.0 (flags = 0x41)
0  -O                                                                        (1 = 100.0%)
1  ... 

Histogram: Extensions.LoadUserScript recorded 1 samples, mean = 0.0 (flags = 0x41)
0  -O                                                                        (1 = 100.0%)
1  ... 

Histogram: Extensions.LoadUserScript2 recorded 1 samples, mean = 0.0 (flags = 0x41)
0  -O                                                                        (1 = 100.0%)
1  ... 

Histogram: Extensions.Management_Refresh recorded 1 samples, mean = 0.0 (flags = 0x41)
0  -O                                                                        (1 = 100.0%)
1  ... 

Histogram: Extensions.ManifestVersion2Count.Component recorded 1 samples, mean = 1.0 (flags = 0x41)
0  O                                                                         (0 = 0.0%)
1  -O                                                                        (1 = 100.0%) {0.0%}
2  ... 

Histogram: Extensions.ManifestVersion2Count.External recorded 1 samples, mean = 0.0 (flags = 0x41)
0  -O                                                                        (1 = 100.0%)
1  ... 

Histogram: Extensions.ManifestVersion2Count.Internal recorded 1 samples, mean = 0.0 (flags = 0x41)
0  -O                                                                        (1 = 100.0%)
1  ... 

Histogram: Extensions.ManifestVersion2Count.Policy recorded 1 samples, mean = 0.0 (flags = 0x41)
0  -O                                                                        (1 = 100.0%)
1  ... 

Histogram: Extensions.ManifestVersion2Count.Unpacked recorded 1 samples, mean = 0.0 (flags = 0x41)
0  -O                                                                        (1 = 100.0%)
1  ... 

Histogram: Extensions.ManifestVersion3Count.Component recorded 1 samples, mean = 0.0 (flags = 0x41)
0  -O                                                                        (1 = 100.0%)
1  ... 

Histogram: Extensions.ManifestVersion3Count.External recorded 1 samples, mean = 0.0 (flags = 0x41)
0  -O                                                                        (1 = 100.0%)
1  ... 

Histogram: Extensions.ManifestVersion3Count.Internal recorded 1 samples, mean = 0.0 (flags = 0x41)
0  -O                                                                        (1 = 100.0%)
1  ... 

Histogram: Extensions.ManifestVersion3Count.Policy recorded 1 samples, mean = 0.0 (flags = 0x41)
0  -O                                                                        (1 = 100.0%)
1  ... 

Histogram: Extensions.ManifestVersion3Count.Unpacked recorded 1 samples, mean = 0.0 (flags = 0x41)
0  -O                                                                        (1 = 100.0%)
1  ... 

Histogram: Extensions.ManifestVersionByLocation.Component recorded 1 samples, mean = 2.0 (flags = 0x41)
0  ... 
2  -O                                                                        (1 = 100.0%) {0.0%}
3  ... 

Histogram: Extensions.ManifestVersionPopulationSplit.Component recorded 1 samples, mean = 1.0 (flags = 0x41)
0  O                                                                         (0 = 0.0%)
1  -O                                                                        (1 = 100.0%) {0.0%}
2  ... 

Histogram: Extensions.ManifestVersionPopulationSplit.External recorded 1 samples, mean = 0.0 (flags = 0x41)
0  -O                                                                        (1 = 100.0%)
1  ... 

Histogram: Extensions.ManifestVersionPopulationSplit.Internal recorded 1 samples, mean = 0.0 (flags = 0x41)
0  -O                                                                        (1 = 100.0%)
1  ... 

Histogram: Extensions.ManifestVersionPopulationSplit.InternalAndExternal recorded 1 samples, mean = 0.0 (flags = 0x41)
0  -O                                                                        (1 = 100.0%)
1  ... 

Histogram: Extensions.ManifestVersionPopulationSplit.Unpacked recorded 1 samples, mean = 0.0 (flags = 0x41)
0  -O                                                                        (1 = 100.0%)
1  ... 

Histogram: Extensions.NewTabPageOverrides recorded 1 samples, mean = 0.0 (flags = 0x41)
0  -O                                                                        (1 = 100.0%)
1  ... 

Histogram: Extensions.NewTabPageOverrides2 recorded 1 samples, mean = 0.0 (flags = 0x41)
0  -O                                                                        (1 = 100.0%)
1  ... 

Histogram: Extensions.NonWebStoreNewTabPageOverrides recorded 1 samples, mean = 0.0 (flags = 0x41)
0  -O                                                                        (1 = 100.0%)
1  ... 

Histogram: Extensions.NonWebStoreNewTabPageOverrides2 recorded 1 samples, mean = 0.0 (flags = 0x41)
0  -O                                                                        (1 = 100.0%)
1  ... 

Histogram: Extensions.NonWebstoreLocation recorded 2 samples, mean = 5.0 (flags = 0x41)
0  ... 
5  --O                                                                       (2 = 100.0%) {0.0%}
6  ... 

Histogram: Extensions.NonWebstoreLocation2 recorded 2 samples, mean = 5.0 (flags = 0x41)
0  ... 
5  --O                                                                       (2 = 100.0%) {0.0%}
6  ... 

Histogram: Extensions.NonWebstoreLocationWithDeveloperModeOff.Enabled3 recorded 2 samples, mean = 5.0 (flags = 0x41)
0  ... 
5  --O                                                                       (2 = 100.0%) {0.0%}
6  ... 

Histogram: Extensions.NotAllowlistedDisabled recorded 1 samples, mean = 0.0 (flags = 0x41)
0  -O                                                                        (1 = 100.0%)
1  ... 

Histogram: Extensions.NotAllowlistedDisabled2 recorded 1 samples, mean = 0.0 (flags = 0x41)
0  -O                                                                        (1 = 100.0%)
1  ... 

Histogram: Extensions.NotAllowlistedEnabled recorded 1 samples, mean = 0.0 (flags = 0x41)
0  -O                                                                        (1 = 100.0%)
1  ... 

Histogram: Extensions.NotAllowlistedEnabled2 recorded 1 samples, mean = 0.0 (flags = 0x41)
0  -O                                                                        (1 = 100.0%)
1  ... 

Histogram: Extensions.ProcessManagerStartupHostsTime2 recorded 1 samples, mean = 0.0 (flags = 0x41)
0  -O                                                                        (1 = 100.0%)
1  ... 

Histogram: Extensions.SearchEngineOverrides recorded 1 samples, mean = 0.0 (flags = 0x41)
0  -O                                                                        (1 = 100.0%)
1  ... 

Histogram: Extensions.SearchEngineOverrides2 recorded 1 samples, mean = 0.0 (flags = 0x41)
0  -O                                                                        (1 = 100.0%)
1  ... 

Histogram: Extensions.StartupPagesOverrides recorded 1 samples, mean = 0.0 (flags = 0x41)
0  -O                                                                        (1 = 100.0%)
1  ... 

Histogram: Extensions.StartupPagesOverrides2 recorded 1 samples, mean = 0.0 (flags = 0x41)
0  -O                                                                        (1 = 100.0%)
1  ... 

Histogram: Extensions.WebRequestBlockingCount recorded 1 samples, mean = 0.0 (flags = 0x41)
0  -O                                                                        (1 = 100.0%)
1  ... 

Histogram: Extensions.WebRequestBlockingCount2 recorded 1 samples, mean = 0.0 (flags = 0x41)
0  -O                                                                        (1 = 100.0%)
1  ... 

Histogram: Extensions.WebRequestCount recorded 1 samples, mean = 0.0 (flags = 0x41)
0  -O                                                                        (1 = 100.0%)
1  ... 

Histogram: Extensions.WebRequestCount2 recorded 1 samples, mean = 0.0 (flags = 0x41)
0  -O                                                                        (1 = 100.0%)
1  ... 

Histogram: FetchKeepAlive.Renderer.Total.ReceivedResponse recorded 1 samples, mean = 1.0 (flags = 0x41)
0  O                                                                         (0 = 0.0%)
1  -O                                                                        (1 = 100.0%) {0.0%}
2  O                                                                         (0 = 0.0%) {100.0%}

Histogram: FetchKeepAlive.Renderer.Total.Started recorded 1 samples, mean = 1.0 (flags = 0x41)
0  O                                                                         (0 = 0.0%)
1  -O                                                                        (1 = 100.0%) {0.0%}
2  O                                                                         (0 = 0.0%) {100.0%}

Histogram: FetchKeepAlive.Requests2.Network recorded 2 samples, mean = 0.5 (flags = 0x41)
0  -O                                                                        (1 = 50.0%)
1  -O                                                                        (1 = 50.0%) {50.0%}
2  O                                                                         (0 = 0.0%) {100.0%}

Histogram: FetchKeepAlive.Requests2.SentToService.Renderer recorded 1 samples, mean = 2.0 (flags = 0x41)
0  ... 
2  -O                                                                        (1 = 100.0%) {0.0%}
3  ... 

Histogram: FetchKeepAlive.Requests2.Started.IsContextDetached.Renderer recorded 1 samples, mean = 0.0 (flags = 0x41)
0  -O                                                                        (1 = 100.0%)
1  ... 

Histogram: FetchKeepAlive.Requests2.Started.Renderer recorded 1 samples, mean = 1.0 (flags = 0x41)
0  O                                                                         (0 = 0.0%)
1  -O                                                                        (1 = 100.0%) {0.0%}
2  ... 

Histogram: FetchKeepAlive.Requests2.Succeeded.IsContextDetached.Renderer recorded 1 samples, mean = 0.0 (flags = 0x41)
0  -O                                                                        (1 = 100.0%)
1  ... 

Histogram: FetchKeepAlive.Requests2.Succeeded.Renderer recorded 1 samples, mean = 1.0 (flags = 0x41)
0  O                                                                         (0 = 0.0%)
1  -O                                                                        (1 = 100.0%) {0.0%}
2  ... 

Histogram: FetchKeepAlive.Requests2.Total.Renderer recorded 1 samples, mean = 1.0 (flags = 0x41)
0  O                                                                         (0 = 0.0%)
1  -O                                                                        (1 = 100.0%) {0.0%}
2  ... 

Histogram: FirstPartySets.Database.InitStatus recorded 1 samples, mean = 1.0 (flags = 0x41)
0  O                                                                         (0 = 0.0%)
1  -O                                                                        (1 = 100.0%) {0.0%}
2  ... 

Histogram: FirstPartySets.Database.TransactionFailed recorded 7 samples, mean = 0.0 (flags = 0x41)
0  -------O                                                                  (7 = 100.0%)
1  ... 

Histogram: FirstPartySets.Initialization.ClearSiteDataOutcome recorded 1 samples, mean = 1.0 (flags = 0x41)
0  O                                                                         (0 = 0.0%)
1  -O                                                                        (1 = 100.0%) {0.0%}
2  O                                                                         (0 = 0.0%) {100.0%}

Histogram: FirstPartySets.Initialization.SitesToClear.Count recorded 1 samples, mean = 0.0 (flags = 0x41)
0  -O                                                                        (1 = 100.0%)
1  ... 

Histogram: GPU.ANGLE.D3DShaderBlobSizeKB recorded 4 samples, mean = 0.5 (flags = 0x41)
0  ----O                                                                     (4 = 100.0%)
1000... 

Histogram: GPU.ANGLE.D3DShaderCompilationTimeUs recorded 4 samples, mean = 3690.0 (flags = 0x41)
0     ... 
2336  --O                                                                       (2 = 50.0%) {0.0%}
3077  -O                                                                        (1 = 25.0%) {50.0%}
4053  O                                                                         (0 = 0.0%) {75.0%}
5338  -O                                                                        (1 = 25.0%) {75.0%}
7031  ... 

Histogram: GPU.BlocklistFeatureTestResults.Accelerated2dCanvas recorded 1 samples, mean = 0.0 (flags = 0x41)
0  -O                                                                        (1 = 100.0%)
1  ... 

Histogram: GPU.BlocklistFeatureTestResults.GpuCompositing recorded 1 samples, mean = 0.0 (flags = 0x41)
0  -O                                                                        (1 = 100.0%)
1  ... 

Histogram: GPU.BlocklistFeatureTestResults.GpuRasterization recorded 1 samples, mean = 0.0 (flags = 0x41)
0  -O                                                                        (1 = 100.0%)
1  ... 

Histogram: GPU.BlocklistFeatureTestResults.Webgl recorded 1 samples, mean = 0.0 (flags = 0x41)
0  -O                                                                        (1 = 100.0%)
1  ... 

Histogram: GPU.BlocklistFeatureTestResults.Webgl2 recorded 1 samples, mean = 0.0 (flags = 0x41)
0  -O                                                                        (1 = 100.0%)
1  ... 

Histogram: GPU.BlocklistFeatureTestResults.Webgpu recorded 1 samples, mean = 2.0 (flags = 0x41)
0  ... 
2  -O                                                                        (1 = 100.0%) {0.0%}
3  ... 

Histogram: GPU.BlocklistTestResultsPerEntry recorded 1 samples, mean = 0.0 (flags = 0x41)
0  -O                                                                        (1 = 100.0%)
1  ... 

Histogram: GPU.CanvasOopRaster.OopRasterAndGpuAcceleration recorded 1 samples, mean = 0.0 (flags = 0x41)
0  -O                                                                        (1 = 100.0%)
1  ... 

Histogram: GPU.CompositingMode recorded 61 samples, mean = 1.0 (flags = 0x41)
0  O                                                                         (0 = 0.0%)
1  -------------------------------------------------------------O            (61 = 100.0%) {0.0%}
2  ... 

Histogram: GPU.D3D12FeatureLevel recorded 1 samples, mean = 2.0 (flags = 0x41)
0  ... 
2  -O                                                                        (1 = 100.0%) {0.0%}
3  ... 

Histogram: GPU.D3D12HighestShaderModel2 recorded 1 samples, mean = 9.0 (flags = 0x41)
0  ... 
9  -O                                                                        (1 = 100.0%) {0.0%}
10 O                                                                         (0 = 0.0%) {100.0%}

Histogram: GPU.DriverBugTestResultsPerEntry recorded 8 samples (flags = 0x41)
0    -O                                                                        (1 = 12.5%)
17   -O                                                                        (1 = 12.5%)
165  -O                                                                        (1 = 12.5%)
206  -O                                                                        (1 = 12.5%)
256  -O                                                                        (1 = 12.5%)
315  -O                                                                        (1 = 12.5%)
426  -O                                                                        (1 = 12.5%)
430  -O                                                                        (1 = 12.5%)

Histogram: GPU.EstablishGpuChannelSyncTime recorded 2 samples, mean = 99.0 (flags = 0x41)
0    ... 
4    -O                                                                        (1 = 50.0%) {0.0%}
5    ... 
190  -O                                                                        (1 = 50.0%) {50.0%}
226  ... 

Histogram: GPU.EstablishGpuChannelSyncTime.FirstRun recorded 2 samples, mean = 99.0 (flags = 0x41)
0    ... 
4    -O                                                                        (1 = 50.0%) {0.0%}
5    ... 
190  -O                                                                        (1 = 50.0%) {50.0%}
226  ... 

Histogram: GPU.GPUProcessLaunchTime recorded 2 samples, mean = 897.0 (flags = 0x41)
0     ... 
12    -O                                                                        (1 = 50.0%) {0.0%}
14    ... 
1782  -O                                                                        (1 = 50.0%) {50.0%}
2117  ... 

Histogram: GPU.GPUProcessTerminationStatus2 recorded 1 samples, mean = 4.0 (flags = 0x41)
0  ... 
4  -O                                                                        (1 = 100.0%) {0.0%}
5  ... 

Histogram: GPU.HardwareAccelerationModeEnabled recorded 1 samples, mean = 1.0 (flags = 0x41)
0  O                                                                         (0 = 0.0%)
1  -O                                                                        (1 = 100.0%) {0.0%}
2  O                                                                         (0 = 0.0%) {100.0%}

Histogram: GPU.ProcessLifetimeEvents.HardwareAccelerated recorded 1 samples, mean = 0.0 (flags = 0x41)
0  -O                                                                        (1 = 100.0%)
1  ... 

Histogram: GPU.RasterDecoder.TimeToFlush recorded 1 samples, mean = 613.0 (flags = 0x41)
0    ... 
610  -O                                                                        (1 = 100.0%) {0.0%}
695  ... 

Histogram: GPU.SharedImage.BackingType recorded 4 samples, mean = 7.0 (flags = 0x41)
0   ... 
2   --O                                                                       (2 = 50.0%) {0.0%}
3   ... 
12  --O                                                                       (2 = 50.0%) {50.0%}
13  ... 

Histogram: GPU.SharedImage.ContentConsumed recorded 10 samples, mean = 0.4 (flags = 0x41)
0  ------O                                                                   (6 = 60.0%)
1  ----O                                                                     (4 = 40.0%) {60.0%}
2  O                                                                         (0 = 0.0%) {100.0%}

Histogram: GPU.SkiaBackendType recorded 1 samples, mean = 2.0 (flags = 0x41)
0  ... 
2  -O                                                                        (1 = 100.0%) {0.0%}
3  ... 

Histogram: GPU.SupportsDX12 recorded 1 samples, mean = 1.0 (flags = 0x41)
0  O                                                                         (0 = 0.0%)
1  -O                                                                        (1 = 100.0%) {0.0%}
2  O                                                                         (0 = 0.0%) {100.0%}

Histogram: GPU.WatchdogThread.Event recorded 1 samples, mean = 0.0 (flags = 0x41)
0  -O                                                                        (1 = 100.0%)
1  ... 

Histogram: GPU.WatchdogThread.Event.main recorded 1 samples, mean = 0.0 (flags = 0x41)
0  -O                                                                        (1 = 100.0%)
1  ... 

Histogram: GPU.WatchdogThread.Timeout recorded 925 samples, mean = 0.0 (flags = 0x41)
0  ------------------------------------------------------------------------O (925 = 100.0%)
1  ... 

Histogram: GPU.WatchdogThread.Timeout.Normal recorded 925 samples, mean = 0.0 (flags = 0x41)
0  ------------------------------------------------------------------------O (925 = 100.0%)
1  ... 

Histogram: GPU.WatchdogThread.Timeout.Normal.main recorded 925 samples, mean = 0.0 (flags = 0x41)
0  ------------------------------------------------------------------------O (925 = 100.0%)
1  ... 

Histogram: GPU.WatchdogThread.Timeout.main recorded 925 samples, mean = 0.0 (flags = 0x41)
0  ------------------------------------------------------------------------O (925 = 100.0%)
1  ... 

Histogram: Gaia.AuthFetcher.ListAccounts.NetErrorCodes recorded 1 samples (flags = 0x41)
0  -O                                                                        (1 = 100.0%)

Histogram: Gpu.FenceHandle.CloneCountsPerSubmit recorded 6 samples, mean = 0.0 (flags = 0x41)
0  ------O                                                                   (6 = 100.0%)
1  ... 

Histogram: Gpu.GrCompileShaderUs recorded 4 samples, mean = 504.2 (flags = 0x41)
0    ... 
258  -O                                                                        (1 = 25.0%) {0.0%}
340  -O                                                                        (1 = 25.0%) {25.0%}
448  -O                                                                        (1 = 25.0%) {50.0%}
590  O                                                                         (0 = 0.0%) {75.0%}
777  -O                                                                        (1 = 25.0%) {75.0%}
1023 ... 

Histogram: Gpu.GrLinkProgramUs recorded 2 samples, mean = 5198.0 (flags = 0x41)
0     ... 
4053  -O                                                                        (1 = 50.0%) {0.0%}
5338  -O                                                                        (1 = 50.0%) {50.0%}
7031  ... 

Histogram: Gpu.PassthroughProgramCacheLoadHitInCache recorded 2 samples, mean = 0.0 (flags = 0x41)
0  --O                                                                       (2 = 100.0%)
1  ... 

Histogram: Gpu.Rasterization.Raster.MSAASampleCountLog2 recorded 1 samples, mean = 0.0 (flags = 0x41)
0  -O                                                                        (1 = 100.0%)
1  ... 

Histogram: HangWatcher.IsThreadHung.BrowserProcess.IOThread.Normal recorded 1852 samples, mean = 0.0 (flags = 0x41)
0  ------------------------------------------------------------------------O (1852 = 100.0%)
1  ... 

Histogram: HangWatcher.IsThreadHung.BrowserProcess.UIThread.Normal recorded 1852 samples, mean = 0.0 (flags = 0x41)
0  ------------------------------------------------------------------------O (1852 = 100.0%)
1  ... 

Histogram: HangWatcher.IsThreadHung.RendererProcess.IOThread recorded 1850 samples, mean = 0.0 (flags = 0x41)
0  ------------------------------------------------------------------------O (1850 = 100.0%)
1  ... 

Histogram: HangWatcher.IsThreadHung.RendererProcess.IOThread.BestEffort recorded 1852 samples, mean = 0.0 (flags = 0x41)
0  ------------------------------------------------------------------------O (1852 = 100.0%)
1  ... 

Histogram: HangWatcher.IsThreadHung.RendererProcess.MainThread recorded 1850 samples, mean = 0.0 (flags = 0x41)
0  ------------------------------------------------------------------------O (1850 = 100.0%)
1  ... 

Histogram: HangWatcher.IsThreadHung.RendererProcess.MainThread.BestEffort recorded 1852 samples, mean = 0.0 (flags = 0x41)
0  ------------------------------------------------------------------------O (1852 = 100.0%)
1  ... 

Histogram: HangWatcher.IsThreadHung.UtilityProcess.IOThread recorded 3703 samples, mean = 0.0 (flags = 0x41)
0  ------------------------------------------------------------------------O (3703 = 100.0%)
1  ... 

Histogram: HangWatcher.IsThreadHung.UtilityProcess.MainThread recorded 3703 samples, mean = 0.0 (flags = 0x41)
0  ------------------------------------------------------------------------O (3703 = 100.0%)
1  ... 

Histogram: HangWatcher.SleepDrift.BrowserProcess recorded 9257 samples, mean = 6.3 (flags = 0x41)
0   ------------------------------------------------------------------------O (1718 = 18.6%)
1   -------------------------------O                                          (750 = 8.1%) {18.6%}
2   -------------------------O                                                (588 = 6.4%) {26.7%}
3   ----------------------O                                                   (520 = 5.6%) {33.0%}
4   --------------------O                                                     (485 = 5.2%) {38.6%}
5   ---------------------O                                                    (497 = 5.4%) {43.9%}
6   --------------------O                                                     (479 = 5.2%) {49.2%}
7   --------------------O                                                     (466 = 5.0%) {54.4%}
8   --------------------------------------O                                   (905 = 9.8%) {59.4%}
10  ---------------------------------------O                                  (931 = 10.1%) {69.2%}
12  --------------------------------------O                                   (915 = 9.9%) {79.3%}
14  ---------------------------------------O                                  (930 = 10.0%) {89.2%}
17  -O                                                                        (34 = 0.4%) {99.2%}
20  -O                                                                        (19 = 0.2%) {99.6%}
24  O                                                                         (8 = 0.1%) {99.8%}
29  O                                                                         (5 = 0.1%) {99.9%}
34  O                                                                         (5 = 0.1%) {99.9%}
40  O                                                                         (1 = 0.0%) {100.0%}
48  O                                                                         (1 = 0.0%) {100.0%}
57  ... 

Histogram: Hardware.Display.Count.OnStartup recorded 1 samples, mean = 2.0 (flags = 0x41)
0  ... 
2  -O                                                                        (1 = 100.0%) {0.0%}
3  ... 

Histogram: Hardware.Display.SupportsHDR recorded 2 samples, mean = 0.0 (flags = 0x41)
0  --O                                                                       (2 = 100.0%)
1  ... 

Histogram: HeapProfiling.InProcess.Enabled recorded 1 samples, mean = 0.0 (flags = 0x41)
0  -O                                                                        (1 = 100.0%)
1  ... 

Histogram: HeapProfiling.InProcess.Enabled.Browser recorded 1 samples, mean = 0.0 (flags = 0x41)
0  -O                                                                        (1 = 100.0%)
1  ... 

Histogram: Histogram.TooManyBuckets.1000 recorded 4 samples (flags = 0x41)
-2140283801 --O                                                                       (2 = 50.0%)
1721222685  --O                                                                       (2 = 50.0%)

Histogram: History.Backend.TransactionCommitSuccess recorded 2 samples, mean = 1.0 (flags = 0x41)
0  O                                                                         (0 = 0.0%)
1  --O                                                                       (2 = 100.0%) {0.0%}
2  O                                                                         (0 = 0.0%) {100.0%}

Histogram: History.ClearBrowsingData.TaskQueueAtShutdown recorded 1 samples, mean = 0.0 (flags = 0x41)
0  -O                                                                        (1 = 100.0%)
1  ... 

Histogram: History.Clusters.ContextClusterer.VisitProcessingLatency.CleanUpTimer recorded 30 samples, mean = 0.0 (flags = 0x41)
0  ------------------------------O                                           (30 = 100.0%)
1  ... 

Histogram: History.Clusters.ContextClusterer.VisitProcessingLatency.UrlVisited recorded 4 samples, mean = 0.0 (flags = 0x41)
0  ----O                                                                     (4 = 100.0%)
1  ... 

Histogram: History.Clusters.JourneysEligibleAndEnabledAtSessionStart recorded 1 samples, mean = 1.0 (flags = 0x41)
0  O                                                                         (0 = 0.0%)
1  -O                                                                        (1 = 100.0%) {0.0%}
2  O                                                                         (0 = 0.0%) {100.0%}

Histogram: History.Clusters.KeywordCache.LoadCachesFromPrefs.Latency recorded 1 samples, mean = 0.0 (flags = 0x41)
0  -O                                                                        (1 = 100.0%)
1  ... 

Histogram: History.InMemoryDBItemCount recorded 1 samples, mean = 2.0 (flags = 0x41)
0  ... 
2  -O                                                                        (1 = 100.0%) {0.0%}
3  ... 

Histogram: History.TopSites.QueryFromHistoryTime recorded 1 samples, mean = 8.0 (flags = 0x41)
0  ... 
8  -O                                                                        (1 = 100.0%) {0.0%}
10 ... 

Histogram: History.VisitedLinks.HashTableLengthOnReaderInit recorded 3 samples, mean = 16381.0 (flags = 0x41)
0      ... 
14319  ---O                                                                      (3 = 100.0%) {0.0%}
19866  ... 

Histogram: History.VisitedLinks.HashTableSizeOnTableCreate recorded 2 samples, mean = 0.0 (flags = 0x41)
0  --O                                                                       (2 = 100.0%)
1  ... 

Histogram: History.VisitedLinks.HashTableUsageOnLinkAdded recorded 4 samples, mean = 3.8 (flags = 0x41)
0  -O                                                                        (1 = 25.0%)
1  ... 
4  ---O                                                                      (3 = 75.0%) {25.0%}
6  ... 

Histogram: History.VisitedLinks.TryToAddFingerprint recorded 5 samples, mean = 0.8 (flags = 0x41)
0  -O                                                                        (1 = 20.0%)
1  ----O                                                                     (4 = 80.0%) {20.0%}
2  ... 

Histogram: History.VisitedLinks.VisitLoggedFromMainFrame recorded 3 samples, mean = 1.0 (flags = 0x41)
0  O                                                                         (0 = 0.0%)
1  ---O                                                                      (3 = 100.0%) {0.0%}
2  O                                                                         (0 = 0.0%) {100.0%}

Histogram: History.VisitedLinks.VisitLoggedFromTransition recorded 3 samples, mean = 1.7 (flags = 0x41)
0  O                                                                         (0 = 0.0%)
1  -O                                                                        (1 = 33.3%) {0.0%}
2  --O                                                                       (2 = 66.7%) {33.3%}
3  ... 

Histogram: HttpCache.AccessToDone2 recorded 50 samples, mean = 82.4 (flags = 0x41)
0    O                                                                         (0 = 0.0%)
1    --O                                                                       (2 = 4.0%) {0.0%}
2    ---O                                                                      (3 = 6.0%) {4.0%}
3    -O                                                                        (1 = 2.0%) {10.0%}
4    -O                                                                        (1 = 2.0%) {12.0%}
5    -O                                                                        (1 = 2.0%) {14.0%}
6    ----O                                                                     (4 = 8.0%) {16.0%}
7    ---O                                                                      (3 = 6.0%) {24.0%}
8    ---O                                                                      (3 = 6.0%) {30.0%}
9    ---O                                                                      (3 = 6.0%) {36.0%}
10   O                                                                         (0 = 0.0%) {42.0%}
11   -O                                                                        (1 = 2.0%) {42.0%}
12   ... 
14   --O                                                                       (2 = 4.0%) {44.0%}
15   --O                                                                       (2 = 4.0%) {48.0%}
16   --O                                                                       (2 = 4.0%) {52.0%}
18   ------O                                                                   (6 = 12.0%) {56.0%}
20   --O                                                                       (2 = 4.0%) {68.0%}
22   --O                                                                       (2 = 4.0%) {72.0%}
24   ... 
28   -O                                                                        (1 = 2.0%) {76.0%}
31   ... 
37   -O                                                                        (1 = 2.0%) {78.0%}
41   ... 
49   -O                                                                        (1 = 2.0%) {80.0%}
54   O                                                                         (0 = 0.0%) {82.0%}
59   -O                                                                        (1 = 2.0%) {82.0%}
65   -O                                                                        (1 = 2.0%) {84.0%}
71   -O                                                                        (1 = 2.0%) {86.0%}
78   O                                                                         (0 = 0.0%) {88.0%}
85   -O                                                                        (1 = 2.0%) {88.0%}
93   ... 
148  -O                                                                        (1 = 2.0%) {90.0%}
162  ... 
625  -O                                                                        (1 = 2.0%) {92.0%}
684  --O                                                                       (2 = 4.0%) {94.0%}
748  ... 
979  -O                                                                        (1 = 2.0%) {98.0%}
1071 ... 

Histogram: HttpCache.AccessToDone2.SentRequest recorded 11 samples, mean = 330.7 (flags = 0x41)
0    ... 
28   -O                                                                        (1 = 9.1%) {0.0%}
31   ... 
37   -O                                                                        (1 = 9.1%) {9.1%}
41   ... 
49   -O                                                                        (1 = 9.1%) {18.2%}
54   O                                                                         (0 = 0.0%) {27.3%}
59   -O                                                                        (1 = 9.1%) {27.3%}
65   O                                                                         (0 = 0.0%) {36.4%}
71   -O                                                                        (1 = 9.1%) {36.4%}
78   O                                                                         (0 = 0.0%) {45.5%}
85   -O                                                                        (1 = 9.1%) {45.5%}
93   ... 
148  -O                                                                        (1 = 9.1%) {54.5%}
162  ... 
625  -O                                                                        (1 = 9.1%) {63.6%}
684  --O                                                                       (2 = 18.2%) {72.7%}
748  ... 
979  -O                                                                        (1 = 9.1%) {90.9%}
1071 ... 

Histogram: HttpCache.AccessToDone2.Used recorded 39 samples, mean = 12.3 (flags = 0x41)
0   O                                                                         (0 = 0.0%)
1   --O                                                                       (2 = 5.1%) {0.0%}
2   ---O                                                                      (3 = 7.7%) {5.1%}
3   -O                                                                        (1 = 2.6%) {12.8%}
4   -O                                                                        (1 = 2.6%) {15.4%}
5   -O                                                                        (1 = 2.6%) {17.9%}
6   ----O                                                                     (4 = 10.3%) {20.5%}
7   ---O                                                                      (3 = 7.7%) {30.8%}
8   ---O                                                                      (3 = 7.7%) {38.5%}
9   ---O                                                                      (3 = 7.7%) {46.2%}
10  O                                                                         (0 = 0.0%) {53.8%}
11  -O                                                                        (1 = 2.6%) {53.8%}
12  ... 
14  --O                                                                       (2 = 5.1%) {56.4%}
15  --O                                                                       (2 = 5.1%) {61.5%}
16  O                                                                         (0 = 0.0%) {66.7%}
17  --O                                                                       (2 = 5.1%) {66.7%}
18  ----O                                                                     (4 = 10.3%) {71.8%}
19  --O                                                                       (2 = 5.1%) {82.1%}
20  --O                                                                       (2 = 5.1%) {87.2%}
21  ... 
23  --O                                                                       (2 = 5.1%) {92.3%}
25  ... 
66  -O                                                                        (1 = 2.6%) {97.4%}
70  ... 

Histogram: HttpCache.AddTransactionToEntry recorded 56 samples, mean = 0.4 (flags = 0x41)
0  ---------------------------------------------O                            (45 = 80.4%)
1  ----O                                                                     (4 = 7.1%) {80.4%}
2  ----O                                                                     (4 = 7.1%) {87.5%}
3  ---O                                                                      (3 = 5.4%) {94.6%}
4  ... 

Histogram: HttpCache.BeforeSend recorded 11 samples, mean = 0.5 (flags = 0x41)
0  -------O                                                                  (7 = 63.6%)
1  ---O                                                                      (3 = 27.3%) {63.6%}
2  -O                                                                        (1 = 9.1%) {90.9%}
3  ... 

Histogram: HttpCache.BeforeSend.CantConditionalize recorded 3 samples, mean = 1.0 (flags = 0x41)
0  -O                                                                        (1 = 33.3%)
1  -O                                                                        (1 = 33.3%) {33.3%}
2  -O                                                                        (1 = 33.3%) {66.7%}
3  ... 

Histogram: HttpCache.BeforeSend.NotCached recorded 5 samples, mean = 0.0 (flags = 0x41)
0  -----O                                                                    (5 = 100.0%)
1  ... 

Histogram: HttpCache.BeforeSend.Updated recorded 1 samples, mean = 1.0 (flags = 0x41)
0  O                                                                         (0 = 0.0%)
1  -O                                                                        (1 = 100.0%) {0.0%}
2  ... 

Histogram: HttpCache.BeforeSend.Validated recorded 2 samples, mean = 0.5 (flags = 0x41)
0  -O                                                                        (1 = 50.0%)
1  -O                                                                        (1 = 50.0%) {50.0%}
2  ... 

Histogram: HttpCache.CreateDiskEntry recorded 5 samples, mean = 0.0 (flags = 0x41)
0  -----O                                                                    (5 = 100.0%)
1  ... 

Histogram: HttpCache.HardReset recorded 1 samples, mean = 0.0 (flags = 0x40)
0  -O                                                                        (1 = 100.0%)
1  ... 

Histogram: HttpCache.IsNoStore recorded 56 samples, mean = 0.1 (flags = 0x41)
0  ---------------------------------------------------O                      (51 = 91.1%)
1  -----O                                                                    (5 = 8.9%) {91.1%}
2  O                                                                         (0 = 0.0%) {100.0%}

Histogram: HttpCache.IsNoStore.MainFrameHTML recorded 1 samples, mean = 1.0 (flags = 0x41)
0  O                                                                         (0 = 0.0%)
1  -O                                                                        (1 = 100.0%) {0.0%}
2  O                                                                         (0 = 0.0%) {100.0%}

Histogram: HttpCache.MaxFileSizeOnInit recorded 1 samples, mean = 40960.0 (flags = 0x41)
0      ... 
37526  -O                                                                        (1 = 100.0%) {0.0%}
42713  ... 

Histogram: HttpCache.OpenDiskEntry recorded 51 samples, mean = 0.4 (flags = 0x41)
0  -----------------------------------O                                      (35 = 68.6%)
1  -----------O                                                              (11 = 21.6%) {68.6%}
2  -----O                                                                    (5 = 9.8%) {90.2%}
3  ... 

Histogram: HttpCache.Pattern recorded 56 samples, mean = 2.9 (flags = 0x41)
0  O                                                                         (0 = 0.0%)
1  ------O                                                                   (6 = 10.7%) {0.0%}
2  -----O                                                                    (5 = 8.9%) {10.7%}
3  ---------------------------------------O                                  (39 = 69.6%) {19.6%}
4  --O                                                                       (2 = 3.6%) {89.3%}
5  -O                                                                        (1 = 1.8%) {92.9%}
6  ---O                                                                      (3 = 5.4%) {94.6%}
7  O                                                                         (0 = 0.0%) {100.0%}

Histogram: HttpCache.Pattern.CSS recorded 7 samples, mean = 3.1 (flags = 0x41)
0  ... 
3  ------O                                                                   (6 = 85.7%) {0.0%}
4  -O                                                                        (1 = 14.3%) {85.7%}
5  ... 

Histogram: HttpCache.Pattern.CSSThirdParty recorded 7 samples, mean = 3.1 (flags = 0x41)
0  ... 
3  ------O                                                                   (6 = 85.7%) {0.0%}
4  -O                                                                        (1 = 14.3%) {85.7%}
5  ... 

Histogram: HttpCache.Pattern.Font recorded 5 samples, mean = 3.0 (flags = 0x41)
0  ... 
3  -----O                                                                    (5 = 100.0%) {0.0%}
4  ... 

Histogram: HttpCache.Pattern.FontThirdParty recorded 5 samples, mean = 3.0 (flags = 0x41)
0  ... 
3  -----O                                                                    (5 = 100.0%) {0.0%}
4  ... 

Histogram: HttpCache.Pattern.Image recorded 1 samples, mean = 2.0 (flags = 0x41)
0  ... 
2  -O                                                                        (1 = 100.0%) {0.0%}
3  ... 

Histogram: HttpCache.Pattern.JavaScript recorded 27 samples, mean = 3.1 (flags = 0x41)
0  ... 
3  --------------------------O                                               (26 = 96.3%) {0.0%}
4  O                                                                         (0 = 0.0%) {96.3%}
5  -O                                                                        (1 = 3.7%) {96.3%}
6  ... 

Histogram: HttpCache.Pattern.JavaScriptThirdParty recorded 25 samples, mean = 3.1 (flags = 0x41)
0  ... 
3  ------------------------O                                                 (24 = 96.0%) {0.0%}
4  O                                                                         (0 = 0.0%) {96.0%}
5  -O                                                                        (1 = 4.0%) {96.0%}
6  ... 

Histogram: HttpCache.Pattern.MainFrameHTML recorded 1 samples, mean = 2.0 (flags = 0x41)
0  ... 
2  -O                                                                        (1 = 100.0%) {0.0%}
3  ... 

Histogram: HttpCache.Pattern.NonTinyImage recorded 1 samples, mean = 2.0 (flags = 0x41)
0  ... 
2  -O                                                                        (1 = 100.0%) {0.0%}
3  ... 

Histogram: HttpCache.TotalDiskCacheTimePerTransaction.Read recorded 6 samples, mean = 0.3 (flags = 0x41)
0  ----O                                                                     (4 = 66.7%)
1  --O                                                                       (2 = 33.3%) {66.7%}
2  ... 

Histogram: HttpCache.TotalDiskCacheTimePerTransaction.Write recorded 6 samples, mean = 4.5 (flags = 0x41)
0   --O                                                                       (2 = 33.3%)
1   -O                                                                        (1 = 16.7%) {33.3%}
2   ... 
6   -O                                                                        (1 = 16.7%) {50.0%}
7   -O                                                                        (1 = 16.7%) {66.7%}
8   ... 
12  -O                                                                        (1 = 16.7%) {83.3%}
14  ... 

Histogram: ImageDecoder.Png.UiGfxIntoSkBitmap recorded 1 samples, mean = 83.0 (flags = 0x41)
0   ... 
65  -O                                                                        (1 = 100.0%) {0.0%}
86  ... 

Histogram: ImportantFile.FileReplaceRetryCount recorded 127 samples, mean = 0.0 (flags = 0x41)
0  ------------------------------------------------------------------------O (127 = 100.0%)
1  ... 

Histogram: ImportantFile.SerializationDuration recorded 116 samples, mean = 0.0 (flags = 0x41)
0  ------------------------------------------------------------------------O (116 = 100.0%)
1  ... 

Histogram: ImportantFile.SerializationDuration.Local_State recorded 4 samples, mean = 0.0 (flags = 0x41)
0  ----O                                                                     (4 = 100.0%)
1  ... 

Histogram: ImportantFile.SerializationDuration.Preferences recorded 3 samples, mean = 0.0 (flags = 0x41)
0  ---O                                                                      (3 = 100.0%)
1  ... 

Histogram: ImportantFile.SerializationDuration.TransportSecurityPersister recorded 1 samples, mean = 0.0 (flags = 0x41)
0  -O                                                                        (1 = 100.0%)
1  ... 

Histogram: ImportantFile.WriteDuration recorded 116 samples, mean = 23.2 (flags = 0x41)
0    ... 
14   ---------------------------------------------------O                      (51 = 44.0%) {0.0%}
17   -------------------------------------------O                              (43 = 37.1%) {44.0%}
20   ----------O                                                               (10 = 8.6%) {81.0%}
24   ---O                                                                      (3 = 2.6%) {89.7%}
29   ---O                                                                      (3 = 2.6%) {92.2%}
34   -O                                                                        (1 = 0.9%) {94.8%}
40   --O                                                                       (2 = 1.7%) {95.7%}
48   --O                                                                       (2 = 1.7%) {97.4%}
57   ... 
533  -O                                                                        (1 = 0.9%) {99.1%}
633  ... 

Histogram: ImportantFile.WriteDuration.Local_State recorded 4 samples, mean = 85.8 (flags = 0x41)
0    ... 
14   -O                                                                        (1 = 25.0%) {0.0%}
17   -O                                                                        (1 = 25.0%) {25.0%}
20   ... 
81   -O                                                                        (1 = 25.0%) {50.0%}
96   ... 
190  -O                                                                        (1 = 25.0%) {75.0%}
226  ... 

Histogram: ImportantFile.WriteDuration.Preferences recorded 3 samples, mean = 22.3 (flags = 0x41)
0   ... 
14  -O                                                                        (1 = 33.3%) {0.0%}
17  O                                                                         (0 = 0.0%) {33.3%}
20  -O                                                                        (1 = 33.3%) {33.3%}
24  O                                                                         (0 = 0.0%) {66.7%}
29  -O                                                                        (1 = 33.3%) {66.7%}
34  ... 

Histogram: ImportantFile.WriteDuration.SCTAuditing recorded 2 samples, mean = 31.5 (flags = 0x41)
0   ... 
10  -O                                                                        (1 = 50.0%) {0.0%}
12  ... 
48  -O                                                                        (1 = 50.0%) {50.0%}
57  ... 

Histogram: ImportantFile.WriteDuration.TransportSecurityPersister recorded 1 samples, mean = 15.0 (flags = 0x41)
0   ... 
14  -O                                                                        (1 = 100.0%) {0.0%}
17  ... 

Histogram: ImportantFile.WriteDuration.TrustedVault recorded 1 samples, mean = 16.0 (flags = 0x41)
0   ... 
14  -O                                                                        (1 = 100.0%) {0.0%}
17  ... 

Histogram: InProductHelp.Config.ParsingEvent recorded 68 samples, mean = 6.4 (flags = 0x41)
0   -----------------------------O                                            (29 = 42.6%)
1   O                                                                         (0 = 0.0%) {42.6%}
2   ---------O                                                                (9 = 13.2%) {42.6%}
3   ... 
14  ------------------------------O                                           (30 = 44.1%) {55.9%}
15  ... 

Histogram: InProductHelp.Db.Init.AvailabilityStore recorded 1 samples, mean = 1.0 (flags = 0x41)
0  O                                                                         (0 = 0.0%)
1  -O                                                                        (1 = 100.0%) {0.0%}
2  O                                                                         (0 = 0.0%) {100.0%}

Histogram: InProductHelp.Db.Init.EventStore recorded 1 samples, mean = 1.0 (flags = 0x41)
0  O                                                                         (0 = 0.0%)
1  -O                                                                        (1 = 100.0%) {0.0%}
2  O                                                                         (0 = 0.0%) {100.0%}

Histogram: InProductHelp.Db.Load.AvailabilityStore recorded 1 samples, mean = 1.0 (flags = 0x41)
0  O                                                                         (0 = 0.0%)
1  -O                                                                        (1 = 100.0%) {0.0%}
2  O                                                                         (0 = 0.0%) {100.0%}

Histogram: InProductHelp.Db.Load.EventStore recorded 1 samples, mean = 1.0 (flags = 0x41)
0  O                                                                         (0 = 0.0%)
1  -O                                                                        (1 = 100.0%) {0.0%}
2  O                                                                         (0 = 0.0%) {100.0%}

Histogram: InProductHelp.Db.TotalEvents recorded 1 samples, mean = 0.0 (flags = 0x41)
0  -O                                                                        (1 = 100.0%)
1  ... 

Histogram: InProductHelp.Db.Update.AvailabilityStore recorded 1 samples, mean = 1.0 (flags = 0x41)
0  O                                                                         (0 = 0.0%)
1  -O                                                                        (1 = 100.0%) {0.0%}
2  O                                                                         (0 = 0.0%) {100.0%}

Histogram: IndexedDB.ContextShutdownDuration recorded 1 samples, mean = 4.0 (flags = 0x41)
0  ... 
4  -O                                                                        (1 = 100.0%) {0.0%}
5  ... 

Histogram: Input.Digitizer.MaxTouchPointsSupportedBySystemAtStartup recorded 1 samples, mean = 0.0 (flags = 0x41)
0  -O                                                                        (1 = 100.0%)
1  ... 

Histogram: Input.PointerTypePrimary recorded 1 samples, mean = 2.0 (flags = 0x41)
0  ... 
2  -O                                                                        (1 = 100.0%) {0.0%}
3  O                                                                         (0 = 0.0%) {100.0%}

Histogram: Input.PointerTypesAll recorded 1 samples, mean = 2.0 (flags = 0x41)
0  ... 
2  -O                                                                        (1 = 100.0%) {0.0%}
3  ... 

Histogram: LanguageDetection.TFLiteModel.WasModelRequestDeferred recorded 2 samples, mean = 1.0 (flags = 0x41)
0  O                                                                         (0 = 0.0%)
1  --O                                                                       (2 = 100.0%) {0.0%}
2  O                                                                         (0 = 0.0%) {100.0%}

Histogram: LanguageUsage.AcceptLanguage recorded 1 samples (flags = 0x41)
25966  -O                                                                        (1 = 100.0%)

Histogram: LanguageUsage.AcceptLanguage.Count recorded 1 samples, mean = 1.0 (flags = 0x41)
0  O                                                                         (0 = 0.0%)
1  -O                                                                        (1 = 100.0%) {0.0%}
2  ... 

Histogram: LanguageUsage.AcceptLanguageAndContentLanguageUsage recorded 1 samples, mean = 0.0 (flags = 0x41)
0  -O                                                                        (1 = 100.0%)
1  ... 

Histogram: LanguageUsage.AcceptLanguageAndXmlHtmlLangUsage recorded 1 samples, mean = 7.0 (flags = 0x41)
0  ... 
7  -O                                                                        (1 = 100.0%) {0.0%}
8  O                                                                         (0 = 0.0%) {100.0%}

Histogram: LevelDB.ApproximateMemTableMemoryUse.BudgetManager recorded 0 samples (flags = 0x41)
0 ... 

Histogram: LevelDB.ApproximateMemTableMemoryUse.CartDatabase recorded 0 samples (flags = 0x41)
0 ... 

Histogram: LevelDB.ApproximateMemTableMemoryUse.ClientCertificatesDatabase recorded 0 samples (flags = 0x41)
0 ... 

Histogram: LevelDB.ApproximateMemTableMemoryUse.CommerceParcelTrackingDatabase recorded 0 samples (flags = 0x41)
0 ... 

Histogram: LevelDB.ApproximateMemTableMemoryUse.CommerceSubscriptionDatabase recorded 0 samples (flags = 0x41)
0 ... 

Histogram: LevelDB.ApproximateMemTableMemoryUse.CouponDatabase recorded 0 samples (flags = 0x41)
0 ... 

Histogram: LevelDB.ApproximateMemTableMemoryUse.DiscountsDatabase recorded 0 samples (flags = 0x41)
0 ... 

Histogram: LevelDB.ApproximateMemTableMemoryUse.DownloadDB recorded 0 samples (flags = 0x41)
0 ... 

Histogram: LevelDB.ApproximateMemTableMemoryUse.DownloadService recorded 0 samples (flags = 0x41)
0 ... 

Histogram: LevelDB.ApproximateMemTableMemoryUse.FeatureEngagementTrackerAvailabilityStore recorded 0 samples (flags = 0x41)
0 ... 

Histogram: LevelDB.ApproximateMemTableMemoryUse.FeatureEngagementTrackerEventStore recorded 0 samples (flags = 0x41)
0 ... 

Histogram: LevelDB.ApproximateMemTableMemoryUse.Metadata recorded 1 samples, mean = 4104.0 (flags = 0x41)
0  O                                                                         (0 = 0.0%)
1  -O                                                                        (1 = 100.0%) {0.0%}
270601... 

Histogram: LevelDB.ApproximateMemTableMemoryUse.PersistentOriginTrials recorded 0 samples (flags = 0x41)
0 ... 

Histogram: LevelDB.ApproximateMemTableMemoryUse.PreviewsHintCacheStore recorded 0 samples (flags = 0x41)
0 ... 

Histogram: LevelDB.ApproximateMemTableMemoryUse.SegmentInfoDatabase recorded 0 samples (flags = 0x41)
0 ... 

Histogram: LevelDB.ApproximateMemTableMemoryUse.SharedProtoDB recorded 1 samples, mean = 164160.0 (flags = 0x41)
0  O                                                                         (0 = 0.0%)
1  -O                                                                        (1 = 100.0%) {0.0%}
270601... 

Histogram: LevelDB.ApproximateMemTableMemoryUse.SignalDatabase recorded 0 samples (flags = 0x41)
0 ... 

Histogram: LevelDB.ApproximateMemTableMemoryUse.SignalStorageConfigDatabase recorded 0 samples (flags = 0x41)
0 ... 

Histogram: LevelDB.ApproximateMemTableMemoryUse.StrikeService recorded 0 samples (flags = 0x41)
0 ... 

Histogram: LevelDBEnv.DeleteTableBackupFile recorded 0 samples (flags = 0x41)
0 ... 

Histogram: LevelDBEnv.SyncResult recorded 41 samples, mean = 0.0 (flags = 0x41)
0  -----------------------------------------O                                (41 = 100.0%)
1  ... 

Histogram: LevelDBWrapper.CommitDelay recorded 2 samples, mean = 5000.0 (flags = 0x41)
0     ... 
4516  --O                                                                       (2 = 100.0%) {0.0%}
6118  ... 

Histogram: LoadingPredictor.PreconnectCount recorded 1 samples, mean = 1.0 (flags = 0x41)
0  O                                                                         (0 = 0.0%)
1  -O                                                                        (1 = 100.0%) {0.0%}
2  ... 

Histogram: LoadingPredictor.PreconnectHitsPercentage recorded 1 samples, mean = 100.0 (flags = 0x41)
0    ... 
100  -O                                                                        (1 = 100.0%) {0.0%}
101  O                                                                         (0 = 0.0%) {100.0%}

Histogram: LoadingPredictor.PreconnectLearningCount.Navigation recorded 1 samples, mean = 3.0 (flags = 0x41)
0  ... 
3  -O                                                                        (1 = 100.0%) {0.0%}
4  ... 

Histogram: LoadingPredictor.PreconnectLearningPrecision.Navigation recorded 1 samples, mean = 100.0 (flags = 0x41)
0    ... 
100  -O                                                                        (1 = 100.0%) {0.0%}

Histogram: LoadingPredictor.PreconnectLearningRecall.Navigation recorded 1 samples, mean = 100.0 (flags = 0x41)
0    ... 
100  -O                                                                        (1 = 100.0%) {0.0%}

Histogram: LoadingPredictor.PreconnectLearningRedirectStatus.Navigation recorded 1 samples, mean = 2.0 (flags = 0x41)
0  ... 
2  -O                                                                        (1 = 100.0%) {0.0%}
3  ... 

Histogram: LoadingPredictor.PredictorDatabaseFileSize recorded 1 samples, mean = 44.0 (flags = 0x41)
0   ... 
37  -O                                                                        (1 = 100.0%) {0.0%}
49  ... 

Histogram: LoadingPredictor.PreresolveCount recorded 1 samples, mean = 1.0 (flags = 0x41)
0  O                                                                         (0 = 0.0%)
1  -O                                                                        (1 = 100.0%) {0.0%}
2  ... 

Histogram: LoadingPredictor.PreresolveHitsPercentage recorded 1 samples, mean = 100.0 (flags = 0x41)
0    ... 
100  -O                                                                        (1 = 100.0%) {0.0%}
101  O                                                                         (0 = 0.0%) {100.0%}

Histogram: LocalStorage.MojoSizeInKB recorded 1 samples, mean = 15.0 (flags = 0x41)
0   ... 
15  -O                                                                        (1 = 100.0%) {0.0%}
18  ... 

Histogram: LocalStorage.MojoTimeToPrime recorded 1 samples, mean = 0.0 (flags = 0x41)
0  -O                                                                        (1 = 100.0%)
1  ... 

Histogram: LocalStorage.MojoTimeToPrimeForUnder100KB recorded 1 samples, mean = 0.0 (flags = 0x41)
0  -O                                                                        (1 = 100.0%)
1  ... 

Histogram: LocalStorage.RendererAreaCacheHit recorded 2 samples, mean = 1.0 (flags = 0x41)
0  -O                                                                        (1 = 50.0%)
1  O                                                                         (0 = 0.0%) {50.0%}
2  -O                                                                        (1 = 50.0%) {50.0%}
3  O                                                                         (0 = 0.0%) {100.0%}

Histogram: LocalStorageContext.ShutDown.MaybeDroppedChanges recorded 1 samples, mean = 0.0 (flags = 0x40)
0  -O                                                                        (1 = 100.0%)
1  ... 

Histogram: MPArch.ChildProcessLaunchFirst recorded 1 samples, mean = 8.0 (flags = 0x41)
0  ... 
8  -O                                                                        (1 = 100.0%) {0.0%}
10 ... 

Histogram: MPArch.ChildProcessLaunchSubsequent recorded 14 samples, mean = 5.8 (flags = 0x41)
0  ... 
4  ---O                                                                      (3 = 21.4%) {0.0%}
5  ----O                                                                     (4 = 28.6%) {21.4%}
6  -O                                                                        (1 = 7.1%) {50.0%}
7  -----O                                                                    (5 = 35.7%) {57.1%}
8  -O                                                                        (1 = 7.1%) {92.9%}
10 ... 

Histogram: ManagedUsers.BlockedIframeCount recorded 1 samples, mean = 0.0 (flags = 0x41)
0  -O                                                                        (1 = 100.0%)
1  ... 

Histogram: Manifest.HasProperty.description recorded 1 samples, mean = 0.0 (flags = 0x41)
0  -O                                                                        (1 = 100.0%)
1  ... 

Histogram: Manifest.HasProperty.display recorded 1 samples, mean = 1.0 (flags = 0x41)
0  O                                                                         (0 = 0.0%)
1  -O                                                                        (1 = 100.0%) {0.0%}
2  O                                                                         (0 = 0.0%) {100.0%}

Histogram: Manifest.HasProperty.gcm_sender_id recorded 1 samples, mean = 0.0 (flags = 0x41)
0  -O                                                                        (1 = 100.0%)
1  ... 

Histogram: Manifest.HasProperty.icons recorded 1 samples, mean = 1.0 (flags = 0x41)
0  O                                                                         (0 = 0.0%)
1  -O                                                                        (1 = 100.0%) {0.0%}
2  O                                                                         (0 = 0.0%) {100.0%}

Histogram: Manifest.HasProperty.name recorded 1 samples, mean = 1.0 (flags = 0x41)
0  O                                                                         (0 = 0.0%)
1  -O                                                                        (1 = 100.0%) {0.0%}
2  O                                                                         (0 = 0.0%) {100.0%}

Histogram: Manifest.HasProperty.orientation recorded 1 samples, mean = 0.0 (flags = 0x41)
0  -O                                                                        (1 = 100.0%)
1  ... 

Histogram: Manifest.HasProperty.protocol_handlers recorded 1 samples, mean = 0.0 (flags = 0x41)
0  -O                                                                        (1 = 100.0%)
1  ... 

Histogram: Manifest.HasProperty.screenshots recorded 1 samples, mean = 0.0 (flags = 0x41)
0  -O                                                                        (1 = 100.0%)
1  ... 

Histogram: Manifest.HasProperty.share_target recorded 1 samples, mean = 0.0 (flags = 0x41)
0  -O                                                                        (1 = 100.0%)
1  ... 

Histogram: Manifest.HasProperty.short_name recorded 1 samples, mean = 1.0 (flags = 0x41)
0  O                                                                         (0 = 0.0%)
1  -O                                                                        (1 = 100.0%) {0.0%}
2  O                                                                         (0 = 0.0%) {100.0%}

Histogram: Manifest.HasProperty.start_url recorded 1 samples, mean = 1.0 (flags = 0x41)
0  O                                                                         (0 = 0.0%)
1  -O                                                                        (1 = 100.0%) {0.0%}
2  O                                                                         (0 = 0.0%) {100.0%}

Histogram: Manifest.ParseIdResult recorded 1 samples, mean = 1.0 (flags = 0x41)
0  O                                                                         (0 = 0.0%)
1  -O                                                                        (1 = 100.0%) {0.0%}
2  ... 

Histogram: Media.GPU.VideoDecoderType recorded 1 samples, mean = 11.0 (flags = 0x41)
0   ... 
11  -O                                                                        (1 = 100.0%) {0.0%}
12  ... 

Histogram: Media.MediaHistory.DatabaseExists recorded 1 samples, mean = 0.0 (flags = 0x41)
0  -O                                                                        (1 = 100.0%)
1  ... 

Histogram: MediaRouter.Cast.Channel.ConnectResult recorded 2 samples, mean = 0.0 (flags = 0x41)
0  --O                                                                       (2 = 100.0%)
1  ... 

Histogram: MediaRouter.Cast.Channel.Error recorded 12 samples, mean = 2.0 (flags = 0x41)
0  ... 
2  ------------O                                                             (12 = 100.0%) {0.0%}
3  ... 

Histogram: MediaRouter.Cast.Discovery.ConnectedDevicesCount recorded 2 samples, mean = 0.0 (flags = 0x41)
0  --O                                                                       (2 = 100.0%)
1  ... 

Histogram: MediaRouter.Cast.Discovery.KnownDevicesCount recorded 2 samples, mean = 0.0 (flags = 0x41)
0  --O                                                                       (2 = 100.0%)
1  ... 

Histogram: MediaRouter.Cast.Mdns.Channel.Open_Failure recorded 12 samples, mean = 2454.3 (flags = 0x41)
0     ... 
2117  ------O                                                                   (6 = 50.0%) {0.0%}
2516  ------O                                                                   (6 = 50.0%) {50.0%}
2990  ... 

Histogram: MediaRouter.Dial.AvailableDevicesCount recorded 3 samples, mean = 0.3 (flags = 0x41)
0  --O                                                                       (2 = 66.7%)
1  -O                                                                        (1 = 33.3%) {66.7%}
2  ... 

Histogram: MediaRouter.Dial.DeviceDescriptionParsingResult recorded 12 samples, mean = 0.0 (flags = 0x41)
0  ------------O                                                             (12 = 100.0%)
1  ... 

Histogram: MediaRouter.Dial.KnownDevicesCount recorded 3 samples, mean = 0.7 (flags = 0x41)
0  -O                                                                        (1 = 33.3%)
1  --O                                                                       (2 = 66.7%) {33.3%}
2  ... 

Histogram: Memory.Discardable.FreelistSize.Foreground recorded 4 samples, mean = 0.0 (flags = 0x41)
0  ----O                                                                     (4 = 100.0%)
1  ... 

Histogram: Memory.Discardable.Size.Foreground recorded 4 samples, mean = 0.0 (flags = 0x41)
0  ----O                                                                     (4 = 100.0%)
1  ... 

Histogram: Memory.Discardable.VirtualSize.Foreground recorded 4 samples, mean = 0.0 (flags = 0x41)
0  ----O                                                                     (4 = 100.0%)
1  ... 

Histogram: Memory.Experimental.AvailableMemoryMB recorded 154 samples, mean = 4380.0 (flags = 0x41)
0     ... 
2967  --O                                                                       (2 = 1.3%) {0.0%}
3276  --------O                                                                 (8 = 5.2%) {1.3%}
3617  ------O                                                                   (6 = 3.9%) {6.5%}
3994  -------------------------------------------------------O                  (58 = 37.7%) {10.4%}
4410  ------------------------------------------------------------------------O (76 = 49.4%) {48.1%}
4869  ----O                                                                     (4 = 2.6%) {97.4%}
5376  ... 

Histogram: Memory.Experimental.AvailableMemoryPercent recorded 154 samples, mean = 26.5 (flags = 0x41)
0   ... 
19  -O                                                                        (1 = 0.6%) {0.0%}
20  ----O                                                                     (4 = 2.6%) {0.6%}
21  -----O                                                                    (5 = 3.2%) {3.2%}
22  --O                                                                       (2 = 1.3%) {6.5%}
23  -O                                                                        (1 = 0.6%) {7.8%}
24  ------O                                                                   (6 = 3.9%) {8.4%}
25  --------------------O                                                     (20 = 13.0%) {12.3%}
26  -----------------------------------O                                      (35 = 22.7%) {25.3%}
27  --O                                                                       (2 = 1.3%) {48.1%}
28  ----------------------------------------------------------------------O   (70 = 45.5%) {49.4%}
29  ----O                                                                     (4 = 2.6%) {94.8%}
30  ----O                                                                     (4 = 2.6%) {97.4%}
31  ... 

Histogram: Memory.Experimental.Renderer.HighestPrivateMemoryFootprint.0to2min recorded 1 samples, mean = 79.0 (flags = 0x41)
0   ... 
75  -O                                                                        (1 = 100.0%) {0.0%}
84  ... 

Histogram: Memory.Experimental.Renderer.HighestPrivateMemoryFootprint.2to4min recorded 1 samples, mean = 62.0 (flags = 0x41)
0   ... 
60  -O                                                                        (1 = 100.0%) {0.0%}
67  ... 

Histogram: Memory.Experimental.Renderer.HighestPrivateMemoryFootprint.4to8min recorded 1 samples, mean = 64.0 (flags = 0x41)
0   ... 
60  -O                                                                        (1 = 100.0%) {0.0%}
67  ... 

Histogram: Memory.Experimental.Renderer.HighestPrivateMemoryFootprint.8to16min recorded 1 samples, mean = 62.0 (flags = 0x41)
0   ... 
60  -O                                                                        (1 = 100.0%) {0.0%}
67  ... 

Histogram: Memory.GPU.PeakMemoryAllocationSource2.PageLoad.SharedContextState recorded 1 samples, mean = 0.0 (flags = 0x41)
0  -O                                                                        (1 = 100.0%)
1  ... 

Histogram: Memory.GPU.PeakMemoryAllocationSource2.PageLoad.SharedImageStub recorded 1 samples, mean = 0.0 (flags = 0x41)
0  -O                                                                        (1 = 100.0%)
1  ... 

Histogram: Memory.GPU.PeakMemoryAllocationSource2.PageLoad.Skia recorded 1 samples, mean = 0.0 (flags = 0x41)
0  -O                                                                        (1 = 100.0%)
1  ... 

Histogram: Memory.GPU.PeakMemoryUsage2.PageLoad recorded 1 samples, mean = 0.0 (flags = 0x41)
0  -O                                                                        (1 = 100.0%)
1  ... 

Histogram: Memory.ParkableString.Compression.Latency recorded 18 samples, mean = 8306.2 (flags = 0x41)
0      --O                                                                       (2 = 11.1%)
500    ... 
631    --O                                                                       (2 = 11.1%) {11.1%}
682    ... 
1004   -O                                                                        (1 = 5.6%) {22.2%}
1085   ... 
1370   -O                                                                        (1 = 5.6%) {27.8%}
1480   ... 
1867   -O                                                                        (1 = 5.6%) {33.3%}
2018   ... 
3214   -O                                                                        (1 = 5.6%) {38.9%}
3473   ... 
4056   -O                                                                        (1 = 5.6%) {44.4%}
4383   ... 
5119   -O                                                                        (1 = 5.6%) {50.0%}
5532   ... 
6460   -O                                                                        (1 = 5.6%) {55.6%}
6981   -O                                                                        (1 = 5.6%) {61.1%}
7544   ... 
11119  -O                                                                        (1 = 5.6%) {66.7%}
12016  O                                                                         (0 = 0.0%) {72.2%}
12985  -O                                                                        (1 = 5.6%) {72.2%}
14032  ... 
17709  -O                                                                        (1 = 5.6%) {77.8%}
19137  O                                                                         (0 = 0.0%) {83.3%}
20681  -O                                                                        (1 = 5.6%) {83.3%}
22349  O                                                                         (0 = 0.0%) {88.9%}
24152  -O                                                                        (1 = 5.6%) {88.9%}
26100  -O                                                                        (1 = 5.6%) {94.4%}
28205  ... 

Histogram: Memory.ParkableString.Compression.SizeKb recorded 18 samples, mean = 275.1 (flags = 0x41)
0    ... 
14   -O                                                                        (1 = 5.6%) {0.0%}
16   ... 
20   -O                                                                        (1 = 5.6%) {5.6%}
23   ... 
29   --O                                                                       (2 = 11.1%) {11.1%}
33   ... 
60   -O                                                                        (1 = 5.6%) {22.2%}
67   O                                                                         (0 = 0.0%) {27.8%}
75   -O                                                                        (1 = 5.6%) {27.8%}
84   -O                                                                        (1 = 5.6%) {33.3%}
95   O                                                                         (0 = 0.0%) {38.9%}
107  -O                                                                        (1 = 5.6%) {38.9%}
120  O                                                                         (0 = 0.0%) {44.4%}
135  -O                                                                        (1 = 5.6%) {44.4%}
152  O                                                                         (0 = 0.0%) {50.0%}
171  --O                                                                       (2 = 11.1%) {50.0%}
192  -O                                                                        (1 = 5.6%) {61.1%}
216  ... 
307  -O                                                                        (1 = 5.6%) {66.7%}
345  O                                                                         (0 = 0.0%) {72.2%}
388  -O                                                                        (1 = 5.6%) {72.2%}
437  ... 
623  -O                                                                        (1 = 5.6%) {77.8%}
701  -O                                                                        (1 = 5.6%) {83.3%}
789  --O                                                                       (2 = 11.1%) {88.9%}
888  ... 

Histogram: Memory.ParkableString.Decompression.Latency recorded 10 samples, mean = 106.1 (flags = 0x41)
0  ----------O                                                               (10 = 100.0%)
500... 

Histogram: Memory.ParkableString.Decompression.ThroughputMBps recorded 10 samples, mean = 430.1 (flags = 0x41)
0    ... 
192  -O                                                                        (1 = 10.0%) {0.0%}
216  ... 
273  --O                                                                       (2 = 20.0%) {10.0%}
307  --O                                                                       (2 = 20.0%) {30.0%}
345  O                                                                         (0 = 0.0%) {50.0%}
388  -O                                                                        (1 = 10.0%) {50.0%}
437  --O                                                                       (2 = 20.0%) {60.0%}
492  O                                                                         (0 = 0.0%) {80.0%}
554  -O                                                                        (1 = 10.0%) {80.0%}
623  ... 
888  -O                                                                        (1 = 10.0%) {90.0%}
1000 O                                                                         (0 = 0.0%) {100.0%}

Histogram: Memory.ParkableString.DiskReadTime.5min recorded 1 samples, mean = 0.0 (flags = 0x41)
0  -O                                                                        (1 = 100.0%)
1  ... 

Histogram: Memory.ParkableString.DiskWriteTime.5min recorded 1 samples, mean = 9.0 (flags = 0x41)
0  ... 
8  -O                                                                        (1 = 100.0%) {0.0%}
10 ... 

Histogram: Memory.ParkableString.OnDiskSizeKb.5min recorded 1 samples, mean = 977.0 (flags = 0x41)
0    ... 
896  -O                                                                        (1 = 100.0%) {0.0%}
1122 ... 

Histogram: Memory.ParkableString.Read.Latency recorded 8 samples, mean = 28.8 (flags = 0x41)
0  --------O                                                                 (8 = 100.0%)
500... 

Histogram: Memory.ParkableString.TotalParkingThreadTime.5min recorded 1 samples, mean = 119.0 (flags = 0x41)
0    ... 
114  -O                                                                        (1 = 100.0%) {0.0%}
135  ... 

Histogram: Memory.ParkableString.TotalUnparkingTime.5min recorded 1 samples, mean = 0.0 (flags = 0x41)
0  -O                                                                        (1 = 100.0%)
1  ... 

Histogram: Memory.PartitionAlloc.MemoryReclaim recorded 18406 samples, mean = 202.1 (flags = 0x41)
0      ... 
37     -O                                                                        (53 = 0.3%) {0.0%}
49     -----------------------------------------------------------------------O  (3615 = 19.6%) {0.3%}
65     ------------------------------------------------------------------------O (3677 = 20.0%) {19.9%}
86     -----------------------------O                                            (1506 = 8.2%) {39.9%}
113    -----O                                                                    (261 = 1.4%) {48.1%}
149    ---------------O                                                          (764 = 4.2%) {49.5%}
196    -------------------------------------------------------------------O      (3442 = 18.7%) {53.7%}
258    -------O                                                                  (380 = 2.1%) {72.4%}
340    -------------------------------------------------------------------O      (3426 = 18.6%) {74.4%}
448    -----------------------O                                                  (1161 = 6.3%) {93.0%}
590    --O                                                                       (84 = 0.5%) {99.3%}
777    O                                                                         (21 = 0.1%) {99.8%}
1023   O                                                                         (13 = 0.1%) {99.9%}
1347   O                                                                         (1 = 0.0%) {100.0%}
1774   O                                                                         (1 = 0.0%) {100.0%}
2336   ... 
12196  O                                                                         (1 = 0.0%) {100.0%}
16063  ... 

Histogram: Memory.PartitionAlloc.PartitionRoot.ExtrasSize recorded 1 samples, mean = 4.0 (flags = 0x41)
0  ... 
4  -O                                                                        (1 = 100.0%) {0.0%}
5  ... 

Histogram: Memory.PartitionAlloc.PeriodicPurge recorded 1887 samples, mean = 18.1 (flags = 0x41)
0    ... 
3    -O                                                                        (6 = 0.3%) {0.0%}
4    --O                                                                       (12 = 0.6%) {0.3%}
5    -----O                                                                    (36 = 1.9%) {1.0%}
7    ---O                                                                      (23 = 1.2%) {2.9%}
9    ---------------------------------------------------O                      (404 = 21.4%) {4.1%}
12   ---------------------------------------------O                            (360 = 19.1%) {25.5%}
16   ------------------------------------------------------------------------O (575 = 30.5%) {44.6%}
21   --------------------------------O                                         (255 = 13.5%) {75.0%}
28   ------------------O                                                       (145 = 7.7%) {88.6%}
37   ----O                                                                     (33 = 1.7%) {96.2%}
49   ---O                                                                      (26 = 1.4%) {98.0%}
65   -O                                                                        (7 = 0.4%) {99.4%}
86   -O                                                                        (4 = 0.2%) {99.7%}
113  O                                                                         (1 = 0.1%) {99.9%}
149  ... 

Histogram: Memory.PressureLevel2 recorded 18531 samples, mean = 0.0 (flags = 0x41)
0  ------------------------------------------------------------------------O (18531 = 100.0%)
1  ... 

Histogram: Mojo.Channel.WriteReceiveMessageProcessType recorded 14 samples, mean = 2.0 (flags = 0x41)
0  ---------O                                                                (9 = 64.3%)
1  O                                                                         (0 = 0.0%) {64.3%}
2  --O                                                                       (2 = 14.3%) {64.3%}
3  ... 
6  -O                                                                        (1 = 7.1%) {78.6%}
7  ... 
9  --O                                                                       (2 = 14.3%) {85.7%}
10 ... 

Histogram: NCN.OfflinePolls recorded 6 samples, mean = 1.8 (flags = 0x41)
0  O                                                                         (0 = 0.0%)
1  ----O                                                                     (4 = 66.7%) {0.0%}
2  O                                                                         (0 = 0.0%) {66.7%}
3  -O                                                                        (1 = 16.7%) {66.7%}
4  -O                                                                        (1 = 16.7%) {83.3%}
5  ... 

Histogram: NQE.ContentObserver.NetworkQualityMeaningfullyChanged recorded 19 samples, mean = 0.7 (flags = 0x40)
0  -----O                                                                    (5 = 26.3%)
1  --------------O                                                           (14 = 73.7%) {26.3%}
2  O                                                                         (0 = 0.0%) {100.0%}

Histogram: NQE.RTT.Error.Absolute recorded 6 samples, mean = 20.5 (flags = 0x41)
0   ... 
2   -O                                                                        (1 = 16.7%) {0.0%}
3   ... 
10  -O                                                                        (1 = 16.7%) {16.7%}
12  ... 
20  -O                                                                        (1 = 16.7%) {33.3%}
24  --O                                                                       (2 = 33.3%) {50.0%}
29  O                                                                         (0 = 0.0%) {83.3%}
34  -O                                                                        (1 = 16.7%) {83.3%}
40  ... 

Histogram: NQE.RTT.Error.IsZero recorded 6 samples, mean = 0.0 (flags = 0x41)
0  ------O                                                                   (6 = 100.0%)
1  ... 

Histogram: NQE.RTT.Error.Negative recorded 5 samples, mean = 22.4 (flags = 0x41)
0   ... 
2   -O                                                                        (1 = 20.0%) {0.0%}
3   ... 
20  -O                                                                        (1 = 20.0%) {20.0%}
24  --O                                                                       (2 = 40.0%) {40.0%}
29  O                                                                         (0 = 0.0%) {80.0%}
34  -O                                                                        (1 = 20.0%) {80.0%}
40  ... 

Histogram: NQE.RTT.Error.Positive recorded 1 samples, mean = 11.0 (flags = 0x41)
0   ... 
10  -O                                                                        (1 = 100.0%) {0.0%}
12  ... 

Histogram: NQE.RenderThreadNotified recorded 43 samples, mean = 1.0 (flags = 0x40)
0  O                                                                         (0 = 0.0%)
1  -------------------------------------------O                              (43 = 100.0%) {0.0%}
2  O                                                                         (0 = 0.0%) {100.0%}

Histogram: Navigation.BeginNavigationImpl.MainFrame recorded 2 samples, mean = 0.0 (flags = 0x41)
0  --O                                                                       (2 = 100.0%)
1  ... 

Histogram: Navigation.BrowserInitiatedSessionHistoryCount recorded 1 samples, mean = 0.0 (flags = 0x41)
0  -O                                                                        (1 = 100.0%)
1  ... 

Histogram: Navigation.CommitRenderFrame recorded 1 samples, mean = 6.0 (flags = 0x41)
0  ... 
6  -O                                                                        (1 = 100.0%) {0.0%}
7  ... 

Histogram: Navigation.CommitToCompositorCreation recorded 1 samples, mean = 290.0 (flags = 0x41)
0    ... 
288  -O                                                                        (1 = 100.0%) {0.0%}
375  ... 

Histogram: Navigation.CompositorRequestedBeforeCommit2 recorded 1 samples, mean = 0.0 (flags = 0x41)
0  -O                                                                        (1 = 100.0%)
1  ... 

Histogram: Navigation.CompositorRequestedBeforeSwapRFH2 recorded 1 samples, mean = 0.0 (flags = 0x41)
0  -O                                                                        (1 = 100.0%)
1  ... 

Histogram: Navigation.CreateSpeculativeRFH recorded 1 samples, mean = 2.0 (flags = 0x41)
0  ... 
2  -O                                                                        (1 = 100.0%) {0.0%}
3  ... 

Histogram: Navigation.DidCommitSameDocumentNavigation.Duration recorded 1 samples, mean = 0.0 (flags = 0x41)
0  -O                                                                        (1 = 100.0%)
1  ... 

Histogram: Navigation.DidStartLoading.MainFrame recorded 3 samples, mean = 0.0 (flags = 0x41)
0  ---O                                                                      (3 = 100.0%)
1  ... 

Histogram: Navigation.DidStartLoading.Subframe recorded 2 samples, mean = 0.0 (flags = 0x41)
0  --O                                                                       (2 = 100.0%)
1  ... 

Histogram: Navigation.EarlyRenderFrameHostSwapType recorded 6 samples, mean = 0.0 (flags = 0x41)
0  ------O                                                                   (6 = 100.0%)
1  ... 

Histogram: Navigation.EngagementTime.HTTPS recorded 1 samples, mean = 18529792.0 (flags = 0x41)
0        ... 
3600000  -O                                                                        (1 = 100.0%) {0.0%}

Histogram: Navigation.GetFrameHostForNavigation recorded 4 samples, mean = 2.0 (flags = 0x41)
0  --O                                                                       (2 = 50.0%)
1  O                                                                         (0 = 0.0%) {50.0%}
2  -O                                                                        (1 = 25.0%) {50.0%}
3  ... 
6  -O                                                                        (1 = 25.0%) {75.0%}
7  ... 

Histogram: Navigation.GetFrameHostForNavigationTime.InDidCreateNavigationRequest.IsHTTPOrHTTPS recorded 3 samples, mean = 2066.7 (flags = 0x41)
0     ... 
76    --O                                                                       (2 = 66.7%) {0.0%}
105   ... 
5362  -O                                                                        (1 = 33.3%) {66.7%}
7439  ... 

Histogram: Navigation.IsGuest recorded 1 samples, mean = 0.0 (flags = 0x41)
0  -O                                                                        (1 = 100.0%)
1  ... 

Histogram: Navigation.IsLockedProcess recorded 1 samples, mean = 1.0 (flags = 0x41)
0  O                                                                         (0 = 0.0%)
1  -O                                                                        (1 = 100.0%) {0.0%}
2  O                                                                         (0 = 0.0%) {100.0%}

Histogram: Navigation.IsLockedProcess.HTTPOrHTTPS recorded 1 samples, mean = 1.0 (flags = 0x41)
0  O                                                                         (0 = 0.0%)
1  -O                                                                        (1 = 100.0%) {0.0%}
2  O                                                                         (0 = 0.0%) {100.0%}

Histogram: Navigation.IsProcessBackgrounded.OnCommit recorded 1 samples, mean = 0.0 (flags = 0x41)
0  -O                                                                        (1 = 100.0%)
1  ... 

Histogram: Navigation.IsProcessBackgrounded.OnDOMContentLoaded recorded 1 samples, mean = 0.0 (flags = 0x41)
0  -O                                                                        (1 = 100.0%)
1  ... 

Histogram: Navigation.IsSameBrowsingInstance recorded 1 samples, mean = 0.0 (flags = 0x41)
0  -O                                                                        (1 = 100.0%)
1  ... 

Histogram: Navigation.IsSameSiteInstance recorded 1 samples, mean = 0.0 (flags = 0x41)
0  -O                                                                        (1 = 100.0%)
1  ... 

Histogram: Navigation.IsSameSiteInstance.MainFrame recorded 1 samples, mean = 0.0 (flags = 0x41)
0  -O                                                                        (1 = 100.0%)
1  ... 

Histogram: Navigation.LoaderCreateToRequestStart.MainFrame recorded 1 samples, mean = 0.0 (flags = 0x41)
0  -O                                                                        (1 = 100.0%)
1  ... 

Histogram: Navigation.MainFrame.FrameCount recorded 1 samples, mean = 2.0 (flags = 0x41)
0  ... 
2  -O                                                                        (1 = 100.0%) {0.0%}
3  ... 

Histogram: Navigation.MainFrame.MaxFrameCount recorded 3 samples, mean = 2.0 (flags = 0x41)
0  O                                                                         (0 = 0.0%)
1  -O                                                                        (1 = 33.3%) {0.0%}
2  -O                                                                        (1 = 33.3%) {33.3%}
3  -O                                                                        (1 = 33.3%) {66.7%}
4  ... 

Histogram: Navigation.MainFrame.NewNavigation.IgnoreRestore.IsHTTPOrHTTPS.BeginNavigationToLoaderStart.Time2 recorded 1 samples, mean = 1.0 (flags = 0x41)
0  O                                                                         (0 = 0.0%)
1  -O                                                                        (1 = 100.0%) {0.0%}
2  ... 

Histogram: Navigation.MainFrame.NewNavigation.IgnoreRestore.IsHTTPOrHTTPS.FetchStart.Time2 recorded 1 samples, mean = 0.0 (flags = 0x41)
0  -O                                                                        (1 = 100.0%)
1  ... 

Histogram: Navigation.MainFrame.NewNavigation.IgnoreRestore.IsHTTPOrHTTPS.LoaderStartToFetchStart.Time2 recorded 1 samples, mean = 251.0 (flags = 0x41)
0    ... 
226  -O                                                                        (1 = 100.0%) {0.0%}
268  ... 

Histogram: Navigation.MainFrame.NewNavigation.IgnoreRestore.IsHTTPOrHTTPS.LoaderStartToReceiveResponse.Time2 recorded 1 samples, mean = 971.0 (flags = 0x41)
0    ... 
894  -O                                                                        (1 = 100.0%) {0.0%}
1062 ... 

Histogram: Navigation.MainFrame.NewNavigation.IgnoreRestore.IsHTTPOrHTTPS.NavigationStartToBeginNavigation.Time2 recorded 1 samples, mean = 1661.0 (flags = 0x41)
0     ... 
1500  -O                                                                        (1 = 100.0%) {0.0%}
1782  ... 

Histogram: Navigation.MainFrame.NewNavigation.IgnoreRestore.IsHTTPOrHTTPS.ReceiveHeaders.Time2 recorded 1 samples, mean = 550.0 (flags = 0x41)
0    ... 
533  -O                                                                        (1 = 100.0%) {0.0%}
633  ... 

Histogram: Navigation.MainFrame.NewNavigation.IgnoreRestore.IsHTTPOrHTTPS.ReceiveHeadersToReceiveResponse.Time2 recorded 1 samples, mean = 168.0 (flags = 0x41)
0    ... 
160  -O                                                                        (1 = 100.0%) {0.0%}
190  ... 

Histogram: Navigation.MainFrame.NewNavigation.IgnoreRestore.IsHTTPOrHTTPS.ReceiveResponseToCommitNavigation.Time2 recorded 1 samples, mean = 4.0 (flags = 0x41)
0  ... 
4  -O                                                                        (1 = 100.0%) {0.0%}
5  ... 

Histogram: Navigation.MainFrame.RendererInitiated.InitiatorFramePresentAtStart recorded 1 samples, mean = 0.0 (flags = 0x41)
0  -O                                                                        (1 = 100.0%)
1  ... 

Histogram: Navigation.MainFrame.SiteEngagementLevel recorded 1 samples, mean = 3.0 (flags = 0x41)
0  ... 
3  -O                                                                        (1 = 100.0%) {0.0%}
4  ... 

Histogram: Navigation.MainFrame.ThirdPartyCookieBlockingEnabled recorded 2 samples, mean = 0.0 (flags = 0x41)
0  --O                                                                       (2 = 100.0%)
1  ... 

Histogram: Navigation.MainFrameHasRTLDomain2 recorded 2 samples, mean = 0.0 (flags = 0x41)
0  --O                                                                       (2 = 100.0%)
1  ... 

Histogram: Navigation.MainFrameHasRTLDomainDifferentPage2 recorded 1 samples, mean = 0.0 (flags = 0x41)
0  -O                                                                        (1 = 100.0%)
1  ... 

Histogram: Navigation.MainFrameProfileType2 recorded 2 samples, mean = 0.0 (flags = 0x41)
0  --O                                                                       (2 = 100.0%)
1  ... 

Histogram: Navigation.MainFrameScheme2 recorded 2 samples, mean = 2.0 (flags = 0x41)
0  ... 
2  --O                                                                       (2 = 100.0%) {0.0%}
3  ... 

Histogram: Navigation.MainFrameSchemeDifferentPage2 recorded 1 samples, mean = 2.0 (flags = 0x41)
0  ... 
2  -O                                                                        (1 = 100.0%) {0.0%}
3  ... 

Histogram: Navigation.OnBeforeUnloadOverheadTime recorded 2 samples, mean = 835.0 (flags = 0x41)
0     ... 
10    -O                                                                        (1 = 50.0%) {0.0%}
12    ... 
1500  -O                                                                        (1 = 50.0%) {50.0%}
1782  ... 

Histogram: Navigation.OnBeforeUnloadTotalTime recorded 2 samples, mean = 0.0 (flags = 0x41)
0  --O                                                                       (2 = 100.0%)
1  ... 

Histogram: Navigation.OriginAgentCluster.Result recorded 1 samples, mean = 9.0 (flags = 0x41)
0  ... 
9  -O                                                                        (1 = 100.0%) {0.0%}
10 O                                                                         (0 = 0.0%) {100.0%}

Histogram: Navigation.PendingCommit.DidBlockGetFrameHostForNavigation.Regular recorded 1 samples, mean = 0.0 (flags = 0x41)
0  -O                                                                        (1 = 100.0%)
1  ... 

Histogram: Navigation.PendingCommit.Duration.Regular recorded 1 samples, mean = 285.0 (flags = 0x41)
0    ... 
268  -O                                                                        (1 = 100.0%) {0.0%}
318  ... 

Histogram: Navigation.Preconnect.PreresolveJobQueueLength recorded 14 samples, mean = 0.5 (flags = 0x41)
0  -------O                                                                  (7 = 50.0%)
1  -------O                                                                  (7 = 50.0%) {50.0%}
2  ... 

Histogram: Navigation.Preconnect.PreresolveJobQueueingTime recorded 7 samples, mean = 0.0 (flags = 0x41)
0  -------O                                                                  (7 = 100.0%)
1  ... 

Histogram: Navigation.Preconnect.ProxyLookupCallbackQueueingTime recorded 7 samples, mean = 238.7 (flags = 0x41)
0    ... 
8    -O                                                                        (1 = 14.3%) {0.0%}
10   ... 
190  --O                                                                       (2 = 28.6%) {14.3%}
226  O                                                                         (0 = 0.0%) {42.9%}
268  --O                                                                       (2 = 28.6%) {42.9%}
318  --O                                                                       (2 = 28.6%) {71.4%}
378  ... 

Histogram: Navigation.Preconnect.ProxyLookupLatency recorded 7 samples, mean = 486.3 (flags = 0x41)
0     ... 
8     -O                                                                        (1 = 14.3%) {0.0%}
10    ... 
190   -O                                                                        (1 = 14.3%) {14.3%}
226   ... 
318   ----O                                                                     (4 = 57.1%) {28.6%}
378   ... 
1782  -O                                                                        (1 = 14.3%) {85.7%}
2117  ... 

Histogram: Navigation.Preconnect.ResolveHostCallbackQueueingTime recorded 7 samples, mean = 54.0 (flags = 0x41)
0    ---O                                                                      (3 = 42.9%)
1    O                                                                         (0 = 0.0%) {42.9%}
2    --O                                                                       (2 = 28.6%) {42.9%}
3    ... 
7    -O                                                                        (1 = 14.3%) {71.4%}
8    ... 
318  -O                                                                        (1 = 14.3%) {85.7%}
378  ... 

Histogram: Navigation.Preconnect.ResolveHostLatency recorded 7 samples, mean = 58.6 (flags = 0x41)
0    O                                                                         (0 = 0.0%)
1    ---O                                                                      (3 = 42.9%) {0.0%}
2    O                                                                         (0 = 0.0%) {42.9%}
3    --O                                                                       (2 = 28.6%) {42.9%}
4    ... 
8    -O                                                                        (1 = 14.3%) {71.4%}
10   ... 
378  -O                                                                        (1 = 14.3%) {85.7%}
449  ... 

Histogram: Navigation.ProcessNavigationThrottlesTime.WillStartRequest.MainFrame recorded 2 samples, mean = 0.0 (flags = 0x41)
0  --O                                                                       (2 = 100.0%)
1  ... 

Histogram: Navigation.QueueTime.OnReceiveRedirect.MainFrame recorded 1 samples, mean = 64.0 (flags = 0x41)
0   ... 
57  -O                                                                        (1 = 100.0%) {0.0%}
68  ... 

Histogram: Navigation.QueueTime.OnReceiveResponse.MainFrame recorded 1 samples, mean = 167.0 (flags = 0x41)
0    ... 
160  -O                                                                        (1 = 100.0%) {0.0%}
190  ... 

Histogram: Navigation.ReadyToCommitUntilCommit2 recorded 1 samples, mean = 285.0 (flags = 0x41)
0    ... 
280  -O                                                                        (1 = 100.0%) {0.0%}
356  ... 

Histogram: Navigation.ReadyToCommitUntilCommit2.ForegroundProcessPriority recorded 1 samples, mean = 285.0 (flags = 0x41)
0    ... 
280  -O                                                                        (1 = 100.0%) {0.0%}
356  ... 

Histogram: Navigation.ReadyToCommitUntilCommit2.NewNavigation recorded 1 samples, mean = 285.0 (flags = 0x41)
0    ... 
280  -O                                                                        (1 = 100.0%) {0.0%}
356  ... 

Histogram: Navigation.RegisterNavigationThrottlesTime.MainFrame recorded 2 samples, mean = 0.0 (flags = 0x41)
0  --O                                                                       (2 = 100.0%)
1  ... 

Histogram: Navigation.RenderFrameDelete recorded 1 samples, mean = 0.0 (flags = 0x41)
0  -O                                                                        (1 = 100.0%)
1  ... 

Histogram: Navigation.RenderFrameHostConstructor recorded 4 samples, mean = 0.0 (flags = 0x41)
0  ----O                                                                     (4 = 100.0%)
1  ... 

Histogram: Navigation.RenderFrameHostDestructor recorded 4 samples, mean = 0.2 (flags = 0x41)
0  ---O                                                                      (3 = 75.0%)
1  -O                                                                        (1 = 25.0%) {75.0%}
2  ... 

Histogram: Navigation.RenderViewHostConstructor recorded 2 samples, mean = 0.0 (flags = 0x41)
0  --O                                                                       (2 = 100.0%)
1  ... 

Histogram: Navigation.RenderViewHostDestructor recorded 2 samples, mean = 0.5 (flags = 0x41)
0  -O                                                                        (1 = 50.0%)
1  -O                                                                        (1 = 50.0%) {50.0%}
2  ... 

Histogram: Navigation.RenderWidgetHostConstructor recorded 2 samples, mean = 0.0 (flags = 0x41)
0  --O                                                                       (2 = 100.0%)
1  ... 

Histogram: Navigation.RenderWidgetHostDestructor recorded 2 samples, mean = 0.0 (flags = 0x41)
0  --O                                                                       (2 = 100.0%)
1  ... 

Histogram: Navigation.RendererCommitDelay.MainFrame recorded 1 samples, mean = 4.0 (flags = 0x41)
0  ... 
4  -O                                                                        (1 = 100.0%) {0.0%}
5  ... 

Histogram: Navigation.RendererCommitQueueTime.MainFrame recorded 1 samples, mean = 4.0 (flags = 0x41)
0  ... 
4  -O                                                                        (1 = 100.0%) {0.0%}
5  ... 

Histogram: Navigation.RendererDidNavigateTime.MainFrame recorded 1 samples, mean = 0.0 (flags = 0x41)
0  -O                                                                        (1 = 100.0%)
1  ... 

Histogram: Navigation.RendererDidNavigateTime.Subframe recorded 2 samples, mean = 0.0 (flags = 0x41)
0  --O                                                                       (2 = 100.0%)
1  ... 

Histogram: Navigation.RequiresDedicatedProcess recorded 1 samples, mean = 1.0 (flags = 0x41)
0  O                                                                         (0 = 0.0%)
1  -O                                                                        (1 = 100.0%) {0.0%}
2  O                                                                         (0 = 0.0%) {100.0%}

Histogram: Navigation.RequiresDedicatedProcess.HTTPOrHTTPS recorded 1 samples, mean = 1.0 (flags = 0x41)
0  O                                                                         (0 = 0.0%)
1  -O                                                                        (1 = 100.0%) {0.0%}
2  O                                                                         (0 = 0.0%) {100.0%}

Histogram: Navigation.SameDocumentNavigationWithScreenshot recorded 1 samples, mean = 0.0 (flags = 0x41)
0  -O                                                                        (1 = 100.0%)
1  ... 

Histogram: Navigation.SendCommitNavigationTime.MainFrame recorded 1 samples, mean = 0.0 (flags = 0x41)
0  -O                                                                        (1 = 100.0%)
1  ... 

Histogram: Navigation.StartToCommit recorded 3 samples, mean = 973.7 (flags = 0x41)
0     --O                                                                       (2 = 66.7%)
1     ... 
2415  -O                                                                        (1 = 33.3%) {66.7%}
3069  ... 

Histogram: Navigation.StartToCommit.CrossProcess recorded 1 samples, mean = 2921.0 (flags = 0x41)
0     ... 
2415  -O                                                                        (1 = 100.0%) {0.0%}
3069  ... 

Histogram: Navigation.StartToCommit.CrossProcess.ForegroundProcessPriority recorded 1 samples, mean = 2921.0 (flags = 0x41)
0     ... 
2415  -O                                                                        (1 = 100.0%) {0.0%}
3069  ... 

Histogram: Navigation.StartToCommit.CrossProcess.MainFrame recorded 1 samples, mean = 2921.0 (flags = 0x41)
0     ... 
2415  -O                                                                        (1 = 100.0%) {0.0%}
3069  ... 

Histogram: Navigation.StartToCommit.CrossProcess.MainFrame.ForegroundProcessPriority recorded 1 samples, mean = 2921.0 (flags = 0x41)
0     ... 
2415  -O                                                                        (1 = 100.0%) {0.0%}
3069  ... 

Histogram: Navigation.StartToCommit.CrossProcess.MainFrame.NewNavigation recorded 1 samples, mean = 2921.0 (flags = 0x41)
0     ... 
2415  -O                                                                        (1 = 100.0%) {0.0%}
3069  ... 

Histogram: Navigation.StartToCommit.CrossProcess.NewNavigation recorded 1 samples, mean = 2921.0 (flags = 0x41)
0     ... 
2415  -O                                                                        (1 = 100.0%) {0.0%}
3069  ... 

Histogram: Navigation.StartToCommit.ForegroundProcessPriority recorded 3 samples, mean = 973.7 (flags = 0x41)
0     --O                                                                       (2 = 66.7%)
1     ... 
2415  -O                                                                        (1 = 33.3%) {66.7%}
3069  ... 

Histogram: Navigation.StartToCommit.MainFrame recorded 1 samples, mean = 2921.0 (flags = 0x41)
0     ... 
2415  -O                                                                        (1 = 100.0%) {0.0%}
3069  ... 

Histogram: Navigation.StartToCommit.MainFrame.ForegroundProcessPriority recorded 1 samples, mean = 2921.0 (flags = 0x41)
0     ... 
2415  -O                                                                        (1 = 100.0%) {0.0%}
3069  ... 

Histogram: Navigation.StartToCommit.MainFrame.NewNavigation recorded 1 samples, mean = 2921.0 (flags = 0x41)
0     ... 
2415  -O                                                                        (1 = 100.0%) {0.0%}
3069  ... 

Histogram: Navigation.StartToCommit.NewNavigation recorded 3 samples, mean = 973.7 (flags = 0x41)
0     --O                                                                       (2 = 66.7%)
1     ... 
2415  -O                                                                        (1 = 33.3%) {66.7%}
3069  ... 

Histogram: Navigation.StartToCommit.SameProcess recorded 2 samples, mean = 0.0 (flags = 0x41)
0  --O                                                                       (2 = 100.0%)
1  ... 

Histogram: Navigation.StartToCommit.SameProcess.ForegroundProcessPriority recorded 2 samples, mean = 0.0 (flags = 0x41)
0  --O                                                                       (2 = 100.0%)
1  ... 

Histogram: Navigation.StartToCommit.SameProcess.NewNavigation recorded 2 samples, mean = 0.0 (flags = 0x41)
0  --O                                                                       (2 = 100.0%)
1  ... 

Histogram: Navigation.StartToCommit.SameProcess.Subframe recorded 2 samples, mean = 0.0 (flags = 0x41)
0  --O                                                                       (2 = 100.0%)
1  ... 

Histogram: Navigation.StartToCommit.SameProcess.Subframe.ForegroundProcessPriority recorded 2 samples, mean = 0.0 (flags = 0x41)
0  --O                                                                       (2 = 100.0%)
1  ... 

Histogram: Navigation.StartToCommit.SameProcess.Subframe.NewNavigation recorded 2 samples, mean = 0.0 (flags = 0x41)
0  --O                                                                       (2 = 100.0%)
1  ... 

Histogram: Navigation.StartToCommit.Subframe recorded 2 samples, mean = 0.0 (flags = 0x41)
0  --O                                                                       (2 = 100.0%)
1  ... 

Histogram: Navigation.StartToCommit.Subframe.ForegroundProcessPriority recorded 2 samples, mean = 0.0 (flags = 0x41)
0  --O                                                                       (2 = 100.0%)
1  ... 

Histogram: Navigation.StartToCommit.Subframe.NewNavigation recorded 2 samples, mean = 0.0 (flags = 0x41)
0  --O                                                                       (2 = 100.0%)
1  ... 

Histogram: Navigation.SuddenTerminationDisabler.AllOrigins recorded 1 samples, mean = 13.0 (flags = 0x41)
0   ... 
13  -O                                                                        (1 = 100.0%) {0.0%}
14  ... 

Histogram: Navigation.SuddenTerminationDisabler.SameOrigin recorded 1 samples, mean = 13.0 (flags = 0x41)
0   ... 
13  -O                                                                        (1 = 100.0%) {0.0%}
14  ... 

Histogram: Navigation.SwapRFHToCompositorCreation recorded 1 samples, mean = 7.0 (flags = 0x41)
0  ... 
7  -O                                                                        (1 = 100.0%) {0.0%}
9  ... 

Histogram: Navigation.ThrottleCount recorded 2 samples, mean = 20.0 (flags = 0x41)
0   ... 
20  --O                                                                       (2 = 100.0%) {0.0%}
21  ... 

Histogram: Navigation.ThrottleEventDurationTime.WillProcessResponse recorded 1 samples, mean = 0.0 (flags = 0x41)
0  -O                                                                        (1 = 100.0%)
1  ... 

Histogram: Navigation.ThrottleEventDurationTime.WillRedirectRequest recorded 1 samples, mean = 0.0 (flags = 0x41)
0  -O                                                                        (1 = 100.0%)
1  ... 

Histogram: Navigation.ThrottleEventDurationTime.WillStartRequest recorded 2 samples, mean = 0.0 (flags = 0x41)
0  --O                                                                       (2 = 100.0%)
1  ... 

Histogram: Navigation.ThrottleEventExecutionTime.WillProcessResponse recorded 1 samples, mean = 0.0 (flags = 0x41)
0  -O                                                                        (1 = 100.0%)
1  ... 

Histogram: Navigation.ThrottleEventExecutionTime.WillRedirectRequest recorded 1 samples, mean = 0.0 (flags = 0x41)
0  -O                                                                        (1 = 100.0%)
1  ... 

Histogram: Navigation.ThrottleEventExecutionTime.WillStartRequest recorded 2 samples, mean = 0.0 (flags = 0x41)
0  --O                                                                       (2 = 100.0%)
1  ... 

Histogram: Navigation.ThrottleExecutionTime.WillProcessResponse recorded 20 samples, mean = 0.0 (flags = 0x41)
0  --------------------O                                                     (20 = 100.0%)
1  ... 

Histogram: Navigation.ThrottleExecutionTime.WillRedirectRequest recorded 20 samples, mean = 0.0 (flags = 0x41)
0  --------------------O                                                     (20 = 100.0%)
1  ... 

Histogram: Navigation.ThrottleExecutionTime.WillStartRequest recorded 40 samples, mean = 0.0 (flags = 0x41)
0  ----------------------------------------O                                 (40 = 100.0%)
1  ... 

Histogram: Navigation.ThrottleTotalDeferCount recorded 5 samples, mean = 0.0 (flags = 0x41)
0  -----O                                                                    (5 = 100.0%)
1  ... 

Histogram: Navigation.ThrottleTotalDeferCount.Request recorded 5 samples, mean = 0.0 (flags = 0x41)
0  -----O                                                                    (5 = 100.0%)
1  ... 

Histogram: Navigation.ThrottleTotalDeferTime recorded 5 samples, mean = 0.0 (flags = 0x41)
0  -----O                                                                    (5 = 100.0%)
1  ... 

Histogram: Navigation.ThrottleTotalDeferTime.Request recorded 5 samples, mean = 0.0 (flags = 0x41)
0  -----O                                                                    (5 = 100.0%)
1  ... 

Histogram: Navigation.Throttles.PolicyBlocklist.DeferDurationTime recorded 2 samples, mean = 0.0 (flags = 0x41)
0  --O                                                                       (2 = 100.0%)
1  ... 

Histogram: Navigation.Throttles.PolicyBlocklist.RequestThrottleAction recorded 2 samples, mean = 2.5 (flags = 0x41)
0  O                                                                         (0 = 0.0%)
1  -O                                                                        (1 = 50.0%) {0.0%}
2  ... 
4  -O                                                                        (1 = 50.0%) {50.0%}
5  ... 

Histogram: Navigation.Throttles.PolicyBlocklist.RequestToResponseTime recorded 1 samples, mean = 0.0 (flags = 0x41)
0  -O                                                                        (1 = 100.0%)
1  ... 

Histogram: Navigation.TimeToReadyToCommit2 recorded 1 samples, mean = 2636.0 (flags = 0x41)
0     ... 
2415  -O                                                                        (1 = 100.0%) {0.0%}
3069  ... 

Histogram: Navigation.TimeToReadyToCommit2.CrossProcess recorded 1 samples, mean = 2636.0 (flags = 0x41)
0     ... 
2415  -O                                                                        (1 = 100.0%) {0.0%}
3069  ... 

Histogram: Navigation.TimeToReadyToCommit2.CrossProcess.NewNavigation recorded 1 samples, mean = 2636.0 (flags = 0x41)
0     ... 
2415  -O                                                                        (1 = 100.0%) {0.0%}
3069  ... 

Histogram: Navigation.TimeToReadyToCommit2.MainFrame recorded 1 samples, mean = 2636.0 (flags = 0x41)
0     ... 
2415  -O                                                                        (1 = 100.0%) {0.0%}
3069  ... 

Histogram: Navigation.TimeToReadyToCommit2.MainFrame.NewNavigation recorded 1 samples, mean = 2636.0 (flags = 0x41)
0     ... 
2415  -O                                                                        (1 = 100.0%) {0.0%}
3069  ... 

Histogram: Navigation.TimeToReadyToCommit2.NewNavigation recorded 1 samples, mean = 2636.0 (flags = 0x41)
0     ... 
2415  -O                                                                        (1 = 100.0%) {0.0%}
3069  ... 

Histogram: Navigation.Unload recorded 1 samples, mean = 0.0 (flags = 0x41)
0  -O                                                                        (1 = 100.0%)
1  ... 

Histogram: Navigation.UserAgentStringType recorded 4 samples, mean = 1.0 (flags = 0x41)
0  O                                                                         (0 = 0.0%)
1  ----O                                                                     (4 = 100.0%) {0.0%}
2  ... 

Histogram: Navigation.WillStartRequestToLoaderStart.MainFrame recorded 2 samples, mean = 0.0 (flags = 0x41)
0  --O                                                                       (2 = 100.0%)
1  ... 

Histogram: NavigationPredictor.SearchEnginePreconnector.IsBrowserAppLikelyInForeground recorded 307 samples, mean = 0.0 (flags = 0x41)
0  ------------------------------------------------------------------------O (305 = 99.3%)
1  O                                                                         (2 = 0.7%) {99.3%}
2  O                                                                         (0 = 0.0%) {100.0%}

Histogram: NavigationSuggestion.GetDomainInfoDelayBeforeAllowingNavigation recorded 1 samples, mean = 0.0 (flags = 0x41)
0  -O                                                                        (1 = 100.0%)
1  ... 

Histogram: NavigationSuggestion.IsLookalikeUrlDelayBeforeAllowingNavigation recorded 1 samples, mean = 0.0 (flags = 0x41)
0  -O                                                                        (1 = 100.0%)
1  ... 

Histogram: NavigationSuggestion.PerformChecksDelayBeforeAllowingNavigation recorded 1 samples, mean = 0.0 (flags = 0x41)
0  -O                                                                        (1 = 100.0%)
1  ... 

Histogram: Net.AlternateProtocolUsage recorded 138 samples, mean = 1.7 (flags = 0x41)
0  ----O                                                                     (6 = 4.3%)
1  ------------------------------------------------------------------------O (115 = 83.3%) {4.3%}
2  ... 
7  -----------O                                                              (17 = 12.3%) {87.7%}
8  O                                                                         (0 = 0.0%) {100.0%}

Histogram: Net.AlternateProtocolUsageGoogle recorded 113 samples, mean = 1.0 (flags = 0x41)
0  O                                                                         (0 = 0.0%)
1  ------------------------------------------------------------------------O (113 = 100.0%) {0.0%}
2  ... 

Histogram: Net.AlternativeServiceTypeForRequest recorded 154 samples, mean = 0.9 (flags = 0x41)
0  -----------O                                                              (21 = 13.6%)
1  ------------------------------------------------------------------------O (133 = 86.4%) {13.6%}
2  ... 

Histogram: Net.CertVerifier.PathBuilderIterationCount recorded 18 samples, mean = 2.1 (flags = 0x41)
0  ... 
2  -----------------O                                                        (17 = 94.4%) {0.0%}
3  -O                                                                        (1 = 5.6%) {94.4%}
4  ... 

Histogram: Net.CertVerifier_First_Job_Latency recorded 1 samples, mean = 185.0 (flags = 0x41)
0    ... 
164  -O                                                                        (1 = 100.0%) {0.0%}
186  ... 

Histogram: Net.CertVerifier_Job_Latency recorded 18 samples, mean = 528.2 (flags = 0x41)
0    ... 
8    -O                                                                        (1 = 5.6%) {0.0%}
9    ... 
16   -O                                                                        (1 = 5.6%) {5.6%}
18   ... 
164  -O                                                                        (1 = 5.6%) {11.1%}
186  ... 
394  -O                                                                        (1 = 5.6%) {16.7%}
446  ... 
572  ----------O                                                               (10 = 55.6%) {22.2%}
648  ----O                                                                     (4 = 22.2%) {77.8%}
734  ... 

Histogram: Net.Certificate.TrustAnchor.Request recorded 126 samples (flags = 0x41)
210  ---O                                                                      (4 = 3.2%)
483  ------------------------------------------------------------------------O (113 = 89.7%)
486  -----O                                                                    (8 = 6.3%)
535  -O                                                                        (1 = 0.8%)

Histogram: Net.Certificate.TrustAnchor.Verify recorded 18 samples (flags = 0x41)
210  --O                                                                       (2 = 11.1%)
483  -------------O                                                            (13 = 72.2%)
486  --O                                                                       (2 = 11.1%)
535  -O                                                                        (1 = 5.6%)

Histogram: Net.ConnectionInfo.MainFrame recorded 1 samples, mean = 40.0 (flags = 0x41)
0   ... 
40  -O                                                                        (1 = 100.0%) {0.0%}
41  ... 

Histogram: Net.ConnectionInfo.SubResource recorded 10 samples, mean = 25.3 (flags = 0x41)
0   O                                                                         (0 = 0.0%)
1   -O                                                                        (1 = 10.0%) {0.0%}
2   ... 
4   ---O                                                                      (3 = 30.0%) {10.0%}
5   ... 
40  ------O                                                                   (6 = 60.0%) {40.0%}
41  ... 

Histogram: Net.ContentEncodingType recorded 173 samples, mean = 0.2 (flags = 0x41)
0  ------------------------------------------------------------------------O (136 = 78.6%)
1  ------------------O                                                       (34 = 19.7%) {78.6%}
2  --O                                                                       (3 = 1.7%) {98.3%}
3  ... 

Histogram: Net.Cors.AccessCheckResult recorded 9 samples, mean = 0.0 (flags = 0x41)
0  ---------O                                                                (9 = 100.0%)
1  ... 

Histogram: Net.CountOfQuicServerInfos recorded 1 samples, mean = 0.0 (flags = 0x41)
0  -O                                                                        (1 = 100.0%)
1  ... 

Histogram: Net.DNS.DnsConfig.DnsClientCapability recorded 170 samples, mean = 0.9 (flags = 0x41)
0  -----O                                                                    (10 = 5.9%)
1  ------------------------------------------------------------------------O (160 = 94.1%) {5.9%}
2  ... 

Histogram: Net.DNS.DnsConfig.SecureDnsMode recorded 1 samples, mean = 4.0 (flags = 0x41)
0  ... 
4  -O                                                                        (1 = 100.0%) {0.0%}
5  ... 

Histogram: Net.DNS.DnsConfig.Windows.Compatibility recorded 67 samples, mean = 0.2 (flags = 0x41)
0  -----------------------------------------------------------------O        (65 = 97.0%)
1  ... 
8  --O                                                                       (2 = 3.0%) {97.0%}
9  ... 

Histogram: Net.DNS.DnsConfig.Windows.ReadSystemSettings0 recorded 48 samples, mean = 2.1 (flags = 0x41)
0   ---------------------------------------O                                  (39 = 81.2%)
1   ... 
11  ---------O                                                                (9 = 18.8%) {81.2%}
12  O                                                                         (0 = 0.0%) {100.0%}

Histogram: Net.DNS.DnsConfig.Windows.ReadSystemSettings1 recorded 6 samples, mean = 11.0 (flags = 0x41)
0   ... 
11  ------O                                                                   (6 = 100.0%) {0.0%}
12  O                                                                         (0 = 0.0%) {100.0%}

Histogram: Net.DNS.DnsConfig.Windows.ReadSystemSettings2 recorded 4 samples, mean = 11.0 (flags = 0x41)
0   ... 
11  ----O                                                                     (4 = 100.0%) {0.0%}
12  O                                                                         (0 = 0.0%) {100.0%}

Histogram: Net.DNS.DnsConfig.Windows.ReadSystemSettings3 recorded 2 samples, mean = 11.0 (flags = 0x41)
0   ... 
11  --O                                                                       (2 = 100.0%) {0.0%}
12  O                                                                         (0 = 0.0%) {100.0%}

Histogram: Net.DNS.DnsHosts.Count recorded 22 samples, mean = 0.0 (flags = 0x41)
0  ----------------------O                                                   (22 = 100.0%)
1  ... 

Histogram: Net.DNS.DnsHosts.EstimateMemoryUsage recorded 22 samples, mean = 0.0 (flags = 0x41)
0  ----------------------O                                                   (22 = 100.0%)
1000... 

Histogram: Net.DNS.DnsHosts.FileSize recorded 22 samples, mean = 824.0 (flags = 0x41)
0    ... 
737  ----------------------O                                                   (22 = 100.0%) {0.0%}
1065 ... 

Histogram: Net.DNS.DnsTask.SuccessTime recorded 100 samples, mean = 22.5 (flags = 0x41)
0   ... 
16  ----O                                                                     (4 = 4.0%) {0.0%}
18  ----------------------O                                                   (22 = 22.0%) {4.0%}
21  -------------------------------------------O                              (43 = 43.0%) {26.0%}
24  -----------------------O                                                  (23 = 23.0%) {69.0%}
28  ------O                                                                   (6 = 6.0%) {92.0%}
32  --O                                                                       (2 = 2.0%) {98.0%}
37  ... 

Histogram: Net.DNS.DnsTask.SvcbHttpsTransactionError recorded 66 samples, mean = 0.0 (flags = 0x41)
0  ------------------------------------------------------------------O       (66 = 100.0%)
1  ... 

Histogram: Net.DNS.DnsTransaction.AttemptType recorded 220 samples, mean = 0.0 (flags = 0x41)
0  ------------------------------------------------------------------------O (220 = 100.0%)
1  ... 

Histogram: Net.DNS.DnsTransaction.Insecure.Other.SuccessTime recorded 166 samples, mean = 19.7 (flags = 0x41)
0   ... 
13  --------------O                                                           (15 = 9.0%) {0.0%}
16  ------------------------------------------------------------------------O (76 = 45.8%) {9.0%}
20  ------------------------------------------------------------O             (63 = 38.0%) {54.8%}
25  ----------O                                                               (11 = 6.6%) {92.8%}
32  -O                                                                        (1 = 0.6%) {99.4%}
41  ... 

Histogram: Net.DNS.H3SupportedGoogleHost.TaskTypeMetadataAvailability2 recorded 1 samples, mean = 3.0 (flags = 0x41)
0  ... 
3  -O                                                                        (1 = 100.0%) {0.0%}
4  ... 

Histogram: Net.DNS.HTTPSSVC.RecordHttps.Insecure.ExpectNoerror.DnsRcode recorded 100 samples, mean = 2.0 (flags = 0x41)
0  ----------------------------------O                                       (34 = 34.0%)
1  ... 
3  ------------------------------------------------------------------O       (66 = 66.0%) {34.0%}
4  ... 

Histogram: Net.DNS.HTTPSSVC.RecordHttps.Insecure.ExpectNoerror.Parsable recorded 3 samples, mean = 1.0 (flags = 0x41)
0  O                                                                         (0 = 0.0%)
1  ---O                                                                      (3 = 100.0%) {0.0%}
2  O                                                                         (0 = 0.0%) {100.0%}

Histogram: Net.DNS.HTTPSSVC.RecordHttps.Insecure.ExpectNoerror.ResolveTimeAddress recorded 100 samples, mean = 18.6 (flags = 0x41)
0   ... 
13  ---------------O                                                          (15 = 15.0%) {0.0%}
16  -----------------------------------------------------------O              (59 = 59.0%) {15.0%}
20  ---------------------O                                                    (21 = 21.0%) {74.0%}
25  ----O                                                                     (4 = 4.0%) {95.0%}
32  -O                                                                        (1 = 1.0%) {99.0%}
41  ... 

Histogram: Net.DNS.HTTPSSVC.RecordHttps.Insecure.ExpectNoerror.ResolveTimeExperimental recorded 100 samples, mean = 22.3 (flags = 0x41)
0   ... 
16  ---------------O                                                          (15 = 15.0%) {0.0%}
20  -----------------------------------------------------------------O        (65 = 65.0%) {15.0%}
25  -------------------O                                                      (19 = 19.0%) {80.0%}
32  -O                                                                        (1 = 1.0%) {99.0%}
41  ... 

Histogram: Net.DNS.HTTPSSVC.RecordHttps.Insecure.ExpectNoerror.ResolveTimeRatio recorded 100 samples, mean = 11.7 (flags = 0x41)
0   ... 
6   -O                                                                        (1 = 1.0%) {0.0%}
7   ... 
9   -------------O                                                            (13 = 13.0%) {1.0%}
10  -----------------O                                                        (17 = 17.0%) {14.0%}
11  -O                                                                        (1 = 1.0%) {31.0%}
12  ---------------------------------O                                        (33 = 33.0%) {32.0%}
13  -----------------------------O                                            (29 = 29.0%) {65.0%}
14  ---O                                                                      (3 = 3.0%) {94.0%}
15  -O                                                                        (1 = 1.0%) {97.0%}
16  -O                                                                        (1 = 1.0%) {98.0%}
17  -O                                                                        (1 = 1.0%) {99.0%}
18  ... 

Histogram: Net.DNS.InsecureDnsTask.FailureTime recorded 2 samples, mean = 3051.5 (flags = 0x41)
0     -O                                                                        (1 = 50.0%)
1     ... 
5660  -O                                                                        (1 = 50.0%) {50.0%}
6533  ... 

Histogram: Net.DNS.JobQueueTime.Failure recorded 2 samples, mean = 0.0 (flags = 0x41)
0  --O                                                                       (2 = 100.0%)
1  ... 

Histogram: Net.DNS.JobQueueTime.PerTransaction recorded 208 samples, mean = 0.0 (flags = 0x41)
0  ------------------------------------------------------------------------O (208 = 100.0%)
1  ... 

Histogram: Net.DNS.JobQueueTime.Success recorded 100 samples, mean = 0.0 (flags = 0x41)
0  ------------------------------------------------------------------------O (100 = 100.0%)
1  ... 

Histogram: Net.DNS.Request.TotalTime recorded 599 samples, mean = 22.9 (flags = 0x41)
0      ------------------------------------------------------------------------O (497 = 83.0%)
10     ... 
15     -O                                                                        (4 = 0.7%) {83.0%}
18     -----O                                                                    (34 = 5.7%) {83.6%}
22     --------O                                                                 (53 = 8.8%) {89.3%}
27     -O                                                                        (9 = 1.5%) {98.2%}
33     ... 
585    O                                                                         (1 = 0.2%) {99.7%}
718    ... 
10257  O                                                                         (1 = 0.2%) {99.8%}
12586  ... 

Histogram: Net.DNS.Request.TotalTimeAsync recorded 194 samples, mean = 70.6 (flags = 0x41)
0      ------------------------------------------------------------------------O (92 = 47.4%)
10     ... 
15     ---O                                                                      (4 = 2.1%) {47.4%}
18     ---------------------------O                                              (34 = 17.5%) {49.5%}
22     -----------------------------------------O                                (53 = 27.3%) {67.0%}
27     -------O                                                                  (9 = 4.6%) {94.3%}
33     ... 
585    -O                                                                        (1 = 0.5%) {99.0%}
718    ... 
10257  -O                                                                        (1 = 0.5%) {99.5%}
12586  ... 

Histogram: Net.DNS.ResolveCategory recorded 195 samples, mean = 0.5 (flags = 0x41)
0  ------------------------------------------------------------------------O (99 = 50.8%)
1  -------------------------------------------------------------------O      (92 = 47.2%) {50.8%}
2  -O                                                                        (1 = 0.5%) {97.9%}
3  O                                                                         (0 = 0.0%) {98.5%}
4  --O                                                                       (3 = 1.5%) {98.5%}
5  ... 

Histogram: Net.DNS.ResolveError.Fast recorded 92 samples (flags = 0x41)
21   -O                                                                        (1 = 1.1%)
105  ------------------------------------------------------------------------O (79 = 85.9%)
106  -----------O                                                              (12 = 13.0%)

Histogram: Net.DNS.ResolveError.Slow recorded 3 samples (flags = 0x41)
21   --O                                                                       (2 = 66.7%)
105  -O                                                                        (1 = 33.3%)

Histogram: Net.DNS.ResolveFailureTime recorded 92 samples, mean = 0.6 (flags = 0x41)
0   ------------------------------------------------------------------------O (73 = 79.3%)
1   ------------O                                                             (12 = 13.0%) {79.3%}
2   ----O                                                                     (4 = 4.3%) {92.4%}
3   -O                                                                        (1 = 1.1%) {96.7%}
4   -O                                                                        (1 = 1.1%) {97.8%}
5   ... 
28  -O                                                                        (1 = 1.1%) {98.9%}
32  ... 

Histogram: Net.DNS.ResolveSuccessTime recorded 99 samples, mean = 22.5 (flags = 0x41)
0   ... 
16  ----O                                                                     (4 = 4.0%) {0.0%}
18  ----------------------O                                                   (22 = 22.2%) {4.0%}
21  -------------------------------------------O                              (43 = 43.4%) {26.3%}
24  ----------------------O                                                   (22 = 22.2%) {69.7%}
28  ------O                                                                   (6 = 6.1%) {91.9%}
32  --O                                                                       (2 = 2.0%) {98.0%}
37  ... 

Histogram: Net.DNS.SystemTask.FailureTime recorded 92 samples, mean = 0.6 (flags = 0x41)
0   ------------------------------------------------------------------------O (73 = 79.3%)
1   ------------O                                                             (12 = 13.0%) {79.3%}
2   ----O                                                                     (4 = 4.3%) {92.4%}
3   -O                                                                        (1 = 1.1%) {96.7%}
4   -O                                                                        (1 = 1.1%) {97.8%}
5   ... 
28  -O                                                                        (1 = 1.1%) {98.9%}
32  ... 

Histogram: Net.DNS.UpgradeConfig.HasPublicInsecureNameserver recorded 10 samples, mean = 0.9 (flags = 0x41)
0  -O                                                                        (1 = 10.0%)
1  ---------O                                                                (9 = 90.0%) {10.0%}
2  O                                                                         (0 = 0.0%) {100.0%}

Histogram: Net.DNS.UpgradeConfig.Ineligible.DohSpecified recorded 2 samples, mean = 0.0 (flags = 0x41)
0  --O                                                                       (2 = 100.0%)
1  ... 

Histogram: Net.DNS.UpgradeConfig.Ineligible.UnhandledOptions recorded 2 samples, mean = 0.5 (flags = 0x41)
0  -O                                                                        (1 = 50.0%)
1  -O                                                                        (1 = 50.0%) {50.0%}
2  O                                                                         (0 = 0.0%) {100.0%}

Histogram: Net.DNS.UpgradeConfig.InsecureUpgradeSucceeded recorded 10 samples, mean = 0.0 (flags = 0x41)
0  ----------O                                                               (10 = 100.0%)
1  ... 

Histogram: Net.DNS_Resolution_And_TCP_Connection_Latency2 recorded 24 samples, mean = 21.5 (flags = 0x41)
0   ... 
2   --O                                                                       (2 = 8.3%) {0.0%}
3   O                                                                         (0 = 0.0%) {8.3%}
4   --O                                                                       (2 = 8.3%) {8.3%}
5   O                                                                         (0 = 0.0%) {16.7%}
6   -O                                                                        (1 = 4.2%) {16.7%}
7   ... 
9   -O                                                                        (1 = 4.2%) {20.8%}
10  ... 
14  --O                                                                       (2 = 8.3%) {25.0%}
16  -O                                                                        (1 = 4.2%) {33.3%}
18  -O                                                                        (1 = 4.2%) {37.5%}
20  O                                                                         (0 = 0.0%) {41.7%}
23  --O                                                                       (2 = 8.3%) {41.7%}
26  ---O                                                                      (3 = 12.5%) {50.0%}
29  -------O                                                                  (7 = 29.2%) {62.5%}
33  -O                                                                        (1 = 4.2%) {91.7%}
37  ... 
48  -O                                                                        (1 = 4.2%) {95.8%}
54  ... 

Histogram: Net.ErrorCodesForMainFrame4 recorded 2 samples (flags = 0x41)
0  -O                                                                        (1 = 50.0%)
3  -O                                                                        (1 = 50.0%)

Histogram: Net.ErrorCodesForSubresources3 recorded 53 samples (flags = 0x41)
0    -----------------------------------------------O                          (47 = 88.7%)
105  ------O                                                                   (6 = 11.3%)

Histogram: Net.HttpJob.BytesReceived2 recorded 145 samples, mean = 1910.7 (flags = 0x41)
0      -----O                                                                    (7 = 4.8%)
1      ... 
56     -O                                                                        (1 = 0.7%) {4.8%}
80     ... 
340    --O                                                                       (3 = 2.1%) {5.5%}
488    --O                                                                       (3 = 2.1%) {7.6%}
700    -O                                                                        (1 = 0.7%) {9.7%}
1004   ------------------------------------------------------------------------O (112 = 77.2%) {10.3%}
1440   --------O                                                                 (12 = 8.3%) {87.6%}
2065   O                                                                         (0 = 0.0%) {95.9%}
2961   ---O                                                                      (4 = 2.8%) {95.9%}
4246   ... 
17959  -O                                                                        (1 = 0.7%) {98.6%}
25755  ... 
75961  -O                                                                        (1 = 0.7%) {99.3%}
108935 ... 

Histogram: Net.HttpJob.BytesSent2 recorded 145 samples, mean = 1062.3 (flags = 0x41)
0      ----O                                                                     (7 = 4.8%)
1      ... 
19     -O                                                                        (1 = 0.7%) {4.8%}
27     ... 
165    -O                                                                        (1 = 0.7%) {5.5%}
237    --------O                                                                 (12 = 8.3%) {6.2%}
340    -O                                                                        (2 = 1.4%) {14.5%}
488    --O                                                                       (3 = 2.1%) {15.9%}
700    --O                                                                       (3 = 2.1%) {17.9%}
1004   ------------------------------------------------------------------------O (115 = 79.3%) {20.0%}
1440   ... 
12523  -O                                                                        (1 = 0.7%) {99.3%}
17959  ... 

Histogram: Net.HttpJob.MainJobWaitTimeWithoutAvailableSpdySession recorded 125 samples, mean = 50.5 (flags = 0x41)
0    ... 
24   --------O                                                                 (8 = 6.4%) {0.0%}
29   O                                                                         (0 = 0.0%) {6.4%}
34   -----O                                                                    (5 = 4.0%) {6.4%}
40   ------------------------------------------------------------------------O (72 = 57.6%) {10.4%}
48   -------------------------------------O                                    (37 = 29.6%) {68.0%}
57   ... 
268  ---O                                                                      (3 = 2.4%) {97.6%}
318  ... 

Histogram: Net.HttpJob.PrefilterBytesRead recorded 184 samples, mean = 8386.2 (flags = 0x41)
0       -------O                                                                  (13 = 7.1%)
1       ... 
13      -O                                                                        (1 = 0.5%) {7.1%}
19      -O                                                                        (1 = 0.5%) {7.6%}
27      O                                                                         (0 = 0.0%) {8.2%}
39      -O                                                                        (1 = 0.5%) {8.2%}
56      -O                                                                        (1 = 0.5%) {8.7%}
80      -O                                                                        (1 = 0.5%) {9.2%}
115     O                                                                         (0 = 0.0%) {9.8%}
165     -O                                                                        (1 = 0.5%) {9.8%}
237     O                                                                         (0 = 0.0%) {10.3%}
340     -O                                                                        (1 = 0.5%) {10.3%}
488     --O                                                                       (4 = 2.2%) {10.9%}
700     -O                                                                        (2 = 1.1%) {13.0%}
1004    ------------------------------------------------------------------------O (126 = 68.5%) {14.1%}
1440    -O                                                                        (1 = 0.5%) {82.6%}
2065    --O                                                                       (3 = 1.6%) {83.2%}
2961    -O                                                                        (1 = 0.5%) {84.8%}
4246    -O                                                                        (1 = 0.5%) {85.3%}
6089    -O                                                                        (2 = 1.1%) {85.9%}
8732    --O                                                                       (4 = 2.2%) {87.0%}
12523   -O                                                                        (1 = 0.5%) {89.1%}
17959   --O                                                                       (4 = 2.2%) {89.7%}
25755   --O                                                                       (3 = 1.6%) {91.8%}
36935   --O                                                                       (4 = 2.2%) {93.5%}
52968   O                                                                         (0 = 0.0%) {95.7%}
75961   ---O                                                                      (5 = 2.7%) {95.7%}
108935  -O                                                                        (2 = 1.1%) {98.4%}
156223  -O                                                                        (1 = 0.5%) {99.5%}
224038  ... 

Histogram: Net.HttpJob.PrefilterBytesRead.Cache recorded 47 samples, mean = 27429.9 (flags = 0x41)
0       --------O                                                                 (8 = 17.0%)
1       ... 
165     -O                                                                        (1 = 2.1%) {17.0%}
237     O                                                                         (0 = 0.0%) {19.1%}
340     -O                                                                        (1 = 2.1%) {19.1%}
488     ----O                                                                     (4 = 8.5%) {21.3%}
700     --O                                                                       (2 = 4.3%) {29.8%}
1004    --O                                                                       (2 = 4.3%) {34.0%}
1440    -O                                                                        (1 = 2.1%) {38.3%}
2065    --O                                                                       (2 = 4.3%) {40.4%}
2961    -O                                                                        (1 = 2.1%) {44.7%}
4246    -O                                                                        (1 = 2.1%) {46.8%}
6089    --O                                                                       (2 = 4.3%) {48.9%}
8732    ----O                                                                     (4 = 8.5%) {53.2%}
12523   O                                                                         (0 = 0.0%) {61.7%}
17959   ----O                                                                     (4 = 8.5%) {61.7%}
25755   ---O                                                                      (3 = 6.4%) {70.2%}
36935   ----O                                                                     (4 = 8.5%) {76.6%}
52968   O                                                                         (0 = 0.0%) {85.1%}
75961   ----O                                                                     (4 = 8.5%) {85.1%}
108935  --O                                                                       (2 = 4.3%) {93.6%}
156223  -O                                                                        (1 = 2.1%) {97.9%}
224038  ... 

Histogram: Net.HttpJob.PrefilterBytesRead.Net recorded 137 samples, mean = 1853.0 (flags = 0x41)
0      ---O                                                                      (5 = 3.6%)
1      ... 
13     -O                                                                        (1 = 0.7%) {3.6%}
19     -O                                                                        (1 = 0.7%) {4.4%}
27     O                                                                         (0 = 0.0%) {5.1%}
39     -O                                                                        (1 = 0.7%) {5.1%}
56     -O                                                                        (1 = 0.7%) {5.8%}
80     -O                                                                        (1 = 0.7%) {6.6%}
115    ... 
1004   ------------------------------------------------------------------------O (124 = 90.5%) {7.3%}
1440   O                                                                         (0 = 0.0%) {97.8%}
2065   -O                                                                        (1 = 0.7%) {97.8%}
2961   ... 
12523  -O                                                                        (1 = 0.7%) {98.5%}
17959  ... 
75961  -O                                                                        (1 = 0.7%) {99.3%}
108935 ... 

Histogram: Net.HttpJob.ProxyTypeFailed recorded 7 samples, mean = 1.0 (flags = 0x41)
0  O                                                                         (0 = 0.0%)
1  -------O                                                                  (7 = 100.0%) {0.0%}
2  ... 

Histogram: Net.HttpJob.ProxyTypeSuccess recorded 138 samples, mean = 1.0 (flags = 0x41)
0  O                                                                         (0 = 0.0%)
1  ------------------------------------------------------------------------O (138 = 100.0%) {0.0%}
2  ... 

Histogram: Net.HttpJob.TotalTime recorded 184 samples, mean = 425.4 (flags = 0x41)
0      -O                                                                        (1 = 0.5%)
1      ----O                                                                     (4 = 2.2%) {0.5%}
2      ---O                                                                      (3 = 1.6%) {2.7%}
3      --O                                                                       (2 = 1.1%) {4.3%}
4      -O                                                                        (1 = 0.5%) {5.4%}
5      -O                                                                        (1 = 0.5%) {6.0%}
6      ----O                                                                     (4 = 2.2%) {6.5%}
7      ---O                                                                      (3 = 1.6%) {8.7%}
8      ------O                                                                   (6 = 3.3%) {10.3%}
10     -O                                                                        (1 = 0.5%) {13.6%}
12     O                                                                         (0 = 0.0%) {14.1%}
14     -----O                                                                    (5 = 2.7%) {14.1%}
17     -------O                                                                  (7 = 3.8%) {16.8%}
20     ----O                                                                     (4 = 2.2%) {20.7%}
24     -O                                                                        (1 = 0.5%) {22.8%}
29     --O                                                                       (2 = 1.1%) {23.4%}
34     ... 
48     ---O                                                                      (3 = 1.6%) {24.5%}
57     -------O                                                                  (7 = 3.8%) {26.1%}
68     -O                                                                        (1 = 0.5%) {29.9%}
81     ----O                                                                     (4 = 2.2%) {30.4%}
96     --O                                                                       (2 = 1.1%) {32.6%}
114    O                                                                         (0 = 0.0%) {33.7%}
135    -O                                                                        (1 = 0.5%) {33.7%}
160    ... 
268    ----------O                                                               (10 = 5.4%) {34.2%}
318    ----------------------O                                                   (22 = 12.0%) {39.7%}
378    --------------------------O                                               (26 = 14.1%) {51.6%}
449    ------------------------O                                                 (24 = 13.0%) {65.8%}
533    -----------------------O                                                  (23 = 12.5%) {78.8%}
633    ---O                                                                      (3 = 1.6%) {91.3%}
752    O                                                                         (0 = 0.0%) {92.9%}
894    ----O                                                                     (4 = 2.2%) {92.9%}
1062   ------O                                                                   (6 = 3.3%) {95.1%}
1262   -O                                                                        (1 = 0.5%) {98.4%}
1500   ... 
4222   -O                                                                        (1 = 0.5%) {98.9%}
5017   ... 
10000  -O                                                                        (1 = 0.5%) {99.5%}

Histogram: Net.HttpJob.TotalTime.Secure.Quic recorded 113 samples, mean = 494.6 (flags = 0x41)
0     ... 
280   -------------------------O                                                (25 = 22.1%) {0.0%}
356   -----------------------------------O                                      (35 = 31.0%) {22.1%}
452   -------------------------------------O                                    (37 = 32.7%) {53.1%}
574   -------O                                                                  (7 = 6.2%) {85.8%}
729   O                                                                         (0 = 0.0%) {92.0%}
926   -----O                                                                    (5 = 4.4%) {92.0%}
1177  ----O                                                                     (4 = 3.5%) {96.5%}
1496  ... 

Histogram: Net.HttpJob.TotalTimeCached recorded 47 samples, mean = 393.9 (flags = 0x41)
0      -O                                                                        (1 = 2.1%)
1      ----O                                                                     (4 = 8.5%) {2.1%}
2      ---O                                                                      (3 = 6.4%) {10.6%}
3      --O                                                                       (2 = 4.3%) {17.0%}
4      O                                                                         (0 = 0.0%) {21.3%}
5      -O                                                                        (1 = 2.1%) {21.3%}
6      ----O                                                                     (4 = 8.5%) {23.4%}
7      ---O                                                                      (3 = 6.4%) {31.9%}
8      ------O                                                                   (6 = 12.8%) {38.3%}
10     -O                                                                        (1 = 2.1%) {51.1%}
12     O                                                                         (0 = 0.0%) {53.2%}
14     -----O                                                                    (5 = 10.6%) {53.2%}
17     -------O                                                                  (7 = 14.9%) {63.8%}
20     ----O                                                                     (4 = 8.5%) {78.7%}
24     ... 
68     -O                                                                        (1 = 2.1%) {87.2%}
81     ... 
533    -O                                                                        (1 = 2.1%) {89.4%}
633    -O                                                                        (1 = 2.1%) {91.5%}
752    ... 
1262   -O                                                                        (1 = 2.1%) {93.6%}
1500   ... 
4222   -O                                                                        (1 = 2.1%) {95.7%}
5017   ... 
10000  -O                                                                        (1 = 2.1%) {97.9%}

Histogram: Net.HttpJob.TotalTimeCancel recorded 7 samples, mean = 2478.3 (flags = 0x41)
0      O                                                                         (0 = 0.0%)
1      -O                                                                        (1 = 14.3%) {0.0%}
2      -O                                                                        (1 = 14.3%) {14.3%}
3      O                                                                         (0 = 0.0%) {28.6%}
4      -O                                                                        (1 = 14.3%) {28.6%}
5      ... 
533    -O                                                                        (1 = 14.3%) {42.9%}
633    ... 
1262   -O                                                                        (1 = 14.3%) {57.1%}
1500   ... 
4222   -O                                                                        (1 = 14.3%) {71.4%}
5017   ... 
10000  -O                                                                        (1 = 14.3%) {85.7%}

Histogram: Net.HttpJob.TotalTimeNotCached recorded 137 samples, mean = 436.2 (flags = 0x41)
0     ... 
4     -O                                                                        (1 = 0.7%) {0.0%}
5     ... 
24    -O                                                                        (1 = 0.7%) {0.7%}
29    --O                                                                       (2 = 1.5%) {1.5%}
34    ... 
48    ---O                                                                      (3 = 2.2%) {2.9%}
57    -------O                                                                  (7 = 5.1%) {5.1%}
68    O                                                                         (0 = 0.0%) {10.2%}
81    ----O                                                                     (4 = 2.9%) {10.2%}
96    --O                                                                       (2 = 1.5%) {13.1%}
114   O                                                                         (0 = 0.0%) {14.6%}
135   -O                                                                        (1 = 0.7%) {14.6%}
160   ... 
268   ----------O                                                               (10 = 7.3%) {15.3%}
318   ----------------------O                                                   (22 = 16.1%) {22.6%}
378   --------------------------O                                               (26 = 19.0%) {38.7%}
449   ------------------------O                                                 (24 = 17.5%) {57.7%}
533   ----------------------O                                                   (22 = 16.1%) {75.2%}
633   --O                                                                       (2 = 1.5%) {91.2%}
752   O                                                                         (0 = 0.0%) {92.7%}
894   ----O                                                                     (4 = 2.9%) {92.7%}
1062  ------O                                                                   (6 = 4.4%) {95.6%}
1262  ... 

Histogram: Net.HttpJob.TotalTimeNotCached.Secure.Quic recorded 113 samples, mean = 494.6 (flags = 0x41)
0     ... 
280   -------------------------O                                                (25 = 22.1%) {0.0%}
356   -----------------------------------O                                      (35 = 31.0%) {22.1%}
452   -------------------------------------O                                    (37 = 32.7%) {53.1%}
574   -------O                                                                  (7 = 6.2%) {85.8%}
729   O                                                                         (0 = 0.0%) {92.0%}
926   -----O                                                                    (5 = 4.4%) {92.0%}
1177  ----O                                                                     (4 = 3.5%) {96.5%}
1496  ... 

Histogram: Net.HttpJob.TotalTimeSuccess recorded 177 samples, mean = 344.2 (flags = 0x41)
0     -O                                                                        (1 = 0.6%)
1     ---O                                                                      (3 = 1.7%) {0.6%}
2     --O                                                                       (2 = 1.1%) {2.3%}
3     --O                                                                       (2 = 1.1%) {3.4%}
4     O                                                                         (0 = 0.0%) {4.5%}
5     -O                                                                        (1 = 0.6%) {4.5%}
6     ----O                                                                     (4 = 2.3%) {5.1%}
7     ---O                                                                      (3 = 1.7%) {7.3%}
8     ------O                                                                   (6 = 3.4%) {9.0%}
10    -O                                                                        (1 = 0.6%) {12.4%}
12    O                                                                         (0 = 0.0%) {13.0%}
14    -----O                                                                    (5 = 2.8%) {13.0%}
17    -------O                                                                  (7 = 4.0%) {15.8%}
20    ----O                                                                     (4 = 2.3%) {19.8%}
24    -O                                                                        (1 = 0.6%) {22.0%}
29    --O                                                                       (2 = 1.1%) {22.6%}
34    ... 
48    ---O                                                                      (3 = 1.7%) {23.7%}
57    -------O                                                                  (7 = 4.0%) {25.4%}
68    -O                                                                        (1 = 0.6%) {29.4%}
81    ----O                                                                     (4 = 2.3%) {29.9%}
96    --O                                                                       (2 = 1.1%) {32.2%}
114   O                                                                         (0 = 0.0%) {33.3%}
135   -O                                                                        (1 = 0.6%) {33.3%}
160   ... 
268   ----------O                                                               (10 = 5.6%) {33.9%}
318   ----------------------O                                                   (22 = 12.4%) {39.5%}
378   --------------------------O                                               (26 = 14.7%) {52.0%}
449   ------------------------O                                                 (24 = 13.6%) {66.7%}
533   ----------------------O                                                   (22 = 12.4%) {80.2%}
633   ---O                                                                      (3 = 1.7%) {92.7%}
752   O                                                                         (0 = 0.0%) {94.4%}
894   ----O                                                                     (4 = 2.3%) {94.4%}
1062  ------O                                                                   (6 = 3.4%) {96.6%}
1262  ... 

Histogram: Net.HttpJob.TotalTimeSuccess.Priority1 recorded 128 samples, mean = 444.4 (flags = 0x41)
0     ... 
2     -O                                                                        (1 = 0.8%) {0.0%}
3     ... 
29    -O                                                                        (1 = 0.8%) {0.8%}
34    ... 
48    --O                                                                       (2 = 1.6%) {1.6%}
57    ------O                                                                   (6 = 4.7%) {3.1%}
68    O                                                                         (0 = 0.0%) {7.8%}
81    ---O                                                                      (3 = 2.3%) {7.8%}
96    --O                                                                       (2 = 1.6%) {10.2%}
114   ... 
268   ----------O                                                               (10 = 7.8%) {11.7%}
318   ----------------------O                                                   (22 = 17.2%) {19.5%}
378   --------------------------O                                               (26 = 20.3%) {36.7%}
449   ------------------------O                                                 (24 = 18.8%) {57.0%}
533   ----------------------O                                                   (22 = 17.2%) {75.8%}
633   ... 
894   ---O                                                                      (3 = 2.3%) {93.0%}
1062  ------O                                                                   (6 = 4.7%) {95.3%}
1262  ... 

Histogram: Net.HttpJob.TotalTimeSuccess.Priority2 recorded 29 samples, mean = 71.7 (flags = 0x41)
0    O                                                                         (0 = 0.0%)
1    --O                                                                       (2 = 6.9%) {0.0%}
2    -O                                                                        (1 = 3.4%) {6.9%}
3    --O                                                                       (2 = 6.9%) {10.3%}
4    O                                                                         (0 = 0.0%) {17.2%}
5    -O                                                                        (1 = 3.4%) {17.2%}
6    ... 
8    ----O                                                                     (4 = 13.8%) {20.7%}
10   -O                                                                        (1 = 3.4%) {34.5%}
12   O                                                                         (0 = 0.0%) {37.9%}
14   -----O                                                                    (5 = 17.2%) {37.9%}
17   ------O                                                                   (6 = 20.7%) {55.2%}
20   ----O                                                                     (4 = 13.8%) {75.9%}
24   -O                                                                        (1 = 3.4%) {89.7%}
29   ... 
633  -O                                                                        (1 = 3.4%) {93.1%}
752  O                                                                         (0 = 0.0%) {96.6%}
894  -O                                                                        (1 = 3.4%) {96.6%}
1062 ... 

Histogram: Net.HttpJob.TotalTimeSuccess.Priority3 recorded 1 samples, mean = 75.0 (flags = 0x41)
0   ... 
68  -O                                                                        (1 = 100.0%) {0.0%}
81  ... 

Histogram: Net.HttpJob.TotalTimeSuccess.Priority4 recorded 6 samples, mean = 161.8 (flags = 0x41)
0    O                                                                         (0 = 0.0%)
1    -O                                                                        (1 = 16.7%) {0.0%}
2    ... 
29   -O                                                                        (1 = 16.7%) {16.7%}
34   ... 
48   -O                                                                        (1 = 16.7%) {33.3%}
57   -O                                                                        (1 = 16.7%) {50.0%}
68   O                                                                         (0 = 0.0%) {66.7%}
81   -O                                                                        (1 = 16.7%) {66.7%}
96   ... 
633  -O                                                                        (1 = 16.7%) {83.3%}
752  ... 

Histogram: Net.HttpJob.TotalTimeSuccess.Priority5 recorded 13 samples, mean = 70.0 (flags = 0x41)
0    -O                                                                        (1 = 7.7%)
1    ... 
6    ----O                                                                     (4 = 30.8%) {7.7%}
7    ---O                                                                      (3 = 23.1%) {38.5%}
8    --O                                                                       (2 = 15.4%) {61.5%}
10   ... 
17   -O                                                                        (1 = 7.7%) {76.9%}
20   ... 
135  -O                                                                        (1 = 7.7%) {84.6%}
160  ... 
633  -O                                                                        (1 = 7.7%) {92.3%}
752  ... 

Histogram: Net.HttpRequestSSLUpgradeDecision recorded 2 samples, mean = 5.0 (flags = 0x41)
0  ... 
5  --O                                                                       (2 = 100.0%) {0.0%}
6  O                                                                         (0 = 0.0%) {100.0%}

Histogram: Net.HttpRequestStsState recorded 2 samples, mean = 2.0 (flags = 0x41)
0  ... 
2  --O                                                                       (2 = 100.0%) {0.0%}
3  ... 

Histogram: Net.HttpResponseCode recorded 846 samples, mean = 227.9 (flags = 0x41)
0    ... 
200  ------------------------------------------------------------------------O (724 = 85.6%) {0.0%}
201  ... 
204  O                                                                         (2 = 0.2%) {85.6%}
205  ... 
302  O                                                                         (5 = 0.6%) {85.8%}
303  O                                                                         (0 = 0.0%) {86.4%}
304  O                                                                         (2 = 0.2%) {86.4%}
305  ... 
308  O                                                                         (1 = 0.1%) {86.6%}
309  ... 
403  -----------O                                                              (112 = 13.2%) {86.8%}
404  ... 

Histogram: Net.HttpTimeToFirstByte recorded 184 samples, mean = 420.4 (flags = 0x41)
0      ----------------------------------O                                       (34 = 18.5%)
10     ----O                                                                     (4 = 2.2%) {18.5%}
12     --------O                                                                 (8 = 4.3%) {20.7%}
15     ----O                                                                     (4 = 2.2%) {25.0%}
18     O                                                                         (0 = 0.0%) {27.2%}
22     --O                                                                       (2 = 1.1%) {27.2%}
27     --O                                                                       (2 = 1.1%) {28.3%}
33     --O                                                                       (2 = 1.1%) {29.3%}
41     --O                                                                       (2 = 1.1%) {30.4%}
50     -O                                                                        (1 = 0.5%) {31.5%}
61     --O                                                                       (2 = 1.1%) {32.1%}
75     -O                                                                        (1 = 0.5%) {33.2%}
92     O                                                                         (0 = 0.0%) {33.7%}
113    -O                                                                        (1 = 0.5%) {33.7%}
139    ... 
258    --------O                                                                 (8 = 4.3%) {34.2%}
317    --------------------------O                                               (26 = 14.1%) {38.6%}
389    ------------------------------------O                                     (36 = 19.6%) {52.7%}
477    ----------------------------O                                             (28 = 15.2%) {72.3%}
585    ----------O                                                               (10 = 5.4%) {87.5%}
718    -O                                                                        (1 = 0.5%) {92.9%}
881    ---O                                                                      (3 = 1.6%) {93.5%}
1081   -------O                                                                  (7 = 3.8%) {95.1%}
1326   ... 
4524   -O                                                                        (1 = 0.5%) {98.9%}
5551   ... 
10257  -O                                                                        (1 = 0.5%) {99.5%}
12586  ... 

Histogram: Net.NetworkChangeNotifier.NewConnectionCost recorded 6 samples, mean = 1.0 (flags = 0x41)
0  O                                                                         (0 = 0.0%)
1  ------O                                                                   (6 = 100.0%) {0.0%}
2  ... 

Histogram: Net.NetworkChangeNotifier.NewConnectionType recorded 42 samples, mean = 1.5 (flags = 0x41)
0  ----------O                                                               (10 = 23.8%)
1  ------------------------O                                                 (24 = 57.1%) {23.8%}
2  --O                                                                       (2 = 4.8%) {81.0%}
3  ... 
6  ------O                                                                   (6 = 14.3%) {85.7%}
7  ... 

Histogram: Net.NumQuicSessionsAtShutdown recorded 3 samples, mean = 0.0 (flags = 0x41)
0  ---O                                                                      (3 = 100.0%)
1  ... 

Histogram: Net.OnTransferSizeUpdated.Experimental.OverridenBy recorded 180 samples, mean = 5.5 (flags = 0x41)
0   O                                                                         (0 = 0.0%)
1   ------------------------------------------------------------------------O (140 = 77.8%) {0.0%}
2   ... 
11  ------O                                                                   (12 = 6.7%) {77.8%}
12  --O                                                                       (3 = 1.7%) {84.4%}
13  ... 
26  -------O                                                                  (13 = 7.2%) {86.1%}
27  O                                                                         (0 = 0.0%) {93.3%}
28  ------O                                                                   (12 = 6.7%) {93.3%}
29  ... 

Histogram: Net.QuicActiveSessions recorded 118 samples, mean = 0.1 (flags = 0x41)
0  ------------------------------------------------------------------------O (113 = 95.8%)
1  -O                                                                        (1 = 0.8%) {95.8%}
2  -O                                                                        (1 = 0.8%) {96.6%}
3  -O                                                                        (1 = 0.8%) {97.5%}
4  -O                                                                        (1 = 0.8%) {98.3%}
5  -O                                                                        (1 = 0.8%) {99.2%}
7  ... 

Histogram: Net.QuicChromiumClientStream.HandleOnCloseConnectionError recorded 121 samples (flags = 0x41)
0  ------------------------------------------------------------------------O (121 = 100.0%)

Histogram: Net.QuicChromiumClientStream.HandleOnCloseNetError recorded 121 samples (flags = 0x41)
100  ------------------------------------------------------------------------O (121 = 100.0%)

Histogram: Net.QuicChromiumClientStream.HandleOnCloseStreamError recorded 121 samples (flags = 0x41)
0  ------------------------------------------------------------------------O (121 = 100.0%)

Histogram: Net.QuicChromiumClientStream.HeaderDecodingDelay recorded 121 samples, mean = 0.0 (flags = 0x41)
0  ------------------------------------------------------------------------O (121 = 100.0%)
1  ... 

Histogram: Net.QuicChromiumClientStream.HeaderDecodingDelayGoogle recorded 113 samples, mean = 0.0 (flags = 0x41)
0  ------------------------------------------------------------------------O (113 = 100.0%)
1  ... 

Histogram: Net.QuicConnection.WritePacketStatus recorded 1367 samples, mean = 0.0 (flags = 0x41)
0  ------------------------------------------------------------------------O (1367 = 100.0%)
1  ... 

Histogram: Net.QuicCryptoClientConfig.PopulatedFromCanonicalConfig recorded 6 samples, mean = 0.0 (flags = 0x41)
0  ------O                                                                   (6 = 100.0%)
1  ... 

Histogram: Net.QuicDroppedPacketReason recorded 99 samples, mean = 6.0 (flags = 0x41)
0  ... 
6  ------------------------------------------------------------------------O (99 = 100.0%) {0.0%}
7  O                                                                         (0 = 0.0%) {100.0%}

Histogram: Net.QuicHandshakeState recorded 354 samples, mean = 1.0 (flags = 0x41)
0  ------------------------------------------------------------------------O (118 = 33.3%)
1  ------------------------------------------------------------------------O (118 = 33.3%) {33.3%}
2  ------------------------------------------------------------------------O (118 = 33.3%) {66.7%}
3  ... 

Histogram: Net.QuicHttpStream.ProcessResponseHeaderSuccess recorded 121 samples, mean = 1.0 (flags = 0x41)
0  O                                                                         (0 = 0.0%)
1  ------------------------------------------------------------------------O (121 = 100.0%) {0.0%}
2  O                                                                         (0 = 0.0%) {100.0%}

Histogram: Net.QuicSession.AbortedPendingStreamRequests recorded 118 samples, mean = 0.0 (flags = 0x41)
0  ------------------------------------------------------------------------O (118 = 100.0%)
1  ... 

Histogram: Net.QuicSession.AcceptChForOrigin recorded 121 samples, mean = 0.0 (flags = 0x41)
0  ------------------------------------------------------------------------O (119 = 98.3%)
1  -O                                                                        (2 = 1.7%) {98.3%}
2  O                                                                         (0 = 0.0%) {100.0%}

Histogram: Net.QuicSession.AcceptChFrameReceivedViaAlps recorded 115 samples, mean = 1.0 (flags = 0x41)
0  O                                                                         (0 = 0.0%)
1  ------------------------------------------------------------------------O (115 = 100.0%) {0.0%}
2  ... 

Histogram: Net.QuicSession.AsyncRead recorded 1800 samples, mean = 0.7 (flags = 0x41)
0  --------------------------O                                               (484 = 26.9%)
1  ------------------------------------------------------------------------O (1316 = 73.1%) {26.9%}
2  O                                                                         (0 = 0.0%) {100.0%}

Histogram: Net.QuicSession.BlockedFrames.Received recorded 118 samples, mean = 0.0 (flags = 0x41)
0  ------------------------------------------------------------------------O (118 = 100.0%)
1  ... 

Histogram: Net.QuicSession.BlockedFrames.Sent recorded 118 samples, mean = 0.0 (flags = 0x41)
0  ------------------------------------------------------------------------O (118 = 100.0%)
1  ... 

Histogram: Net.QuicSession.CertVerificationResult recorded 118 samples (flags = 0x41)
0  ------------------------------------------------------------------------O (118 = 100.0%)

Histogram: Net.QuicSession.ClientSideMtu recorded 118 samples (flags = 0x41)
1250  ------------------------------------------------------------------------O (118 = 100.0%)

Histogram: Net.QuicSession.CloseAllSessionsError recorded 3 samples (flags = 0x41)
3  ---O                                                                      (3 = 100.0%)

Histogram: Net.QuicSession.ClosedDuringInitializeSession recorded 118 samples, mean = 0.0 (flags = 0x41)
0  ------------------------------------------------------------------------O (118 = 100.0%)
1  ... 

Histogram: Net.QuicSession.CoalesceStreamFrameStatus recorded 1169 samples, mean = 0.4 (flags = 0x41)
0  ------------------------------------------------------------------------O (714 = 61.1%)
1  ----------------------------------------------O                           (455 = 38.9%) {61.1%}
2  O                                                                         (0 = 0.0%) {100.0%}

Histogram: Net.QuicSession.ConnectRandomPortForHTTPS recorded 118 samples, mean = 0.0 (flags = 0x41)
0  ------------------------------------------------------------------------O (118 = 100.0%)
1  ... 

Histogram: Net.QuicSession.ConnectionClose.NumOpenStreams.TimedOut recorded 118 samples, mean = 0.0 (flags = 0x41)
0  ------------------------------------------------------------------------O (118 = 100.0%)
1  ... 

Histogram: Net.QuicSession.ConnectionCloseErrorCodeClient recorded 118 samples (flags = 0x41)
25  ------------------------------------------------------------------------O (118 = 100.0%)

Histogram: Net.QuicSession.ConnectionCloseErrorCodeClient.HandshakeConfirmed recorded 118 samples (flags = 0x41)
25  ------------------------------------------------------------------------O (118 = 100.0%)

Histogram: Net.QuicSession.ConnectionCloseErrorCodeClientGoogle recorded 115 samples (flags = 0x41)
25  ------------------------------------------------------------------------O (115 = 100.0%)

Histogram: Net.QuicSession.ConnectionCloseErrorCodeClientGoogle.HandshakeConfirmed recorded 115 samples (flags = 0x41)
25  ------------------------------------------------------------------------O (115 = 100.0%)

Histogram: Net.QuicSession.ConnectionDuration recorded 118 samples, mean = 29526.3 (flags = 0x41)
0      ... 
27425  ------------------------------------------------------------------------O (117 = 99.2%) {0.0%}
31655  O                                                                         (0 = 0.0%) {99.2%}
36538  -O                                                                        (1 = 0.8%) {99.2%}
42174  ... 

Histogram: Net.QuicSession.ConnectionFlowControlBlocked recorded 160 samples, mean = 1.0 (flags = 0x41)
0  O                                                                         (0 = 0.0%)
1  ------------------------------------------------------------------------O (160 = 100.0%) {0.0%}
2  O                                                                         (0 = 0.0%) {100.0%}

Histogram: Net.QuicSession.ConnectionIpPooled recorded 118 samples, mean = 0.0 (flags = 0x41)
0  ------------------------------------------------------------------------O (118 = 100.0%)
1  ... 

Histogram: Net.QuicSession.ConnectionTypeFromSelf recorded 118 samples, mean = 1.0 (flags = 0x41)
0  O                                                                         (0 = 0.0%)
1  ------------------------------------------------------------------------O (118 = 100.0%) {0.0%}
2  O                                                                         (0 = 0.0%) {100.0%}

Histogram: Net.QuicSession.CryptoRetransmitCount.HandshakeConfirmed recorded 118 samples, mean = 0.8 (flags = 0x41)
0   ------------------------------------------------------------------------O (105 = 89.0%)
1   ---O                                                                      (4 = 3.4%) {89.0%}
2   ... 
9   ---O                                                                      (4 = 3.4%) {92.4%}
10  ---O                                                                      (4 = 3.4%) {95.8%}
11  -O                                                                        (1 = 0.8%) {99.2%}
12  ... 

Histogram: Net.QuicSession.DuplicatePacketsReceived recorded 118 samples, mean = 0.0 (flags = 0x41)
0  ------------------------------------------------------------------------O (118 = 100.0%)
1  ... 

Histogram: Net.QuicSession.EcnMarksObserved recorded 118 samples, mean = 1.0 (flags = 0x41)
0  O                                                                         (0 = 0.0%)
1  ------------------------------------------------------------------------O (118 = 100.0%) {0.0%}
2  ... 

Histogram: Net.QuicSession.EncryptionEstablishedTime recorded 118 samples, mean = 61.4 (flags = 0x41)
0    ------------------------------------------------------------------------O (103 = 87.3%)
1    ... 
20   -O                                                                        (1 = 0.8%) {87.3%}
24   ... 
40   -O                                                                        (1 = 0.8%) {88.1%}
48   O                                                                         (0 = 0.0%) {89.0%}
57   -O                                                                        (1 = 0.8%) {89.0%}
68   ... 
190  -O                                                                        (1 = 0.8%) {89.8%}
226  ... 
378  -O                                                                        (1 = 0.8%) {90.7%}
449  ... 
633  -------O                                                                  (10 = 8.5%) {91.5%}
752  ... 

Histogram: Net.QuicSession.FinchConfigIsValid recorded 3 samples, mean = 1.0 (flags = 0x41)
0  O                                                                         (0 = 0.0%)
1  ---O                                                                      (3 = 100.0%) {0.0%}
2  O                                                                         (0 = 0.0%) {100.0%}

Histogram: Net.QuicSession.FindMatchingIpSessionResult recorded 237 samples, mean = 2.0 (flags = 0x41)
0  ... 
2  ------------------------------------------------------------------------O (237 = 100.0%) {0.0%}
3  O                                                                         (0 = 0.0%) {100.0%}

Histogram: Net.QuicSession.FindMatchingIpSessionResultGoogle recorded 230 samples, mean = 2.0 (flags = 0x41)
0  ... 
2  ------------------------------------------------------------------------O (230 = 100.0%) {0.0%}
3  O                                                                         (0 = 0.0%) {100.0%}

Histogram: Net.QuicSession.HandshakeConfirmedTime recorded 118 samples, mean = 95.6 (flags = 0x41)
0    ... 
20   -O                                                                        (1 = 0.8%) {0.0%}
24   ... 
34   ----------------------------------------------------------O               (58 = 49.2%) {0.8%}
40   ----------------------------------------------O                           (46 = 39.0%) {50.0%}
48   O                                                                         (0 = 0.0%) {89.0%}
57   -O                                                                        (1 = 0.8%) {89.0%}
68   ... 
190  -O                                                                        (1 = 0.8%) {89.8%}
226  ... 
378  -O                                                                        (1 = 0.8%) {90.7%}
449  ... 
633  ----------O                                                               (10 = 8.5%) {91.5%}
752  ... 

Histogram: Net.QuicSession.HeaderCompressionRatioQpackReceived recorded 121 samples, mean = 9.2 (flags = 0x41)
0   O                                                                         (0 = 0.0%)
1   -O                                                                        (1 = 0.8%) {0.0%}
2   ... 
5   ------------------------------------------------------------------------O (112 = 92.6%) {0.8%}
6   ... 
63  -O                                                                        (1 = 0.8%) {93.4%}
64  ... 
68  -O                                                                        (1 = 0.8%) {94.2%}
69  --O                                                                       (3 = 2.5%) {95.0%}
70  -O                                                                        (2 = 1.7%) {97.5%}
71  ... 
74  -O                                                                        (1 = 0.8%) {99.2%}
75  ... 

Histogram: Net.QuicSession.HeaderCompressionRatioQpackSent recorded 121 samples, mean = 69.3 (flags = 0x41)
0   ... 
63  -O                                                                        (1 = 0.8%) {0.0%}
64  ... 
69  ------------------------------------------------------------------------O (112 = 92.6%) {0.8%}
70  ... 
72  -O                                                                        (2 = 1.7%) {93.4%}
73  -O                                                                        (1 = 0.8%) {95.0%}
74  -O                                                                        (2 = 1.7%) {95.9%}
75  -O                                                                        (1 = 0.8%) {97.5%}
76  -O                                                                        (2 = 1.7%) {98.3%}
77  ... 

Histogram: Net.QuicSession.HostResolution.HandshakeConfirmedTime recorded 118 samples, mean = 95.9 (flags = 0x41)
0    ... 
20   -O                                                                        (1 = 0.8%) {0.0%}
24   ... 
34   --------------------------------------------------------O                 (56 = 47.5%) {0.8%}
40   ------------------------------------------------O                         (48 = 40.7%) {48.3%}
48   O                                                                         (0 = 0.0%) {89.0%}
57   -O                                                                        (1 = 0.8%) {89.0%}
68   ... 
190  -O                                                                        (1 = 0.8%) {89.8%}
226  ... 
378  -O                                                                        (1 = 0.8%) {90.7%}
449  ... 
633  ----------O                                                               (10 = 8.5%) {91.5%}
752  ... 

Histogram: Net.QuicSession.IncorrectConnectionIDsReceived recorded 118 samples, mean = 0.0 (flags = 0x41)
0  ------------------------------------------------------------------------O (118 = 100.0%)
1  ... 

Histogram: Net.QuicSession.InitialRttEsitmateSource recorded 118 samples, mean = 1.0 (flags = 0x41)
0  O                                                                         (0 = 0.0%)
1  ------------------------------------------------------------------------O (118 = 100.0%) {0.0%}
2  ... 

Histogram: Net.QuicSession.KeyUpdate.PerConnection2 recorded 118 samples, mean = 0.0 (flags = 0x41)
0  ------------------------------------------------------------------------O (118 = 100.0%)
1  ... 

Histogram: Net.QuicSession.KeyUpdate.PotentialPeerKeyUpdateAttemptCount recorded 118 samples, mean = 0.0 (flags = 0x41)
0  ------------------------------------------------------------------------O (118 = 100.0%)
1  ... 

Histogram: Net.QuicSession.MaxConsecutiveRtoWithForwardProgress recorded 118 samples, mean = 0.1 (flags = 0x41)
0  ------------------------------------------------------------------------O (104 = 88.1%)
1  ----------O                                                               (14 = 11.9%) {88.1%}
2  ... 

Histogram: Net.QuicSession.MinRTT recorded 118 samples, mean = 24.9 (flags = 0x41)
0   ... 
10  -O                                                                        (1 = 0.8%) {0.0%}
12  --O                                                                       (2 = 1.7%) {0.8%}
14  ... 
20  -------------O                                                            (17 = 14.4%) {2.5%}
24  ------------------------------------------------------------------------O (91 = 77.1%) {16.9%}
29  ------O                                                                   (7 = 5.9%) {94.1%}
34  ... 

Histogram: Net.QuicSession.MtuProbesSent recorded 118 samples, mean = 0.0 (flags = 0x41)
0  ------------------------------------------------------------------------O (118 = 100.0%)
1  ... 

Histogram: Net.QuicSession.NumDefaultPathDegrading recorded 118 samples, mean = 0.0 (flags = 0x41)
0  ------------------------------------------------------------------------O (118 = 100.0%)
1  ... 

Histogram: Net.QuicSession.NumMigrations recorded 118 samples, mean = 0.0 (flags = 0x41)
0  ------------------------------------------------------------------------O (118 = 100.0%)
1  ... 

Histogram: Net.QuicSession.NumOpenStreams recorded 121 samples, mean = 1.0 (flags = 0x41)
0  O                                                                         (0 = 0.0%)
1  ------------------------------------------------------------------------O (119 = 98.3%) {0.0%}
2  -O                                                                        (1 = 0.8%) {98.3%}
3  -O                                                                        (1 = 0.8%) {99.2%}
4  ... 

Histogram: Net.QuicSession.NumPingsSent recorded 118 samples, mean = 0.7 (flags = 0x41)
0   ------------------------------------------------------------------------O (105 = 89.0%)
1   ---O                                                                      (4 = 3.4%) {89.0%}
2   ... 
8   ---O                                                                      (4 = 3.4%) {92.4%}
9   ---O                                                                      (4 = 3.4%) {95.8%}
10  -O                                                                        (1 = 0.8%) {99.2%}
11  ... 

Histogram: Net.QuicSession.NumQueuedPacketsBeforeWrite recorded 1731 samples, mean = 0.0 (flags = 0x41)
0  ------------------------------------------------------------------------O (1731 = 100.0%)
1  ... 

Histogram: Net.QuicSession.NumTotalStreams recorded 118 samples, mean = 1.0 (flags = 0x41)
0  -O                                                                        (2 = 1.7%)
1  ------------------------------------------------------------------------O (115 = 97.5%) {1.7%}
2  ... 
5  -O                                                                        (1 = 0.8%) {99.2%}
7  ... 

Histogram: Net.QuicSession.OutOfOrderGapReceived recorded 10 samples, mean = 18.0 (flags = 0x41)
0   O                                                                         (0 = 0.0%)
1   -O                                                                        (1 = 10.0%) {0.0%}
2   ... 
16  -------O                                                                  (7 = 70.0%) {10.0%}
21  --O                                                                       (2 = 20.0%) {80.0%}
28  ... 

Histogram: Net.QuicSession.OutOfOrderLargePacketsReceived recorded 118 samples, mean = 0.0 (flags = 0x41)
0  ------------------------------------------------------------------------O (115 = 97.5%)
1  --O                                                                       (3 = 2.5%) {97.5%}
2  ... 

Histogram: Net.QuicSession.OutOfOrderPacketsReceived recorded 118 samples, mean = 0.1 (flags = 0x41)
0  ------------------------------------------------------------------------O (108 = 91.5%)
1  -------O                                                                  (10 = 8.5%) {91.5%}
2  ... 

Histogram: Net.QuicSession.PacketGapReceived recorded 52 samples, mean = 2.5 (flags = 0x41)
0  O                                                                         (0 = 0.0%)
1  -----------------O                                                        (17 = 32.7%) {0.0%}
2  O                                                                         (0 = 0.0%) {32.7%}
3  --------------------------O                                               (26 = 50.0%) {32.7%}
4  ---------O                                                                (9 = 17.3%) {82.7%}
5  ... 

Histogram: Net.QuicSession.PacketGapReceivedNearPing recorded 82 samples, mean = 2.4 (flags = 0x41)
0  O                                                                         (0 = 0.0%)
1  ----------------------------------------------O                           (46 = 56.1%) {0.0%}
2  -O                                                                        (1 = 1.2%) {56.1%}
3  O                                                                         (0 = 0.0%) {57.3%}
4  --------------------------O                                               (26 = 31.7%) {57.3%}
5  ---------O                                                                (9 = 11.0%) {89.0%}
7  ... 

Histogram: Net.QuicSession.PacketLossRate_CONNECTION_ETHERNET recorded 11 samples, mean = 87.8 (flags = 0x41)
0    ... 
10   -O                                                                        (1 = 9.1%) {0.0%}
11   ... 
15   -O                                                                        (1 = 9.1%) {9.1%}
16   ... 
71   -O                                                                        (1 = 9.1%) {18.2%}
76   ... 
88   --O                                                                       (2 = 18.2%) {27.3%}
95   --O                                                                       (2 = 18.2%) {45.5%}
102  O                                                                         (0 = 0.0%) {63.6%}
110  -O                                                                        (1 = 9.1%) {63.6%}
118  ---O                                                                      (3 = 27.3%) {72.7%}
127  ... 

Histogram: Net.QuicSession.PacketWriteTime.Synchronous recorded 1357 samples, mean = 0.0 (flags = 0x41)
0  ------------------------------------------------------------------------O (1357 = 100.0%)
1  ... 

Histogram: Net.QuicSession.PacketsBeforeEcnTransition recorded 118 samples, mean = 0.0 (flags = 0x41)
0  ------------------------------------------------------------------------O (118 = 100.0%)
1  ... 

Histogram: Net.QuicSession.PreferAesGcm recorded 1 samples, mean = 1.0 (flags = 0x41)
0  O                                                                         (0 = 0.0%)
1  -O                                                                        (1 = 100.0%) {0.0%}
2  O                                                                         (0 = 0.0%) {100.0%}

Histogram: Net.QuicSession.Qpack.HeaderListCountWhenBlockedStreamLimited recorded 8 samples, mean = 2.9 (flags = 0x41)
0  O                                                                         (0 = 0.0%)
1  ---O                                                                      (3 = 37.5%) {0.0%}
2  -O                                                                        (1 = 12.5%) {37.5%}
3  -O                                                                        (1 = 12.5%) {50.0%}
4  -O                                                                        (1 = 12.5%) {62.5%}
5  -O                                                                        (1 = 12.5%) {75.0%}
6  -O                                                                        (1 = 12.5%) {87.5%}
7  ... 

Histogram: Net.QuicSession.Qpack.HeaderListCountWhenInsertionNotBlocked recorded 121 samples, mean = 1.1 (flags = 0x41)
0  O                                                                         (0 = 0.0%)
1  ------------------------------------------------------------------------O (116 = 95.9%) {0.0%}
2  -O                                                                        (1 = 0.8%) {95.9%}
3  -O                                                                        (1 = 0.8%) {96.7%}
4  -O                                                                        (1 = 0.8%) {97.5%}
5  -O                                                                        (1 = 0.8%) {98.3%}
6  -O                                                                        (1 = 0.8%) {99.2%}
7  ... 

Histogram: Net.QuicSession.Qpack.HeaderListCountWhenNotBlockedStreamLimited recorded 113 samples, mean = 1.0 (flags = 0x41)
0  O                                                                         (0 = 0.0%)
1  ------------------------------------------------------------------------O (113 = 100.0%) {0.0%}
2  ... 

Histogram: Net.QuicSession.QuicVersion recorded 118 samples (flags = 0x41)
80  ------------------------------------------------------------------------O (118 = 100.0%)

Histogram: Net.QuicSession.ReceivedSettings.BlockedStreams recorded 115 samples, mean = 100.0 (flags = 0x41)
0   ... 
95  ------------------------------------------------------------------------O (115 = 100.0%) {0.0%}
107 ... 

Histogram: Net.QuicSession.ReceivedSettings.CountPlusOne recorded 118 samples, mean = 6.9 (flags = 0x41)
0  ... 
3  --O                                                                       (3 = 2.5%) {0.0%}
4  ... 
7  ------------------------------------------------------------------------O (115 = 97.5%) {2.5%}
8  ... 

Histogram: Net.QuicSession.ReceivedSettings.MaxHeaderListSize2 recorded 118 samples, mean = 67202.2 (flags = 0x41)
0       ... 
63662   ------------------------------------------------------------------------O (115 = 97.5%) {0.0%}
83848   O                                                                         (0 = 0.0%) {97.5%}
110434  --O                                                                       (3 = 2.5%) {97.5%}
145450  ... 

Histogram: Net.QuicSession.ReceivedSettings.MaxTableCapacity2 recorded 115 samples, mean = 65536.0 (flags = 0x41)
0      ... 
63662  ------------------------------------------------------------------------O (115 = 100.0%) {0.0%}
83848  ... 

Histogram: Net.QuicSession.ReceivedSettings.ReservedCountPlusOne recorded 118 samples, mean = 2.0 (flags = 0x41)
0  ... 
2  ------------------------------------------------------------------------O (118 = 100.0%) {0.0%}
3  ... 

Histogram: Net.QuicSession.RstStreamErrorCodeServer recorded 3 samples (flags = 0x41)
20  ---O                                                                      (3 = 100.0%)

Histogram: Net.QuicSession.SendPacketSize.0RTT recorded 112 samples, mean = 79.5 (flags = 0x41)
0   ... 
68  ------------O                                                             (16 = 14.3%) {0.0%}
77  ------------------------------------------------------------------------O (96 = 85.7%) {14.3%}
87  ... 

Histogram: Net.QuicSession.SendPacketSize.ForwardSecure recorded 697 samples, mean = 315.4 (flags = 0x41)
0     ... 
28    ------------------------------------------------------------------------O (208 = 29.8%) {0.0%}
32    -----------O                                                              (31 = 4.4%) {29.8%}
36    ---------------------------------------------O                            (131 = 18.8%) {34.3%}
41    ----------------------O                                                   (64 = 9.2%) {53.1%}
47    --O                                                                       (5 = 0.7%) {62.3%}
53    ... 
68    -O                                                                        (3 = 0.4%) {63.0%}
77    -O                                                                        (3 = 0.4%) {63.4%}
87    ... 
113   O                                                                         (1 = 0.1%) {63.8%}
128   ... 
276   ---------------------------------------O                                  (112 = 16.1%) {64.0%}
314   ... 
406   O                                                                         (1 = 0.1%) {80.1%}
461   ... 
595   O                                                                         (1 = 0.1%) {80.2%}
676   O                                                                         (1 = 0.1%) {80.3%}
768   O                                                                         (0 = 0.0%) {80.5%}
872   O                                                                         (1 = 0.1%) {80.5%}
991   -O                                                                        (2 = 0.3%) {80.6%}
1126  ----------------------------------------------O                           (133 = 19.1%) {80.9%}
1279  ... 

Histogram: Net.QuicSession.SendPacketSize.Handshake recorded 140 samples, mean = 85.5 (flags = 0x41)
0   ... 
36  -----O                                                                    (8 = 5.7%) {0.0%}
41  ---O                                                                      (4 = 2.9%) {5.7%}
47  ------O                                                                   (10 = 7.1%) {8.6%}
53  ... 
77  ----O                                                                     (6 = 4.3%) {15.7%}
87  ------------------------------------------------------------------------O (111 = 79.3%) {20.0%}
99  -O                                                                        (1 = 0.7%) {99.3%}
113 ... 

Histogram: Net.QuicSession.SendPacketSize.Initial recorded 418 samples, mean = 751.9 (flags = 0x41)
0     ... 
41    -O                                                                        (2 = 0.5%) {0.0%}
47    -O                                                                        (2 = 0.5%) {0.5%}
53    O                                                                         (1 = 0.2%) {1.0%}
60    ... 
99    ---------------------------O                                              (87 = 20.8%) {1.2%}
113   -----O                                                                    (17 = 4.1%) {22.0%}
128   ---O                                                                      (10 = 2.4%) {26.1%}
145   -----------O                                                              (34 = 8.1%) {28.5%}
165   ----O                                                                     (13 = 3.1%) {36.6%}
188   -----O                                                                    (15 = 3.6%) {39.7%}
214   O                                                                         (1 = 0.2%) {43.3%}
243   ... 
524   -O                                                                        (3 = 0.7%) {43.5%}
595   -O                                                                        (3 = 0.7%) {44.3%}
676   ... 
1126  ------------------------------------------------------------------------O (230 = 55.0%) {45.0%}
1279  ... 

Histogram: Net.QuicSession.ServerSideMtu recorded 118 samples (flags = 0x41)
1200  --O                                                                       (3 = 2.5%)
1250  ------------------------------------------------------------------------O (115 = 97.5%)

Histogram: Net.QuicSession.SmoothedRTT recorded 118 samples, mean = 29.9 (flags = 0x41)
0   ... 
14  --O                                                                       (2 = 1.7%) {0.0%}
17  -O                                                                        (1 = 0.8%) {1.7%}
20  O                                                                         (0 = 0.0%) {2.5%}
24  ----------------------O                                                   (24 = 20.3%) {2.5%}
29  ------------------------------------------------------------------------O (80 = 67.8%) {22.9%}
34  ----------O                                                               (11 = 9.3%) {90.7%}
40  ... 

Histogram: Net.QuicSession.StopSendingErrorCodeClient recorded 3 samples (flags = 0x41)
20  ---O                                                                      (3 = 100.0%)

Histogram: Net.QuicSession.StreamFlowControlBlocked recorded 160 samples, mean = 1.0 (flags = 0x41)
0  O                                                                         (0 = 0.0%)
1  ------------------------------------------------------------------------O (160 = 100.0%) {0.0%}
2  O                                                                         (0 = 0.0%) {100.0%}

Histogram: Net.QuicSession.StreamFrameDuplicatedShortConnection recorded 116 samples, mean = 0.0 (flags = 0x41)
0  ------------------------------------------------------------------------O (116 = 100.0%)
1  ... 

Histogram: Net.QuicSession.TimeFromResolveHostToConfirmConnection recorded 118 samples, mean = 80.2 (flags = 0x41)
0    ----------------O                                                         (16 = 13.6%)
1    -O                                                                        (1 = 0.8%) {13.6%}
2    ... 
17   ---------O                                                                (9 = 7.6%) {14.4%}
20   ---------------------------------------------O                            (45 = 38.1%) {22.0%}
24   ------------------------------O                                           (30 = 25.4%) {60.2%}
29   ---O                                                                      (3 = 2.5%) {85.6%}
34   ... 
57   --O                                                                       (2 = 1.7%) {88.1%}
68   ... 
226  -O                                                                        (1 = 0.8%) {89.8%}
268  ... 
449  -O                                                                        (1 = 0.8%) {90.7%}
533  O                                                                         (0 = 0.0%) {91.5%}
633  ----------O                                                               (10 = 8.5%) {91.5%}
752  ... 

Histogram: Net.QuicSession.TooManyOpenStreams recorded 121 samples, mean = 0.0 (flags = 0x41)
0  ------------------------------------------------------------------------O (121 = 100.0%)
1  ... 

Histogram: Net.QuicSession.TooSmallInitialSentPacket recorded 189 samples, mean = 1049.4 (flags = 0x41)
0     ... 
7     -O                                                                        (1 = 0.5%) {0.0%}
8     ... 
571   --O                                                                       (3 = 1.6%) {0.5%}
646   --O                                                                       (3 = 1.6%) {2.1%}
731   ... 
936   --------------------------------------O                                   (63 = 33.3%) {3.7%}
1060  ------------------------------------------------------------------------O (119 = 63.0%) {37.0%}
1200  O                                                                         (0 = 0.0%) {100.0%}

Histogram: Net.QuicSession.UndecryptablePacketsReceived recorded 118 samples, mean = 0.8 (flags = 0x41)
0  ------------------------------------------------------------------------O (106 = 89.8%)
1  O                                                                         (0 = 0.0%) {89.8%}
2  -O                                                                        (2 = 1.7%) {89.8%}
3  -O                                                                        (1 = 0.8%) {91.5%}
4  ... 
7  -O                                                                        (1 = 0.8%) {92.4%}
9  -----O                                                                    (8 = 6.8%) {93.2%}
12 ... 

Histogram: Net.QuicSession.UndecryptablePacketsReceivedWithDecrypter recorded 118 samples, mean = 0.0 (flags = 0x41)
0  ------------------------------------------------------------------------O (118 = 100.0%)
1  ... 

Histogram: Net.QuicSession.ValidConnectionTime recorded 103 samples, mean = 0.0 (flags = 0x41)
0  ------------------------------------------------------------------------O (100 = 97.1%)
1  --O                                                                       (3 = 2.9%) {97.1%}
2  ... 

Histogram: Net.QuicSession.VerifyProofTime recorded 118 samples, mean = 59.9 (flags = 0x41)
0    ------------------------------------------------------------------------O (104 = 88.1%)
1    ... 
8    -O                                                                        (1 = 0.8%) {88.1%}
10   ... 
14   -O                                                                        (1 = 0.8%) {89.0%}
17   ... 
160  -O                                                                        (1 = 0.8%) {89.8%}
190  ... 
378  -O                                                                        (1 = 0.8%) {90.7%}
449  O                                                                         (0 = 0.0%) {91.5%}
533  -O                                                                        (1 = 0.8%) {91.5%}
633  ------O                                                                   (9 = 7.6%) {92.4%}
752  ... 

Histogram: Net.QuicSession.VerifyProofTime.google recorded 2 samples, mean = 8.0 (flags = 0x41)
0   -O                                                                        (1 = 50.0%)
1   ... 
14  -O                                                                        (1 = 50.0%) {50.0%}
17  ... 

Histogram: Net.QuicSession.ZeroRttReason recorded 118 samples, mean = 2.2 (flags = 0x41)
0  ... 
2  ------------------------------------------------------------------------O (112 = 94.9%) {0.0%}
3  ... 
5  ----O                                                                     (6 = 5.1%) {94.9%}
6  ... 

Histogram: Net.QuicSession.ZeroRttReasonGoogle recorded 115 samples, mean = 2.1 (flags = 0x41)
0  ... 
2  ------------------------------------------------------------------------O (112 = 97.4%) {0.0%}
3  ... 
5  --O                                                                       (3 = 2.6%) {97.4%}
6  ... 

Histogram: Net.QuicSession.ZeroRttReasonNonGoogle recorded 3 samples, mean = 5.0 (flags = 0x41)
0  ... 
5  ---O                                                                      (3 = 100.0%) {0.0%}
6  ... 

Histogram: Net.QuicSession.ZeroRttState recorded 118 samples, mean = 0.1 (flags = 0x41)
0  ------------------------------------------------------------------------O (112 = 94.9%)
1  O                                                                         (0 = 0.0%) {94.9%}
2  ----O                                                                     (6 = 5.1%) {94.9%}
3  O                                                                         (0 = 0.0%) {100.0%}

Histogram: Net.RestrictedCookieManager.SiteForCookiesOK recorded 2 samples, mean = 1.0 (flags = 0x41)
0  O                                                                         (0 = 0.0%)
1  --O                                                                       (2 = 100.0%) {0.0%}
2  O                                                                         (0 = 0.0%) {100.0%}

Histogram: Net.RestrictedCookieManager.TopFrameOriginOK recorded 2 samples, mean = 1.0 (flags = 0x41)
0  O                                                                         (0 = 0.0%)
1  --O                                                                       (2 = 100.0%) {0.0%}
2  O                                                                         (0 = 0.0%) {100.0%}

Histogram: Net.SSLHandshakeDetails recorded 15 samples, mean = 6.5 (flags = 0x41)
0  ... 
6  -------O                                                                  (7 = 46.7%) {0.0%}
7  --------O                                                                 (8 = 53.3%) {46.7%}
8  ... 

Histogram: Net.SSLNegotiatedAlpnProtocol recorded 15 samples, mean = 1.9 (flags = 0x41)
0  O                                                                         (0 = 0.0%)
1  -O                                                                        (1 = 6.7%) {0.0%}
2  --------------O                                                           (14 = 93.3%) {6.7%}
3  ... 

Histogram: Net.SSLRenegotiationInfoSupported recorded 15 samples, mean = 1.0 (flags = 0x41)
0  O                                                                         (0 = 0.0%)
1  ---------------O                                                          (15 = 100.0%) {0.0%}
2  O                                                                         (0 = 0.0%) {100.0%}

Histogram: Net.SSLSignatureAlgorithm recorded 15 samples (flags = 0x41)
1027  ------------O                                                             (12 = 80.0%)
2052  ---O                                                                      (3 = 20.0%)

Histogram: Net.SSLVersion recorded 15 samples, mean = 6.0 (flags = 0x41)
0  ... 
6  ---------------O                                                          (15 = 100.0%) {0.0%}
7  ... 

Histogram: Net.SSL_CipherSuite recorded 15 samples (flags = 0x41)
4865  ------O                                                                   (6 = 40.0%)
4866  ---------O                                                                (9 = 60.0%)

Histogram: Net.SSL_Connection_Error recorded 15 samples (flags = 0x41)
0  ---------------O                                                          (15 = 100.0%)

Histogram: Net.SSL_Connection_Latency_2 recorded 15 samples, mean = 551.4 (flags = 0x41)
0    ... 
34   -O                                                                        (1 = 6.7%) {0.0%}
38   ... 
535  ---------O                                                                (9 = 60.0%) {6.7%}
590  ---O                                                                      (3 = 20.0%) {66.7%}
651  --O                                                                       (2 = 13.3%) {86.7%}
718  ... 

Histogram: Net.SSL_KeyExchange.ECDHE recorded 15 samples (flags = 0x41)
29     -------------O                                                            (13 = 86.7%)
25497  --O                                                                       (2 = 13.3%)

Histogram: Net.SharedDictionaryStorageOnDisk.IsMetadataReadyOnFirstUse recorded 1 samples, mean = 1.0 (flags = 0x41)
0  O                                                                         (0 = 0.0%)
1  -O                                                                        (1 = 100.0%) {0.0%}
2  O                                                                         (0 = 0.0%) {100.0%}

Histogram: Net.SharedDictionaryStorageOnDisk.MetadataReadTime.Empty recorded 1 samples, mean = 0.0 (flags = 0x41)
0  -O                                                                        (1 = 100.0%)
1  ... 

Histogram: Net.SharedDictionaryStore.DeleteExpiredDictionaries.Error recorded 2 samples, mean = 0.0 (flags = 0x41)
0  --O                                                                       (2 = 100.0%)
1  ... 

Histogram: Net.SharedDictionaryStore.GetDictionaries.Error recorded 1 samples, mean = 0.0 (flags = 0x41)
0  -O                                                                        (1 = 100.0%)
1  ... 

Histogram: Net.SharedDictionaryStore.ProcessEviction.Error recorded 1 samples, mean = 0.0 (flags = 0x41)
0  -O                                                                        (1 = 100.0%)
1  ... 

Histogram: Net.SpdyHeadersCompressionPercentage recorded 4 samples, mean = 48.5 (flags = 0x41)
0   ... 
34  -O                                                                        (1 = 25.0%) {0.0%}
35  ... 
40  -O                                                                        (1 = 25.0%) {25.0%}
41  -O                                                                        (1 = 25.0%) {50.0%}
42  ... 
79  -O                                                                        (1 = 25.0%) {75.0%}
80  ... 

Histogram: Net.SpdyResponseCode recorded 4 samples (flags = 0x41)
200  -O                                                                        (1 = 25.0%)
204  -O                                                                        (1 = 25.0%)
302  -O                                                                        (1 = 25.0%)
304  -O                                                                        (1 = 25.0%)

Histogram: Net.SpdySession.AcceptChForOrigin recorded 4 samples, mean = 0.0 (flags = 0x41)
0  ----O                                                                     (4 = 100.0%)
1  ... 

Histogram: Net.SpdySession.ClosedOnError recorded 3 samples (flags = 0x41)
0  ---O                                                                      (3 = 100.0%)

Histogram: Net.SpdySession.CreateStreamWithSocketConnected recorded 4 samples, mean = 1.0 (flags = 0x41)
0  O                                                                         (0 = 0.0%)
1  ----O                                                                     (4 = 100.0%) {0.0%}
2  O                                                                         (0 = 0.0%) {100.0%}

Histogram: Net.SpdySession.GoAwayReceived recorded 3 samples (flags = 0x41)
0  ---O                                                                      (3 = 100.0%)

Histogram: Net.SpdySession.OnSettings.ActiveStreamCount2 recorded 3 samples, mean = 1.0 (flags = 0x41)
0  O                                                                         (0 = 0.0%)
1  ---O                                                                      (3 = 100.0%) {0.0%}
2  ... 

Histogram: Net.SpdySession.OnSettings.CreatedAndActiveStreamCount2 recorded 3 samples, mean = 1.0 (flags = 0x41)
0  O                                                                         (0 = 0.0%)
1  ---O                                                                      (3 = 100.0%) {0.0%}
2  ... 

Histogram: Net.SpdySession.OnSettings.CreatedStreamCount2 recorded 3 samples, mean = 0.0 (flags = 0x41)
0  ---O                                                                      (3 = 100.0%)
1  ... 

Histogram: Net.SpdySession.OnSettings.PendingStreamCount2 recorded 3 samples, mean = 0.0 (flags = 0x41)
0  ---O                                                                      (3 = 100.0%)
1  ... 

Histogram: Net.SpdySession.ServerSupportsWebSocket recorded 3 samples, mean = 0.0 (flags = 0x41)
0  ---O                                                                      (3 = 100.0%)
1  ... 

Histogram: Net.SpdySessionGet recorded 4 samples, mean = 2.5 (flags = 0x41)
0  O                                                                         (0 = 0.0%)
1  -O                                                                        (1 = 25.0%) {0.0%}
2  O                                                                         (0 = 0.0%) {25.0%}
3  ---O                                                                      (3 = 75.0%) {25.0%}
4  O                                                                         (0 = 0.0%) {100.0%}

Histogram: Net.SpdyStreamsAbandonedPerSession recorded 3 samples, mean = 0.0 (flags = 0x41)
0  ---O                                                                      (3 = 100.0%)
1  ... 

Histogram: Net.SpdyStreamsPerSession recorded 3 samples, mean = 1.3 (flags = 0x41)
0  O                                                                         (0 = 0.0%)
1  --O                                                                       (2 = 66.7%) {0.0%}
2  -O                                                                        (1 = 33.3%) {66.7%}
3  ... 

Histogram: Net.TCP_Connection_Latency recorded 24 samples, mean = 21.5 (flags = 0x41)
0   ... 
2   --O                                                                       (2 = 8.3%) {0.0%}
3   O                                                                         (0 = 0.0%) {8.3%}
4   --O                                                                       (2 = 8.3%) {8.3%}
5   O                                                                         (0 = 0.0%) {16.7%}
6   -O                                                                        (1 = 4.2%) {16.7%}
7   ... 
9   -O                                                                        (1 = 4.2%) {20.8%}
10  ... 
14  --O                                                                       (2 = 8.3%) {25.0%}
16  -O                                                                        (1 = 4.2%) {33.3%}
18  -O                                                                        (1 = 4.2%) {37.5%}
20  O                                                                         (0 = 0.0%) {41.7%}
23  --O                                                                       (2 = 8.3%) {41.7%}
26  ---O                                                                      (3 = 12.5%) {50.0%}
29  -------O                                                                  (7 = 29.2%) {62.5%}
33  -O                                                                        (1 = 4.2%) {91.7%}
37  ... 
48  -O                                                                        (1 = 4.2%) {95.8%}
54  ... 

Histogram: Net.TcpConnectAttempt.Latency.Error recorded 12 samples, mean = 2114.4 (flags = 0x41)
0     ... 
1996  ------------O                                                             (12 = 100.0%) {0.0%}
2449  ... 

Histogram: Net.TcpConnectAttempt.Latency.Success recorded 24 samples, mean = 21.3 (flags = 0x41)
0   ------O                                                                   (6 = 25.0%)
10  ... 
15  ---O                                                                      (3 = 12.5%) {25.0%}
18  -O                                                                        (1 = 4.2%) {37.5%}
22  ----O                                                                     (4 = 16.7%) {41.7%}
27  --------O                                                                 (8 = 33.3%) {58.3%}
33  -O                                                                        (1 = 4.2%) {91.7%}
41  O                                                                         (0 = 0.0%) {95.8%}
50  -O                                                                        (1 = 4.2%) {95.8%}
61  ... 

Histogram: Net.UDPSocketWinClose recorded 714 samples, mean = 0.0 (flags = 0x41)
0  ------------------------------------------------------------------------O (714 = 100.0%)
1  ... 

Histogram: Net.URLLoaderThrottle.OnReceiveResponseTime recorded 48 samples, mean = 0.1 (flags = 0x41)
0  -----------------------------------------------O                          (47 = 97.9%)
1  ... 
4  -O                                                                        (1 = 2.1%) {97.9%}
5  ... 

Histogram: Net.URLLoaderThrottleExecutionTime.BeforeWillProcessResponse recorded 242 samples, mean = 0.0 (flags = 0x41)
0  ------------------------------------------------------------------------O (242 = 100.0%)
1  ... 

Histogram: Net.URLLoaderThrottleExecutionTime.WillOnCompleteWithError recorded 24 samples, mean = 0.0 (flags = 0x41)
0  ------------------------O                                                 (24 = 100.0%)
1  ... 

Histogram: Net.URLLoaderThrottleExecutionTime.WillProcessResponse recorded 242 samples, mean = 0.0 (flags = 0x41)
0  ------------------------------------------------------------------------O (242 = 100.0%)
1  ... 

Histogram: Net.URLLoaderThrottleExecutionTime.WillRedirectRequest recorded 26 samples, mean = 0.0 (flags = 0x41)
0  --------------------------O                                               (26 = 100.0%)
1  ... 

Histogram: Net.URLLoaderThrottleExecutionTime.WillStartRequest recorded 266 samples, mean = 0.0 (flags = 0x41)
0  ------------------------------------------------------------------------O (266 = 100.0%)
1  ... 

Histogram: Net.URLRequest.ReferrerHasInformativePath.CrossOrigin recorded 170 samples, mean = 0.0 (flags = 0x41)
0  ------------------------------------------------------------------------O (170 = 100.0%)
1  ... 

Histogram: Net.URLRequest.ReferrerHasInformativePath.SameOrigin recorded 14 samples, mean = 1.0 (flags = 0x41)
0  O                                                                         (0 = 0.0%)
1  --------------O                                                           (14 = 100.0%) {0.0%}
2  O                                                                         (0 = 0.0%) {100.0%}

Histogram: Net.URLRequest.ReferrerPolicyForRequest.CrossOrigin recorded 170 samples, mean = 2.5 (flags = 0x41)
0  O                                                                         (0 = 0.0%)
1  -------------------------O                                                (44 = 25.9%) {0.0%}
2  O                                                                         (0 = 0.0%) {25.9%}
3  ------------------------------------------------------------------------O (126 = 74.1%) {25.9%}
4  ... 

Histogram: Net.URLRequest.ReferrerPolicyForRequest.SameOrigin recorded 14 samples, mean = 1.0 (flags = 0x41)
0  O                                                                         (0 = 0.0%)
1  --------------O                                                           (14 = 100.0%) {0.0%}
2  ... 

Histogram: Network.Mdns.Googlecast recorded 71 samples, mean = 0.0 (flags = 0x41)
0  -----------------------------------------------------------------------O  (71 = 100.0%)
1  ... 

Histogram: NetworkService.DeletedOldCacheData recorded 1 samples, mean = 0.0 (flags = 0x41)
0  -O                                                                        (1 = 100.0%)
1  ... 

Histogram: NetworkService.GrantSandboxResult recorded 3 samples, mean = 9.0 (flags = 0x41)
0   ... 
7   -O                                                                        (1 = 33.3%) {0.0%}
8   ... 
10  --O                                                                       (2 = 66.7%) {33.3%}
11  ... 

Histogram: NetworkService.NetworkLoaderCompletionTime2.DiskCache recorded 39 samples, mean = 33.2 (flags = 0x41)
0    ... 
2    -O                                                                        (1 = 2.6%) {0.0%}
3    ----O                                                                     (4 = 10.3%) {2.6%}
4    -O                                                                        (1 = 2.6%) {12.8%}
5    O                                                                         (0 = 0.0%) {15.4%}
6    ----O                                                                     (4 = 10.3%) {15.4%}
7    -O                                                                        (1 = 2.6%) {25.6%}
8    O                                                                         (0 = 0.0%) {28.2%}
10   -O                                                                        (1 = 2.6%) {28.2%}
12   --------O                                                                 (8 = 20.5%) {30.8%}
14   -O                                                                        (1 = 2.6%) {51.3%}
17   ----O                                                                     (4 = 10.3%) {53.8%}
20   --------O                                                                 (8 = 20.5%) {64.1%}
24   ----O                                                                     (4 = 10.3%) {84.6%}
29   ... 
68   -O                                                                        (1 = 2.6%) {94.9%}
81   ... 
633  -O                                                                        (1 = 2.6%) {97.4%}
752  ... 

Histogram: NetworkService.NetworkLoaderCompletionTime2.Network recorded 134 samples, mean = 440.4 (flags = 0x41)
0     ... 
29    --O                                                                       (2 = 1.5%) {0.0%}
34    ... 
48    ---O                                                                      (3 = 2.2%) {1.5%}
57    -------O                                                                  (7 = 5.2%) {3.7%}
68    O                                                                         (0 = 0.0%) {9.0%}
81    ----O                                                                     (4 = 3.0%) {9.0%}
96    --O                                                                       (2 = 1.5%) {11.9%}
114   O                                                                         (0 = 0.0%) {13.4%}
135   -O                                                                        (1 = 0.7%) {13.4%}
160   ... 
268   --------O                                                                 (8 = 6.0%) {14.2%}
318   -----------------------O                                                  (23 = 17.2%) {20.1%}
378   ---------------------------O                                              (27 = 20.1%) {37.3%}
449   -----------------------O                                                  (23 = 17.2%) {57.5%}
533   ----------------------O                                                   (22 = 16.4%) {74.6%}
633   ---O                                                                      (3 = 2.2%) {91.0%}
752   O                                                                         (0 = 0.0%) {93.3%}
894   ---O                                                                      (3 = 2.2%) {93.3%}
1062  ------O                                                                   (6 = 4.5%) {95.5%}
1262  ... 

Histogram: NetworkService.TimeToGrantCacheAccess recorded 1 samples, mean = 9.0 (flags = 0x41)
0  ... 
8  -O                                                                        (1 = 100.0%) {0.0%}
10 ... 

Histogram: NetworkService.TimeToGrantDataAccess recorded 2 samples, mean = 2.5 (flags = 0x41)
0  O                                                                         (0 = 0.0%)
1  -O                                                                        (1 = 50.0%) {0.0%}
2  ... 
4  -O                                                                        (1 = 50.0%) {50.0%}
5  ... 

Histogram: NetworkService.TimeToGrantSharedDictionaryAccess recorded 1 samples, mean = 11.0 (flags = 0x41)
0   ... 
10  -O                                                                        (1 = 100.0%) {0.0%}
12  ... 

Histogram: NetworkedProfile.Check recorded 1 samples, mean = 4.0 (flags = 0x41)
0  ... 
4  -O                                                                        (1 = 100.0%) {0.0%}
5  ... 

Histogram: NewTabPage.MostVisited.DeciScore.0.Local recorded 1 samples, mean = 301.0 (flags = 0x41)
0    ... 
258  -O                                                                        (1 = 100.0%) {0.0%}
340  ... 

Histogram: NewTabPage.MostVisited.DeciScore.1.Local recorded 1 samples, mean = 301.0 (flags = 0x41)
0    ... 
258  -O                                                                        (1 = 100.0%) {0.0%}
340  ... 

Histogram: Notifications.UsingSystemNotificationCenter recorded 1 samples, mean = 0.0 (flags = 0x41)
0  -O                                                                        (1 = 100.0%)
1  ... 

Histogram: Notifications.Windows.GetDisplayedStatus recorded 1 samples, mean = 0.0 (flags = 0x41)
0  -O                                                                        (1 = 100.0%)
1  ... 

Histogram: Notifications.Windows.GetSettingStatusStartup recorded 1 samples, mean = 1.0 (flags = 0x41)
0  O                                                                         (0 = 0.0%)
1  -O                                                                        (1 = 100.0%) {0.0%}
2  O                                                                         (0 = 0.0%) {100.0%}

Histogram: Notifications.Windows.HistoryStatus recorded 1 samples, mean = 0.0 (flags = 0x41)
0  -O                                                                        (1 = 100.0%)
1  ... 

Histogram: Notifications.Windows.SetReadyCallbackStatus2 recorded 1 samples, mean = 3.0 (flags = 0x41)
0  ... 
3  -O                                                                        (1 = 100.0%) {0.0%}
4  ... 

Histogram: Notifications.Windows.StartMenuShortcutStatus recorded 1 samples, mean = 2.0 (flags = 0x41)
0  ... 
2  -O                                                                        (1 = 100.0%) {0.0%}
3  ... 

Histogram: OSCrypt.AppBoundEncryption.SupportLevel recorded 1 samples, mean = 4.0 (flags = 0x41)
0  ... 
4  -O                                                                        (1 = 100.0%) {0.0%}
5  ... 

Histogram: OSCrypt.AppBoundProvider.KeyRetrieval.Status recorded 1 samples, mean = 1.0 (flags = 0x41)
0  O                                                                         (0 = 0.0%)
1  -O                                                                        (1 = 100.0%) {0.0%}
2  ... 

Histogram: OSCrypt.AsyncInitialization.Result recorded 1 samples, mean = 1.0 (flags = 0x41)
0  O                                                                         (0 = 0.0%)
1  -O                                                                        (1 = 100.0%) {0.0%}
2  O                                                                         (0 = 0.0%) {100.0%}

Histogram: OSCrypt.AsyncInitialization.Time recorded 1 samples, mean = 0.0 (flags = 0x41)
0  -O                                                                        (1 = 100.0%)
1  ... 

Histogram: OSCrypt.DPAPIProvider.Status recorded 1 samples, mean = 0.0 (flags = 0x41)
0  -O                                                                        (1 = 100.0%)
1  ... 

Histogram: OSCrypt.Win.Decrypt.Result recorded 1 samples, mean = 1.0 (flags = 0x41)
0  O                                                                         (0 = 0.0%)
1  -O                                                                        (1 = 100.0%) {0.0%}
2  O                                                                         (0 = 0.0%) {100.0%}

Histogram: OSCrypt.Win.Decrypt.Time recorded 1 samples, mean = 0.0 (flags = 0x41)
0  -O                                                                        (1 = 100.0%)
1  ... 

Histogram: Omnibox.TemplateUrl.RlzPresent recorded 318 samples, mean = 0.0 (flags = 0x41)
0  ------------------------------------------------------------------------O (318 = 100.0%)
1  ... 

Histogram: Omnibox.TemplateUrl.SearchClientPresent recorded 318 samples, mean = 0.0 (flags = 0x41)
0  ------------------------------------------------------------------------O (318 = 100.0%)
1  ... 

Histogram: OptimizationGuide.ApplyDecision.AboutThisSite recorded 1 samples, mean = 8.0 (flags = 0x41)
0  ... 
8  -O                                                                        (1 = 100.0%) {0.0%}
9  ... 

Histogram: OptimizationGuide.ApplyDecision.HistoryClusters recorded 4 samples, mean = 8.0 (flags = 0x41)
0  ... 
8  ----O                                                                     (4 = 100.0%) {0.0%}
9  ... 

Histogram: OptimizationGuide.ApplyDecision.PageEntities recorded 4 samples, mean = 8.0 (flags = 0x41)
0  ... 
8  ----O                                                                     (4 = 100.0%) {0.0%}
9  ... 

Histogram: OptimizationGuide.ApplyDecision.PriceInsights recorded 2 samples, mean = 10.0 (flags = 0x41)
0   ... 
8   -O                                                                        (1 = 50.0%) {0.0%}
9   ... 
12  -O                                                                        (1 = 50.0%) {50.0%}
13  O                                                                         (0 = 0.0%) {100.0%}

Histogram: OptimizationGuide.ApplyDecision.PriceTracking recorded 2 samples, mean = 10.0 (flags = 0x41)
0   ... 
8   -O                                                                        (1 = 50.0%) {0.0%}
9   ... 
12  -O                                                                        (1 = 50.0%) {50.0%}
13  O                                                                         (0 = 0.0%) {100.0%}

Histogram: OptimizationGuide.ApplyDecision.SalientImage recorded 4 samples, mean = 8.0 (flags = 0x41)
0  ... 
8  ----O                                                                     (4 = 100.0%) {0.0%}
9  ... 

Histogram: OptimizationGuide.ApplyDecision.V8CompileHints recorded 1 samples, mean = 8.0 (flags = 0x41)
0  ... 
8  -O                                                                        (1 = 100.0%) {0.0%}
9  ... 

Histogram: OptimizationGuide.HintCacheLevelDBStore.LoadMetadataResult recorded 1 samples, mean = 6.0 (flags = 0x41)
0  ... 
6  -O                                                                        (1 = 100.0%) {0.0%}
7  O                                                                         (0 = 0.0%) {100.0%}

Histogram: OptimizationGuide.HintCacheLevelDBStore.Status recorded 3 samples, mean = 1.0 (flags = 0x41)
0  -O                                                                        (1 = 33.3%)
1  -O                                                                        (1 = 33.3%) {33.3%}
2  -O                                                                        (1 = 33.3%) {66.7%}
3  ... 

Histogram: OptimizationGuide.HintsManager.HintCacheInitialized recorded 1 samples, mean = 1.0 (flags = 0x40)
0  O                                                                         (0 = 0.0%)
1  -O                                                                        (1 = 100.0%) {0.0%}
2  O                                                                         (0 = 0.0%) {100.0%}

Histogram: OptimizationGuide.LoadedHint.Result recorded 4 samples, mean = 0.0 (flags = 0x40)
0  ----O                                                                     (4 = 100.0%)
1  ... 

Histogram: OptimizationGuide.ModelExecution.FeatureCurrentlyEnabledResult.Compose recorded 1 samples, mean = 1.0 (flags = 0x41)
0  O                                                                         (0 = 0.0%)
1  -O                                                                        (1 = 100.0%) {0.0%}
2  ... 

Histogram: OptimizationGuide.ModelExecution.FeatureCurrentlyEnabledResult.HistorySearch recorded 2 samples, mean = 3.0 (flags = 0x41)
0  ... 
3  --O                                                                       (2 = 100.0%) {0.0%}
4  ... 

Histogram: OptimizationGuide.ModelExecution.FeatureCurrentlyEnabledResult.TabOrganization recorded 1 samples, mean = 3.0 (flags = 0x41)
0  ... 
3  -O                                                                        (1 = 100.0%) {0.0%}
4  ... 

Histogram: OptimizationGuide.ModelExecution.FeatureCurrentlyEnabledResult.WallpaperSearch recorded 1 samples, mean = 1.0 (flags = 0x41)
0  O                                                                         (0 = 0.0%)
1  -O                                                                        (1 = 100.0%) {0.0%}
2  ... 

Histogram: OptimizationGuide.ModelExecution.FeatureEnabledAtStartup.Compose recorded 1 samples, mean = 0.0 (flags = 0x41)
0  -O                                                                        (1 = 100.0%)
1  ... 

Histogram: OptimizationGuide.ModelExecution.FeatureEnabledAtStartup.HistorySearch recorded 1 samples, mean = 0.0 (flags = 0x41)
0  -O                                                                        (1 = 100.0%)
1  ... 

Histogram: OptimizationGuide.ModelExecution.FeatureEnabledAtStartup.TabOrganization recorded 1 samples, mean = 0.0 (flags = 0x41)
0  -O                                                                        (1 = 100.0%)
1  ... 

Histogram: OptimizationGuide.ModelExecution.FeatureEnabledAtStartup.WallpaperSearch recorded 1 samples, mean = 0.0 (flags = 0x41)
0  -O                                                                        (1 = 100.0%)
1  ... 

Histogram: OptimizationGuide.ModelExecution.OnDeviceModelInstallCriteria.AtRegistration.All recorded 1 samples, mean = 0.0 (flags = 0x41)
0  -O                                                                        (1 = 100.0%)
1  ... 

Histogram: OptimizationGuide.ModelExecution.OnDeviceModelInstallCriteria.AtRegistration.DeviceCapability recorded 1 samples, mean = 0.0 (flags = 0x41)
0  -O                                                                        (1 = 100.0%)
1  ... 

Histogram: OptimizationGuide.ModelExecution.OnDeviceModelInstallCriteria.AtRegistration.DiskSpace recorded 1 samples, mean = 1.0 (flags = 0x41)
0  O                                                                         (0 = 0.0%)
1  -O                                                                        (1 = 100.0%) {0.0%}
2  O                                                                         (0 = 0.0%) {100.0%}

Histogram: OptimizationGuide.ModelExecution.OnDeviceModelInstallCriteria.AtRegistration.EnabledByEnterprisePolicy recorded 1 samples, mean = 1.0 (flags = 0x41)
0  O                                                                         (0 = 0.0%)
1  -O                                                                        (1 = 100.0%) {0.0%}
2  O                                                                         (0 = 0.0%) {100.0%}

Histogram: OptimizationGuide.ModelExecution.OnDeviceModelInstallCriteria.AtRegistration.EnabledByFeature recorded 1 samples, mean = 0.0 (flags = 0x41)
0  -O                                                                        (1 = 100.0%)
1  ... 

Histogram: OptimizationGuide.ModelExecution.OnDeviceModelInstallCriteria.AtRegistration.FeatureUse recorded 1 samples, mean = 0.0 (flags = 0x41)
0  -O                                                                        (1 = 100.0%)
1  ... 

Histogram: OptimizationGuide.ModelExecutor.ExecutionStatus.PageVisibility recorded 4 samples, mean = 3.0 (flags = 0x41)
0  ... 
3  ----O                                                                     (4 = 100.0%) {0.0%}
4  ... 

Histogram: OptimizationGuide.ModelExecutor.ModelAvailableToLoad.PageVisibility recorded 4 samples, mean = 0.0 (flags = 0x41)
0  ----O                                                                     (4 = 100.0%)
1  ... 

Histogram: OptimizationGuide.ModelExecutor.TaskExecutionLatency.PageVisibility recorded 4 samples, mean = 8.0 (flags = 0x41)
0  ... 
8  ----O                                                                     (4 = 100.0%) {0.0%}
10 ... 

Histogram: OptimizationGuide.ModelExecutor.TaskSchedulingLatency.PageVisibility recorded 4 samples, mean = 0.0 (flags = 0x41)
0  ----O                                                                     (4 = 100.0%)
1  ... 

Histogram: OptimizationGuide.ModelHandler.HandlerCreated.GeolocationPermissions recorded 1 samples, mean = 1.0 (flags = 0x41)
0  O                                                                         (0 = 0.0%)
1  -O                                                                        (1 = 100.0%) {0.0%}
2  O                                                                         (0 = 0.0%) {100.0%}

Histogram: OptimizationGuide.ModelHandler.HandlerCreated.NewTabPageHistoryClustersModuleRanking recorded 1 samples, mean = 1.0 (flags = 0x41)
0  O                                                                         (0 = 0.0%)
1  -O                                                                        (1 = 100.0%) {0.0%}
2  O                                                                         (0 = 0.0%) {100.0%}

Histogram: OptimizationGuide.ModelHandler.HandlerCreated.NotificationPermissions recorded 1 samples, mean = 1.0 (flags = 0x41)
0  O                                                                         (0 = 0.0%)
1  -O                                                                        (1 = 100.0%) {0.0%}
2  O                                                                         (0 = 0.0%) {100.0%}

Histogram: OptimizationGuide.ModelHandler.HandlerCreated.OmniboxUrlScoring recorded 1 samples, mean = 1.0 (flags = 0x41)
0  O                                                                         (0 = 0.0%)
1  -O                                                                        (1 = 100.0%) {0.0%}
2  O                                                                         (0 = 0.0%) {100.0%}

Histogram: OptimizationGuide.ModelHandler.HandlerCreated.PageTopicsV2 recorded 1 samples, mean = 1.0 (flags = 0x41)
0  O                                                                         (0 = 0.0%)
1  -O                                                                        (1 = 100.0%) {0.0%}
2  O                                                                         (0 = 0.0%) {100.0%}

Histogram: OptimizationGuide.ModelHandler.HandlerCreated.PageVisibility recorded 1 samples, mean = 1.0 (flags = 0x41)
0  O                                                                         (0 = 0.0%)
1  -O                                                                        (1 = 100.0%) {0.0%}
2  O                                                                         (0 = 0.0%) {100.0%}

Histogram: OptimizationGuide.ModelHandler.HandlerCreated.SegmentationChromeLowUserEngagement recorded 1 samples, mean = 1.0 (flags = 0x41)
0  O                                                                         (0 = 0.0%)
1  -O                                                                        (1 = 100.0%) {0.0%}
2  O                                                                         (0 = 0.0%) {100.0%}

Histogram: OptimizationGuide.ModelHandler.HandlerCreated.SegmentationComposePromotion recorded 1 samples, mean = 1.0 (flags = 0x41)
0  O                                                                         (0 = 0.0%)
1  -O                                                                        (1 = 100.0%) {0.0%}
2  O                                                                         (0 = 0.0%) {100.0%}

Histogram: OptimizationGuide.ModelHandler.HandlerCreated.SegmentationDeviceSwitcher recorded 1 samples, mean = 1.0 (flags = 0x41)
0  O                                                                         (0 = 0.0%)
1  -O                                                                        (1 = 100.0%) {0.0%}
2  O                                                                         (0 = 0.0%) {100.0%}

Histogram: OptimizationGuide.ModelHandler.HandlerCreated.SegmentationSearchUser recorded 1 samples, mean = 1.0 (flags = 0x41)
0  O                                                                         (0 = 0.0%)
1  -O                                                                        (1 = 100.0%) {0.0%}
2  O                                                                         (0 = 0.0%) {100.0%}

Histogram: OptimizationGuide.ModelHandler.HandlerCreated.SegmentationShoppingUser recorded 1 samples, mean = 1.0 (flags = 0x41)
0  O                                                                         (0 = 0.0%)
1  -O                                                                        (1 = 100.0%) {0.0%}
2  O                                                                         (0 = 0.0%) {100.0%}

Histogram: OptimizationGuide.ModelHandler.HandlerCreated.URLVisitResumptionRanker recorded 1 samples, mean = 1.0 (flags = 0x41)
0  O                                                                         (0 = 0.0%)
1  -O                                                                        (1 = 100.0%) {0.0%}
2  O                                                                         (0 = 0.0%) {100.0%}

Histogram: OptimizationGuide.ModelHandler.HandlerCreated.WebAppInstallationPromo recorded 1 samples, mean = 1.0 (flags = 0x41)
0  O                                                                         (0 = 0.0%)
1  -O                                                                        (1 = 100.0%) {0.0%}
2  O                                                                         (0 = 0.0%) {100.0%}

Histogram: OptimizationGuide.PageContentAnnotations.AnnotateVisitResultCached recorded 4 samples, mean = 0.0 (flags = 0x41)
0  ----O                                                                     (4 = 100.0%)
1  ... 

Histogram: OptimizationGuide.PageContentAnnotations.BatchRequestedSize.ContentVisibility recorded 1 samples, mean = 4.0 (flags = 0x41)
0  ... 
4  -O                                                                        (1 = 100.0%) {0.0%}
5  ... 

Histogram: OptimizationGuide.PageContentAnnotations.BatchSuccess.ContentVisibility recorded 1 samples, mean = 0.0 (flags = 0x41)
0  -O                                                                        (1 = 100.0%)
1  ... 

Histogram: OptimizationGuide.PageContentAnnotations.JobExecutionTime.ContentVisibility recorded 1 samples, mean = 8.0 (flags = 0x41)
0  ... 
8  -O                                                                        (1 = 100.0%) {0.0%}
10 ... 

Histogram: OptimizationGuide.PageContentAnnotations.JobScheduleTime.ContentVisibility recorded 1 samples, mean = 0.0 (flags = 0x41)
0  -O                                                                        (1 = 100.0%)
1  ... 

Histogram: OptimizationGuide.PageContentAnnotationsService.ContentAnnotated recorded 4 samples, mean = 0.0 (flags = 0x41)
0  ----O                                                                     (4 = 100.0%)
1  ... 

Histogram: OptimizationGuide.PredictionManager.DownloadServiceAvailabilityBlockedFetch recorded 113 samples, mean = 0.0 (flags = 0x41)
0  ------------------------------------------------------------------------O (113 = 100.0%)
1  ... 

Histogram: OptimizationGuide.PredictionManager.FirstModelFetchSinceServiceInit recorded 1 samples, mean = 10018.0 (flags = 0x41)
0     ... 
8000  -O                                                                        (1 = 100.0%) {0.0%}
10165 ... 

Histogram: OptimizationGuide.PredictionManager.ModelAvailableAtRegistration.ClientSidePhishing recorded 1 samples, mean = 0.0 (flags = 0x41)
0  -O                                                                        (1 = 100.0%)
1  ... 

Histogram: OptimizationGuide.PredictionManager.ModelAvailableAtRegistration.GeolocationPermissions recorded 1 samples, mean = 0.0 (flags = 0x41)
0  -O                                                                        (1 = 100.0%)
1  ... 

Histogram: OptimizationGuide.PredictionManager.ModelAvailableAtRegistration.LanguageDetection recorded 2 samples, mean = 0.0 (flags = 0x41)
0  --O                                                                       (2 = 100.0%)
1  ... 

Histogram: OptimizationGuide.PredictionManager.ModelAvailableAtRegistration.NewTabPageHistoryClustersModuleRanking recorded 1 samples, mean = 0.0 (flags = 0x41)
0  -O                                                                        (1 = 100.0%)
1  ... 

Histogram: OptimizationGuide.PredictionManager.ModelAvailableAtRegistration.NotificationPermissions recorded 1 samples, mean = 0.0 (flags = 0x41)
0  -O                                                                        (1 = 100.0%)
1  ... 

Histogram: OptimizationGuide.PredictionManager.ModelAvailableAtRegistration.OmniboxUrlScoring recorded 1 samples, mean = 0.0 (flags = 0x41)
0  -O                                                                        (1 = 100.0%)
1  ... 

Histogram: OptimizationGuide.PredictionManager.ModelAvailableAtRegistration.PageTopicsV2 recorded 1 samples, mean = 0.0 (flags = 0x41)
0  -O                                                                        (1 = 100.0%)
1  ... 

Histogram: OptimizationGuide.PredictionManager.ModelAvailableAtRegistration.PageVisibility recorded 1 samples, mean = 0.0 (flags = 0x41)
0  -O                                                                        (1 = 100.0%)
1  ... 

Histogram: OptimizationGuide.PredictionManager.ModelAvailableAtRegistration.SegmentationChromeLowUserEngagement recorded 1 samples, mean = 0.0 (flags = 0x41)
0  -O                                                                        (1 = 100.0%)
1  ... 

Histogram: OptimizationGuide.PredictionManager.ModelAvailableAtRegistration.SegmentationComposePromotion recorded 1 samples, mean = 0.0 (flags = 0x41)
0  -O                                                                        (1 = 100.0%)
1  ... 

Histogram: OptimizationGuide.PredictionManager.ModelAvailableAtRegistration.SegmentationDeviceSwitcher recorded 1 samples, mean = 0.0 (flags = 0x41)
0  -O                                                                        (1 = 100.0%)
1  ... 

Histogram: OptimizationGuide.PredictionManager.ModelAvailableAtRegistration.SegmentationSearchUser recorded 1 samples, mean = 0.0 (flags = 0x41)
0  -O                                                                        (1 = 100.0%)
1  ... 

Histogram: OptimizationGuide.PredictionManager.ModelAvailableAtRegistration.SegmentationShoppingUser recorded 1 samples, mean = 0.0 (flags = 0x41)
0  -O                                                                        (1 = 100.0%)
1  ... 

Histogram: OptimizationGuide.PredictionManager.ModelAvailableAtRegistration.TextSafety recorded 1 samples, mean = 0.0 (flags = 0x41)
0  -O                                                                        (1 = 100.0%)
1  ... 

Histogram: OptimizationGuide.PredictionManager.ModelAvailableAtRegistration.URLVisitResumptionRanker recorded 1 samples, mean = 0.0 (flags = 0x41)
0  -O                                                                        (1 = 100.0%)
1  ... 

Histogram: OptimizationGuide.PredictionManager.ModelAvailableAtRegistration.VisualSearchClassification recorded 1 samples, mean = 0.0 (flags = 0x41)
0  -O                                                                        (1 = 100.0%)
1  ... 

Histogram: OptimizationGuide.PredictionManager.ModelAvailableAtRegistration.WebAppInstallationPromo recorded 1 samples, mean = 0.0 (flags = 0x41)
0  -O                                                                        (1 = 100.0%)
1  ... 

Histogram: OptimizationGuide.PredictionManager.ModelDeliveryEvents.ClientSidePhishing recorded 226 samples, mean = 5.5 (flags = 0x41)
0  ... 
3  ------------------------------------------------------------------------O (113 = 50.0%) {0.0%}
4  ... 
8  ------------------------------------------------------------------------O (113 = 50.0%) {50.0%}
9  ... 

Histogram: OptimizationGuide.PredictionManager.ModelDeliveryEvents.GeolocationPermissions recorded 226 samples, mean = 5.5 (flags = 0x41)
0  ... 
3  ------------------------------------------------------------------------O (113 = 50.0%) {0.0%}
4  ... 
8  ------------------------------------------------------------------------O (113 = 50.0%) {50.0%}
9  ... 

Histogram: OptimizationGuide.PredictionManager.ModelDeliveryEvents.LanguageDetection recorded 226 samples, mean = 5.5 (flags = 0x41)
0  ... 
3  ------------------------------------------------------------------------O (113 = 50.0%) {0.0%}
4  ... 
8  ------------------------------------------------------------------------O (113 = 50.0%) {50.0%}
9  ... 

Histogram: OptimizationGuide.PredictionManager.ModelDeliveryEvents.NewTabPageHistoryClustersModuleRanking recorded 226 samples, mean = 5.5 (flags = 0x41)
0  ... 
3  ------------------------------------------------------------------------O (113 = 50.0%) {0.0%}
4  ... 
8  ------------------------------------------------------------------------O (113 = 50.0%) {50.0%}
9  ... 

Histogram: OptimizationGuide.PredictionManager.ModelDeliveryEvents.NotificationPermissions recorded 226 samples, mean = 5.5 (flags = 0x41)
0  ... 
3  ------------------------------------------------------------------------O (113 = 50.0%) {0.0%}
4  ... 
8  ------------------------------------------------------------------------O (113 = 50.0%) {50.0%}
9  ... 

Histogram: OptimizationGuide.PredictionManager.ModelDeliveryEvents.OmniboxUrlScoring recorded 226 samples, mean = 5.5 (flags = 0x41)
0  ... 
3  ------------------------------------------------------------------------O (113 = 50.0%) {0.0%}
4  ... 
8  ------------------------------------------------------------------------O (113 = 50.0%) {50.0%}
9  ... 

Histogram: OptimizationGuide.PredictionManager.ModelDeliveryEvents.PageTopicsV2 recorded 226 samples, mean = 5.5 (flags = 0x41)
0  ... 
3  ------------------------------------------------------------------------O (113 = 50.0%) {0.0%}
4  ... 
8  ------------------------------------------------------------------------O (113 = 50.0%) {50.0%}
9  ... 

Histogram: OptimizationGuide.PredictionManager.ModelDeliveryEvents.PageVisibility recorded 226 samples, mean = 5.5 (flags = 0x41)
0  ... 
3  ------------------------------------------------------------------------O (113 = 50.0%) {0.0%}
4  ... 
8  ------------------------------------------------------------------------O (113 = 50.0%) {50.0%}
9  ... 

Histogram: OptimizationGuide.PredictionManager.ModelDeliveryEvents.SegmentationChromeLowUserEngagement recorded 226 samples, mean = 5.5 (flags = 0x41)
0  ... 
3  ------------------------------------------------------------------------O (113 = 50.0%) {0.0%}
4  ... 
8  ------------------------------------------------------------------------O (113 = 50.0%) {50.0%}
9  ... 

Histogram: OptimizationGuide.PredictionManager.ModelDeliveryEvents.SegmentationComposePromotion recorded 226 samples, mean = 5.5 (flags = 0x41)
0  ... 
3  ------------------------------------------------------------------------O (113 = 50.0%) {0.0%}
4  ... 
8  ------------------------------------------------------------------------O (113 = 50.0%) {50.0%}
9  ... 

Histogram: OptimizationGuide.PredictionManager.ModelDeliveryEvents.SegmentationDeviceSwitcher recorded 226 samples, mean = 5.5 (flags = 0x41)
0  ... 
3  ------------------------------------------------------------------------O (113 = 50.0%) {0.0%}
4  ... 
8  ------------------------------------------------------------------------O (113 = 50.0%) {50.0%}
9  ... 

Histogram: OptimizationGuide.PredictionManager.ModelDeliveryEvents.SegmentationSearchUser recorded 226 samples, mean = 5.5 (flags = 0x41)
0  ... 
3  ------------------------------------------------------------------------O (113 = 50.0%) {0.0%}
4  ... 
8  ------------------------------------------------------------------------O (113 = 50.0%) {50.0%}
9  ... 

Histogram: OptimizationGuide.PredictionManager.ModelDeliveryEvents.SegmentationShoppingUser recorded 226 samples, mean = 5.5 (flags = 0x41)
0  ... 
3  ------------------------------------------------------------------------O (113 = 50.0%) {0.0%}
4  ... 
8  ------------------------------------------------------------------------O (113 = 50.0%) {50.0%}
9  ... 

Histogram: OptimizationGuide.PredictionManager.ModelDeliveryEvents.TextSafety recorded 226 samples, mean = 5.5 (flags = 0x41)
0  ... 
3  ------------------------------------------------------------------------O (113 = 50.0%) {0.0%}
4  ... 
8  ------------------------------------------------------------------------O (113 = 50.0%) {50.0%}
9  ... 

Histogram: OptimizationGuide.PredictionManager.ModelDeliveryEvents.URLVisitResumptionRanker recorded 226 samples, mean = 5.5 (flags = 0x41)
0  ... 
3  ------------------------------------------------------------------------O (113 = 50.0%) {0.0%}
4  ... 
8  ------------------------------------------------------------------------O (113 = 50.0%) {50.0%}
9  ... 

Histogram: OptimizationGuide.PredictionManager.ModelDeliveryEvents.VisualSearchClassification recorded 226 samples, mean = 5.5 (flags = 0x41)
0  ... 
3  ------------------------------------------------------------------------O (113 = 50.0%) {0.0%}
4  ... 
8  ------------------------------------------------------------------------O (113 = 50.0%) {50.0%}
9  ... 

Histogram: OptimizationGuide.PredictionManager.ModelDeliveryEvents.WebAppInstallationPromo recorded 226 samples, mean = 5.5 (flags = 0x41)
0  ... 
3  ------------------------------------------------------------------------O (113 = 50.0%) {0.0%}
4  ... 
8  ------------------------------------------------------------------------O (113 = 50.0%) {50.0%}
9  ... 

Histogram: OptimizationGuide.PredictionManager.RegistrationTimeSinceServiceInit.ClientSidePhishing recorded 1 samples, mean = 0.0 (flags = 0x41)
0  -O                                                                        (1 = 100.0%)
1  ... 

Histogram: OptimizationGuide.PredictionManager.RegistrationTimeSinceServiceInit.GeolocationPermissions recorded 1 samples, mean = 0.0 (flags = 0x41)
0  -O                                                                        (1 = 100.0%)
1  ... 

Histogram: OptimizationGuide.PredictionManager.RegistrationTimeSinceServiceInit.LanguageDetection recorded 2 samples, mean = 4.5 (flags = 0x41)
0  -O                                                                        (1 = 50.0%)
1  ... 
8  -O                                                                        (1 = 50.0%) {50.0%}
10 ... 

Histogram: OptimizationGuide.PredictionManager.RegistrationTimeSinceServiceInit.NewTabPageHistoryClustersModuleRanking recorded 1 samples, mean = 0.0 (flags = 0x41)
0  -O                                                                        (1 = 100.0%)
1  ... 

Histogram: OptimizationGuide.PredictionManager.RegistrationTimeSinceServiceInit.NotificationPermissions recorded 1 samples, mean = 0.0 (flags = 0x41)
0  -O                                                                        (1 = 100.0%)
1  ... 

Histogram: OptimizationGuide.PredictionManager.RegistrationTimeSinceServiceInit.OmniboxUrlScoring recorded 1 samples, mean = 0.0 (flags = 0x41)
0  -O                                                                        (1 = 100.0%)
1  ... 

Histogram: OptimizationGuide.PredictionManager.RegistrationTimeSinceServiceInit.PageTopicsV2 recorded 1 samples, mean = 0.0 (flags = 0x41)
0  -O                                                                        (1 = 100.0%)
1  ... 

Histogram: OptimizationGuide.PredictionManager.RegistrationTimeSinceServiceInit.PageVisibility recorded 1 samples, mean = 0.0 (flags = 0x41)
0  -O                                                                        (1 = 100.0%)
1  ... 

Histogram: OptimizationGuide.PredictionManager.RegistrationTimeSinceServiceInit.SegmentationChromeLowUserEngagement recorded 1 samples, mean = 1990.0 (flags = 0x41)
0     ... 
1901  -O                                                                        (1 = 100.0%) {0.0%}
2415  ... 

Histogram: OptimizationGuide.PredictionManager.RegistrationTimeSinceServiceInit.SegmentationComposePromotion recorded 1 samples, mean = 1990.0 (flags = 0x41)
0     ... 
1901  -O                                                                        (1 = 100.0%) {0.0%}
2415  ... 

Histogram: OptimizationGuide.PredictionManager.RegistrationTimeSinceServiceInit.SegmentationDeviceSwitcher recorded 1 samples, mean = 1990.0 (flags = 0x41)
0     ... 
1901  -O                                                                        (1 = 100.0%) {0.0%}
2415  ... 

Histogram: OptimizationGuide.PredictionManager.RegistrationTimeSinceServiceInit.SegmentationSearchUser recorded 1 samples, mean = 1990.0 (flags = 0x41)
0     ... 
1901  -O                                                                        (1 = 100.0%) {0.0%}
2415  ... 

Histogram: OptimizationGuide.PredictionManager.RegistrationTimeSinceServiceInit.SegmentationShoppingUser recorded 1 samples, mean = 1990.0 (flags = 0x41)
0     ... 
1901  -O                                                                        (1 = 100.0%) {0.0%}
2415  ... 

Histogram: OptimizationGuide.PredictionManager.RegistrationTimeSinceServiceInit.TextSafety recorded 1 samples, mean = 0.0 (flags = 0x41)
0  -O                                                                        (1 = 100.0%)
1  ... 

Histogram: OptimizationGuide.PredictionManager.RegistrationTimeSinceServiceInit.URLVisitResumptionRanker recorded 1 samples, mean = 1990.0 (flags = 0x41)
0     ... 
1901  -O                                                                        (1 = 100.0%) {0.0%}
2415  ... 

Histogram: OptimizationGuide.PredictionManager.RegistrationTimeSinceServiceInit.VisualSearchClassification recorded 1 samples, mean = 0.0 (flags = 0x41)
0  -O                                                                        (1 = 100.0%)
1  ... 

Histogram: OptimizationGuide.PredictionManager.RegistrationTimeSinceServiceInit.WebAppInstallationPromo recorded 1 samples, mean = 1990.0 (flags = 0x41)
0     ... 
1901  -O                                                                        (1 = 100.0%) {0.0%}
2415  ... 

Histogram: OptimizationGuide.PredictionManager.StoreInitialized recorded 1 samples, mean = 1.0 (flags = 0x40)
0  O                                                                         (0 = 0.0%)
1  -O                                                                        (1 = 100.0%) {0.0%}
2  O                                                                         (0 = 0.0%) {100.0%}

Histogram: OptimizationGuide.PredictionManager.SupportedModelEngineVersion recorded 113 samples, mean = 18.0 (flags = 0x40)
0   ... 
18  ------------------------------------------------------------------------O (113 = 100.0%) {0.0%}
19  ... 

Histogram: OptimizationGuide.PredictionModelFetcher.GetModelsResponse.NetErrorCode recorded 113 samples (flags = 0x41)
105  -O                                                                        (1 = 0.9%)
379  ------------------------------------------------------------------------O (112 = 99.1%)

Histogram: OptimizationGuide.PredictionModelFetcher.GetModelsResponse.NetErrorCode.ClientSidePhishing recorded 113 samples (flags = 0x41)
105  -O                                                                        (1 = 0.9%)
379  ------------------------------------------------------------------------O (112 = 99.1%)

Histogram: OptimizationGuide.PredictionModelFetcher.GetModelsResponse.NetErrorCode.GeolocationPermissions recorded 113 samples (flags = 0x41)
105  -O                                                                        (1 = 0.9%)
379  ------------------------------------------------------------------------O (112 = 99.1%)

Histogram: OptimizationGuide.PredictionModelFetcher.GetModelsResponse.NetErrorCode.LanguageDetection recorded 113 samples (flags = 0x41)
105  -O                                                                        (1 = 0.9%)
379  ------------------------------------------------------------------------O (112 = 99.1%)

Histogram: OptimizationGuide.PredictionModelFetcher.GetModelsResponse.NetErrorCode.NewTabPageHistoryClustersModuleRanking recorded 113 samples (flags = 0x41)
105  -O                                                                        (1 = 0.9%)
379  ------------------------------------------------------------------------O (112 = 99.1%)

Histogram: OptimizationGuide.PredictionModelFetcher.GetModelsResponse.NetErrorCode.NotificationPermissions recorded 113 samples (flags = 0x41)
105  -O                                                                        (1 = 0.9%)
379  ------------------------------------------------------------------------O (112 = 99.1%)

Histogram: OptimizationGuide.PredictionModelFetcher.GetModelsResponse.NetErrorCode.OmniboxUrlScoring recorded 113 samples (flags = 0x41)
105  -O                                                                        (1 = 0.9%)
379  ------------------------------------------------------------------------O (112 = 99.1%)

Histogram: OptimizationGuide.PredictionModelFetcher.GetModelsResponse.NetErrorCode.PageTopicsV2 recorded 113 samples (flags = 0x41)
105  -O                                                                        (1 = 0.9%)
379  ------------------------------------------------------------------------O (112 = 99.1%)

Histogram: OptimizationGuide.PredictionModelFetcher.GetModelsResponse.NetErrorCode.PageVisibility recorded 113 samples (flags = 0x41)
105  -O                                                                        (1 = 0.9%)
379  ------------------------------------------------------------------------O (112 = 99.1%)

Histogram: OptimizationGuide.PredictionModelFetcher.GetModelsResponse.NetErrorCode.SegmentationChromeLowUserEngagement recorded 113 samples (flags = 0x41)
105  -O                                                                        (1 = 0.9%)
379  ------------------------------------------------------------------------O (112 = 99.1%)

Histogram: OptimizationGuide.PredictionModelFetcher.GetModelsResponse.NetErrorCode.SegmentationComposePromotion recorded 113 samples (flags = 0x41)
105  -O                                                                        (1 = 0.9%)
379  ------------------------------------------------------------------------O (112 = 99.1%)

Histogram: OptimizationGuide.PredictionModelFetcher.GetModelsResponse.NetErrorCode.SegmentationDeviceSwitcher recorded 113 samples (flags = 0x41)
105  -O                                                                        (1 = 0.9%)
379  ------------------------------------------------------------------------O (112 = 99.1%)

Histogram: OptimizationGuide.PredictionModelFetcher.GetModelsResponse.NetErrorCode.SegmentationSearchUser recorded 113 samples (flags = 0x41)
105  -O                                                                        (1 = 0.9%)
379  ------------------------------------------------------------------------O (112 = 99.1%)

Histogram: OptimizationGuide.PredictionModelFetcher.GetModelsResponse.NetErrorCode.SegmentationShoppingUser recorded 113 samples (flags = 0x41)
105  -O                                                                        (1 = 0.9%)
379  ------------------------------------------------------------------------O (112 = 99.1%)

Histogram: OptimizationGuide.PredictionModelFetcher.GetModelsResponse.NetErrorCode.TextSafety recorded 113 samples (flags = 0x41)
105  -O                                                                        (1 = 0.9%)
379  ------------------------------------------------------------------------O (112 = 99.1%)

Histogram: OptimizationGuide.PredictionModelFetcher.GetModelsResponse.NetErrorCode.URLVisitResumptionRanker recorded 113 samples (flags = 0x41)
105  -O                                                                        (1 = 0.9%)
379  ------------------------------------------------------------------------O (112 = 99.1%)

Histogram: OptimizationGuide.PredictionModelFetcher.GetModelsResponse.NetErrorCode.VisualSearchClassification recorded 113 samples (flags = 0x41)
105  -O                                                                        (1 = 0.9%)
379  ------------------------------------------------------------------------O (112 = 99.1%)

Histogram: OptimizationGuide.PredictionModelFetcher.GetModelsResponse.NetErrorCode.WebAppInstallationPromo recorded 113 samples (flags = 0x41)
105  -O                                                                        (1 = 0.9%)
379  ------------------------------------------------------------------------O (112 = 99.1%)

Histogram: OptimizationGuide.PredictionModelFetcher.GetModelsResponse.Status recorded 112 samples, mean = 403.0 (flags = 0x41)
0    ... 
403  ------------------------------------------------------------------------O (112 = 100.0%) {0.0%}
404  ... 

Histogram: OptimizationGuide.PredictionModelFetcher.GetModelsResponse.Status.ClientSidePhishing recorded 112 samples, mean = 403.0 (flags = 0x41)
0    ... 
403  ------------------------------------------------------------------------O (112 = 100.0%) {0.0%}
404  ... 

Histogram: OptimizationGuide.PredictionModelFetcher.GetModelsResponse.Status.GeolocationPermissions recorded 112 samples, mean = 403.0 (flags = 0x41)
0    ... 
403  ------------------------------------------------------------------------O (112 = 100.0%) {0.0%}
404  ... 

Histogram: OptimizationGuide.PredictionModelFetcher.GetModelsResponse.Status.LanguageDetection recorded 112 samples, mean = 403.0 (flags = 0x41)
0    ... 
403  ------------------------------------------------------------------------O (112 = 100.0%) {0.0%}
404  ... 

Histogram: OptimizationGuide.PredictionModelFetcher.GetModelsResponse.Status.NewTabPageHistoryClustersModuleRanking recorded 112 samples, mean = 403.0 (flags = 0x41)
0    ... 
403  ------------------------------------------------------------------------O (112 = 100.0%) {0.0%}
404  ... 

Histogram: OptimizationGuide.PredictionModelFetcher.GetModelsResponse.Status.NotificationPermissions recorded 112 samples, mean = 403.0 (flags = 0x41)
0    ... 
403  ------------------------------------------------------------------------O (112 = 100.0%) {0.0%}
404  ... 

Histogram: OptimizationGuide.PredictionModelFetcher.GetModelsResponse.Status.OmniboxUrlScoring recorded 112 samples, mean = 403.0 (flags = 0x41)
0    ... 
403  ------------------------------------------------------------------------O (112 = 100.0%) {0.0%}
404  ... 

Histogram: OptimizationGuide.PredictionModelFetcher.GetModelsResponse.Status.PageTopicsV2 recorded 112 samples, mean = 403.0 (flags = 0x41)
0    ... 
403  ------------------------------------------------------------------------O (112 = 100.0%) {0.0%}
404  ... 

Histogram: OptimizationGuide.PredictionModelFetcher.GetModelsResponse.Status.PageVisibility recorded 112 samples, mean = 403.0 (flags = 0x41)
0    ... 
403  ------------------------------------------------------------------------O (112 = 100.0%) {0.0%}
404  ... 

Histogram: OptimizationGuide.PredictionModelFetcher.GetModelsResponse.Status.SegmentationChromeLowUserEngagement recorded 112 samples, mean = 403.0 (flags = 0x41)
0    ... 
403  ------------------------------------------------------------------------O (112 = 100.0%) {0.0%}
404  ... 

Histogram: OptimizationGuide.PredictionModelFetcher.GetModelsResponse.Status.SegmentationComposePromotion recorded 112 samples, mean = 403.0 (flags = 0x41)
0    ... 
403  ------------------------------------------------------------------------O (112 = 100.0%) {0.0%}
404  ... 

Histogram: OptimizationGuide.PredictionModelFetcher.GetModelsResponse.Status.SegmentationDeviceSwitcher recorded 112 samples, mean = 403.0 (flags = 0x41)
0    ... 
403  ------------------------------------------------------------------------O (112 = 100.0%) {0.0%}
404  ... 

Histogram: OptimizationGuide.PredictionModelFetcher.GetModelsResponse.Status.SegmentationSearchUser recorded 112 samples, mean = 403.0 (flags = 0x41)
0    ... 
403  ------------------------------------------------------------------------O (112 = 100.0%) {0.0%}
404  ... 

Histogram: OptimizationGuide.PredictionModelFetcher.GetModelsResponse.Status.SegmentationShoppingUser recorded 112 samples, mean = 403.0 (flags = 0x41)
0    ... 
403  ------------------------------------------------------------------------O (112 = 100.0%) {0.0%}
404  ... 

Histogram: OptimizationGuide.PredictionModelFetcher.GetModelsResponse.Status.TextSafety recorded 112 samples, mean = 403.0 (flags = 0x41)
0    ... 
403  ------------------------------------------------------------------------O (112 = 100.0%) {0.0%}
404  ... 

Histogram: OptimizationGuide.PredictionModelFetcher.GetModelsResponse.Status.URLVisitResumptionRanker recorded 112 samples, mean = 403.0 (flags = 0x41)
0    ... 
403  ------------------------------------------------------------------------O (112 = 100.0%) {0.0%}
404  ... 

Histogram: OptimizationGuide.PredictionModelFetcher.GetModelsResponse.Status.VisualSearchClassification recorded 112 samples, mean = 403.0 (flags = 0x41)
0    ... 
403  ------------------------------------------------------------------------O (112 = 100.0%) {0.0%}
404  ... 

Histogram: OptimizationGuide.PredictionModelFetcher.GetModelsResponse.Status.WebAppInstallationPromo recorded 112 samples, mean = 403.0 (flags = 0x41)
0    ... 
403  ------------------------------------------------------------------------O (112 = 100.0%) {0.0%}
404  ... 

Histogram: OptimizationGuide.ProcessingComponentAtShutdown recorded 1 samples, mean = 0.0 (flags = 0x41)
0  -O                                                                        (1 = 100.0%)
1  ... 

Histogram: OptimizationGuide.RemoteFetchingEnabled recorded 1 samples, mean = 0.0 (flags = 0x41)
0  -O                                                                        (1 = 100.0%)
1  ... 

Histogram: OriginTrials.PersistentOriginTrial.LevelDbInitSuccess recorded 1 samples, mean = 1.0 (flags = 0x41)
0  O                                                                         (0 = 0.0%)
1  -O                                                                        (1 = 100.0%) {0.0%}
2  O                                                                         (0 = 0.0%) {100.0%}

Histogram: OriginTrials.PersistentOriginTrial.LevelDbLoadSize recorded 1 samples, mean = 0.0 (flags = 0x41)
0  -O                                                                        (1 = 100.0%)
1  ... 

Histogram: OriginTrials.PersistentOriginTrial.LevelDbLoadSuccess recorded 1 samples, mean = 1.0 (flags = 0x41)
0  O                                                                         (0 = 0.0%)
1  -O                                                                        (1 = 100.0%) {0.0%}
2  O                                                                         (0 = 0.0%) {100.0%}

Histogram: OriginTrials.PersistentOriginTrial.LevelDbLoadTime recorded 1 samples, mean = 1989.0 (flags = 0x41)
0     ... 
1782  -O                                                                        (1 = 100.0%) {0.0%}
2117  ... 

Histogram: OriginTrials.PersistentOriginTrial.OriginLookupsBeforeDbLoad recorded 1 samples, mean = 0.0 (flags = 0x41)
0  -O                                                                        (1 = 100.0%)
1  ... 

Histogram: OriginTrials.PersistentOriginTrial.OriginsAddedBeforeDbLoad recorded 1 samples, mean = 0.0 (flags = 0x41)
0  -O                                                                        (1 = 100.0%)
1  ... 

Histogram: PageActionController.ExtensionsWithPageActions recorded 1 samples, mean = 0.0 (flags = 0x41)
0  -O                                                                        (1 = 100.0%)
1  ... 

Histogram: PageContentAnnotations.AnnotateVisit.AnnotationRequestQueued recorded 4 samples, mean = 1.0 (flags = 0x40)
0  O                                                                         (0 = 0.0%)
1  ----O                                                                     (4 = 100.0%) {0.0%}
2  O                                                                         (0 = 0.0%) {100.0%}

Histogram: PageContentAnnotations.AnnotateVisit.AnnotationRequested recorded 4 samples, mean = 1.0 (flags = 0x40)
0  O                                                                         (0 = 0.0%)
1  ----O                                                                     (4 = 100.0%) {0.0%}
2  O                                                                         (0 = 0.0%) {100.0%}

Histogram: PageContentAnnotations.AnnotateVisit.BatchAnnotationStarted recorded 1 samples, mean = 1.0 (flags = 0x40)
0  O                                                                         (0 = 0.0%)
1  -O                                                                        (1 = 100.0%) {0.0%}
2  O                                                                         (0 = 0.0%) {100.0%}

Histogram: PageLoad.Clients.Ads.AllPages.NonAdNetworkBytes recorded 1 samples, mean = 129.0 (flags = 0x41)
0    ... 
108  -O                                                                        (1 = 100.0%) {0.0%}
141  ... 

Histogram: PageLoad.Clients.Ads.AllPages.PercentNetworkBytesAds recorded 1 samples, mean = 0.0 (flags = 0x41)
0  -O                                                                        (1 = 100.0%)
1  ... 

Histogram: PageLoad.Clients.Ads.AllPages.PercentTotalBytesAds recorded 1 samples, mean = 0.0 (flags = 0x41)
0  -O                                                                        (1 = 100.0%)
1  ... 

Histogram: PageLoad.Clients.Ads.AverageViewportAdDensity recorded 1 samples, mean = 0.0 (flags = 0x41)
0  -O                                                                        (1 = 100.0%)
1  ... 

Histogram: PageLoad.Clients.Ads.FrameCounts.AdFrames.Total recorded 1 samples, mean = 0.0 (flags = 0x41)
0  -O                                                                        (1 = 100.0%)
1  ... 

Histogram: PageLoad.Clients.Ads.NonVisible.FrameCounts.AdFrames.Total recorded 1 samples, mean = 0.0 (flags = 0x41)
0  -O                                                                        (1 = 100.0%)
1  ... 

Histogram: PageLoad.Clients.Ads.Visible.FrameCounts.AdFrames.Total recorded 1 samples, mean = 0.0 (flags = 0x41)
0  -O                                                                        (1 = 100.0%)
1  ... 

Histogram: PageLoad.Clients.CrossOrigin.LayoutInstability.CumulativeShiftScore recorded 1 samples, mean = 0.0 (flags = 0x41)
0  -O                                                                        (1 = 100.0%)
1  ... 

Histogram: PageLoad.Clients.CrossOrigin.LayoutInstability.CumulativeShiftScore.MainFrame recorded 1 samples, mean = 0.0 (flags = 0x41)
0  -O                                                                        (1 = 100.0%)
1  ... 

Histogram: PageLoad.Clients.Leakage2.AbandonReasonAt.LoaderStart recorded 1 samples, mean = 10.0 (flags = 0x41)
0   ... 
10  -O                                                                        (1 = 100.0%) {0.0%}
11  ... 

Histogram: PageLoad.Clients.Leakage2.LastMilestoneBeforeAbandon.NewReloadNavigation recorded 1 samples, mean = 1.0 (flags = 0x41)
0  O                                                                         (0 = 0.0%)
1  -O                                                                        (1 = 100.0%) {0.0%}
2  ... 

Histogram: PageLoad.Clients.Leakage2.LoaderStartToAbandon.NewReloadNavigation recorded 1 samples, mean = 1692.0 (flags = 0x41)
0     ... 
1553  -O                                                                        (1 = 100.0%) {0.0%}
1738  ... 

Histogram: PageLoad.Clients.Leakage2.NavigationStart recorded 2 samples, mean = 2325.0 (flags = 0x41)
0     ... 
1553  -O                                                                        (1 = 50.0%) {0.0%}
1738  ... 
2725  -O                                                                        (1 = 50.0%) {50.0%}
3049  ... 

Histogram: PageLoad.Clients.Leakage2.NavigationStartToCommitReceived recorded 1 samples, mean = 2642.0 (flags = 0x41)
0     ... 
2435  -O                                                                        (1 = 100.0%) {0.0%}
2725  ... 

Histogram: PageLoad.Clients.Leakage2.NavigationStartToCommitSent recorded 1 samples, mean = 2637.0 (flags = 0x41)
0     ... 
2435  -O                                                                        (1 = 100.0%) {0.0%}
2725  ... 

Histogram: PageLoad.Clients.Leakage2.NavigationStartToDOMContentLoaded recorded 1 samples, mean = 3730.0 (flags = 0x41)
0     ... 
3412  -O                                                                        (1 = 100.0%) {0.0%}
3818  ... 

Histogram: PageLoad.Clients.Leakage2.NavigationStartToDidCommit recorded 1 samples, mean = 2921.0 (flags = 0x41)
0     ... 
2725  -O                                                                        (1 = 100.0%) {0.0%}
3049  ... 

Histogram: PageLoad.Clients.Leakage2.NavigationStartToFirstRedirectResponseLoaderCallback recorded 1 samples, mean = 1980.0 (flags = 0x41)
0     ... 
1945  -O                                                                        (1 = 100.0%) {0.0%}
2176  ... 

Histogram: PageLoad.Clients.Leakage2.NavigationStartToFirstRedirectResponseStart recorded 1 samples, mean = 1915.0 (flags = 0x41)
0     ... 
1738  -O                                                                        (1 = 100.0%) {0.0%}
1945  ... 

Histogram: PageLoad.Clients.Leakage2.NavigationStartToFirstRedirectedRequestStart recorded 1 samples, mean = 1914.0 (flags = 0x41)
0     ... 
1738  -O                                                                        (1 = 100.0%) {0.0%}
1945  ... 

Histogram: PageLoad.Clients.Leakage2.NavigationStartToLoadStarted recorded 1 samples, mean = 5291.0 (flags = 0x41)
0     ... 
4780  -O                                                                        (1 = 100.0%) {0.0%}
5349  ... 

Histogram: PageLoad.Clients.Leakage2.NavigationStartToLoaderStart recorded 2 samples, mean = 849.0 (flags = 0x41)
0     ... 
34    -O                                                                        (1 = 50.0%) {0.0%}
38    ... 
1553  -O                                                                        (1 = 50.0%) {50.0%}
1738  ... 

Histogram: PageLoad.Clients.Leakage2.NavigationStartToNonRedirectResponseLoaderCallback recorded 1 samples, mean = 2633.0 (flags = 0x41)
0     ... 
2435  -O                                                                        (1 = 100.0%) {0.0%}
2725  ... 

Histogram: PageLoad.Clients.Leakage2.NavigationStartToNonRedirectResponseStart recorded 1 samples, mean = 2465.0 (flags = 0x41)
0     ... 
2435  -O                                                                        (1 = 100.0%) {0.0%}
2725  ... 

Histogram: PageLoad.Clients.Leakage2.NavigationStartToNonRedirectedRequestStart recorded 1 samples, mean = 2327.0 (flags = 0x41)
0     ... 
2176  -O                                                                        (1 = 100.0%) {0.0%}
2435  ... 

Histogram: PageLoad.Clients.Leakage2.NavigationStartToParseStart recorded 1 samples, mean = 2645.0 (flags = 0x41)
0     ... 
2435  -O                                                                        (1 = 100.0%) {0.0%}
2725  ... 

Histogram: PageLoad.Clients.Leakage2.RendererProcessCreatedBeforeNav recorded 1 samples, mean = 1.0 (flags = 0x41)
0  O                                                                         (0 = 0.0%)
1  -O                                                                        (1 = 100.0%) {0.0%}
2  O                                                                         (0 = 0.0%) {100.0%}

Histogram: PageLoad.Clients.LinkPreview.Usage recorded 1 samples, mean = 0.0 (flags = 0x41)
0  -O                                                                        (1 = 100.0%)
1  ... 

Histogram: PageLoad.Clients.MultiTabLoading.WithTabCount_0.DocumentTiming.NavigationToDOMContentLoadedEventFired recorded 1 samples, mean = 3730.0 (flags = 0x41)
0     ... 
3412  -O                                                                        (1 = 100.0%) {0.0%}
3818  ... 

Histogram: PageLoad.Clients.MultiTabLoading.WithTabCount_0.DocumentTiming.NavigationToLoadEventFired recorded 1 samples, mean = 5291.0 (flags = 0x41)
0     ... 
4780  -O                                                                        (1 = 100.0%) {0.0%}
5349  ... 

Histogram: PageLoad.Clients.MultiTabLoading.With_0_OtherLoading.DocumentTiming.NavigationToDOMContentLoadedEventFired recorded 1 samples, mean = 3730.0 (flags = 0x41)
0     ... 
3412  -O                                                                        (1 = 100.0%) {0.0%}
3818  ... 

Histogram: PageLoad.Clients.MultiTabLoading.With_0_OtherLoading.DocumentTiming.NavigationToLoadEventFired recorded 1 samples, mean = 5291.0 (flags = 0x41)
0     ... 
4780  -O                                                                        (1 = 100.0%) {0.0%}
5349  ... 

Histogram: PageLoad.Clients.PerformanceManager.LoadedIdleWithoutLCP recorded 1 samples, mean = 7702.0 (flags = 0x41)
0     ... 
6296  -O                                                                        (1 = 100.0%) {0.0%}
8000  ... 

Histogram: PageLoad.Clients.PerformanceManager.LoadedIdleWithoutLCP.Foreground recorded 1 samples, mean = 7702.0 (flags = 0x41)
0     ... 
6296  -O                                                                        (1 = 100.0%) {0.0%}
8000  ... 

Histogram: PageLoad.Clients.Protocol.QUIC.DocumentTiming.NavigationToDOMContentLoadedEventFired recorded 1 samples, mean = 3730.0 (flags = 0x41)
0     ... 
3412  -O                                                                        (1 = 100.0%) {0.0%}
3818  ... 

Histogram: PageLoad.Clients.Protocol.QUIC.DocumentTiming.NavigationToLoadEventFired recorded 1 samples, mean = 5291.0 (flags = 0x41)
0     ... 
4780  -O                                                                        (1 = 100.0%) {0.0%}
5349  ... 

Histogram: PageLoad.Clients.Protocol.QUIC.ParseTiming.NavigationToParseStart recorded 1 samples, mean = 2645.0 (flags = 0x41)
0     ... 
2435  -O                                                                        (1 = 100.0%) {0.0%}
2725  ... 

Histogram: PageLoad.Clients.Scheme.HTTPS.ParseTiming.NavigationToParseStart recorded 1 samples, mean = 2645.0 (flags = 0x41)
0     ... 
2435  -O                                                                        (1 = 100.0%) {0.0%}
2725  ... 

Histogram: PageLoad.Clients.SubresourceLoading.DaysSinceLastVisitToOrigin recorded 1 samples, mean = 0.0 (flags = 0x40)
0  -O                                                                        (1 = 100.0%)
1  ... 

Histogram: PageLoad.Clients.SubresourceLoading.HasPreviousVisitToOrigin recorded 1 samples, mean = 1.0 (flags = 0x40)
0  O                                                                         (0 = 0.0%)
1  -O                                                                        (1 = 100.0%) {0.0%}
2  O                                                                         (0 = 0.0%) {100.0%}

Histogram: PageLoad.Clients.TPCD.CookieAccess.ThirdPartyCookieAllowMechanism3 recorded 2 samples, mean = 2.0 (flags = 0x41)
0  ... 
2  --O                                                                       (2 = 100.0%) {0.0%}
3  ... 

Histogram: PageLoad.Clients.TPCD.TPCAccess.CookieReadStatus2 recorded 1 samples, mean = 1.0 (flags = 0x41)
0  O                                                                         (0 = 0.0%)
1  -O                                                                        (1 = 100.0%) {0.0%}
2  ... 

Histogram: PageLoad.Clients.TPCD.ThirdPartyCookieAccessBlockedByExperiment2 recorded 2 samples, mean = 0.0 (flags = 0x41)
0  --O                                                                       (2 = 100.0%)
1  ... 

Histogram: PageLoad.Clients.ThirdParty.Origins.CookieRead2 recorded 1 samples, mean = 1.0 (flags = 0x41)
0  O                                                                         (0 = 0.0%)
1  -O                                                                        (1 = 100.0%) {0.0%}
2  ... 

Histogram: PageLoad.Cpu.TotalUsage recorded 1 samples, mean = 899.0 (flags = 0x41)
0    ... 
885  -O                                                                        (1 = 100.0%) {0.0%}
990  ... 

Histogram: PageLoad.Cpu.TotalUsageForegrounded recorded 1 samples, mean = 899.0 (flags = 0x41)
0    ... 
885  -O                                                                        (1 = 100.0%) {0.0%}
990  ... 

Histogram: PageLoad.DocumentTiming.NavigationToDOMContentLoadedEventFired recorded 1 samples, mean = 3730.0 (flags = 0x41)
0     ... 
3412  -O                                                                        (1 = 100.0%) {0.0%}
3818  ... 

Histogram: PageLoad.DocumentTiming.NavigationToLoadEventFired recorded 1 samples, mean = 5291.0 (flags = 0x41)
0     ... 
4780  -O                                                                        (1 = 100.0%) {0.0%}
5349  ... 

Histogram: PageLoad.Experimental.NavigationTiming.FinalLoaderCallbackToNavigationCommitSent recorded 1 samples, mean = 4.0 (flags = 0x41)
0  -O                                                                        (1 = 100.0%)
10 ... 

Histogram: PageLoad.Experimental.NavigationTiming.FinalRequestStartToFinalResponseStart recorded 1 samples, mean = 137.0 (flags = 0x41)
0    ... 
131  -O                                                                        (1 = 100.0%) {0.0%}
147  ... 

Histogram: PageLoad.Experimental.NavigationTiming.FinalResponseStartToFinalLoaderCallback recorded 1 samples, mean = 168.0 (flags = 0x41)
0    ... 
164  -O                                                                        (1 = 100.0%) {0.0%}
184  ... 

Histogram: PageLoad.Experimental.NavigationTiming.FirstRequestStartToFirstResponseStart recorded 1 samples, mean = 0.0 (flags = 0x41)
0  -O                                                                        (1 = 100.0%)
10 ... 

Histogram: PageLoad.Experimental.NavigationTiming.FirstResponseStartToFirstLoaderCallback recorded 1 samples, mean = 65.0 (flags = 0x41)
0   ... 
60  -O                                                                        (1 = 100.0%) {0.0%}
67  ... 

Histogram: PageLoad.Experimental.NavigationTiming.NavigationStartToFinalLoaderCallback recorded 1 samples, mean = 2633.0 (flags = 0x41)
0     ... 
2435  -O                                                                        (1 = 100.0%) {0.0%}
2725  ... 

Histogram: PageLoad.Experimental.NavigationTiming.NavigationStartToFinalRequestStart recorded 1 samples, mean = 2327.0 (flags = 0x41)
0     ... 
2176  -O                                                                        (1 = 100.0%) {0.0%}
2435  ... 

Histogram: PageLoad.Experimental.NavigationTiming.NavigationStartToFinalResponseStart recorded 1 samples, mean = 2465.0 (flags = 0x41)
0     ... 
2435  -O                                                                        (1 = 100.0%) {0.0%}
2725  ... 

Histogram: PageLoad.Experimental.NavigationTiming.NavigationStartToFirstLoaderCallback recorded 1 samples, mean = 1980.0 (flags = 0x41)
0     ... 
1945  -O                                                                        (1 = 100.0%) {0.0%}
2176  ... 

Histogram: PageLoad.Experimental.NavigationTiming.NavigationStartToFirstRequestStart recorded 1 samples, mean = 1914.0 (flags = 0x41)
0     ... 
1738  -O                                                                        (1 = 100.0%) {0.0%}
1945  ... 

Histogram: PageLoad.Experimental.NavigationTiming.NavigationStartToFirstResponseStart recorded 1 samples, mean = 1915.0 (flags = 0x41)
0     ... 
1738  -O                                                                        (1 = 100.0%) {0.0%}
1945  ... 

Histogram: PageLoad.Experimental.NavigationTiming.NavigationStartToNavigationCommitSent recorded 1 samples, mean = 2637.0 (flags = 0x41)
0     ... 
2435  -O                                                                        (1 = 100.0%) {0.0%}
2725  ... 

Histogram: PageLoad.Experimental.PageTiming.CachedResourceLoadTime.font recorded 5 samples, mean = 2.4 (flags = 0x41)
0  ... 
2  ---O                                                                      (3 = 60.0%) {0.0%}
3  --O                                                                       (2 = 40.0%) {60.0%}
4  ... 

Histogram: PageLoad.Experimental.PageTiming.CachedResourceLoadTime.manifest recorded 1 samples, mean = 74.0 (flags = 0x41)
0   ... 
66  -O                                                                        (1 = 100.0%) {0.0%}
84  ... 

Histogram: PageLoad.Experimental.PageTiming.CachedResourceLoadTime.script recorded 26 samples, mean = 8.5 (flags = 0x41)
0   O                                                                         (0 = 0.0%)
1   ---O                                                                      (3 = 11.5%) {0.0%}
2   ---O                                                                      (3 = 11.5%) {11.5%}
3   -O                                                                        (1 = 3.8%) {23.1%}
4   ... 
6   ------O                                                                   (6 = 23.1%) {26.9%}
8   --O                                                                       (2 = 7.7%) {50.0%}
10  -O                                                                        (1 = 3.8%) {57.7%}
13  ----------O                                                               (10 = 38.5%) {61.5%}
16  ... 

Histogram: PageLoad.Experimental.PageTiming.CachedResourceLoadTime.style recorded 7 samples, mean = 103.7 (flags = 0x41)
0    ... 
6    ------O                                                                   (6 = 85.7%) {0.0%}
8    ... 
574  -O                                                                        (1 = 14.3%) {85.7%}
729  ... 

Histogram: PageLoad.Experimental.PageTiming.CommitSentToFirstSubresourceLoadStart recorded 1 samples, mean = 286.0 (flags = 0x41)
0    ... 
257  -O                                                                        (1 = 100.0%) {0.0%}
288  ... 

Histogram: PageLoad.Experimental.PageTiming.NavigationToFirstSubresourceLoadStart recorded 1 samples, mean = 2924.0 (flags = 0x41)
0     ... 
2725  -O                                                                        (1 = 100.0%) {0.0%}
3049  ... 

Histogram: PageLoad.Experimental.PageTiming.ResourceLoadTime. recorded 6 samples, mean = 169.7 (flags = 0x41)
0    ... 
25   -O                                                                        (1 = 16.7%) {0.0%}
32   O                                                                         (0 = 0.0%) {16.7%}
41   --O                                                                       (2 = 33.3%) {16.7%}
52   -O                                                                        (1 = 16.7%) {50.0%}
66   O                                                                         (0 = 0.0%) {66.7%}
84   -O                                                                        (1 = 16.7%) {66.7%}
107  ... 
729  -O                                                                        (1 = 16.7%) {83.3%}
926  ... 

Histogram: PageLoad.Experimental.PageTiming.ResourceLoadTime.document recorded 1 samples, mean = 138.0 (flags = 0x41)
0    ... 
136  -O                                                                        (1 = 100.0%) {0.0%}
173  ... 

Histogram: PageLoad.Experimental.PageTiming.ResourceLoadTime.image recorded 1 samples, mean = 29.0 (flags = 0x41)
0   ... 
25  -O                                                                        (1 = 100.0%) {0.0%}
32  ... 

Histogram: PageLoad.Experimental.PageTiming.ResourceLoadTime.script recorded 1 samples, mean = 696.0 (flags = 0x41)
0    ... 
574  -O                                                                        (1 = 100.0%) {0.0%}
729  ... 

Histogram: PageLoad.Experimental.PageVisitFinalStatus recorded 1 samples, mean = 1.0 (flags = 0x41)
0  O                                                                         (0 = 0.0%)
1  -O                                                                        (1 = 100.0%) {0.0%}
2  ... 

Histogram: PageLoad.Experimental.PageVisitType2 recorded 1 samples, mean = 6.0 (flags = 0x41)
0  ... 
6  -O                                                                        (1 = 100.0%) {0.0%}
7  ... 

Histogram: PageLoad.Experimental.PaintTiming.FirstEligibleToPaintToFirstPaint recorded 1 samples, mean = 987.0 (flags = 0x41)
0    ... 
885  -O                                                                        (1 = 100.0%) {0.0%}
990  ... 

Histogram: PageLoad.Experimental.TotalForegroundDuration recorded 1 samples, mean = 18531454.0 (flags = 0x41)
0        ... 
3600000  -O                                                                        (1 = 100.0%) {0.0%}

Histogram: PageLoad.Experimental.TotalForegroundDuration.AllVisit recorded 1 samples, mean = 18531454.0 (flags = 0x41)
0        ... 
3600000  -O                                                                        (1 = 100.0%) {0.0%}

Histogram: PageLoad.Experimental.TotalForegroundDuration.IndependentUIVisit recorded 1 samples, mean = 18531454.0 (flags = 0x41)
0        ... 
3600000  -O                                                                        (1 = 100.0%) {0.0%}

Histogram: PageLoad.Expermental.SoftNavigations.Count recorded 1 samples, mean = 0.0 (flags = 0x41)
0  -O                                                                        (1 = 100.0%)
1  ... 

Histogram: PageLoad.Internal.PageLoadTimingStatus recorded 19 samples, mean = 0.0 (flags = 0x41)
0  -------------------O                                                      (19 = 100.0%)
1  ... 

Histogram: PageLoad.Internal.PageLoadTimingStatus.AtTimingCallbackDispatch recorded 4 samples, mean = 0.0 (flags = 0x41)
0  ----O                                                                     (4 = 100.0%)
1  ... 

Histogram: PageLoad.Internal.PageType recorded 2 samples, mean = 0.0 (flags = 0x41)
0  --O                                                                       (2 = 100.0%)
1  ... 

Histogram: PageLoad.Internal.SuppressedEventsBeforeMissingFirstPaint recorded 1 samples, mean = 0.0 (flags = 0x41)
0  -O                                                                        (1 = 100.0%)
1  ... 

Histogram: PageLoad.Internal.SuppressedEventsCountBeforePaint3 recorded 1 samples, mean = 0.0 (flags = 0x41)
0  -O                                                                        (1 = 100.0%)
1  ... 

Histogram: PageLoad.Internal.SuppressedEventsTimingBeforePaint3 recorded 1 samples, mean = 0.0 (flags = 0x41)
0  -O                                                                        (1 = 100.0%)
1  ... 

Histogram: PageLoad.Internal.SuppressedInteractionsCountBeforePaint3 recorded 1 samples, mean = 0.0 (flags = 0x41)
0  -O                                                                        (1 = 100.0%)
1  ... 

Histogram: PageLoad.LayoutInstability.CumulativeShiftScore recorded 1 samples, mean = 0.0 (flags = 0x41)
0  -O                                                                        (1 = 100.0%)
1  ... 

Histogram: PageLoad.LayoutInstability.CumulativeShiftScore.MainFrame recorded 1 samples, mean = 0.0 (flags = 0x41)
0  -O                                                                        (1 = 100.0%)
1  ... 

Histogram: PageLoad.LayoutInstability.MaxCumulativeShiftScore.SessionWindow.Gap1000ms.Max5000ms recorded 1 samples, mean = 0.0 (flags = 0x41)
0  -O                                                                        (1 = 100.0%)
1  ... 

Histogram: PageLoad.LayoutInstability.MaxCumulativeShiftScore.SessionWindow.Gap1000ms.Max5000ms2 recorded 1 samples, mean = 0.0 (flags = 0x41)
0  -O                                                                        (1 = 100.0%)
1  ... 

Histogram: PageLoad.PageTiming.ForegroundDuration recorded 1 samples, mean = 18531454.0 (flags = 0x41)
0        ... 
3600000  -O                                                                        (1 = 100.0%) {0.0%}

Histogram: PageLoad.PageTiming.ForegroundDuration.AfterPaint recorded 1 samples, mean = 18526800.0 (flags = 0x41)
0        ... 
3600000  -O                                                                        (1 = 100.0%) {0.0%}

Histogram: PageLoad.PageTiming.ForegroundDuration.NoCommit recorded 1 samples, mean = 66.0 (flags = 0x41)
0   ... 
62  -O                                                                        (1 = 100.0%) {0.0%}
71  ... 

Histogram: PageLoad.PageTiming.ForegroundDuration.WithPaint recorded 1 samples, mean = 18531454.0 (flags = 0x41)
0        ... 
3600000  -O                                                                        (1 = 100.0%) {0.0%}

Histogram: PageLoad.PaintTiming.NavigationToFirstPaint recorded 1 samples, mean = 4654.0 (flags = 0x41)
0     ... 
4272  -O                                                                        (1 = 100.0%) {0.0%}
4780  ... 

Histogram: PageLoad.ParseTiming.NavigationToParseStart recorded 1 samples, mean = 2645.0 (flags = 0x41)
0     ... 
2435  -O                                                                        (1 = 100.0%) {0.0%}
2725  ... 

Histogram: PageLoad.ParseTiming.NavigationToParseStart.LoadType.NewNavigation recorded 1 samples, mean = 2645.0 (flags = 0x41)
0     ... 
2435  -O                                                                        (1 = 100.0%) {0.0%}
2725  ... 

Histogram: PageLoad.ParseTiming.ParseBlockedOnScriptExecution recorded 1 samples, mean = 3.0 (flags = 0x41)
0  -O                                                                        (1 = 100.0%)
10 ... 

Histogram: PageLoad.ParseTiming.ParseBlockedOnScriptExecutionFromDocumentWrite recorded 1 samples, mean = 0.0 (flags = 0x41)
0  -O                                                                        (1 = 100.0%)
10 ... 

Histogram: PageLoad.ParseTiming.ParseBlockedOnScriptLoad recorded 1 samples, mean = 966.0 (flags = 0x41)
0    ... 
885  -O                                                                        (1 = 100.0%) {0.0%}
990  ... 

Histogram: PaintHolding.CommitTrigger2 recorded 1 samples, mean = 3.0 (flags = 0x41)
0  ... 
3  -O                                                                        (1 = 100.0%) {0.0%}
4  ... 

Histogram: PasswordManager.AccountStore.InaccessiblePasswords3 recorded 1 samples, mean = 0.0 (flags = 0x41)
0  -O                                                                        (1 = 100.0%)
1  ... 

Histogram: PasswordManager.AccountStore.LoginDatabaseEncryptionStatus recorded 1 samples, mean = 0.0 (flags = 0x41)
0  -O                                                                        (1 = 100.0%)
1  ... 

Histogram: PasswordManager.AffiliationDatabase.DatabaseSize recorded 1 samples, mean = 52.0 (flags = 0x41)
0  -O                                                                        (1 = 100.0%)
1000... 

Histogram: PasswordManager.BubbleSuppression.AccountsInStatisticsTable2 recorded 1 samples, mean = 0.0 (flags = 0x41)
0  -O                                                                        (1 = 100.0%)
1  ... 

Histogram: PasswordManager.GetAllLogins.TimeSinceInit recorded 2 samples, mean = 30018.5 (flags = 0x41)
0      ... 
26495  --O                                                                       (2 = 100.0%) {0.0%}
33665  ... 

Histogram: PasswordManager.GetAutofillableLogins.TimeSinceInit recorded 2 samples, mean = 2704.5 (flags = 0x41)
0     ... 
2415  --O                                                                       (2 = 100.0%) {0.0%}
3069  ... 

Histogram: PasswordManager.LoginDatabaseInit2 recorded 2 samples, mean = 0.0 (flags = 0x41)
0  --O                                                                       (2 = 100.0%)
1  ... 

Histogram: PasswordManager.OnEncryptorReceived.Success recorded 2 samples, mean = 1.0 (flags = 0x41)
0  O                                                                         (0 = 0.0%)
1  --O                                                                       (2 = 100.0%) {0.0%}
2  O                                                                         (0 = 0.0%) {100.0%}

Histogram: PasswordManager.PasswordStore.InitTime recorded 2 samples, mean = 1733.0 (flags = 0x41)
0     ... 
1500  --O                                                                       (2 = 100.0%) {0.0%}
1782  ... 

Histogram: PasswordManager.PasswordStoreBackend.GetAllLoginsAsync recorded 4 samples, mean = 1.0 (flags = 0x41)
0  --O                                                                       (2 = 50.0%)
1  O                                                                         (0 = 0.0%) {50.0%}
2  --O                                                                       (2 = 50.0%) {50.0%}
3  ... 

Histogram: PasswordManager.PasswordStoreBackend.GetAllLoginsAsync.Latency recorded 2 samples, mean = 8.0 (flags = 0x41)
0  ... 
8  --O                                                                       (2 = 100.0%) {0.0%}
10 ... 

Histogram: PasswordManager.PasswordStoreBackend.GetAllLoginsAsync.Success recorded 2 samples, mean = 1.0 (flags = 0x41)
0  O                                                                         (0 = 0.0%)
1  --O                                                                       (2 = 100.0%) {0.0%}
2  O                                                                         (0 = 0.0%) {100.0%}

Histogram: PasswordManager.PasswordStoreBackend.GetAutofillableLoginsAsync recorded 4 samples, mean = 1.0 (flags = 0x41)
0  --O                                                                       (2 = 50.0%)
1  O                                                                         (0 = 0.0%) {50.0%}
2  --O                                                                       (2 = 50.0%) {50.0%}
3  ... 

Histogram: PasswordManager.PasswordStoreBackend.GetAutofillableLoginsAsync.Latency recorded 2 samples, mean = 1.0 (flags = 0x41)
0  O                                                                         (0 = 0.0%)
1  --O                                                                       (2 = 100.0%) {0.0%}
2  ... 

Histogram: PasswordManager.PasswordStoreBackend.GetAutofillableLoginsAsync.Success recorded 2 samples, mean = 1.0 (flags = 0x41)
0  O                                                                         (0 = 0.0%)
1  --O                                                                       (2 = 100.0%) {0.0%}
2  O                                                                         (0 = 0.0%) {100.0%}

Histogram: PasswordManager.PasswordStoreBuiltInBackend.GetAllLoginsAsync recorded 4 samples, mean = 1.0 (flags = 0x41)
0  --O                                                                       (2 = 50.0%)
1  O                                                                         (0 = 0.0%) {50.0%}
2  --O                                                                       (2 = 50.0%) {50.0%}
3  ... 

Histogram: PasswordManager.PasswordStoreBuiltInBackend.GetAllLoginsAsync.Latency recorded 2 samples, mean = 8.0 (flags = 0x41)
0  ... 
8  --O                                                                       (2 = 100.0%) {0.0%}
10 ... 

Histogram: PasswordManager.PasswordStoreBuiltInBackend.GetAllLoginsAsync.Success recorded 2 samples, mean = 1.0 (flags = 0x41)
0  O                                                                         (0 = 0.0%)
1  --O                                                                       (2 = 100.0%) {0.0%}
2  O                                                                         (0 = 0.0%) {100.0%}

Histogram: PasswordManager.PasswordStoreBuiltInBackend.GetAutofillableLoginsAsync recorded 4 samples, mean = 1.0 (flags = 0x41)
0  --O                                                                       (2 = 50.0%)
1  O                                                                         (0 = 0.0%) {50.0%}
2  --O                                                                       (2 = 50.0%) {50.0%}
3  ... 

Histogram: PasswordManager.PasswordStoreBuiltInBackend.GetAutofillableLoginsAsync.Latency recorded 2 samples, mean = 1.0 (flags = 0x41)
0  O                                                                         (0 = 0.0%)
1  --O                                                                       (2 = 100.0%) {0.0%}
2  ... 

Histogram: PasswordManager.PasswordStoreBuiltInBackend.GetAutofillableLoginsAsync.Success recorded 2 samples, mean = 1.0 (flags = 0x41)
0  O                                                                         (0 = 0.0%)
1  --O                                                                       (2 = 100.0%) {0.0%}
2  O                                                                         (0 = 0.0%) {100.0%}

Histogram: PasswordManager.ProfileStore.InaccessiblePasswords3 recorded 1 samples, mean = 0.0 (flags = 0x41)
0  -O                                                                        (1 = 100.0%)
1  ... 

Histogram: PasswordManager.ProfileStore.LoginDatabaseEncryptionStatus recorded 1 samples, mean = 0.0 (flags = 0x41)
0  -O                                                                        (1 = 100.0%)
1  ... 

Histogram: PasswordManager.SavedGaiaPasswordHashCount2 recorded 1 samples, mean = 0.0 (flags = 0x41)
0  -O                                                                        (1 = 100.0%)
1  ... 

Histogram: PasswordManager.SyncMetadataReadError2 recorded 2 samples, mean = 0.0 (flags = 0x41)
0  --O                                                                       (2 = 100.0%)
1  ... 

Histogram: PaymentRequest.IsCanMakePaymentAllowedByPref.Startup recorded 1 samples, mean = 1.0 (flags = 0x41)
0  O                                                                         (0 = 0.0%)
1  -O                                                                        (1 = 100.0%) {0.0%}
2  O                                                                         (0 = 0.0%) {100.0%}

Histogram: PerformanceManager.LoadingNotQuiescentPageCount.All recorded 614 samples, mean = 0.0 (flags = 0x41)
0  ------------------------------------------------------------------------O (614 = 100.0%)
1  ... 

Histogram: PerformanceManager.LoadingNotQuiescentPageCount.Hidden recorded 614 samples, mean = 0.0 (flags = 0x41)
0  ------------------------------------------------------------------------O (614 = 100.0%)
1  ... 

Histogram: PerformanceManager.LoadingNotQuiescentPageCount.MixedVisibility recorded 614 samples, mean = 0.0 (flags = 0x41)
0  ------------------------------------------------------------------------O (614 = 100.0%)
1  ... 

Histogram: PerformanceManager.LoadingNotQuiescentPageCount.Visible recorded 614 samples, mean = 0.0 (flags = 0x41)
0  ------------------------------------------------------------------------O (614 = 100.0%)
1  ... 

Histogram: PerformanceManager.QuiescentPageCount recorded 614 samples, mean = 1.0 (flags = 0x41)
0  O                                                                         (0 = 0.0%)
1  ------------------------------------------------------------------------O (614 = 100.0%) {0.0%}
2  ... 

Histogram: PerformanceManager.SiteDB.DatabaseInit recorded 1 samples, mean = 0.0 (flags = 0x41)
0  -O                                                                        (1 = 100.0%)
1  ... 

Histogram: PerformanceManager.SiteDB.OnDiskSize recorded 1 samples, mean = 2.0 (flags = 0x41)
0  -O                                                                        (1 = 100.0%)
1000... 

Histogram: PerformanceManager.SiteDB.WriteCompleted.WriteSiteDataIntoStore recorded 1 samples, mean = 1.0 (flags = 0x41)
0  O                                                                         (0 = 0.0%)
1  -O                                                                        (1 = 100.0%) {0.0%}
2  O                                                                         (0 = 0.0%) {100.0%}

Histogram: PerformanceManager.SiteDB.WriteScheduled.WriteSiteDataIntoStore recorded 1 samples, mean = 1.0 (flags = 0x41)
0  O                                                                         (0 = 0.0%)
1  -O                                                                        (1 = 100.0%) {0.0%}
2  O                                                                         (0 = 0.0%) {100.0%}

Histogram: PerformanceManager.TabRevisitTracker.TimeToClose2 recorded 1 samples, mean = 18531.0 (flags = 0x41)
0      ... 
18378  -O                                                                        (1 = 100.0%) {0.0%}
19338  ... 

Histogram: PerformanceManager.UserTuning.BatterySaverModeEnabledPercent recorded 1 samples, mean = 0.0 (flags = 0x41)
0  -O                                                                        (1 = 100.0%)
1  ... 

Histogram: PerformanceManager.UserTuning.MemorySaverModeEnabledPercent recorded 1 samples, mean = 0.0 (flags = 0x41)
0  -O                                                                        (1 = 100.0%)
1  ... 

Histogram: PerformanceMonitor.AverageCPU8.BrowserProcess recorded 153 samples, mean = 1521.8 (flags = 0x41)
0      ... 
383    ------------------------------------------------------------------------O (78 = 51.0%) {0.0%}
462    --------------------------------------------------------O                 (61 = 39.9%) {51.0%}
558    ... 
2088   -O                                                                        (1 = 0.7%) {90.8%}
2521   ... 
5353   -O                                                                        (1 = 0.7%) {91.5%}
6462   O                                                                         (0 = 0.0%) {92.2%}
7801   --O                                                                       (2 = 1.3%) {92.2%}
9417   -O                                                                        (1 = 0.7%) {93.5%}
11368  ---O                                                                      (3 = 2.0%) {94.1%}
13724  ----O                                                                     (4 = 2.6%) {96.1%}
16567  --O                                                                       (2 = 1.3%) {98.7%}
20000  O                                                                         (0 = 0.0%) {100.0%}

Histogram: PerformanceMonitor.AverageCPU8.GPUProcess recorded 153 samples, mean = 55.5 (flags = 0x41)
0     ... 
2     ------------------------------------------------------------------------O (105 = 68.6%) {0.0%}
3     -------------------O                                                      (27 = 17.6%) {68.6%}
4     -----O                                                                    (8 = 5.2%) {86.3%}
5     --O                                                                       (3 = 2.0%) {91.5%}
6     -O                                                                        (2 = 1.3%) {93.5%}
7     -O                                                                        (2 = 1.3%) {94.8%}
8     ---O                                                                      (4 = 2.6%) {96.1%}
10    O                                                                         (0 = 0.0%) {98.7%}
12    -O                                                                        (1 = 0.7%) {98.7%}
15    ... 
7801  -O                                                                        (1 = 0.7%) {99.3%}
9417  ... 

Histogram: PerformanceMonitor.AverageCPU8.NetworkProcess recorded 153 samples, mean = 1.3 (flags = 0x41)
0   -O                                                                        (1 = 0.7%)
1   ------------------------------------------------------------------------O (134 = 87.6%) {0.7%}
2   -------O                                                                  (13 = 8.5%) {88.2%}
3   -O                                                                        (1 = 0.7%) {96.7%}
4   -O                                                                        (1 = 0.7%) {97.4%}
5   ... 
8   -O                                                                        (1 = 0.7%) {98.0%}
10  -O                                                                        (1 = 0.7%) {98.7%}
12  O                                                                         (0 = 0.0%) {99.3%}
15  -O                                                                        (1 = 0.7%) {99.3%}
18  ... 

Histogram: PerformanceMonitor.AverageCPU8.OtherProcess recorded 153 samples, mean = 0.0 (flags = 0x41)
0  ------------------------------------------------------------------------O (153 = 100.0%)
1  ... 

Histogram: PerformanceMonitor.AverageCPU8.RendererExtensionEventProcess recorded 153 samples, mean = 0.0 (flags = 0x41)
0  ------------------------------------------------------------------------O (153 = 100.0%)
1  ... 

Histogram: PerformanceMonitor.AverageCPU8.RendererExtensionPersistentProcess recorded 153 samples, mean = 0.0 (flags = 0x41)
0  ------------------------------------------------------------------------O (153 = 100.0%)
1  ... 

Histogram: PerformanceMonitor.AverageCPU8.RendererProcess recorded 153 samples, mean = 2.4 (flags = 0x41)
0    ------------------------------------------------------------------------O (119 = 77.8%)
1    -------------O                                                            (21 = 13.7%) {77.8%}
2    -----O                                                                    (8 = 5.2%) {91.5%}
3    -O                                                                        (2 = 1.3%) {96.7%}
4    -O                                                                        (1 = 0.7%) {98.0%}
5    -O                                                                        (1 = 0.7%) {98.7%}
6    ... 
263  -O                                                                        (1 = 0.7%) {99.3%}
317  ... 

Histogram: PerformanceMonitor.AverageCPU8.Total recorded 153 samples, mean = 1528.1 (flags = 0x41)
0      ... 
383    ---------O                                                                (16 = 10.5%) {0.0%}
462    ------------------------------------------------------------------------O (123 = 80.4%) {10.5%}
558    ... 
2088   -O                                                                        (1 = 0.7%) {90.8%}
2521   ... 
5353   -O                                                                        (1 = 0.7%) {91.5%}
6462   O                                                                         (0 = 0.0%) {92.2%}
7801   -O                                                                        (2 = 1.3%) {92.2%}
9417   -O                                                                        (1 = 0.7%) {93.5%}
11368  --O                                                                       (3 = 2.0%) {94.1%}
13724  --O                                                                       (4 = 2.6%) {96.1%}
16567  -O                                                                        (2 = 1.3%) {98.7%}
20000  O                                                                         (0 = 0.0%) {100.0%}

Histogram: PerformanceMonitor.AverageCPU8.Total.ZeroWindow recorded 153 samples, mean = 1528.1 (flags = 0x41)
0      ... 
383    ---------O                                                                (16 = 10.5%) {0.0%}
462    ------------------------------------------------------------------------O (123 = 80.4%) {10.5%}
558    ... 
2088   -O                                                                        (1 = 0.7%) {90.8%}
2521   ... 
5353   -O                                                                        (1 = 0.7%) {91.5%}
6462   O                                                                         (0 = 0.0%) {92.2%}
7801   -O                                                                        (2 = 1.3%) {92.2%}
9417   -O                                                                        (1 = 0.7%) {93.5%}
11368  --O                                                                       (3 = 2.0%) {94.1%}
13724  --O                                                                       (4 = 2.6%) {96.1%}
16567  -O                                                                        (2 = 1.3%) {98.7%}
20000  O                                                                         (0 = 0.0%) {100.0%}

Histogram: PerformanceMonitor.AverageCPU8.UtilityProcess recorded 153 samples, mean = 19.1 (flags = 0x41)
0     ------------------------------------------------------------------------O (149 = 97.4%)
1     ... 
10    O                                                                         (1 = 0.7%) {97.4%}
12    ... 
22    -O                                                                        (2 = 1.3%) {98.0%}
27    ... 
2521  O                                                                         (1 = 0.7%) {99.3%}
3043  ... 

Histogram: PerformanceMonitor.HasPreciseCPUUsage recorded 16 samples, mean = 1.0 (flags = 0x41)
0  O                                                                         (0 = 0.0%)
1  ----------------O                                                         (16 = 100.0%) {0.0%}
2  O                                                                         (0 = 0.0%) {100.0%}

Histogram: PerformanceMonitor.UsageScenario.LongInterval recorded 153 samples, mean = 13.0 (flags = 0x41)
0   ... 
13  ------------------------------------------------------------------------O (153 = 100.0%) {0.0%}
14  ... 

Histogram: Permissions.API.CreatedPermissionStatusObjects recorded 1 samples, mean = 0.0 (flags = 0x41)
0  -O                                                                        (1 = 100.0%)
1  ... 

Histogram: Permissions.Experimental.PrimaryMainNavigationFinished.AudioCapture.TopLevelHeaderPolicy recorded 1 samples, mean = 0.0 (flags = 0x41)
0  -O                                                                        (1 = 100.0%)
1  ... 

Histogram: Permissions.Experimental.PrimaryMainNavigationFinished.Geolocation.TopLevelHeaderPolicy recorded 1 samples, mean = 0.0 (flags = 0x41)
0  -O                                                                        (1 = 100.0%)
1  ... 

Histogram: Permissions.Experimental.PrimaryMainNavigationFinished.VideoCapture.TopLevelHeaderPolicy recorded 1 samples, mean = 0.0 (flags = 0x41)
0  -O                                                                        (1 = 100.0%)
1  ... 

Histogram: Permissions.QuietNotificationPrompts.RegularProfile.IsEnabledInPrefs recorded 1 samples, mean = 0.0 (flags = 0x41)
0  -O                                                                        (1 = 100.0%)
1  ... 

Histogram: Platform.IntelMaxMicroArchitecture recorded 1 samples, mean = 10.0 (flags = 0x41)
0   ... 
10  -O                                                                        (1 = 100.0%) {0.0%}
11  ... 

Histogram: Power.BatteryDischargeMode5 recorded 308 samples, mean = 4.0 (flags = 0x41)
0  ... 
4  ------------------------------------------------------------------------O (308 = 100.0%) {0.0%}
5  ... 

Histogram: Power.BatteryDischargeMode5.Initial recorded 1 samples, mean = 4.0 (flags = 0x41)
0  ... 
4  -O                                                                        (1 = 100.0%) {0.0%}
5  ... 

Histogram: Power.BatteryDischargeMode5.Periodic recorded 307 samples, mean = 4.0 (flags = 0x41)
0  ... 
4  ------------------------------------------------------------------------O (307 = 100.0%) {0.0%}
5  ... 

Histogram: Power.BatteryDischargeMode5.TenMinutes recorded 30 samples, mean = 4.0 (flags = 0x41)
0  ... 
4  ------------------------------O                                           (30 = 100.0%) {0.0%}
5  ... 

Histogram: Power.BatteryDischargeMode5.ZeroWindow recorded 308 samples, mean = 4.0 (flags = 0x41)
0  ... 
4  ------------------------------------------------------------------------O (308 = 100.0%) {0.0%}
5  ... 

Histogram: Power.BatteryDischargeMode5.ZeroWindow.Initial recorded 1 samples, mean = 4.0 (flags = 0x41)
0  ... 
4  -O                                                                        (1 = 100.0%) {0.0%}
5  ... 

Histogram: Power.BatteryDischargeMode5.ZeroWindow.Periodic recorded 307 samples, mean = 4.0 (flags = 0x41)
0  ... 
4  ------------------------------------------------------------------------O (307 = 100.0%) {0.0%}
5  ... 

Histogram: Power.HasPreciseBatteryDischargeGranularity recorded 308 samples, mean = 0.0 (flags = 0x41)
0  ------------------------------------------------------------------------O (308 = 100.0%)
1  ... 

Histogram: Prefs.JSonStore.SetValueKey recorded 258 samples (flags = 0x41)
372921139   ------------------------------------------------------------------------O (113 = 43.8%)
852125461   -O                                                                        (2 = 0.8%)
1526276751  --O                                                                       (3 = 1.2%)
1923415074  --------------O                                                           (22 = 8.5%)
1927273959  -O                                                                        (1 = 0.4%)
1936820420  -O                                                                        (2 = 0.8%)
1956100443  -O                                                                        (1 = 0.4%)
2056672062  ------------------------------------------------------------------------O (113 = 43.8%)
2082524502  -O                                                                        (1 = 0.4%)

Histogram: Privacy.CookieControlsSetting.RegularProfile recorded 1 samples, mean = 2.0 (flags = 0x41)
0  ... 
2  -O                                                                        (1 = 100.0%) {0.0%}
3  O                                                                         (0 = 0.0%) {100.0%}

Histogram: Privacy.DIPS.BounceCategoryServer.Block3PC recorded 1 samples, mean = 0.0 (flags = 0x41)
0  -O                                                                        (1 = 100.0%)
1  ... 

Histogram: Privacy.DIPS.ClearedSitesCount.Block3PC recorded 5 samples, mean = 0.0 (flags = 0x41)
0  -----O                                                                    (5 = 100.0%)
1  ... 

Histogram: Privacy.DIPS.DIPSErrorCodes recorded 1 samples, mean = 6.0 (flags = 0x41)
0  ... 
6  -O                                                                        (1 = 100.0%) {0.0%}
7  ... 

Histogram: Privacy.DIPS.Database.Operation.FilterSitesWithProtectiveEventTime recorded 1 samples, mean = 0.0 (flags = 0x41)
0  -O                                                                        (1 = 100.0%)
1  ... 

Histogram: Privacy.DIPS.Database.Operation.GetSitesThatBouncedWithStateTime recorded 5 samples, mean = 0.0 (flags = 0x41)
0  -----O                                                                    (5 = 100.0%)
1  ... 

Histogram: Privacy.DIPS.Database.Operation.InitTime recorded 1 samples, mean = 3.0 (flags = 0x41)
0  ... 
3  -O                                                                        (1 = 100.0%) {0.0%}
4  ... 

Histogram: Privacy.DIPS.Database.Operation.ReadPopupTime recorded 2 samples, mean = 0.0 (flags = 0x41)
0  --O                                                                       (2 = 100.0%)
1  ... 

Histogram: Privacy.DIPS.Database.Operation.ReadTime recorded 3 samples, mean = 0.0 (flags = 0x41)
0  ---O                                                                      (3 = 100.0%)
1  ... 

Histogram: Privacy.DIPS.Database.Operation.RemoveRowsTime recorded 1 samples, mean = 16.0 (flags = 0x41)
0   ... 
14  -O                                                                        (1 = 100.0%) {0.0%}
17  ... 

Histogram: Privacy.DIPS.Database.Operation.WriteTime recorded 1 samples, mean = 42.0 (flags = 0x41)
0   ... 
40  -O                                                                        (1 = 100.0%) {0.0%}
48  ... 

Histogram: Privacy.DIPS.DatabaseEntryCount recorded 1 samples, mean = 0.0 (flags = 0x41)
0  -O                                                                        (1 = 100.0%)
1  ... 

Histogram: Privacy.DIPS.DatabaseHealthMetricsTime recorded 1 samples, mean = 0.0 (flags = 0x41)
0  -O                                                                        (1 = 100.0%)
1  ... 

Histogram: Privacy.DIPS.DatabaseInit recorded 1 samples, mean = 1.0 (flags = 0x41)
0  O                                                                         (0 = 0.0%)
1  -O                                                                        (1 = 100.0%) {0.0%}
2  ... 

Histogram: Privacy.DIPS.DatabaseSize recorded 1 samples, mean = 36.0 (flags = 0x41)
0  -O                                                                        (1 = 100.0%)
1000... 

Histogram: Privacy.DoNotTrackSetting2 recorded 1 samples, mean = 0.0 (flags = 0x41)
0  -O                                                                        (1 = 100.0%)
1  ... 

Histogram: Privacy.ThirdPartyCookieBlockingSetting.RegularProfile recorded 1 samples, mean = 0.0 (flags = 0x41)
0  -O                                                                        (1 = 100.0%)
1  ... 

Histogram: PrivacyBudget.Identifiability.FinchConfigValidationResult recorded 1 samples, mean = 1.0 (flags = 0x41)
0  O                                                                         (0 = 0.0%)
1  -O                                                                        (1 = 100.0%) {0.0%}
2  O                                                                         (0 = 0.0%) {100.0%}

Histogram: PrivacySandbox.NoticeRequirement.IsVariationCountryEmpty recorded 3 samples, mean = 1.0 (flags = 0x41)
0  O                                                                         (0 = 0.0%)
1  ---O                                                                      (3 = 100.0%) {0.0%}
2  O                                                                         (0 = 0.0%) {100.0%}

Histogram: PrivacySandbox.NoticeRequirement.IsVariationServiceReady recorded 3 samples, mean = 1.0 (flags = 0x41)
0  O                                                                         (0 = 0.0%)
1  ---O                                                                      (3 = 100.0%) {0.0%}
2  O                                                                         (0 = 0.0%) {100.0%}

Histogram: PrivacySandbox.TrackingProtection.OnboardingStartup.State recorded 1 samples, mean = 0.0 (flags = 0x41)
0  -O                                                                        (1 = 100.0%)
1  ... 

Histogram: PrivacySandbox.TrackingProtection.SilentOnboardingStartup.State recorded 1 samples, mean = 0.0 (flags = 0x41)
0  -O                                                                        (1 = 100.0%)
1  ... 

Histogram: Profile.AppCount recorded 1 samples, mean = 0.0 (flags = 0x41)
0  -O                                                                        (1 = 100.0%)
1  ... 

Histogram: Profile.BookmarksSize recorded 1 samples, mean = 0.0 (flags = 0x41)
0  -O                                                                        (1 = 100.0%)
1  ... 

Histogram: Profile.CookiesSize recorded 1 samples, mean = 0.0 (flags = 0x41)
0  -O                                                                        (1 = 100.0%)
1  ... 

Histogram: Profile.Destroyer.OffTheRecord recorded 1 samples, mean = 1.0 (flags = 0x41)
0  O                                                                         (0 = 0.0%)
1  -O                                                                        (1 = 100.0%) {0.0%}
2  ... 

Histogram: Profile.DidDestroyProfileBeforeShutdown recorded 1 samples, mean = 0.0 (flags = 0x41)
0  -O                                                                        (1 = 100.0%)
1  ... 

Histogram: Profile.ExtensionSize recorded 1 samples, mean = 0.0 (flags = 0x41)
0  -O                                                                        (1 = 100.0%)
1  ... 

Histogram: Profile.FaviconsSize recorded 1 samples, mean = 0.0 (flags = 0x41)
0  -O                                                                        (1 = 100.0%)
1  ... 

Histogram: Profile.HistorySize recorded 1 samples, mean = 0.0 (flags = 0x41)
0  -O                                                                        (1 = 100.0%)
1  ... 

Histogram: Profile.KeepAliveLeakAtShutdown recorded 2 samples, mean = 3.5 (flags = 0x41)
0  -O                                                                        (1 = 50.0%)
1  ... 
7  -O                                                                        (1 = 50.0%) {50.0%}
8  ... 

Histogram: Profile.LiveProfileCount recorded 10 samples, mean = 1.0 (flags = 0x41)
0  O                                                                         (0 = 0.0%)
1  ----------O                                                               (10 = 100.0%) {0.0%}
2  ... 

Histogram: Profile.TopSitesSize recorded 1 samples, mean = 0.0 (flags = 0x41)
0  -O                                                                        (1 = 100.0%)
1  ... 

Histogram: Profile.TotalHistorySize recorded 1 samples, mean = 0.0 (flags = 0x41)
0  -O                                                                        (1 = 100.0%)
1  ... 

Histogram: Profile.TotalSize recorded 1 samples, mean = 0.0 (flags = 0x41)
0  -O                                                                        (1 = 100.0%)
1  ... 

Histogram: Profile.TotalSizeRecursive recorded 1 samples, mean = 16.0 (flags = 0x41)
0   ... 
14  -O                                                                        (1 = 100.0%) {0.0%}
17  ... 

Histogram: Profile.TriggeredReset recorded 1 samples, mean = 0.0 (flags = 0x41)
0  -O                                                                        (1 = 100.0%)
1  ... 

Histogram: Profile.VisitedLinksSize recorded 1 samples, mean = 0.0 (flags = 0x41)
0  -O                                                                        (1 = 100.0%)
1  ... 

Histogram: Profile.WebDataSize recorded 1 samples, mean = 0.0 (flags = 0x41)
0  -O                                                                        (1 = 100.0%)
1  ... 

Histogram: Profile.ZombieProfileCount recorded 10 samples, mean = 0.0 (flags = 0x41)
0  ----------O                                                               (10 = 100.0%)
1  ... 

Histogram: ProfilePicker.StartupMode.CreateInitialProfile recorded 1 samples, mean = 0.0 (flags = 0x41)
0  -O                                                                        (1 = 100.0%)
1  ... 

Histogram: ProfilePicker.StartupMode.GetStartupProfile recorded 1 samples, mean = 0.0 (flags = 0x41)
0  -O                                                                        (1 = 100.0%)
1  ... 

Histogram: ProfilePicker.StartupReason.GetStartupProfile recorded 1 samples, mean = 27.0 (flags = 0x41)
0   ... 
27  -O                                                                        (1 = 100.0%) {0.0%}
28  ... 

Histogram: ProtoDB.GetErrorStatus.Metadata recorded 0 samples (flags = 0x41)
0 ... 

Histogram: ProtoDB.GetFound.Metadata recorded 18 samples, mean = 1.0 (flags = 0x41)
0  O                                                                         (0 = 0.0%)
1  ------------------O                                                       (18 = 100.0%) {0.0%}
2  O                                                                         (0 = 0.0%) {100.0%}

Histogram: ProtoDB.GetSuccess.Metadata recorded 18 samples, mean = 1.0 (flags = 0x41)
0  O                                                                         (0 = 0.0%)
1  ------------------O                                                       (18 = 100.0%) {0.0%}
2  O                                                                         (0 = 0.0%) {100.0%}

Histogram: ProtoDB.InitStatus.BudgetManager recorded 1 samples, mean = 4.0 (flags = 0x41)
0  ... 
4  -O                                                                        (1 = 100.0%) {0.0%}
5  ... 

Histogram: ProtoDB.InitStatus.CartDatabase recorded 1 samples, mean = 4.0 (flags = 0x41)
0  ... 
4  -O                                                                        (1 = 100.0%) {0.0%}
5  ... 

Histogram: ProtoDB.InitStatus.ClientCertificatesDatabase recorded 1 samples, mean = 4.0 (flags = 0x41)
0  ... 
4  -O                                                                        (1 = 100.0%) {0.0%}
5  ... 

Histogram: ProtoDB.InitStatus.CommerceParcelTrackingDatabase recorded 1 samples, mean = 4.0 (flags = 0x41)
0  ... 
4  -O                                                                        (1 = 100.0%) {0.0%}
5  ... 

Histogram: ProtoDB.InitStatus.CommerceSubscriptionDatabase recorded 1 samples, mean = 4.0 (flags = 0x41)
0  ... 
4  -O                                                                        (1 = 100.0%) {0.0%}
5  ... 

Histogram: ProtoDB.InitStatus.CouponDatabase recorded 1 samples, mean = 4.0 (flags = 0x41)
0  ... 
4  -O                                                                        (1 = 100.0%) {0.0%}
5  ... 

Histogram: ProtoDB.InitStatus.DiscountsDatabase recorded 1 samples, mean = 4.0 (flags = 0x41)
0  ... 
4  -O                                                                        (1 = 100.0%) {0.0%}
5  ... 

Histogram: ProtoDB.InitStatus.DownloadDB recorded 1 samples, mean = 4.0 (flags = 0x41)
0  ... 
4  -O                                                                        (1 = 100.0%) {0.0%}
5  ... 

Histogram: ProtoDB.InitStatus.DownloadService recorded 1 samples, mean = 4.0 (flags = 0x41)
0  ... 
4  -O                                                                        (1 = 100.0%) {0.0%}
5  ... 

Histogram: ProtoDB.InitStatus.FeatureEngagementTrackerAvailabilityStore recorded 1 samples, mean = 4.0 (flags = 0x41)
0  ... 
4  -O                                                                        (1 = 100.0%) {0.0%}
5  ... 

Histogram: ProtoDB.InitStatus.FeatureEngagementTrackerEventStore recorded 1 samples, mean = 4.0 (flags = 0x41)
0  ... 
4  -O                                                                        (1 = 100.0%) {0.0%}
5  ... 

Histogram: ProtoDB.InitStatus.Metadata recorded 1 samples, mean = 0.0 (flags = 0x41)
0  -O                                                                        (1 = 100.0%)
1  ... 

Histogram: ProtoDB.InitStatus.PersistentOriginTrials recorded 1 samples, mean = 4.0 (flags = 0x41)
0  ... 
4  -O                                                                        (1 = 100.0%) {0.0%}
5  ... 

Histogram: ProtoDB.InitStatus.PreviewsHintCacheStore recorded 1 samples, mean = 4.0 (flags = 0x41)
0  ... 
4  -O                                                                        (1 = 100.0%) {0.0%}
5  ... 

Histogram: ProtoDB.InitStatus.SegmentInfoDatabase recorded 1 samples, mean = 4.0 (flags = 0x41)
0  ... 
4  -O                                                                        (1 = 100.0%) {0.0%}
5  ... 

Histogram: ProtoDB.InitStatus.SharedDb recorded 1 samples, mean = 0.0 (flags = 0x41)
0  -O                                                                        (1 = 100.0%)
1  ... 

Histogram: ProtoDB.InitStatus.SignalDatabase recorded 1 samples, mean = 4.0 (flags = 0x41)
0  ... 
4  -O                                                                        (1 = 100.0%) {0.0%}
5  ... 

Histogram: ProtoDB.InitStatus.SignalStorageConfigDatabase recorded 1 samples, mean = 4.0 (flags = 0x41)
0  ... 
4  -O                                                                        (1 = 100.0%) {0.0%}
5  ... 

Histogram: ProtoDB.InitStatus.StrikeService recorded 1 samples, mean = 4.0 (flags = 0x41)
0  ... 
4  -O                                                                        (1 = 100.0%) {0.0%}
5  ... 

Histogram: ProtoDB.LoadEntriesSuccess.CartDatabase recorded 1 samples, mean = 1.0 (flags = 0x41)
0  O                                                                         (0 = 0.0%)
1  -O                                                                        (1 = 100.0%) {0.0%}
2  O                                                                         (0 = 0.0%) {100.0%}

Histogram: ProtoDB.LoadEntriesSuccess.CommerceSubscriptionDatabase recorded 1 samples, mean = 1.0 (flags = 0x41)
0  O                                                                         (0 = 0.0%)
1  -O                                                                        (1 = 100.0%) {0.0%}
2  O                                                                         (0 = 0.0%) {100.0%}

Histogram: ProtoDB.LoadEntriesSuccess.CouponDatabase recorded 1 samples, mean = 1.0 (flags = 0x41)
0  O                                                                         (0 = 0.0%)
1  -O                                                                        (1 = 100.0%) {0.0%}
2  O                                                                         (0 = 0.0%) {100.0%}

Histogram: ProtoDB.LoadEntriesSuccess.DownloadDB recorded 1 samples, mean = 1.0 (flags = 0x41)
0  O                                                                         (0 = 0.0%)
1  -O                                                                        (1 = 100.0%) {0.0%}
2  O                                                                         (0 = 0.0%) {100.0%}

Histogram: ProtoDB.LoadEntriesSuccess.DownloadService recorded 1 samples, mean = 1.0 (flags = 0x41)
0  O                                                                         (0 = 0.0%)
1  -O                                                                        (1 = 100.0%) {0.0%}
2  O                                                                         (0 = 0.0%) {100.0%}

Histogram: ProtoDB.LoadEntriesSuccess.FeatureEngagementTrackerAvailabilityStore recorded 1 samples, mean = 1.0 (flags = 0x41)
0  O                                                                         (0 = 0.0%)
1  -O                                                                        (1 = 100.0%) {0.0%}
2  O                                                                         (0 = 0.0%) {100.0%}

Histogram: ProtoDB.LoadEntriesSuccess.FeatureEngagementTrackerEventStore recorded 1 samples, mean = 1.0 (flags = 0x41)
0  O                                                                         (0 = 0.0%)
1  -O                                                                        (1 = 100.0%) {0.0%}
2  O                                                                         (0 = 0.0%) {100.0%}

Histogram: ProtoDB.LoadEntriesSuccess.PersistentOriginTrials recorded 1 samples, mean = 1.0 (flags = 0x41)
0  O                                                                         (0 = 0.0%)
1  -O                                                                        (1 = 100.0%) {0.0%}
2  O                                                                         (0 = 0.0%) {100.0%}

Histogram: ProtoDB.LoadEntriesSuccess.SegmentInfoDatabase recorded 1 samples, mean = 1.0 (flags = 0x41)
0  O                                                                         (0 = 0.0%)
1  -O                                                                        (1 = 100.0%) {0.0%}
2  O                                                                         (0 = 0.0%) {100.0%}

Histogram: ProtoDB.LoadEntriesSuccess.SignalStorageConfigDatabase recorded 1 samples, mean = 1.0 (flags = 0x41)
0  O                                                                         (0 = 0.0%)
1  -O                                                                        (1 = 100.0%) {0.0%}
2  O                                                                         (0 = 0.0%) {100.0%}

Histogram: ProtoDB.LoadKeysAndEntriesSuccess.PreviewsHintCacheStore recorded 2 samples, mean = 1.0 (flags = 0x41)
0  O                                                                         (0 = 0.0%)
1  --O                                                                       (2 = 100.0%) {0.0%}
2  O                                                                         (0 = 0.0%) {100.0%}

Histogram: ProtoDB.LoadKeysAndEntriesSuccess.SignalDatabase recorded 20 samples, mean = 1.0 (flags = 0x41)
0  O                                                                         (0 = 0.0%)
1  --------------------O                                                     (20 = 100.0%) {0.0%}
2  O                                                                         (0 = 0.0%) {100.0%}

Histogram: ProtoDB.LoadKeysAndEntriesSuccess.StrikeService recorded 1 samples, mean = 1.0 (flags = 0x41)
0  O                                                                         (0 = 0.0%)
1  -O                                                                        (1 = 100.0%) {0.0%}
2  O                                                                         (0 = 0.0%) {100.0%}

Histogram: ProtoDB.SharedDbInitStatus recorded 53 samples, mean = 11.4 (flags = 0x41)
0   ------------------O                                                       (18 = 34.0%)
1   ... 
11  -----------------O                                                        (17 = 32.1%) {34.0%}
12  ... 
23  -----------------O                                                        (17 = 32.1%) {66.0%}
24  ... 
27  -O                                                                        (1 = 1.9%) {98.1%}
28  ... 

Histogram: ProtoDB.UpdateErrorStatus.CartDatabase recorded 0 samples (flags = 0x41)
0 ... 

Histogram: ProtoDB.UpdateErrorStatus.CouponDatabase recorded 0 samples (flags = 0x41)
0 ... 

Histogram: ProtoDB.UpdateErrorStatus.Default recorded 0 samples (flags = 0x41)
0 ... 

Histogram: ProtoDB.UpdateErrorStatus.FeatureEngagementTrackerAvailabilityStore recorded 0 samples (flags = 0x41)
0 ... 

Histogram: ProtoDB.UpdateErrorStatus.Metadata recorded 0 samples (flags = 0x41)
0 ... 

Histogram: ProtoDB.UpdateErrorStatus.SegmentInfoDatabase recorded 0 samples (flags = 0x41)
0 ... 

Histogram: ProtoDB.UpdateErrorStatus.SignalDatabase recorded 0 samples (flags = 0x41)
0 ... 

Histogram: ProtoDB.UpdateErrorStatus.SignalStorageConfigDatabase recorded 0 samples (flags = 0x41)
0 ... 

Histogram: ProtoDB.UpdateSuccess.CartDatabase recorded 1 samples, mean = 1.0 (flags = 0x41)
0  O                                                                         (0 = 0.0%)
1  -O                                                                        (1 = 100.0%) {0.0%}
2  O                                                                         (0 = 0.0%) {100.0%}

Histogram: ProtoDB.UpdateSuccess.CouponDatabase recorded 1 samples, mean = 1.0 (flags = 0x41)
0  O                                                                         (0 = 0.0%)
1  -O                                                                        (1 = 100.0%) {0.0%}
2  O                                                                         (0 = 0.0%) {100.0%}

Histogram: ProtoDB.UpdateSuccess.Default recorded 5 samples, mean = 1.0 (flags = 0x41)
0  O                                                                         (0 = 0.0%)
1  -----O                                                                    (5 = 100.0%) {0.0%}
2  O                                                                         (0 = 0.0%) {100.0%}

Histogram: ProtoDB.UpdateSuccess.FeatureEngagementTrackerAvailabilityStore recorded 1 samples, mean = 1.0 (flags = 0x41)
0  O                                                                         (0 = 0.0%)
1  -O                                                                        (1 = 100.0%) {0.0%}
2  O                                                                         (0 = 0.0%) {100.0%}

Histogram: ProtoDB.UpdateSuccess.Metadata recorded 1 samples, mean = 1.0 (flags = 0x41)
0  O                                                                         (0 = 0.0%)
1  -O                                                                        (1 = 100.0%) {0.0%}
2  O                                                                         (0 = 0.0%) {100.0%}

Histogram: ProtoDB.UpdateSuccess.SegmentInfoDatabase recorded 11 samples, mean = 1.0 (flags = 0x41)
0  O                                                                         (0 = 0.0%)
1  -----------O                                                              (11 = 100.0%) {0.0%}
2  O                                                                         (0 = 0.0%) {100.0%}

Histogram: ProtoDB.UpdateSuccess.SignalDatabase recorded 20 samples, mean = 1.0 (flags = 0x41)
0  O                                                                         (0 = 0.0%)
1  --------------------O                                                     (20 = 100.0%) {0.0%}
2  O                                                                         (0 = 0.0%) {100.0%}

Histogram: ProtoDB.UpdateSuccess.SignalStorageConfigDatabase recorded 1 samples, mean = 1.0 (flags = 0x41)
0  O                                                                         (0 = 0.0%)
1  -O                                                                        (1 = 100.0%) {0.0%}
2  O                                                                         (0 = 0.0%) {100.0%}

Histogram: Quota.AvailableDiskSpace recorded 16 samples, mean = 802238.0 (flags = 0x41)
0       ... 
764286  ----------------O                                                         (16 = 100.0%) {0.0%}
891576  ... 

Histogram: Quota.AvailableDiskSpace2 recorded 5 samples, mean = 802243.0 (flags = 0x41)
0       ... 
764286  -----O                                                                    (5 = 100.0%) {0.0%}
891576  ... 

Histogram: Quota.EvictedBucketsPerHour recorded 5 samples, mean = 0.0 (flags = 0x41)
0  -----O                                                                    (5 = 100.0%)
1  ... 

Histogram: Quota.EvictionRoundsPerHour recorded 5 samples, mean = 2.0 (flags = 0x41)
0  ... 
2  -----O                                                                    (5 = 100.0%) {0.0%}
3  ... 

Histogram: Quota.GlobalTemporaryPoolSize recorded 11 samples, mean = 1524986.0 (flags = 0x41)
0        ... 
1415357  -----------O                                                              (11 = 100.0%) {0.0%}
1651082  ... 

Histogram: Quota.GlobalUsageOfTemporaryStorage recorded 5 samples, mean = 0.0 (flags = 0x41)
0  -----O                                                                    (5 = 100.0%)
1  ... 

Histogram: Quota.PercentDiskAvailable recorded 16 samples, mean = 42.0 (flags = 0x41)
0   ... 
42  ----------------O                                                         (16 = 100.0%) {0.0%}
43  ... 

Histogram: Quota.PercentDiskAvailable2 recorded 5 samples, mean = 42.0 (flags = 0x41)
0   ... 
42  -----O                                                                    (5 = 100.0%) {0.0%}
43  ... 

Histogram: Quota.PercentUsedForTemporaryStorage2 recorded 5 samples, mean = 0.0 (flags = 0x41)
0  -----O                                                                    (5 = 100.0%)
1  ... 

Histogram: Quota.SkippedEvictionRoundsPerHour recorded 5 samples, mean = 2.0 (flags = 0x41)
0  ... 
2  -----O                                                                    (5 = 100.0%) {0.0%}
3  ... 

Histogram: Quota.StorageKeyNonceCount recorded 5 samples, mean = 0.0 (flags = 0x41)
0  -----O                                                                    (5 = 100.0%)
1  ... 

Histogram: Quota.TotalBucketCount recorded 5 samples, mean = 0.0 (flags = 0x41)
0  -----O                                                                    (5 = 100.0%)
1  ... 

Histogram: Quota.TotalDiskSpace recorded 16 samples, mean = 1906233.0 (flags = 0x41)
0        ... 
1651082  ----------------O                                                         (16 = 100.0%) {0.0%}
1926066  ... 

Histogram: Quota.TotalDiskSpaceIsZero recorded 11 samples, mean = 0.0 (flags = 0x41)
0  -----------O                                                              (11 = 100.0%)
1  ... 

Histogram: ReadingList.Read.Count.OnModelLoaded.AccountStorage recorded 1 samples, mean = 0.0 (flags = 0x41)
0  -O                                                                        (1 = 100.0%)
1  ... 

Histogram: ReadingList.Read.Count.OnModelLoaded.LocalStorage recorded 1 samples, mean = 0.0 (flags = 0x41)
0  -O                                                                        (1 = 100.0%)
1  ... 

Histogram: ReadingList.Unread.Count.OnModelLoaded.AccountStorage recorded 1 samples, mean = 0.0 (flags = 0x41)
0  -O                                                                        (1 = 100.0%)
1  ... 

Histogram: ReadingList.Unread.Count.OnModelLoaded.LocalStorage recorded 1 samples, mean = 0.0 (flags = 0x41)
0  -O                                                                        (1 = 100.0%)
1  ... 

Histogram: Renderer.Core.Timing.Performance.SwapsPerPerformanceEntryInsertion recorded 61 samples, mean = 0.6 (flags = 0x41)
0   ------------------------------------------------O                         (48 = 78.7%)
1   ----O                                                                     (4 = 6.6%) {78.7%}
2   ----O                                                                     (4 = 6.6%) {85.2%}
3   ---O                                                                      (3 = 4.9%) {91.8%}
4   -O                                                                        (1 = 1.6%) {96.7%}
5   ... 
11  -O                                                                        (1 = 1.6%) {98.4%}
12  ... 

Histogram: Renderer.CriticalFonts.BlockingResourcesLoadTime recorded 1 samples, mean = 3618.0 (flags = 0x41)
0     ... 
3553  -O                                                                        (1 = 100.0%) {0.0%}
4222  ... 

Histogram: Renderer.CriticalFonts.CriticalFontDelay recorded 1 samples, mean = 0.0 (flags = 0x41)
0  -O                                                                        (1 = 100.0%)
1  ... 

Histogram: Renderer.CriticalFonts.PreloadedFontsLoadTime recorded 1 samples, mean = 2929.0 (flags = 0x41)
0     ... 
2516  -O                                                                        (1 = 100.0%) {0.0%}
2990  ... 

Histogram: Renderer.Font.PrimaryFont.DomContentLoaded recorded 1 samples, mean = 0.0 (flags = 0x41)
0  -O                                                                        (1 = 100.0%)
1  ... 

Histogram: Renderer.Font.PrimaryFont.DomContentLoaded.Style recorded 1 samples, mean = 0.0 (flags = 0x41)
0  -O                                                                        (1 = 100.0%)
1  ... 

Histogram: Renderer.Font.SystemFallback.DomContentLoaded recorded 1 samples, mean = 0.0 (flags = 0x41)
0  -O                                                                        (1 = 100.0%)
1  ... 

Histogram: Renderer.Layout.TextWrapBalance recorded 10 samples, mean = 0.0 (flags = 0x41)
0  ----------O                                                               (10 = 100.0%)
1  ... 

Histogram: Renderer.ProcessLifetime3 recorded 3 samples, mean = 12353197.0 (flags = 0x41)
0         ... 
1123      -O                                                                        (1 = 33.3%) {0.0%}
1261      ... 
17033953  --O                                                                       (2 = 66.7%) {33.3%}
19128757  ... 

Histogram: Renderer.ProcessLifetime3.Empty recorded 1 samples, mean = 18528540.0 (flags = 0x41)
0         ... 
17033953  -O                                                                        (1 = 100.0%) {0.0%}
19128757  ... 

Histogram: Renderer.ProcessLifetime3.MainFrame recorded 1 samples, mean = 18529790.0 (flags = 0x41)
0         ... 
17033953  -O                                                                        (1 = 100.0%) {0.0%}
19128757  ... 

Histogram: Renderer.ProcessLifetime3.Speculative recorded 1 samples, mean = 1260.0 (flags = 0x41)
0     ... 
1123  -O                                                                        (1 = 100.0%) {0.0%}
1261  ... 

Histogram: Renderer.ReduceSubresourceResponseIPC.DidNotifyBrowser recorded 47 samples, mean = 1.0 (flags = 0x41)
0  O                                                                         (0 = 0.0%)
1  -----------------------------------------------O                          (47 = 100.0%) {0.0%}
2  O                                                                         (0 = 0.0%) {100.0%}

Histogram: Renderer4.GpuRasterizationEnabled recorded 1 samples, mean = 1.0 (flags = 0x41)
0  O                                                                         (0 = 0.0%)
1  -O                                                                        (1 = 100.0%) {0.0%}
2  O                                                                         (0 = 0.0%) {100.0%}

Histogram: RendererScheduler.RendererMainThreadLoad5 recorded 37061 samples, mean = 0.0 (flags = 0x41)
0   ------------------------------------------------------------------------O (37053 = 100.0%)
1   O                                                                         (3 = 0.0%) {100.0%}
2   O                                                                         (0 = 0.0%) {100.0%}
3   O                                                                         (1 = 0.0%) {100.0%}
4   O                                                                         (1 = 0.0%) {100.0%}
5   ... 
20  O                                                                         (1 = 0.0%) {100.0%}
21  O                                                                         (0 = 0.0%) {100.0%}
22  O                                                                         (1 = 0.0%) {100.0%}
23  ... 
80  O                                                                         (1 = 0.0%) {100.0%}
81  ... 

Histogram: RendererScheduler.RendererMainThreadLoad5.Background recorded 18528 samples, mean = 0.0 (flags = 0x41)
0  ------------------------------------------------------------------------O (18528 = 100.0%)
1  ... 

Histogram: RendererScheduler.RendererMainThreadLoad5.Background.AfterFifthMinute recorded 18229 samples, mean = 0.0 (flags = 0x41)
0  ------------------------------------------------------------------------O (18229 = 100.0%)
1  ... 

Histogram: RendererScheduler.RendererMainThreadLoad5.Background.AfterFirstMinute recorded 18469 samples, mean = 0.0 (flags = 0x41)
0  ------------------------------------------------------------------------O (18469 = 100.0%)
1  ... 

Histogram: RendererScheduler.RendererMainThreadLoad5.Background.AfterTenthMinute recorded 17929 samples, mean = 0.0 (flags = 0x41)
0  ------------------------------------------------------------------------O (17929 = 100.0%)
1  ... 

Histogram: RendererScheduler.RendererMainThreadLoad5.Foreground recorded 2 samples, mean = 10.0 (flags = 0x41)
0   -O                                                                        (1 = 50.0%)
1   ... 
20  -O                                                                        (1 = 50.0%) {50.0%}
21  ... 

Histogram: RendererScheduler.RendererMainThreadLoad5.Foreground.AfterFirstMinute recorded 18468 samples, mean = 0.0 (flags = 0x41)
0  ------------------------------------------------------------------------O (18466 = 100.0%)
1  O                                                                         (2 = 0.0%) {100.0%}
2  ... 

Histogram: ReportingAndNEL.NumberOfLoadedNELPolicies recorded 1 samples, mean = 0.0 (flags = 0x41)
0  -O                                                                        (1 = 100.0%)
1  ... 

Histogram: ReportingAndNEL.NumberOfLoadedNELPolicies2 recorded 1 samples, mean = 0.0 (flags = 0x41)
0  -O                                                                        (1 = 100.0%)
1  ... 

Histogram: ReportingAndNEL.TimeInitializeDB recorded 1 samples, mean = 3.0 (flags = 0x41)
0  ... 
3  -O                                                                        (1 = 100.0%) {0.0%}
4  ... 

Histogram: ResourceScheduler.RequestQueuingDuration.Priority1 recorded 129 samples, mean = 0.0 (flags = 0x41)
0  ------------------------------------------------------------------------O (129 = 100.0%)
1  ... 

Histogram: ResourceScheduler.RequestQueuingDuration.Priority2 recorded 29 samples, mean = 0.0 (flags = 0x41)
0  -----------------------------O                                            (29 = 100.0%)
1  ... 

Histogram: ResourceScheduler.RequestQueuingDuration.Priority3 recorded 1 samples, mean = 0.0 (flags = 0x41)
0  -O                                                                        (1 = 100.0%)
1  ... 

Histogram: ResourceScheduler.RequestQueuingDuration.Priority4 recorded 12 samples, mean = 0.0 (flags = 0x41)
0  ------------O                                                             (12 = 100.0%)
1  ... 

Histogram: ResourceScheduler.RequestQueuingDuration.Priority5 recorded 13 samples, mean = 0.0 (flags = 0x41)
0  -------------O                                                            (13 = 100.0%)
1  ... 

Histogram: SBClientPhishing.Classifier.Event recorded 2 samples, mean = 1.0 (flags = 0x41)
0  O                                                                         (0 = 0.0%)
1  --O                                                                       (2 = 100.0%) {0.0%}
2  ... 

Histogram: SBClientPhishing.HighConfidenceAllowlistCheckDuration recorded 1 samples, mean = 4.0 (flags = 0x41)
0  ... 
4  -O                                                                        (1 = 100.0%) {0.0%}
5  ... 

Histogram: SBClientPhishing.ImageEmbedder.Event recorded 2 samples, mean = 1.0 (flags = 0x41)
0  O                                                                         (0 = 0.0%)
1  --O                                                                       (2 = 100.0%) {0.0%}
2  ... 

Histogram: SBClientPhishing.LoadReportTimesFromPrefAtServiceCreationSuccessful recorded 1 samples, mean = 1.0 (flags = 0x41)
0  O                                                                         (0 = 0.0%)
1  -O                                                                        (1 = 100.0%) {0.0%}
2  O                                                                         (0 = 0.0%) {100.0%}

Histogram: SBClientPhishing.MatchHighConfidenceAllowlist recorded 1 samples, mean = 3.0 (flags = 0x41)
0  ... 
3  -O                                                                        (1 = 100.0%) {0.0%}
4  O                                                                         (0 = 0.0%) {100.0%}

Histogram: SBClientPhishing.MatchHighConfidenceAllowlist.TriggerModel recorded 1 samples, mean = 3.0 (flags = 0x41)
0  ... 
3  -O                                                                        (1 = 100.0%) {0.0%}
4  O                                                                         (0 = 0.0%) {100.0%}

Histogram: SBClientPhishing.PreClassificationCheckResult recorded 1 samples, mean = 3.0 (flags = 0x41)
0  ... 
3  -O                                                                        (1 = 100.0%) {0.0%}
4  ... 

Histogram: SSL.Experimental.SubresourceResponse recorded 47 samples, mean = 0.0 (flags = 0x41)
0  -----------------------------------------------O                          (47 = 100.0%)
1  ... 

Histogram: SafeBrowsing.AsyncCheck.CommittedNavigationIdsSize recorded 5 samples, mean = 1.6 (flags = 0x41)
0  -O                                                                        (1 = 20.0%)
1  -O                                                                        (1 = 20.0%) {20.0%}
2  --O                                                                       (2 = 40.0%) {40.0%}
3  -O                                                                        (1 = 20.0%) {80.0%}
4  ... 

Histogram: SafeBrowsing.BrowserThrottle.CheckerOnIOLifetime recorded 1 samples, mean = 971.0 (flags = 0x41)
0    ... 
926  -O                                                                        (1 = 100.0%) {0.0%}
1177 ... 

Histogram: SafeBrowsing.BrowserThrottle.IntervalBetweenStartAndProcess recorded 1 samples, mean = 971.0 (flags = 0x41)
0    ... 
894  -O                                                                        (1 = 100.0%) {0.0%}
1062 ... 

Histogram: SafeBrowsing.BrowserThrottle.IntervalBetweenStartAndProcess.FromNetwork recorded 1 samples, mean = 971.0 (flags = 0x41)
0    ... 
894  -O                                                                        (1 = 100.0%) {0.0%}
1062 ... 

Histogram: SafeBrowsing.BrowserThrottle.IsCheckCompletedOnProcessResponse recorded 1 samples, mean = 1.0 (flags = 0x41)
0  O                                                                         (0 = 0.0%)
1  -O                                                                        (1 = 100.0%) {0.0%}
2  O                                                                         (0 = 0.0%) {100.0%}

Histogram: SafeBrowsing.BrowserThrottle.RequestDestination recorded 1 samples, mean = 3.0 (flags = 0x41)
0  ... 
3  -O                                                                        (1 = 100.0%) {0.0%}
4  ... 

Histogram: SafeBrowsing.BrowserThrottle.RequestDestination.Checked recorded 1 samples, mean = 3.0 (flags = 0x41)
0  ... 
3  -O                                                                        (1 = 100.0%) {0.0%}
4  ... 

Histogram: SafeBrowsing.BrowserThrottle.TotalDelay2.FromNetwork recorded 1 samples, mean = 0.0 (flags = 0x41)
0  -O                                                                        (1 = 100.0%)
1  ... 

Histogram: SafeBrowsing.BrowserThrottle.TotalDelay2.HashPrefixDatabaseCheck recorded 2 samples, mean = 0.0 (flags = 0x41)
0  --O                                                                       (2 = 100.0%)
1  ... 

Histogram: SafeBrowsing.BrowserThrottle.WillProcessResponseCount recorded 1 samples, mean = 1.0 (flags = 0x41)
0  O                                                                         (0 = 0.0%)
1  -O                                                                        (1 = 100.0%) {0.0%}
2  ... 

Histogram: SafeBrowsing.CheckBrowseUrl.HasLocalMatch recorded 2 samples, mean = 1.0 (flags = 0x41)
0  O                                                                         (0 = 0.0%)
1  --O                                                                       (2 = 100.0%) {0.0%}
2  O                                                                         (0 = 0.0%) {100.0%}

Histogram: SafeBrowsing.CheckUrl.Action recorded 2 samples, mean = 0.0 (flags = 0x41)
0  --O                                                                       (2 = 100.0%)
1  ... 

Histogram: SafeBrowsing.CheckUrl.FirstRequestThreatType2 recorded 1 samples, mean = 1.0 (flags = 0x41)
0  O                                                                         (0 = 0.0%)
1  -O                                                                        (1 = 100.0%) {0.0%}
2  ... 

Histogram: SafeBrowsing.CheckUrl.FirstRequestThreatType2.LocalPVer4 recorded 1 samples, mean = 1.0 (flags = 0x41)
0  O                                                                         (0 = 0.0%)
1  -O                                                                        (1 = 100.0%) {0.0%}
2  ... 

Histogram: SafeBrowsing.CheckUrl.FirstRequestTimedOut recorded 1 samples, mean = 0.0 (flags = 0x41)
0  -O                                                                        (1 = 100.0%)
1  ... 

Histogram: SafeBrowsing.CheckUrl.FirstRequestTimedOut.LocalPVer4 recorded 1 samples, mean = 0.0 (flags = 0x41)
0  -O                                                                        (1 = 100.0%)
1  ... 

Histogram: SafeBrowsing.CheckUrl.IsDocumentCheckPrefetch recorded 2 samples, mean = 0.0 (flags = 0x41)
0  --O                                                                       (2 = 100.0%)
1  ... 

Histogram: SafeBrowsing.CheckUrl.TimeTaken.HashDatabase recorded 2 samples, mean = 101.0 (flags = 0x41)
0    O                                                                         (0 = 0.0%)
1    -O                                                                        (1 = 50.0%) {0.0%}
2    ... 
190  -O                                                                        (1 = 50.0%) {50.0%}
226  ... 

Histogram: SafeBrowsing.CheckUrl.Timeout recorded 2 samples, mean = 0.0 (flags = 0x41)
0  --O                                                                       (2 = 100.0%)
1  ... 

Histogram: SafeBrowsing.CheckUrl.UrlScheme recorded 2 samples, mean = 10.0 (flags = 0x41)
0   ... 
10  --O                                                                       (2 = 100.0%) {0.0%}
11  ... 

Histogram: SafeBrowsing.ClientSidePhishingDetection.AllowlistMatchResult recorded 1 samples, mean = 1.0 (flags = 0x41)
0  O                                                                         (0 = 0.0%)
1  -O                                                                        (1 = 100.0%) {0.0%}
2  ... 

Histogram: SafeBrowsing.FileTypeUpdate.ResourceBundleResult recorded 1 samples (flags = 0x41)
1  -O                                                                        (1 = 100.0%)

Histogram: SafeBrowsing.FileTypeUpdate.ResourceBundleVersion recorded 1 samples (flags = 0x41)
66  -O                                                                        (1 = 100.0%)

Histogram: SafeBrowsing.HPRT.Cache.FullHashCount recorded 12 samples, mean = 0.0 (flags = 0x41)
0  ------------O                                                             (12 = 100.0%)
1  ... 

Histogram: SafeBrowsing.HPRT.Cache.HashPrefixCount recorded 12 samples, mean = 0.0 (flags = 0x41)
0  ------------O                                                             (12 = 100.0%)
1  ... 

Histogram: SafeBrowsing.HPRT.Ineligible.FeatureOff recorded 1 samples, mean = 0.0 (flags = 0x41)
0  -O                                                                        (1 = 100.0%)
1  ... 

Histogram: SafeBrowsing.HPRT.Ineligible.IneligibleForLocation recorded 1 samples, mean = 0.0 (flags = 0x41)
0  -O                                                                        (1 = 100.0%)
1  ... 

Histogram: SafeBrowsing.HPRT.Ineligible.IneligibleForSessionOrLocation recorded 1 samples, mean = 1.0 (flags = 0x41)
0  O                                                                         (0 = 0.0%)
1  -O                                                                        (1 = 100.0%) {0.0%}
2  O                                                                         (0 = 0.0%) {100.0%}

Histogram: SafeBrowsing.HPRT.Ineligible.NoGoogleChromeBranding recorded 1 samples, mean = 1.0 (flags = 0x41)
0  O                                                                         (0 = 0.0%)
1  -O                                                                        (1 = 100.0%) {0.0%}
2  O                                                                         (0 = 0.0%) {100.0%}

Histogram: SafeBrowsing.HPRT.Ineligible.NotAllowedByPolicy recorded 1 samples, mean = 0.0 (flags = 0x41)
0  -O                                                                        (1 = 100.0%)
1  ... 

Histogram: SafeBrowsing.HPRT.Ineligible.NotStandardProtection recorded 1 samples, mean = 0.0 (flags = 0x41)
0  -O                                                                        (1 = 100.0%)
1  ... 

Histogram: SafeBrowsing.HPRT.Ineligible.OffTheRecord recorded 1 samples, mean = 0.0 (flags = 0x41)
0  -O                                                                        (1 = 100.0%)
1  ... 

Histogram: SafeBrowsing.HasCookieAtStartup2 recorded 1 samples, mean = 0.0 (flags = 0x41)
0  -O                                                                        (1 = 100.0%)
1  ... 

Histogram: SafeBrowsing.PageLoadToken.TokenCount recorded 12 samples, mean = 0.0 (flags = 0x41)
0  ------------O                                                             (12 = 100.0%)
1  ... 

Histogram: SafeBrowsing.Pref.Enhanced recorded 1 samples, mean = 0.0 (flags = 0x41)
0  -O                                                                        (1 = 100.0%)
1  ... 

Histogram: SafeBrowsing.Pref.Enhanced.RegularProfile recorded 1 samples, mean = 0.0 (flags = 0x41)
0  -O                                                                        (1 = 100.0%)
1  ... 

Histogram: SafeBrowsing.Pref.Extended recorded 1 samples, mean = 0.0 (flags = 0x41)
0  -O                                                                        (1 = 100.0%)
1  ... 

Histogram: SafeBrowsing.Pref.General recorded 1 samples, mean = 1.0 (flags = 0x41)
0  O                                                                         (0 = 0.0%)
1  -O                                                                        (1 = 100.0%) {0.0%}
2  O                                                                         (0 = 0.0%) {100.0%}

Histogram: SafeBrowsing.RT.CacheManager.CleanUpTime recorded 12 samples, mean = 0.0 (flags = 0x41)
0  ------------O                                                             (12 = 100.0%)
1  ... 

Histogram: SafeBrowsing.RT.CanCheckDatabase recorded 2 samples, mean = 1.0 (flags = 0x41)
0  O                                                                         (0 = 0.0%)
1  --O                                                                       (2 = 100.0%) {0.0%}
2  O                                                                         (0 = 0.0%) {100.0%}

Histogram: SafeBrowsing.RT.ConsumerVersionReason recorded 2 samples, mean = 1.0 (flags = 0x41)
0  -O                                                                        (1 = 50.0%)
1  O                                                                         (0 = 0.0%) {50.0%}
2  -O                                                                        (1 = 50.0%) {50.0%}
3  ... 

Histogram: SafeBrowsing.RendererThrottle.IsCheckCompletedOnProcessResponse recorded 47 samples, mean = 1.0 (flags = 0x41)
0  O                                                                         (0 = 0.0%)
1  -----------------------------------------------O                          (47 = 100.0%) {0.0%}
2  O                                                                         (0 = 0.0%) {100.0%}

Histogram: SafeBrowsing.RendererThrottle.RequestDestination recorded 53 samples, mean = 9.5 (flags = 0x41)
0   ------------O                                                             (12 = 22.6%)
1   ... 
5   -----O                                                                    (5 = 9.4%) {22.6%}
6   ... 
8   -O                                                                        (1 = 1.9%) {32.1%}
9   -O                                                                        (1 = 1.9%) {34.0%}
10  ... 
13  ---------------------------O                                              (27 = 50.9%) {35.8%}
14  ... 
16  -------O                                                                  (7 = 13.2%) {86.8%}
17  ... 

Histogram: SafeBrowsing.V4Database.Size recorded 1 samples, mean = 0.0 (flags = 0x41)
0  -O                                                                        (1 = 100.0%)
1  ... 

Histogram: SafeBrowsing.V4Database.Size.ChromeExtMalware recorded 1 samples, mean = 0.0 (flags = 0x41)
0  -O                                                                        (1 = 100.0%)
1  ... 

Histogram: SafeBrowsing.V4Database.Size.UrlBilling recorded 1 samples, mean = 0.0 (flags = 0x41)
0  -O                                                                        (1 = 100.0%)
1  ... 

Histogram: SafeBrowsing.V4Database.Size.UrlCsdDownloadAllowlist recorded 1 samples, mean = 0.0 (flags = 0x41)
0  -O                                                                        (1 = 100.0%)
1  ... 

Histogram: SafeBrowsing.V4Database.Size.UrlMalBin recorded 1 samples, mean = 0.0 (flags = 0x41)
0  -O                                                                        (1 = 100.0%)
1  ... 

Histogram: SafeBrowsing.V4Database.Size.UrlMalware recorded 1 samples, mean = 0.0 (flags = 0x41)
0  -O                                                                        (1 = 100.0%)
1  ... 

Histogram: SafeBrowsing.V4Database.Size.UrlSoceng recorded 1 samples, mean = 0.0 (flags = 0x41)
0  -O                                                                        (1 = 100.0%)
1  ... 

Histogram: SafeBrowsing.V4Database.Size.UrlUws recorded 1 samples, mean = 0.0 (flags = 0x41)
0  -O                                                                        (1 = 100.0%)
1  ... 

Histogram: SafeBrowsing.V4Database.SizeLinear recorded 1 samples, mean = 0.0 (flags = 0x41)
0  -O                                                                        (1 = 100.0%)
1  ... 

Histogram: SafeBrowsing.V4Database.SizeLinear.ChromeExtMalware recorded 1 samples, mean = 0.0 (flags = 0x41)
0  -O                                                                        (1 = 100.0%)
1  ... 

Histogram: SafeBrowsing.V4Database.SizeLinear.UrlMalBin recorded 1 samples, mean = 0.0 (flags = 0x41)
0  -O                                                                        (1 = 100.0%)
1  ... 

Histogram: SafeBrowsing.V4Database.SizeLinear.UrlSoceng recorded 1 samples, mean = 0.0 (flags = 0x41)
0  -O                                                                        (1 = 100.0%)
1  ... 

Histogram: SafeBrowsing.V4DatabaseInitializationTime recorded 1 samples, mean = 1741.0 (flags = 0x41)
0     ... 
1500  -O                                                                        (1 = 100.0%) {0.0%}
1782  ... 

Histogram: SafeBrowsing.V4Store.IsStoreValid recorded 7 samples, mean = 0.0 (flags = 0x41)
0  -------O                                                                  (7 = 100.0%)
1  ... 

Histogram: SafeBrowsing.V4Store.IsStoreValid.ChromeExtMalware recorded 1 samples, mean = 0.0 (flags = 0x41)
0  -O                                                                        (1 = 100.0%)
1  ... 

Histogram: SafeBrowsing.V4Store.IsStoreValid.UrlBilling recorded 1 samples, mean = 0.0 (flags = 0x41)
0  -O                                                                        (1 = 100.0%)
1  ... 

Histogram: SafeBrowsing.V4Store.IsStoreValid.UrlCsdDownloadAllowlist recorded 1 samples, mean = 0.0 (flags = 0x41)
0  -O                                                                        (1 = 100.0%)
1  ... 

Histogram: SafeBrowsing.V4Store.IsStoreValid.UrlMalBin recorded 1 samples, mean = 0.0 (flags = 0x41)
0  -O                                                                        (1 = 100.0%)
1  ... 

Histogram: SafeBrowsing.V4Store.IsStoreValid.UrlMalware recorded 1 samples, mean = 0.0 (flags = 0x41)
0  -O                                                                        (1 = 100.0%)
1  ... 

Histogram: SafeBrowsing.V4Store.IsStoreValid.UrlSoceng recorded 1 samples, mean = 0.0 (flags = 0x41)
0  -O                                                                        (1 = 100.0%)
1  ... 

Histogram: SafeBrowsing.V4Store.IsStoreValid.UrlUws recorded 1 samples, mean = 0.0 (flags = 0x41)
0  -O                                                                        (1 = 100.0%)
1  ... 

Histogram: SafeBrowsing.V4Store.ReadyOnStartup recorded 7 samples, mean = 0.0 (flags = 0x41)
0  -------O                                                                  (7 = 100.0%)
1  ... 

Histogram: SafeBrowsing.V4StoreRead.Result recorded 7 samples, mean = 2.0 (flags = 0x41)
0  ... 
2  -------O                                                                  (7 = 100.0%) {0.0%}
3  ... 

Histogram: Scheduling.MessagePumpTimeKeeper.BrowserIO recorded 0 samples (flags = 0x41)
0 ... 

Histogram: Scheduling.MessagePumpTimeKeeper.BrowserUI recorded 0 samples (flags = 0x41)
0 ... 

Histogram: Scheduling.ThreadController.ActiveIntervalDuration.Any.BrowserUI recorded 20 samples, mean = 0.0 (flags = 0x41)
0  --------------------O                                                     (20 = 100.0%)
1  ... 

Histogram: Scheduling.ThreadController.ActiveIntervalDuration.Any.Other recorded 288 samples, mean = 0.0 (flags = 0x41)
0  ------------------------------------------------------------------------O (288 = 100.0%)
1  ... 

Histogram: Scheduling.ThreadController.ActiveIntervalDuration.Short.BrowserUI recorded 20 samples, mean = 0.7 (flags = 0x41)
0  ----------O                                                               (10 = 50.0%)
1  -------O                                                                  (7 = 35.0%) {50.0%}
2  --O                                                                       (2 = 10.0%) {85.0%}
3  -O                                                                        (1 = 5.0%) {95.0%}
4  ... 

Histogram: Scheduling.ThreadController.ActiveIntervalDuration.Short.Other recorded 288 samples, mean = 42.7 (flags = 0x41)
0    ... 
3    -O                                                                        (1 = 0.3%) {0.0%}
4    --------------O                                                           (14 = 4.9%) {0.3%}
5    --------------O                                                           (14 = 4.9%) {5.2%}
6    -----------------O                                                        (17 = 5.9%) {10.1%}
7    ------------------O                                                       (18 = 6.2%) {16.0%}
8    ------------O                                                             (12 = 4.2%) {22.2%}
9    -----------O                                                              (11 = 3.8%) {26.4%}
10   ----------O                                                               (10 = 3.5%) {30.2%}
11   ---O                                                                      (3 = 1.0%) {33.7%}
12   -O                                                                        (1 = 0.3%) {34.7%}
13   ---O                                                                      (3 = 1.0%) {35.1%}
14   O                                                                         (0 = 0.0%) {36.1%}
15   ---O                                                                      (3 = 1.0%) {36.1%}
16   ... 
18   ----O                                                                     (4 = 1.4%) {37.2%}
19   --O                                                                       (2 = 0.7%) {38.5%}
20   ---O                                                                      (3 = 1.0%) {39.2%}
21   ---O                                                                      (3 = 1.0%) {40.3%}
22   -------O                                                                  (7 = 2.4%) {41.3%}
23   O                                                                         (0 = 0.0%) {43.8%}
24   ----O                                                                     (4 = 1.4%) {43.8%}
25   ----O                                                                     (4 = 1.4%) {45.1%}
26   ---O                                                                      (3 = 1.0%) {46.5%}
27   ------O                                                                   (6 = 2.1%) {47.6%}
28   ----O                                                                     (4 = 1.4%) {49.7%}
29   --------O                                                                 (8 = 2.8%) {51.0%}
31   ------O                                                                   (6 = 2.1%) {53.8%}
33   --------O                                                                 (8 = 2.8%) {55.9%}
35   --------O                                                                 (8 = 2.8%) {58.7%}
37   -----O                                                                    (5 = 1.7%) {61.5%}
39   ------O                                                                   (6 = 2.1%) {63.2%}
41   --------O                                                                 (8 = 2.8%) {65.3%}
43   ----O                                                                     (4 = 1.4%) {68.1%}
45   -------O                                                                  (7 = 2.4%) {69.4%}
47   -O                                                                        (1 = 0.3%) {71.9%}
49   -----O                                                                    (5 = 1.7%) {72.2%}
52   ---O                                                                      (3 = 1.0%) {74.0%}
55   --O                                                                       (2 = 0.7%) {75.0%}
58   -O                                                                        (1 = 0.3%) {75.7%}
61   ----O                                                                     (4 = 1.4%) {76.0%}
64   --O                                                                       (2 = 0.7%) {77.4%}
67   ----------O                                                               (10 = 3.5%) {78.1%}
70   ---------O                                                                (9 = 3.1%) {81.6%}
74   ------O                                                                   (6 = 2.1%) {84.7%}
78   --------O                                                                 (8 = 2.8%) {86.8%}
82   ---O                                                                      (3 = 1.0%) {89.6%}
86   --O                                                                       (2 = 0.7%) {90.6%}
90   --O                                                                       (2 = 0.7%) {91.3%}
95   O                                                                         (0 = 0.0%) {92.0%}
100  --O                                                                       (2 = 0.7%) {92.0%}
105  --O                                                                       (2 = 0.7%) {92.7%}
110  ---O                                                                      (3 = 1.0%) {93.4%}
116  ---O                                                                      (3 = 1.0%) {94.4%}
122  --O                                                                       (2 = 0.7%) {95.5%}
128  O                                                                         (0 = 0.0%) {96.2%}
135  -O                                                                        (1 = 0.3%) {96.2%}
142  ... 
157  -O                                                                        (1 = 0.3%) {96.5%}
165  ... 
191  -O                                                                        (1 = 0.3%) {96.9%}
201  -O                                                                        (1 = 0.3%) {97.2%}
211  --O                                                                       (2 = 0.7%) {97.6%}
222  -O                                                                        (1 = 0.3%) {98.3%}
233  -O                                                                        (1 = 0.3%) {98.6%}
245  ... 
405  -O                                                                        (1 = 0.3%) {99.0%}
426  O                                                                         (0 = 0.0%) {99.3%}
448  -O                                                                        (1 = 0.3%) {99.3%}
471  O                                                                         (0 = 0.0%) {99.7%}
495  -O                                                                        (1 = 0.3%) {99.7%}
520  ... 

Histogram: Scheduling.ThreadController.ActiveIntervalOffCpuDuration.Any.BrowserUI recorded 20 samples, mean = 0.0 (flags = 0x41)
0  --------------------O                                                     (20 = 100.0%)
1  ... 

Histogram: Scheduling.ThreadController.ActiveIntervalOffCpuDuration.Any.Other recorded 288 samples, mean = 0.0 (flags = 0x41)
0  ------------------------------------------------------------------------O (288 = 100.0%)
1  ... 

Histogram: Scheduling.ThreadController.ActiveIntervalOffCpuDuration.Short.BrowserUI recorded 20 samples, mean = 0.4 (flags = 0x41)
0  ------------O                                                             (12 = 60.0%)
1  -------O                                                                  (7 = 35.0%) {60.0%}
2  -O                                                                        (1 = 5.0%) {95.0%}
3  ... 

Histogram: Scheduling.ThreadController.ActiveIntervalOffCpuDuration.Short.Other recorded 288 samples, mean = 6.6 (flags = 0x41)
0    -------------------------------O                                          (43 = 14.9%)
1    ------------------------------------------------------------------------O (101 = 35.1%) {14.9%}
2    -------------------------------------O                                    (52 = 18.1%) {50.0%}
3    ------------------O                                                       (25 = 8.7%) {68.1%}
4    ------O                                                                   (8 = 2.8%) {76.7%}
5    ---O                                                                      (4 = 1.4%) {79.5%}
6    ------O                                                                   (8 = 2.8%) {80.9%}
7    ----O                                                                     (6 = 2.1%) {83.7%}
8    -O                                                                        (2 = 0.7%) {85.8%}
9    -----O                                                                    (7 = 2.4%) {86.5%}
10   ---O                                                                      (4 = 1.4%) {88.9%}
11   ... 
13   -O                                                                        (2 = 0.7%) {90.3%}
14   ... 
16   -O                                                                        (1 = 0.3%) {91.0%}
17   O                                                                         (0 = 0.0%) {91.3%}
18   -O                                                                        (1 = 0.3%) {91.3%}
19   O                                                                         (0 = 0.0%) {91.7%}
20   -O                                                                        (1 = 0.3%) {91.7%}
21   O                                                                         (0 = 0.0%) {92.0%}
22   -O                                                                        (1 = 0.3%) {92.0%}
23   ... 
31   -O                                                                        (1 = 0.3%) {92.4%}
33   ... 
37   -O                                                                        (1 = 0.3%) {92.7%}
39   -O                                                                        (1 = 0.3%) {93.1%}
41   -O                                                                        (2 = 0.7%) {93.4%}
43   ---O                                                                      (4 = 1.4%) {94.1%}
45   --O                                                                       (3 = 1.0%) {95.5%}
47   -O                                                                        (1 = 0.3%) {96.5%}
49   --O                                                                       (3 = 1.0%) {96.9%}
52   -O                                                                        (1 = 0.3%) {97.9%}
55   O                                                                         (0 = 0.0%) {98.3%}
58   -O                                                                        (1 = 0.3%) {98.3%}
61   O                                                                         (0 = 0.0%) {98.6%}
64   -O                                                                        (1 = 0.3%) {98.6%}
67   ... 
74   -O                                                                        (1 = 0.3%) {99.0%}
78   ... 
110  -O                                                                        (1 = 0.3%) {99.3%}
116  ... 
191  -O                                                                        (1 = 0.3%) {99.7%}
201  ... 

Histogram: Scheduling.ThreadController.ActiveIntervalOnCpuDuration.Any.BrowserUI recorded 20 samples, mean = 0.0 (flags = 0x41)
0  --------------------O                                                     (20 = 100.0%)
1  ... 

Histogram: Scheduling.ThreadController.ActiveIntervalOnCpuDuration.Any.Other recorded 288 samples, mean = 0.0 (flags = 0x41)
0  ------------------------------------------------------------------------O (288 = 100.0%)
1  ... 

Histogram: Scheduling.ThreadController.ActiveIntervalOnCpuDuration.Short.BrowserUI recorded 20 samples, mean = 0.2 (flags = 0x41)
0  ----------------O                                                         (16 = 80.0%)
1  ---O                                                                      (3 = 15.0%) {80.0%}
2  -O                                                                        (1 = 5.0%) {95.0%}
3  ... 

Histogram: Scheduling.ThreadController.ActiveIntervalOnCpuDuration.Short.Other recorded 288 samples, mean = 36.1 (flags = 0x41)
0    ----O                                                                     (4 = 1.4%)
1    ... 
3    -----------O                                                              (11 = 3.8%) {1.4%}
4    ---------------O                                                          (15 = 5.2%) {5.2%}
5    ---------------------O                                                    (21 = 7.3%) {10.4%}
6    --------------------O                                                     (20 = 6.9%) {17.7%}
7    ----------------O                                                         (16 = 5.6%) {24.7%}
8    -----------O                                                              (11 = 3.8%) {30.2%}
9    ----O                                                                     (4 = 1.4%) {34.0%}
10   --O                                                                       (2 = 0.7%) {35.4%}
11   ---O                                                                      (3 = 1.0%) {36.1%}
12   -O                                                                        (1 = 0.3%) {37.2%}
13   --O                                                                       (2 = 0.7%) {37.5%}
14   --O                                                                       (2 = 0.7%) {38.2%}
15   -O                                                                        (1 = 0.3%) {38.9%}
16   O                                                                         (0 = 0.0%) {39.2%}
17   -O                                                                        (1 = 0.3%) {39.2%}
18   ---O                                                                      (3 = 1.0%) {39.6%}
19   ----O                                                                     (4 = 1.4%) {40.6%}
20   -----O                                                                    (5 = 1.7%) {42.0%}
21   ----O                                                                     (4 = 1.4%) {43.8%}
22   --O                                                                       (2 = 0.7%) {45.1%}
23   ----O                                                                     (4 = 1.4%) {45.8%}
24   ----------O                                                               (10 = 3.5%) {47.2%}
25   ------O                                                                   (6 = 2.1%) {50.7%}
26   ---------O                                                                (9 = 3.1%) {52.8%}
27   ------O                                                                   (6 = 2.1%) {55.9%}
28   -O                                                                        (1 = 0.3%) {58.0%}
29   -----O                                                                    (5 = 1.7%) {58.3%}
31   ----------------O                                                         (16 = 5.6%) {60.1%}
33   ----------O                                                               (10 = 3.5%) {65.6%}
35   ---------O                                                                (9 = 3.1%) {69.1%}
37   -------O                                                                  (7 = 2.4%) {72.2%}
39   ---------O                                                                (9 = 3.1%) {74.7%}
41   O                                                                         (0 = 0.0%) {77.8%}
43   ---O                                                                      (3 = 1.0%) {77.8%}
45   --O                                                                       (2 = 0.7%) {78.8%}
47   ---O                                                                      (3 = 1.0%) {79.5%}
49   --O                                                                       (2 = 0.7%) {80.6%}
52   --O                                                                       (2 = 0.7%) {81.2%}
55   ---O                                                                      (3 = 1.0%) {81.9%}
58   ----O                                                                     (4 = 1.4%) {83.0%}
61   --O                                                                       (2 = 0.7%) {84.4%}
64   ----O                                                                     (4 = 1.4%) {85.1%}
67   -----O                                                                    (5 = 1.7%) {86.5%}
70   ----O                                                                     (4 = 1.4%) {88.2%}
74   -----O                                                                    (5 = 1.7%) {89.6%}
78   ----O                                                                     (4 = 1.4%) {91.3%}
82   -O                                                                        (1 = 0.3%) {92.7%}
86   --O                                                                       (2 = 0.7%) {93.1%}
90   O                                                                         (0 = 0.0%) {93.8%}
95   ---O                                                                      (3 = 1.0%) {93.8%}
100  -O                                                                        (1 = 0.3%) {94.8%}
105  O                                                                         (0 = 0.0%) {95.1%}
110  ----O                                                                     (4 = 1.4%) {95.1%}
116  O                                                                         (0 = 0.0%) {96.5%}
122  -O                                                                        (1 = 0.3%) {96.5%}
128  -O                                                                        (1 = 0.3%) {96.9%}
135  ... 
201  -O                                                                        (1 = 0.3%) {97.2%}
211  --O                                                                       (2 = 0.7%) {97.6%}
222  -O                                                                        (1 = 0.3%) {98.3%}
233  -O                                                                        (1 = 0.3%) {98.6%}
245  ... 
405  -O                                                                        (1 = 0.3%) {99.0%}
426  O                                                                         (0 = 0.0%) {99.3%}
448  -O                                                                        (1 = 0.3%) {99.3%}
471  O                                                                         (0 = 0.0%) {99.7%}
495  -O                                                                        (1 = 0.3%) {99.7%}
520  ... 

Histogram: Scheduling.ThreadController.ActiveIntervalOnCpuPercentage.Any.BrowserUI recorded 20 samples, mean = 65.8 (flags = 0x41)
0    ------O                                                                   (6 = 30.0%)
1    ... 
50   -O                                                                        (1 = 5.0%) {30.0%}
51   ... 
66   -O                                                                        (1 = 5.0%) {35.0%}
67   ... 
100  ------------O                                                             (12 = 60.0%) {40.0%}
101  O                                                                         (0 = 0.0%) {100.0%}

Histogram: Scheduling.ThreadController.ActiveIntervalOnCpuPercentage.Any.Other recorded 288 samples, mean = 84.8 (flags = 0x41)
0    ----O                                                                     (4 = 1.4%)
1    ... 
27   -O                                                                        (1 = 0.3%) {1.4%}
28   O                                                                         (0 = 0.0%) {1.7%}
29   --O                                                                       (2 = 0.7%) {1.7%}
30   ... 
32   -O                                                                        (1 = 0.3%) {2.4%}
33   -O                                                                        (1 = 0.3%) {2.8%}
34   -O                                                                        (1 = 0.3%) {3.1%}
35   -O                                                                        (1 = 0.3%) {3.5%}
36   O                                                                         (0 = 0.0%) {3.8%}
37   --O                                                                       (2 = 0.7%) {3.8%}
38   --O                                                                       (2 = 0.7%) {4.5%}
39   -O                                                                        (1 = 0.3%) {5.2%}
40   ... 
42   --O                                                                       (2 = 0.7%) {5.6%}
43   O                                                                         (0 = 0.0%) {6.2%}
44   -O                                                                        (1 = 0.3%) {6.2%}
45   ... 
47   -O                                                                        (1 = 0.3%) {6.6%}
48   ... 
50   --O                                                                       (2 = 0.7%) {6.9%}
51   ... 
60   ---O                                                                      (3 = 1.0%) {7.6%}
61   O                                                                         (0 = 0.0%) {8.7%}
62   --O                                                                       (2 = 0.7%) {8.7%}
63   --O                                                                       (2 = 0.7%) {9.4%}
64   ... 
66   -O                                                                        (1 = 0.3%) {10.1%}
67   ... 
70   -O                                                                        (1 = 0.3%) {10.4%}
71   ------O                                                                   (6 = 2.1%) {10.8%}
72   -O                                                                        (1 = 0.3%) {12.8%}
73   ... 
75   ----------O                                                               (10 = 3.5%) {13.2%}
76   -O                                                                        (1 = 0.3%) {16.7%}
77   -----O                                                                    (5 = 1.7%) {17.0%}
78   -O                                                                        (1 = 0.3%) {18.8%}
79   ---O                                                                      (3 = 1.0%) {19.1%}
80   ---------------O                                                          (15 = 5.2%) {20.1%}
81   --O                                                                       (2 = 0.7%) {25.3%}
82   -----O                                                                    (5 = 1.7%) {26.0%}
83   ---------------O                                                          (15 = 5.2%) {27.8%}
84   -----O                                                                    (5 = 1.7%) {33.0%}
85   -------------O                                                            (13 = 4.5%) {34.7%}
86   ----O                                                                     (4 = 1.4%) {39.2%}
87   -------------O                                                            (13 = 4.5%) {40.6%}
88   --------O                                                                 (8 = 2.8%) {45.1%}
89   --O                                                                       (2 = 0.7%) {47.9%}
90   ------------O                                                             (12 = 4.2%) {48.6%}
91   --------O                                                                 (8 = 2.8%) {52.8%}
92   ------------O                                                             (12 = 4.2%) {55.6%}
93   ------O                                                                   (6 = 2.1%) {59.7%}
94   ---O                                                                      (3 = 1.0%) {61.8%}
95   ----------------O                                                         (16 = 5.6%) {62.8%}
96   ------------------O                                                       (18 = 6.2%) {68.4%}
97   ----------O                                                               (10 = 3.5%) {74.7%}
98   ------------O                                                             (12 = 4.2%) {78.1%}
99   --------O                                                                 (8 = 2.8%) {82.3%}
100  -------------------------------------------O                              (43 = 14.9%) {85.1%}
101  O                                                                         (0 = 0.0%) {100.0%}

Histogram: Scheduling.ThreadController.ActiveIntervalOnCpuPercentage.Short.BrowserUI recorded 20 samples, mean = 65.8 (flags = 0x41)
0    ------O                                                                   (6 = 30.0%)
1    ... 
50   -O                                                                        (1 = 5.0%) {30.0%}
51   ... 
66   -O                                                                        (1 = 5.0%) {35.0%}
67   ... 
100  ------------O                                                             (12 = 60.0%) {40.0%}
101  O                                                                         (0 = 0.0%) {100.0%}

Histogram: Scheduling.ThreadController.ActiveIntervalOnCpuPercentage.Short.Other recorded 288 samples, mean = 84.8 (flags = 0x41)
0    ----O                                                                     (4 = 1.4%)
1    ... 
27   -O                                                                        (1 = 0.3%) {1.4%}
28   O                                                                         (0 = 0.0%) {1.7%}
29   --O                                                                       (2 = 0.7%) {1.7%}
30   ... 
32   -O                                                                        (1 = 0.3%) {2.4%}
33   -O                                                                        (1 = 0.3%) {2.8%}
34   -O                                                                        (1 = 0.3%) {3.1%}
35   -O                                                                        (1 = 0.3%) {3.5%}
36   O                                                                         (0 = 0.0%) {3.8%}
37   --O                                                                       (2 = 0.7%) {3.8%}
38   --O                                                                       (2 = 0.7%) {4.5%}
39   -O                                                                        (1 = 0.3%) {5.2%}
40   ... 
42   --O                                                                       (2 = 0.7%) {5.6%}
43   O                                                                         (0 = 0.0%) {6.2%}
44   -O                                                                        (1 = 0.3%) {6.2%}
45   ... 
47   -O                                                                        (1 = 0.3%) {6.6%}
48   ... 
50   --O                                                                       (2 = 0.7%) {6.9%}
51   ... 
60   ---O                                                                      (3 = 1.0%) {7.6%}
61   O                                                                         (0 = 0.0%) {8.7%}
62   --O                                                                       (2 = 0.7%) {8.7%}
63   --O                                                                       (2 = 0.7%) {9.4%}
64   ... 
66   -O                                                                        (1 = 0.3%) {10.1%}
67   ... 
70   -O                                                                        (1 = 0.3%) {10.4%}
71   ------O                                                                   (6 = 2.1%) {10.8%}
72   -O                                                                        (1 = 0.3%) {12.8%}
73   ... 
75   ----------O                                                               (10 = 3.5%) {13.2%}
76   -O                                                                        (1 = 0.3%) {16.7%}
77   -----O                                                                    (5 = 1.7%) {17.0%}
78   -O                                                                        (1 = 0.3%) {18.8%}
79   ---O                                                                      (3 = 1.0%) {19.1%}
80   ---------------O                                                          (15 = 5.2%) {20.1%}
81   --O                                                                       (2 = 0.7%) {25.3%}
82   -----O                                                                    (5 = 1.7%) {26.0%}
83   ---------------O                                                          (15 = 5.2%) {27.8%}
84   -----O                                                                    (5 = 1.7%) {33.0%}
85   -------------O                                                            (13 = 4.5%) {34.7%}
86   ----O                                                                     (4 = 1.4%) {39.2%}
87   -------------O                                                            (13 = 4.5%) {40.6%}
88   --------O                                                                 (8 = 2.8%) {45.1%}
89   --O                                                                       (2 = 0.7%) {47.9%}
90   ------------O                                                             (12 = 4.2%) {48.6%}
91   --------O                                                                 (8 = 2.8%) {52.8%}
92   ------------O                                                             (12 = 4.2%) {55.6%}
93   ------O                                                                   (6 = 2.1%) {59.7%}
94   ---O                                                                      (3 = 1.0%) {61.8%}
95   ----------------O                                                         (16 = 5.6%) {62.8%}
96   ------------------O                                                       (18 = 6.2%) {68.4%}
97   ----------O                                                               (10 = 3.5%) {74.7%}
98   ------------O                                                             (12 = 4.2%) {78.1%}
99   --------O                                                                 (8 = 2.8%) {82.3%}
100  -------------------------------------------O                              (43 = 14.9%) {85.1%}
101  O                                                                         (0 = 0.0%) {100.0%}

Histogram: Scheduling.ThreadController.IdleDuration.Any.BrowserUI recorded 20 samples, mean = 0.0 (flags = 0x41)
0  --------------------O                                                     (20 = 100.0%)
1  ... 

Histogram: Scheduling.ThreadController.IdleDuration.Any.Other recorded 209 samples, mean = 1258.2 (flags = 0x41)
0      ----------------------------------------------------------------------O   (70 = 33.5%)
1      ---O                                                                      (3 = 1.4%) {33.5%}
2      O                                                                         (0 = 0.0%) {34.9%}
3      -O                                                                        (1 = 0.5%) {34.9%}
4      -O                                                                        (1 = 0.5%) {35.4%}
5      ... 
8      -O                                                                        (1 = 0.5%) {35.9%}
10     -O                                                                        (1 = 0.5%) {36.4%}
12     O                                                                         (0 = 0.0%) {36.8%}
14     -O                                                                        (1 = 0.5%) {36.8%}
17     O                                                                         (0 = 0.0%) {37.3%}
20     -O                                                                        (1 = 0.5%) {37.3%}
24     -O                                                                        (1 = 0.5%) {37.8%}
29     ... 
40     -O                                                                        (1 = 0.5%) {38.3%}
48     --O                                                                       (2 = 1.0%) {38.8%}
57     -O                                                                        (1 = 0.5%) {39.7%}
68     ---O                                                                      (3 = 1.4%) {40.2%}
81     -------------O                                                            (13 = 6.2%) {41.6%}
96     ------------------O                                                       (18 = 8.6%) {47.8%}
114    ----O                                                                     (4 = 1.9%) {56.5%}
135    --O                                                                       (2 = 1.0%) {58.4%}
160    ----O                                                                     (4 = 1.9%) {59.3%}
190    ---O                                                                      (3 = 1.4%) {61.2%}
226    -------------O                                                            (13 = 6.2%) {62.7%}
268    --O                                                                       (2 = 1.0%) {68.9%}
318    --O                                                                       (2 = 1.0%) {69.9%}
378    -O                                                                        (1 = 0.5%) {70.8%}
449    --O                                                                       (2 = 1.0%) {71.3%}
533    --O                                                                       (2 = 1.0%) {72.2%}
633    -----O                                                                    (5 = 2.4%) {73.2%}
752    O                                                                         (0 = 0.0%) {75.6%}
894    ----------------------------O                                             (28 = 13.4%) {75.6%}
1062   ... 
2516   --O                                                                       (2 = 1.0%) {89.0%}
2990   -O                                                                        (1 = 0.5%) {90.0%}
3553   ---------------O                                                          (15 = 7.2%) {90.4%}
4222   O                                                                         (0 = 0.0%) {97.6%}
5017   -O                                                                        (1 = 0.5%) {97.6%}
5961   ... 
10000  ----O                                                                     (4 = 1.9%) {98.1%}

Histogram: Scheduling.ThreadController.IdleDuration.Medium.Other recorded 33 samples, mean = 62.1 (flags = 0x41)
0   O                                                                         (0 = 0.0%)
1   ---O                                                                      (3 = 9.1%) {0.0%}
2   O                                                                         (0 = 0.0%) {9.1%}
3   -O                                                                        (1 = 3.0%) {9.1%}
4   -O                                                                        (1 = 3.0%) {12.1%}
5   ... 
9   -O                                                                        (1 = 3.0%) {15.2%}
10  -O                                                                        (1 = 3.0%) {18.2%}
11  ... 
15  -O                                                                        (1 = 3.0%) {21.2%}
16  ... 
22  -O                                                                        (1 = 3.0%) {24.2%}
23  ... 
28  -O                                                                        (1 = 3.0%) {27.3%}
29  ... 
43  -O                                                                        (1 = 3.0%) {30.3%}
44  ... 
50  -O                                                                        (1 = 3.0%) {33.3%}
51  ... 
56  -O                                                                        (1 = 3.0%) {36.4%}
57  ... 
59  -O                                                                        (1 = 3.0%) {39.4%}
60  ... 
75  -O                                                                        (1 = 3.0%) {42.4%}
76  ... 
79  --O                                                                       (2 = 6.1%) {45.5%}
80  ... 
93  -----O                                                                    (5 = 15.2%) {51.5%}
94  ------O                                                                   (6 = 18.2%) {66.7%}
95  --O                                                                       (2 = 6.1%) {84.8%}
96  -O                                                                        (1 = 3.0%) {90.9%}
97  O                                                                         (0 = 0.0%) {93.9%}
98  --O                                                                       (2 = 6.1%) {93.9%}
100 O                                                                         (0 = 0.0%) {100.0%}

Histogram: Scheduling.ThreadController.IdleDuration.Short.BrowserUI recorded 20 samples, mean = 4.8 (flags = 0x41)
0   ... 
2   -----------O                                                              (11 = 55.0%) {0.0%}
3   ------O                                                                   (6 = 30.0%) {55.0%}
4   ... 
7   -O                                                                        (1 = 5.0%) {85.0%}
8   -O                                                                        (1 = 5.0%) {90.0%}
9   ... 
41  -O                                                                        (1 = 5.0%) {95.0%}
43  ... 

Histogram: Scheduling.ThreadController.IdleDuration.Short.Other recorded 70 samples, mean = 87.0 (flags = 0x41)
0    ... 
12   -O                                                                        (1 = 1.4%) {0.0%}
13   -O                                                                        (1 = 1.4%) {1.4%}
14   ---O                                                                      (3 = 4.3%) {2.9%}
15   --O                                                                       (2 = 2.9%) {7.1%}
16   -------O                                                                  (7 = 10.0%) {10.0%}
17   -------------O                                                            (13 = 18.6%) {20.0%}
18   --------O                                                                 (8 = 11.4%) {38.6%}
19   ---O                                                                      (3 = 4.3%) {50.0%}
20   ... 
22   --O                                                                       (2 = 2.9%) {54.3%}
23   ... 
25   -O                                                                        (1 = 1.4%) {57.1%}
26   ... 
33   -O                                                                        (1 = 1.4%) {58.6%}
35   -O                                                                        (1 = 1.4%) {60.0%}
37   ... 
58   -O                                                                        (1 = 1.4%) {61.4%}
61   ... 
86   -O                                                                        (1 = 1.4%) {62.9%}
90   O                                                                         (0 = 0.0%) {64.3%}
95   --O                                                                       (2 = 2.9%) {64.3%}
100  --O                                                                       (2 = 2.9%) {67.1%}
105  -O                                                                        (1 = 1.4%) {70.0%}
110  -O                                                                        (1 = 1.4%) {71.4%}
116  -O                                                                        (1 = 1.4%) {72.9%}
122  --O                                                                       (2 = 2.9%) {74.3%}
128  -O                                                                        (1 = 1.4%) {77.1%}
135  --O                                                                       (2 = 2.9%) {78.6%}
142  -O                                                                        (1 = 1.4%) {81.4%}
149  -O                                                                        (1 = 1.4%) {82.9%}
157  --O                                                                       (2 = 2.9%) {84.3%}
165  O                                                                         (0 = 0.0%) {87.1%}
173  --O                                                                       (2 = 2.9%) {87.1%}
182  ... 
201  -O                                                                        (1 = 1.4%) {90.0%}
211  -O                                                                        (1 = 1.4%) {91.4%}
222  ... 
245  -O                                                                        (1 = 1.4%) {92.9%}
258  ... 
348  -O                                                                        (1 = 1.4%) {94.3%}
366  ... 
405  -O                                                                        (1 = 1.4%) {95.7%}
426  ... 
636  -O                                                                        (1 = 1.4%) {97.1%}
669  O                                                                         (0 = 0.0%) {98.6%}
703  -O                                                                        (1 = 1.4%) {98.6%}
739  ... 

Histogram: ScreenLocker.Locked.Duration recorded 1 samples, mean = 16603794.0 (flags = 0x41)
0        ... 
3600000  -O                                                                        (1 = 100.0%) {0.0%}

Histogram: Search.ChoiceReprompt recorded 1 samples, mean = 6.0 (flags = 0x41)
0  ... 
6  -O                                                                        (1 = 100.0%) {0.0%}
7  O                                                                         (0 = 0.0%) {100.0%}

Histogram: Search.SearchProviderOverrideStatus recorded 1 samples, mean = 0.0 (flags = 0x41)
0  -O                                                                        (1 = 100.0%)
1  ... 

Histogram: Security.GwpAsan.Activated.Malloc.Browser recorded 1 samples, mean = 0.0 (flags = 0x41)
0  -O                                                                        (1 = 100.0%)
1  ... 

Histogram: Security.GwpAsan.Activated.PartitionAlloc.Browser recorded 1 samples, mean = 0.0 (flags = 0x41)
0  -O                                                                        (1 = 100.0%)
1  ... 

Histogram: Security.HttpsFirstMode.SettingEnabledAtStartup recorded 1 samples, mean = 0.0 (flags = 0x41)
0  -O                                                                        (1 = 100.0%)
1  ... 

Histogram: Security.JSONParser.ChromiumExtensionUsage recorded 1 samples, mean = 1.0 (flags = 0x41)
0  O                                                                         (0 = 0.0%)
1  -O                                                                        (1 = 100.0%) {0.0%}
2  ... 

Histogram: Security.JSONParser.ParsingTime recorded 17 samples, mean = 29.6 (flags = 0x41)
0    -O                                                                        (1 = 5.9%)
1    O                                                                         (0 = 0.0%) {5.9%}
2    --O                                                                       (2 = 11.8%) {5.9%}
3    -O                                                                        (1 = 5.9%) {17.6%}
4    -O                                                                        (1 = 5.9%) {23.5%}
5    O                                                                         (0 = 0.0%) {29.4%}
7    -O                                                                        (1 = 5.9%) {29.4%}
9    ---O                                                                      (3 = 17.6%) {35.3%}
12   ... 
28   ---O                                                                      (3 = 17.6%) {52.9%}
37   -O                                                                        (1 = 5.9%) {70.6%}
49   --O                                                                       (2 = 11.8%) {76.5%}
65   -O                                                                        (1 = 5.9%) {88.2%}
86   O                                                                         (0 = 0.0%) {94.1%}
113  -O                                                                        (1 = 5.9%) {94.1%}
149  ... 

Histogram: Security.NavigationRequestSecurityLevel recorded 2 samples, mean = 1.0 (flags = 0x41)
0  O                                                                         (0 = 0.0%)
1  --O                                                                       (2 = 100.0%) {0.0%}
2  ... 

Histogram: Security.PageEndReason.SECURE recorded 1 samples, mean = 6.0 (flags = 0x41)
0  ... 
6  -O                                                                        (1 = 100.0%) {0.0%}
7  ... 

Histogram: Security.PageEndReason.SafetyTip_None recorded 1 samples, mean = 6.0 (flags = 0x41)
0  ... 
6  -O                                                                        (1 = 100.0%) {0.0%}
7  ... 

Histogram: Security.PrivateNetworkAccess.CheckResult recorded 173 samples, mean = 0.8 (flags = 0x41)
0   ------------------------------------------------------------------------O (127 = 73.4%)
1   ---------------------O                                                    (37 = 21.4%) {73.4%}
2   ... 
12  -----O                                                                    (9 = 5.2%) {94.8%}
13  O                                                                         (0 = 0.0%) {100.0%}

Histogram: Security.PrivateNetworkAccess.PrivateIpInferrable recorded 12 samples, mean = 1.0 (flags = 0x41)
0  O                                                                         (0 = 0.0%)
1  ------------O                                                             (12 = 100.0%) {0.0%}
2  O                                                                         (0 = 0.0%) {100.0%}

Histogram: Security.PrivateNetworkAccess.PrivateIpResolveMatch recorded 12 samples, mean = 1.0 (flags = 0x41)
0  O                                                                         (0 = 0.0%)
1  ------------O                                                             (12 = 100.0%) {0.0%}
2  O                                                                         (0 = 0.0%) {100.0%}

Histogram: Security.SCTAuditing.NumPersistedReportsLoaded recorded 1 samples, mean = 0.0 (flags = 0x41)
0  -O                                                                        (1 = 100.0%)
1  ... 

Histogram: Security.SafetyTips.GetReputationStatusWithEngagedSitesTime recorded 1 samples, mean = 0.0 (flags = 0x41)
0  -O                                                                        (1 = 100.0%)
1  ... 

Histogram: Security.SafetyTips.ReputationCheckComplete.DidFinishNavigation recorded 1 samples, mean = 1.0 (flags = 0x41)
0  O                                                                         (0 = 0.0%)
1  -O                                                                        (1 = 100.0%) {0.0%}
2  ... 

Histogram: Security.SafetyTips.SafetyTipShown recorded 1 samples, mean = 1.0 (flags = 0x41)
0  O                                                                         (0 = 0.0%)
1  -O                                                                        (1 = 100.0%) {0.0%}
2  ... 

Histogram: Security.SafetyTips.StatusWithInitiator.Unknown recorded 1 samples, mean = 1.0 (flags = 0x41)
0  O                                                                         (0 = 0.0%)
1  -O                                                                        (1 = 100.0%) {0.0%}
2  ... 

Histogram: Security.SecurityLevel.OnCommit recorded 1 samples, mean = 3.0 (flags = 0x41)
0  ... 
3  -O                                                                        (1 = 100.0%) {0.0%}
4  ... 

Histogram: Security.SecurityLevel.OnComplete recorded 1 samples, mean = 3.0 (flags = 0x41)
0  ... 
3  -O                                                                        (1 = 100.0%) {0.0%}
4  ... 

Histogram: Security.SiteEngagement.SECURE recorded 1 samples, mean = 19.0 (flags = 0x41)
0   ... 
19  -O                                                                        (1 = 100.0%) {0.0%}
20  ... 

Histogram: Security.SiteEngagement.SafetyTip_None recorded 1 samples, mean = 19.0 (flags = 0x41)
0   ... 
19  -O                                                                        (1 = 100.0%) {0.0%}
20  ... 

Histogram: Security.TimeOnPage2.SECURE recorded 1 samples, mean = 18529792.0 (flags = 0x41)
0        ... 
3600000  -O                                                                        (1 = 100.0%) {0.0%}

Histogram: Security.TimeOnPage2.SafetyTip_None recorded 1 samples, mean = 18529792.0 (flags = 0x41)
0        ... 
3600000  -O                                                                        (1 = 100.0%) {0.0%}

Histogram: SegmentationPlatform.ChromeLowUserEngagement.PostProcessing.TopLabel.Computed recorded 1 samples (flags = 0x41)
1  -O                                                                        (1 = 100.0%)

Histogram: SegmentationPlatform.ClassificationRequest.TotalDuration.DeviceSwitcher recorded 1 samples, mean = 62420.0 (flags = 0x41)
0      ... 
10000  -O                                                                        (1 = 100.0%) {0.0%}

Histogram: SegmentationPlatform.ClassificationRequest.TotalDuration.WebAppInstallationPromo recorded 1 samples, mean = 0.0 (flags = 0x41)
0  -O                                                                        (1 = 100.0%)
1  ... 

Histogram: SegmentationPlatform.CrossDeviceUser.PostProcessing.TopLabel.Computed recorded 1 samples (flags = 0x41)
-1 -O                                                                        (1 = 100.0%)

Histogram: SegmentationPlatform.Database.StoreUkmEntry recorded 7 samples, mean = 0.0 (flags = 0x41)
0  -------O                                                                  (7 = 100.0%)
1  ... 

Histogram: SegmentationPlatform.Database.UpdateUrlForUkmSource recorded 6 samples, mean = 2.5 (flags = 0x41)
0   -----O                                                                    (5 = 83.3%)
1   ... 
14  -O                                                                        (1 = 16.7%) {83.3%}
17  ... 

Histogram: SegmentationPlatform.DefaultModelDelivery.Metadata.FeatureCount.ChromeLowUserEngagement recorded 1 samples, mean = 1.0 (flags = 0x41)
0  O                                                                         (0 = 0.0%)
1  -O                                                                        (1 = 100.0%) {0.0%}
2  ... 

Histogram: SegmentationPlatform.DefaultModelDelivery.Metadata.FeatureCount.ComposePromotion recorded 1 samples, mean = 1.0 (flags = 0x41)
0  O                                                                         (0 = 0.0%)
1  -O                                                                        (1 = 100.0%) {0.0%}
2  ... 

Histogram: SegmentationPlatform.DefaultModelDelivery.Metadata.FeatureCount.CrossDeviceUserSegment recorded 1 samples, mean = 4.0 (flags = 0x41)
0  ... 
4  -O                                                                        (1 = 100.0%) {0.0%}
5  ... 

Histogram: SegmentationPlatform.DefaultModelDelivery.Metadata.FeatureCount.DatabaseApiClients recorded 1 samples, mean = 3.0 (flags = 0x41)
0  ... 
3  -O                                                                        (1 = 100.0%) {0.0%}
4  ... 

Histogram: SegmentationPlatform.DefaultModelDelivery.Metadata.FeatureCount.DeviceSwitcher recorded 1 samples, mean = 1.0 (flags = 0x41)
0  O                                                                         (0 = 0.0%)
1  -O                                                                        (1 = 100.0%) {0.0%}
2  ... 

Histogram: SegmentationPlatform.DefaultModelDelivery.Metadata.FeatureCount.PasswordManagerUser recorded 1 samples, mean = 7.0 (flags = 0x41)
0  ... 
7  -O                                                                        (1 = 100.0%) {0.0%}
8  ... 

Histogram: SegmentationPlatform.DefaultModelDelivery.Metadata.FeatureCount.ResumeHeavyUserSegment recorded 1 samples, mean = 5.0 (flags = 0x41)
0  ... 
5  -O                                                                        (1 = 100.0%) {0.0%}
6  ... 

Histogram: SegmentationPlatform.DefaultModelDelivery.Metadata.FeatureCount.SearchUser recorded 1 samples, mean = 2.0 (flags = 0x41)
0  ... 
2  -O                                                                        (1 = 100.0%) {0.0%}
3  ... 

Histogram: SegmentationPlatform.DefaultModelDelivery.Metadata.FeatureCount.ShoppingUser recorded 1 samples, mean = 2.0 (flags = 0x41)
0  ... 
2  -O                                                                        (1 = 100.0%) {0.0%}
3  ... 

Histogram: SegmentationPlatform.DefaultModelDelivery.Metadata.FeatureCount.UrlVisitResumptionRanker recorded 1 samples, mean = 23.0 (flags = 0x41)
0   ... 
23  -O                                                                        (1 = 100.0%) {0.0%}
26  ... 

Histogram: SegmentationPlatform.DefaultModelDelivery.Metadata.Validation.Processed.ChromeLowUserEngagement recorded 1 samples, mean = 0.0 (flags = 0x41)
0  -O                                                                        (1 = 100.0%)
1  ... 

Histogram: SegmentationPlatform.DefaultModelDelivery.Metadata.Validation.Processed.ComposePromotion recorded 1 samples, mean = 0.0 (flags = 0x41)
0  -O                                                                        (1 = 100.0%)
1  ... 

Histogram: SegmentationPlatform.DefaultModelDelivery.Metadata.Validation.Processed.CrossDeviceUserSegment recorded 1 samples, mean = 0.0 (flags = 0x41)
0  -O                                                                        (1 = 100.0%)
1  ... 

Histogram: SegmentationPlatform.DefaultModelDelivery.Metadata.Validation.Processed.DatabaseApiClients recorded 1 samples, mean = 0.0 (flags = 0x41)
0  -O                                                                        (1 = 100.0%)
1  ... 

Histogram: SegmentationPlatform.DefaultModelDelivery.Metadata.Validation.Processed.DeviceSwitcher recorded 1 samples, mean = 0.0 (flags = 0x41)
0  -O                                                                        (1 = 100.0%)
1  ... 

Histogram: SegmentationPlatform.DefaultModelDelivery.Metadata.Validation.Processed.PasswordManagerUser recorded 1 samples, mean = 0.0 (flags = 0x41)
0  -O                                                                        (1 = 100.0%)
1  ... 

Histogram: SegmentationPlatform.DefaultModelDelivery.Metadata.Validation.Processed.ResumeHeavyUserSegment recorded 1 samples, mean = 0.0 (flags = 0x41)
0  -O                                                                        (1 = 100.0%)
1  ... 

Histogram: SegmentationPlatform.DefaultModelDelivery.Metadata.Validation.Processed.SearchUser recorded 1 samples, mean = 0.0 (flags = 0x41)
0  -O                                                                        (1 = 100.0%)
1  ... 

Histogram: SegmentationPlatform.DefaultModelDelivery.Metadata.Validation.Processed.ShoppingUser recorded 1 samples, mean = 0.0 (flags = 0x41)
0  -O                                                                        (1 = 100.0%)
1  ... 

Histogram: SegmentationPlatform.DefaultModelDelivery.Metadata.Validation.Processed.UrlVisitResumptionRanker recorded 1 samples, mean = 0.0 (flags = 0x41)
0  -O                                                                        (1 = 100.0%)
1  ... 

Histogram: SegmentationPlatform.DefaultModelDelivery.Received recorded 10 samples (flags = 0x41)
16    -O                                                                        (1 = 10.0%)
21    -O                                                                        (1 = 10.0%)
23    -O                                                                        (1 = 10.0%)
27    -O                                                                        (1 = 10.0%)
45    -O                                                                        (1 = 10.0%)
46    -O                                                                        (1 = 10.0%)
1001  -O                                                                        (1 = 10.0%)
1004  -O                                                                        (1 = 10.0%)
1007  -O                                                                        (1 = 10.0%)
1009  -O                                                                        (1 = 10.0%)

Histogram: SegmentationPlatform.DefaultModelDelivery.SaveResult.ChromeLowUserEngagement recorded 1 samples, mean = 1.0 (flags = 0x41)
0  O                                                                         (0 = 0.0%)
1  -O                                                                        (1 = 100.0%) {0.0%}
2  O                                                                         (0 = 0.0%) {100.0%}

Histogram: SegmentationPlatform.DefaultModelDelivery.SaveResult.ComposePromotion recorded 1 samples, mean = 1.0 (flags = 0x41)
0  O                                                                         (0 = 0.0%)
1  -O                                                                        (1 = 100.0%) {0.0%}
2  O                                                                         (0 = 0.0%) {100.0%}

Histogram: SegmentationPlatform.DefaultModelDelivery.SaveResult.CrossDeviceUserSegment recorded 1 samples, mean = 1.0 (flags = 0x41)
0  O                                                                         (0 = 0.0%)
1  -O                                                                        (1 = 100.0%) {0.0%}
2  O                                                                         (0 = 0.0%) {100.0%}

Histogram: SegmentationPlatform.DefaultModelDelivery.SaveResult.DatabaseApiClients recorded 1 samples, mean = 1.0 (flags = 0x41)
0  O                                                                         (0 = 0.0%)
1  -O                                                                        (1 = 100.0%) {0.0%}
2  O                                                                         (0 = 0.0%) {100.0%}

Histogram: SegmentationPlatform.DefaultModelDelivery.SaveResult.DeviceSwitcher recorded 1 samples, mean = 1.0 (flags = 0x41)
0  O                                                                         (0 = 0.0%)
1  -O                                                                        (1 = 100.0%) {0.0%}
2  O                                                                         (0 = 0.0%) {100.0%}

Histogram: SegmentationPlatform.DefaultModelDelivery.SaveResult.PasswordManagerUser recorded 1 samples, mean = 1.0 (flags = 0x41)
0  O                                                                         (0 = 0.0%)
1  -O                                                                        (1 = 100.0%) {0.0%}
2  O                                                                         (0 = 0.0%) {100.0%}

Histogram: SegmentationPlatform.DefaultModelDelivery.SaveResult.ResumeHeavyUserSegment recorded 1 samples, mean = 1.0 (flags = 0x41)
0  O                                                                         (0 = 0.0%)
1  -O                                                                        (1 = 100.0%) {0.0%}
2  O                                                                         (0 = 0.0%) {100.0%}

Histogram: SegmentationPlatform.DefaultModelDelivery.SaveResult.SearchUser recorded 1 samples, mean = 1.0 (flags = 0x41)
0  O                                                                         (0 = 0.0%)
1  -O                                                                        (1 = 100.0%) {0.0%}
2  O                                                                         (0 = 0.0%) {100.0%}

Histogram: SegmentationPlatform.DefaultModelDelivery.SaveResult.ShoppingUser recorded 1 samples, mean = 1.0 (flags = 0x41)
0  O                                                                         (0 = 0.0%)
1  -O                                                                        (1 = 100.0%) {0.0%}
2  O                                                                         (0 = 0.0%) {100.0%}

Histogram: SegmentationPlatform.DefaultModelDelivery.SaveResult.UrlVisitResumptionRanker recorded 1 samples, mean = 1.0 (flags = 0x41)
0  O                                                                         (0 = 0.0%)
1  -O                                                                        (1 = 100.0%) {0.0%}
2  O                                                                         (0 = 0.0%) {100.0%}

Histogram: SegmentationPlatform.DefaultModelDelivery.SegmentIdMatches.ChromeLowUserEngagement recorded 1 samples, mean = 1.0 (flags = 0x41)
0  O                                                                         (0 = 0.0%)
1  -O                                                                        (1 = 100.0%) {0.0%}
2  O                                                                         (0 = 0.0%) {100.0%}

Histogram: SegmentationPlatform.DefaultModelDelivery.SegmentIdMatches.ComposePromotion recorded 1 samples, mean = 1.0 (flags = 0x41)
0  O                                                                         (0 = 0.0%)
1  -O                                                                        (1 = 100.0%) {0.0%}
2  O                                                                         (0 = 0.0%) {100.0%}

Histogram: SegmentationPlatform.DefaultModelDelivery.SegmentIdMatches.CrossDeviceUserSegment recorded 1 samples, mean = 1.0 (flags = 0x41)
0  O                                                                         (0 = 0.0%)
1  -O                                                                        (1 = 100.0%) {0.0%}
2  O                                                                         (0 = 0.0%) {100.0%}

Histogram: SegmentationPlatform.DefaultModelDelivery.SegmentIdMatches.DatabaseApiClients recorded 1 samples, mean = 1.0 (flags = 0x41)
0  O                                                                         (0 = 0.0%)
1  -O                                                                        (1 = 100.0%) {0.0%}
2  O                                                                         (0 = 0.0%) {100.0%}

Histogram: SegmentationPlatform.DefaultModelDelivery.SegmentIdMatches.DeviceSwitcher recorded 1 samples, mean = 1.0 (flags = 0x41)
0  O                                                                         (0 = 0.0%)
1  -O                                                                        (1 = 100.0%) {0.0%}
2  O                                                                         (0 = 0.0%) {100.0%}

Histogram: SegmentationPlatform.DefaultModelDelivery.SegmentIdMatches.PasswordManagerUser recorded 1 samples, mean = 1.0 (flags = 0x41)
0  O                                                                         (0 = 0.0%)
1  -O                                                                        (1 = 100.0%) {0.0%}
2  O                                                                         (0 = 0.0%) {100.0%}

Histogram: SegmentationPlatform.DefaultModelDelivery.SegmentIdMatches.ResumeHeavyUserSegment recorded 1 samples, mean = 1.0 (flags = 0x41)
0  O                                                                         (0 = 0.0%)
1  -O                                                                        (1 = 100.0%) {0.0%}
2  O                                                                         (0 = 0.0%) {100.0%}

Histogram: SegmentationPlatform.DefaultModelDelivery.SegmentIdMatches.SearchUser recorded 1 samples, mean = 1.0 (flags = 0x41)
0  O                                                                         (0 = 0.0%)
1  -O                                                                        (1 = 100.0%) {0.0%}
2  O                                                                         (0 = 0.0%) {100.0%}

Histogram: SegmentationPlatform.DefaultModelDelivery.SegmentIdMatches.ShoppingUser recorded 1 samples, mean = 1.0 (flags = 0x41)
0  O                                                                         (0 = 0.0%)
1  -O                                                                        (1 = 100.0%) {0.0%}
2  O                                                                         (0 = 0.0%) {100.0%}

Histogram: SegmentationPlatform.DefaultModelDelivery.SegmentIdMatches.UrlVisitResumptionRanker recorded 1 samples, mean = 1.0 (flags = 0x41)
0  O                                                                         (0 = 0.0%)
1  -O                                                                        (1 = 100.0%) {0.0%}
2  O                                                                         (0 = 0.0%) {100.0%}

Histogram: SegmentationPlatform.DeviceSwitcher.PostProcessing.TopLabel.Computed recorded 1 samples (flags = 0x41)
7  -O                                                                        (1 = 100.0%)

Histogram: SegmentationPlatform.FeatureProcessing.Error.DeviceSwitcher recorded 1 samples, mean = 7.0 (flags = 0x41)
0  ... 
7  -O                                                                        (1 = 100.0%) {0.0%}
8  O                                                                         (0 = 0.0%) {100.0%}

Histogram: SegmentationPlatform.Init.CreationToInitializationLatency recorded 1 samples, mean = 1993.0 (flags = 0x41)
0     ... 
1901  -O                                                                        (1 = 100.0%) {0.0%}
2415  ... 

Histogram: SegmentationPlatform.Init.ModelUpdatedTimeDifferenceInDays.ChromeLowUserEngagement recorded 1 samples, mean = 78.0 (flags = 0x41)
0   ... 
75  -O                                                                        (1 = 100.0%) {0.0%}
84  ... 

Histogram: SegmentationPlatform.Init.ModelUpdatedTimeDifferenceInDays.ComposePromotion recorded 1 samples, mean = 78.0 (flags = 0x41)
0   ... 
75  -O                                                                        (1 = 100.0%) {0.0%}
84  ... 

Histogram: SegmentationPlatform.Init.ModelUpdatedTimeDifferenceInDays.CrossDeviceUserSegment recorded 1 samples, mean = 78.0 (flags = 0x41)
0   ... 
75  -O                                                                        (1 = 100.0%) {0.0%}
84  ... 

Histogram: SegmentationPlatform.Init.ModelUpdatedTimeDifferenceInDays.DatabaseApiClients recorded 1 samples, mean = 78.0 (flags = 0x41)
0   ... 
75  -O                                                                        (1 = 100.0%) {0.0%}
84  ... 

Histogram: SegmentationPlatform.Init.ModelUpdatedTimeDifferenceInDays.DeviceSwitcher recorded 1 samples, mean = 78.0 (flags = 0x41)
0   ... 
75  -O                                                                        (1 = 100.0%) {0.0%}
84  ... 

Histogram: SegmentationPlatform.Init.ModelUpdatedTimeDifferenceInDays.PasswordManagerUser recorded 1 samples, mean = 78.0 (flags = 0x41)
0   ... 
75  -O                                                                        (1 = 100.0%) {0.0%}
84  ... 

Histogram: SegmentationPlatform.Init.ModelUpdatedTimeDifferenceInDays.ResumeHeavyUserSegment recorded 1 samples, mean = 78.0 (flags = 0x41)
0   ... 
75  -O                                                                        (1 = 100.0%) {0.0%}
84  ... 

Histogram: SegmentationPlatform.Init.ModelUpdatedTimeDifferenceInDays.SearchUser recorded 1 samples, mean = 78.0 (flags = 0x41)
0   ... 
75  -O                                                                        (1 = 100.0%) {0.0%}
84  ... 

Histogram: SegmentationPlatform.Init.ModelUpdatedTimeDifferenceInDays.ShoppingUser recorded 1 samples, mean = 78.0 (flags = 0x41)
0   ... 
75  -O                                                                        (1 = 100.0%) {0.0%}
84  ... 

Histogram: SegmentationPlatform.Init.ModelUpdatedTimeDifferenceInDays.UrlVisitResumptionRanker recorded 1 samples, mean = 78.0 (flags = 0x41)
0   ... 
75  -O                                                                        (1 = 100.0%) {0.0%}
84  ... 

Histogram: SegmentationPlatform.Init.ProcessCreationToServiceCreationLatency recorded 1 samples, mean = 20677134.0 (flags = 0x41)
0       ... 
180000  -O                                                                        (1 = 100.0%) {0.0%}

Histogram: SegmentationPlatform.Maintenance.CleanupSignalSuccessCount recorded 1 samples, mean = 20.0 (flags = 0x41)
0   ... 
20  -O                                                                        (1 = 100.0%) {0.0%}
23  ... 

Histogram: SegmentationPlatform.Maintenance.SignalIdentifierCount recorded 1 samples, mean = 20.0 (flags = 0x41)
0   ... 
20  -O                                                                        (1 = 100.0%) {0.0%}
23  ... 

Histogram: SegmentationPlatform.ModelAvailability.ChromeLowUserEngagement recorded 1 samples, mean = 0.0 (flags = 0x41)
0  -O                                                                        (1 = 100.0%)
1  ... 

Histogram: SegmentationPlatform.ModelAvailability.ComposePromotion recorded 1 samples, mean = 0.0 (flags = 0x41)
0  -O                                                                        (1 = 100.0%)
1  ... 

Histogram: SegmentationPlatform.ModelAvailability.DeviceSwitcher recorded 1 samples, mean = 0.0 (flags = 0x41)
0  -O                                                                        (1 = 100.0%)
1  ... 

Histogram: SegmentationPlatform.ModelAvailability.SearchUser recorded 1 samples, mean = 0.0 (flags = 0x41)
0  -O                                                                        (1 = 100.0%)
1  ... 

Histogram: SegmentationPlatform.ModelAvailability.ShoppingUser recorded 1 samples, mean = 0.0 (flags = 0x41)
0  -O                                                                        (1 = 100.0%)
1  ... 

Histogram: SegmentationPlatform.ModelAvailability.UrlVisitResumptionRanker recorded 1 samples, mean = 0.0 (flags = 0x41)
0  -O                                                                        (1 = 100.0%)
1  ... 

Histogram: SegmentationPlatform.ModelAvailability.WebAppInstallationPromo recorded 1 samples, mean = 0.0 (flags = 0x41)
0  -O                                                                        (1 = 100.0%)
1  ... 

Histogram: SegmentationPlatform.ModelExecution.DefaultProvider.Status.DeviceSwitcher recorded 1 samples, mean = 0.0 (flags = 0x41)
0  -O                                                                        (1 = 100.0%)
1  ... 

Histogram: SegmentationPlatform.ModelExecution.Duration.Model.DeviceSwitcher.Success recorded 1 samples, mean = 0.0 (flags = 0x41)
0  -O                                                                        (1 = 100.0%)
1  ... 

Histogram: SegmentationPlatform.ModelExecution.Duration.Total.DeviceSwitcher.Success recorded 1 samples, mean = 60014.0 (flags = 0x41)
0      ... 
10000  -O                                                                        (1 = 100.0%) {0.0%}

Histogram: SegmentationPlatform.ModelExecution.Result.0.DeviceSwitcher recorded 1 samples, mean = 0.0 (flags = 0x41)
0  -O                                                                        (1 = 100.0%)
1  ... 

Histogram: SegmentationPlatform.ModelExecution.Result.1.DeviceSwitcher recorded 1 samples, mean = 0.0 (flags = 0x41)
0  -O                                                                        (1 = 100.0%)
1  ... 

Histogram: SegmentationPlatform.ModelExecution.Result.2.DeviceSwitcher recorded 1 samples, mean = 0.0 (flags = 0x41)
0  -O                                                                        (1 = 100.0%)
1  ... 

Histogram: SegmentationPlatform.ModelExecution.Result.3.DeviceSwitcher recorded 1 samples, mean = 0.0 (flags = 0x41)
0  -O                                                                        (1 = 100.0%)
1  ... 

Histogram: SegmentationPlatform.ModelExecution.Result.4.DeviceSwitcher recorded 1 samples, mean = 0.0 (flags = 0x41)
0  -O                                                                        (1 = 100.0%)
1  ... 

Histogram: SegmentationPlatform.ModelExecution.Result.5.DeviceSwitcher recorded 1 samples, mean = 0.0 (flags = 0x41)
0  -O                                                                        (1 = 100.0%)
1  ... 

Histogram: SegmentationPlatform.ModelExecution.Result.6.DeviceSwitcher recorded 1 samples, mean = 0.0 (flags = 0x41)
0  -O                                                                        (1 = 100.0%)
1  ... 

Histogram: SegmentationPlatform.ModelExecution.Result.7.DeviceSwitcher recorded 1 samples, mean = 100.0 (flags = 0x41)
0    ... 
100  -O                                                                        (1 = 100.0%) {0.0%}
101  O                                                                         (0 = 0.0%) {100.0%}

Histogram: SegmentationPlatform.ModelExecution.ZeroValuePercent.DeviceSwitcher recorded 1 samples, mean = 90.0 (flags = 0x41)
0   ... 
90  -O                                                                        (1 = 100.0%) {0.0%}
91  ... 

Histogram: SegmentationPlatform.PasswordManagerUser.PostProcessing.TopLabel.Computed recorded 1 samples (flags = 0x41)
0  -O                                                                        (1 = 100.0%)

Histogram: SegmentationPlatform.ResumeHeavyUser.PostProcessing.TopLabel.Computed recorded 1 samples (flags = 0x41)
0  -O                                                                        (1 = 100.0%)

Histogram: SegmentationPlatform.SearchUser.PostProcessing.TopLabel.Computed recorded 1 samples (flags = 0x41)
-1 -O                                                                        (1 = 100.0%)

Histogram: SegmentationPlatform.SegmentInfoDatabase.ProtoDBUpdateResult.ChromeLowUserEngagement recorded 1 samples, mean = 1.0 (flags = 0x41)
0  O                                                                         (0 = 0.0%)
1  -O                                                                        (1 = 100.0%) {0.0%}
2  O                                                                         (0 = 0.0%) {100.0%}

Histogram: SegmentationPlatform.SegmentInfoDatabase.ProtoDBUpdateResult.ComposePromotion recorded 1 samples, mean = 1.0 (flags = 0x41)
0  O                                                                         (0 = 0.0%)
1  -O                                                                        (1 = 100.0%) {0.0%}
2  O                                                                         (0 = 0.0%) {100.0%}

Histogram: SegmentationPlatform.SegmentInfoDatabase.ProtoDBUpdateResult.CrossDeviceUserSegment recorded 1 samples, mean = 1.0 (flags = 0x41)
0  O                                                                         (0 = 0.0%)
1  -O                                                                        (1 = 100.0%) {0.0%}
2  O                                                                         (0 = 0.0%) {100.0%}

Histogram: SegmentationPlatform.SegmentInfoDatabase.ProtoDBUpdateResult.DatabaseApiClients recorded 1 samples, mean = 1.0 (flags = 0x41)
0  O                                                                         (0 = 0.0%)
1  -O                                                                        (1 = 100.0%) {0.0%}
2  O                                                                         (0 = 0.0%) {100.0%}

Histogram: SegmentationPlatform.SegmentInfoDatabase.ProtoDBUpdateResult.DeviceSwitcher recorded 1 samples, mean = 1.0 (flags = 0x41)
0  O                                                                         (0 = 0.0%)
1  -O                                                                        (1 = 100.0%) {0.0%}
2  O                                                                         (0 = 0.0%) {100.0%}

Histogram: SegmentationPlatform.SegmentInfoDatabase.ProtoDBUpdateResult.PasswordManagerUser recorded 1 samples, mean = 1.0 (flags = 0x41)
0  O                                                                         (0 = 0.0%)
1  -O                                                                        (1 = 100.0%) {0.0%}
2  O                                                                         (0 = 0.0%) {100.0%}

Histogram: SegmentationPlatform.SegmentInfoDatabase.ProtoDBUpdateResult.ResumeHeavyUserSegment recorded 1 samples, mean = 1.0 (flags = 0x41)
0  O                                                                         (0 = 0.0%)
1  -O                                                                        (1 = 100.0%) {0.0%}
2  O                                                                         (0 = 0.0%) {100.0%}

Histogram: SegmentationPlatform.SegmentInfoDatabase.ProtoDBUpdateResult.SearchUser recorded 1 samples, mean = 1.0 (flags = 0x41)
0  O                                                                         (0 = 0.0%)
1  -O                                                                        (1 = 100.0%) {0.0%}
2  O                                                                         (0 = 0.0%) {100.0%}

Histogram: SegmentationPlatform.SegmentInfoDatabase.ProtoDBUpdateResult.ShoppingUser recorded 1 samples, mean = 1.0 (flags = 0x41)
0  O                                                                         (0 = 0.0%)
1  -O                                                                        (1 = 100.0%) {0.0%}
2  O                                                                         (0 = 0.0%) {100.0%}

Histogram: SegmentationPlatform.SegmentInfoDatabase.ProtoDBUpdateResult.UrlVisitResumptionRanker recorded 1 samples, mean = 1.0 (flags = 0x41)
0  O                                                                         (0 = 0.0%)
1  -O                                                                        (1 = 100.0%) {0.0%}
2  O                                                                         (0 = 0.0%) {100.0%}

Histogram: SegmentationPlatform.SegmentInfoDatabase.ProtoDBUpdateResult.WebAppInstallationPromo recorded 1 samples, mean = 1.0 (flags = 0x41)
0  O                                                                         (0 = 0.0%)
1  -O                                                                        (1 = 100.0%) {0.0%}
2  O                                                                         (0 = 0.0%) {100.0%}

Histogram: SegmentationPlatform.SelectionFailedReason.ChromeLowUserEngagement recorded 3 samples, mean = 20.3 (flags = 0x41)
0   ... 
16  -O                                                                        (1 = 33.3%) {0.0%}
17  O                                                                         (0 = 0.0%) {33.3%}
18  -O                                                                        (1 = 33.3%) {33.3%}
19  ... 
27  -O                                                                        (1 = 33.3%) {66.7%}
28  ... 

Histogram: SegmentationPlatform.SelectionFailedReason.ComposePromotion recorded 1 samples, mean = 17.0 (flags = 0x41)
0   ... 
17  -O                                                                        (1 = 100.0%) {0.0%}
18  ... 

Histogram: SegmentationPlatform.SelectionFailedReason.CrossDeviceUser recorded 3 samples, mean = 20.3 (flags = 0x41)
0   ... 
16  -O                                                                        (1 = 33.3%) {0.0%}
17  O                                                                         (0 = 0.0%) {33.3%}
18  -O                                                                        (1 = 33.3%) {33.3%}
19  ... 
27  -O                                                                        (1 = 33.3%) {66.7%}
28  ... 

Histogram: SegmentationPlatform.SelectionFailedReason.DatabaseApiClients recorded 1 samples, mean = 17.0 (flags = 0x41)
0   ... 
17  -O                                                                        (1 = 100.0%) {0.0%}
18  ... 

Histogram: SegmentationPlatform.SelectionFailedReason.DeviceSwitcher recorded 2 samples, mean = 19.0 (flags = 0x41)
0   ... 
17  -O                                                                        (1 = 50.0%) {0.0%}
18  ... 
21  -O                                                                        (1 = 50.0%) {50.0%}
22  ... 

Histogram: SegmentationPlatform.SelectionFailedReason.PasswordManagerUser recorded 3 samples, mean = 20.3 (flags = 0x41)
0   ... 
16  -O                                                                        (1 = 33.3%) {0.0%}
17  O                                                                         (0 = 0.0%) {33.3%}
18  -O                                                                        (1 = 33.3%) {33.3%}
19  ... 
27  -O                                                                        (1 = 33.3%) {66.7%}
28  ... 

Histogram: SegmentationPlatform.SelectionFailedReason.ResumeHeavyUser recorded 3 samples, mean = 20.3 (flags = 0x41)
0   ... 
16  -O                                                                        (1 = 33.3%) {0.0%}
17  O                                                                         (0 = 0.0%) {33.3%}
18  -O                                                                        (1 = 33.3%) {33.3%}
19  ... 
27  -O                                                                        (1 = 33.3%) {66.7%}
28  ... 

Histogram: SegmentationPlatform.SelectionFailedReason.SearchUser recorded 3 samples, mean = 20.3 (flags = 0x41)
0   ... 
16  -O                                                                        (1 = 33.3%) {0.0%}
17  O                                                                         (0 = 0.0%) {33.3%}
18  -O                                                                        (1 = 33.3%) {33.3%}
19  ... 
27  -O                                                                        (1 = 33.3%) {66.7%}
28  ... 

Histogram: SegmentationPlatform.SelectionFailedReason.ShoppingUser recorded 3 samples, mean = 20.3 (flags = 0x41)
0   ... 
16  -O                                                                        (1 = 33.3%) {0.0%}
17  O                                                                         (0 = 0.0%) {33.3%}
18  -O                                                                        (1 = 33.3%) {33.3%}
19  ... 
27  -O                                                                        (1 = 33.3%) {66.7%}
28  ... 

Histogram: SegmentationPlatform.SelectionFailedReason.URLVisitResumptionRanker recorded 1 samples, mean = 17.0 (flags = 0x41)
0   ... 
17  -O                                                                        (1 = 100.0%) {0.0%}
18  ... 

Histogram: SegmentationPlatform.SelectionFailedReason.WebAppInstallationPromo recorded 3 samples, mean = 17.3 (flags = 0x41)
0   ... 
11  -O                                                                        (1 = 33.3%) {0.0%}
12  ... 
17  -O                                                                        (1 = 33.3%) {33.3%}
18  ... 
24  -O                                                                        (1 = 33.3%) {66.7%}
25  ... 

Histogram: SegmentationPlatform.ShoppingUser.PostProcessing.TopLabel.Computed recorded 1 samples (flags = 0x41)
0  -O                                                                        (1 = 100.0%)

Histogram: SegmentationPlatform.Signals.ListeningCount.HistogramEnum recorded 1 samples, mean = 7.0 (flags = 0x41)
0  ... 
7  -O                                                                        (1 = 100.0%) {0.0%}
8  ... 

Histogram: SegmentationPlatform.Signals.ListeningCount.HistogramValue recorded 1 samples, mean = 6.0 (flags = 0x41)
0  ... 
6  -O                                                                        (1 = 100.0%) {0.0%}
7  ... 

Histogram: SegmentationPlatform.Signals.ListeningCount.UserAction recorded 1 samples, mean = 7.0 (flags = 0x41)
0  ... 
7  -O                                                                        (1 = 100.0%) {0.0%}
8  ... 

Histogram: SegmentationPlatform.SyncSessions.TabsCountAtStartup recorded 1 samples, mean = 0.0 (flags = 0x41)
0  -O                                                                        (1 = 100.0%)
1  ... 

Histogram: SegmentationPlatform.UkmDatabase.InitTime recorded 1 samples, mean = 2.0 (flags = 0x41)
0  ... 
2  -O                                                                        (1 = 100.0%) {0.0%}
3  ... 

Histogram: SegmentationPlatform.WebAppInstallationPromo.PostProcessing.TopLabel.Computed recorded 1 samples (flags = 0x41)
-2 -O                                                                        (1 = 100.0%)

Histogram: ServiceWorker.FindRegistrationForClientUrl.IsCalledForNavigation recorded 5 samples, mean = 0.2 (flags = 0x41)
0  ----O                                                                     (4 = 80.0%)
1  -O                                                                        (1 = 20.0%) {80.0%}
2  O                                                                         (0 = 0.0%) {100.0%}

Histogram: ServiceWorker.FindRegistrationForClientUrl.SkippedMojoCall.OnNavigation recorded 1 samples, mean = 0.0 (flags = 0x41)
0  -O                                                                        (1 = 100.0%)
1  ... 

Histogram: ServiceWorker.OnBrowserStartup.SkipServiceWorkerOnFirstNavigation recorded 1 samples, mean = 0.0 (flags = 0x41)
0  -O                                                                        (1 = 100.0%)
1  ... 

Histogram: ServiceWorker.RegisteredStorageKeyCount recorded 1 samples, mean = 0.0 (flags = 0x41)
0  -O                                                                        (1 = 100.0%)
1  ... 

Histogram: ServiceWorker.Storage.ReadInitialDataFromDB.Time recorded 1 samples, mean = 0.0 (flags = 0x41)
0  -O                                                                        (1 = 100.0%)
1  ... 

Histogram: ServiceWorker.Storage.RegisteredStorageKeyCacheInitialization.Time recorded 1 samples, mean = 1744.0 (flags = 0x41)
0     ... 
1496  -O                                                                        (1 = 100.0%) {0.0%}
1901  ... 

Histogram: SessionRestore.UnrecoverableWriteErrorCount recorded 1 samples, mean = 0.0 (flags = 0x41)
0  -O                                                                        (1 = 100.0%)
1  ... 

Histogram: SessionStorageContext.CommitResult recorded 2 samples, mean = 0.0 (flags = 0x41)
0  --O                                                                       (2 = 100.0%)
1  ... 

Histogram: Settings.AdvancedSpellcheck.OnStartup2 recorded 1 samples, mean = 0.0 (flags = 0x41)
0  -O                                                                        (1 = 100.0%)
1  ... 

Histogram: Settings.AutocompleteSearches.OnStartup2 recorded 1 samples, mean = 1.0 (flags = 0x41)
0  O                                                                         (0 = 0.0%)
1  -O                                                                        (1 = 100.0%) {0.0%}
2  O                                                                         (0 = 0.0%) {100.0%}

Histogram: Settings.FingerprintingProtection.Enabled recorded 1 samples, mean = 0.0 (flags = 0x41)
0  -O                                                                        (1 = 100.0%)
1  ... 

Histogram: Settings.FirstPartySets.State recorded 1 samples, mean = 0.0 (flags = 0x41)
0  -O                                                                        (1 = 100.0%)
1  ... 

Histogram: Settings.IpProtection.Enabled recorded 1 samples, mean = 0.0 (flags = 0x41)
0  -O                                                                        (1 = 100.0%)
1  ... 

Histogram: Settings.PreloadStatus.OnStartup3 recorded 1 samples, mean = 1.0 (flags = 0x41)
0  O                                                                         (0 = 0.0%)
1  -O                                                                        (1 = 100.0%) {0.0%}
2  ... 

Histogram: Settings.PrivacySandbox.AdMeasurement.Enabled recorded 1 samples, mean = 0.0 (flags = 0x41)
0  -O                                                                        (1 = 100.0%)
1  ... 

Histogram: Settings.PrivacySandbox.Fledge.Enabled recorded 1 samples, mean = 0.0 (flags = 0x41)
0  -O                                                                        (1 = 100.0%)
1  ... 

Histogram: Settings.PrivacySandbox.Topics.Enabled recorded 1 samples, mean = 0.0 (flags = 0x41)
0  -O                                                                        (1 = 100.0%)
1  ... 

Histogram: Settings.ShowHomeButton2 recorded 1 samples, mean = 0.0 (flags = 0x41)
0  -O                                                                        (1 = 100.0%)
1  ... 

Histogram: Settings.StartupPageLoadSettings2 recorded 1 samples, mean = 5.0 (flags = 0x41)
0  ... 
5  -O                                                                        (1 = 100.0%) {0.0%}
6  ... 

Histogram: Settings.TrackedPreferenceUnchanged recorded 18 samples, mean = 14.5 (flags = 0x41)
0   -O                                                                        (1 = 5.6%)
1   -O                                                                        (1 = 5.6%) {5.6%}
2   -O                                                                        (1 = 5.6%) {11.1%}
3   -O                                                                        (1 = 5.6%) {16.7%}
4   -O                                                                        (1 = 5.6%) {22.2%}
5   -O                                                                        (1 = 5.6%) {27.8%}
6   -O                                                                        (1 = 5.6%) {33.3%}
7   -O                                                                        (1 = 5.6%) {38.9%}
8   ... 
11  -O                                                                        (1 = 5.6%) {44.4%}
12  ... 
14  -O                                                                        (1 = 5.6%) {50.0%}
15  -O                                                                        (1 = 5.6%) {55.6%}
16  ... 
18  -O                                                                        (1 = 5.6%) {61.1%}
19  ... 
23  -O                                                                        (1 = 5.6%) {66.7%}
24  -O                                                                        (1 = 5.6%) {72.2%}
25  ... 
29  -O                                                                        (1 = 5.6%) {77.8%}
30  ... 
32  -O                                                                        (1 = 5.6%) {83.3%}
33  -O                                                                        (1 = 5.6%) {88.9%}
34  -O                                                                        (1 = 5.6%) {94.4%}
35  O                                                                         (0 = 0.0%) {100.0%}

Histogram: Settings.TrackedPreferenceUnchanged.FromRegistry recorded 18 samples, mean = 14.5 (flags = 0x41)
0   -O                                                                        (1 = 5.6%)
1   -O                                                                        (1 = 5.6%) {5.6%}
2   -O                                                                        (1 = 5.6%) {11.1%}
3   -O                                                                        (1 = 5.6%) {16.7%}
4   -O                                                                        (1 = 5.6%) {22.2%}
5   -O                                                                        (1 = 5.6%) {27.8%}
6   -O                                                                        (1 = 5.6%) {33.3%}
7   -O                                                                        (1 = 5.6%) {38.9%}
8   ... 
11  -O                                                                        (1 = 5.6%) {44.4%}
12  ... 
14  -O                                                                        (1 = 5.6%) {50.0%}
15  -O                                                                        (1 = 5.6%) {55.6%}
16  ... 
18  -O                                                                        (1 = 5.6%) {61.1%}
19  ... 
23  -O                                                                        (1 = 5.6%) {66.7%}
24  -O                                                                        (1 = 5.6%) {72.2%}
25  ... 
29  -O                                                                        (1 = 5.6%) {77.8%}
30  ... 
32  -O                                                                        (1 = 5.6%) {83.3%}
33  -O                                                                        (1 = 5.6%) {88.9%}
34  -O                                                                        (1 = 5.6%) {94.4%}
35  O                                                                         (0 = 0.0%) {100.0%}

Histogram: Settings.TrackingProtection.Enabled recorded 1 samples, mean = 0.0 (flags = 0x41)
0  -O                                                                        (1 = 100.0%)
1  ... 

Histogram: SharedDictionary.TimeInitializeDB recorded 1 samples, mean = 2.0 (flags = 0x41)
0  ... 
2  -O                                                                        (1 = 100.0%) {0.0%}
3  ... 

Histogram: Signin.APIKeyMatchesFeatureOnStartup recorded 3 samples, mean = 0.0 (flags = 0x41)
0  ---O                                                                      (3 = 100.0%)
1  ... 

Histogram: Signin.AccountTracker.CountOfLoadedAccounts recorded 1 samples, mean = 0.0 (flags = 0x41)
0  -O                                                                        (1 = 100.0%)
1  ... 

Histogram: Signin.ExplicitSigninMigration recorded 1 samples, mean = 0.0 (flags = 0x41)
0  -O                                                                        (1 = 100.0%)
1  ... 

Histogram: Signin.HadPreviousSyncAccount.SignedOutOnProfileLoad recorded 1 samples, mean = 0.0 (flags = 0x41)
0  -O                                                                        (1 = 100.0%)
1  ... 

Histogram: Signin.HadPreviousSyncAccount.SyncOffOnProfileLoad recorded 1 samples, mean = 0.0 (flags = 0x41)
0  -O                                                                        (1 = 100.0%)
1  ... 

Histogram: Signin.ListAccountsFailure recorded 1 samples, mean = 0.0 (flags = 0x41)
0  -O                                                                        (1 = 100.0%)
1  ... 

Histogram: Signin.PAMInitialize.PrimaryAccountPrefs recorded 1 samples, mean = 2.0 (flags = 0x41)
0  ... 
2  -O                                                                        (1 = 100.0%) {0.0%}
3  ... 

Histogram: Signin.SigninAllowed recorded 1 samples, mean = 0.0 (flags = 0x41)
0  -O                                                                        (1 = 100.0%)
1  ... 

Histogram: Signin.TokenTable.GetAllTokensSqlStatementValidity recorded 1 samples, mean = 1.0 (flags = 0x41)
0  O                                                                         (0 = 0.0%)
1  -O                                                                        (1 = 100.0%) {0.0%}
2  O                                                                         (0 = 0.0%) {100.0%}

Histogram: SimpleCache.App.CacheSizeOnInit recorded 1 samples, mean = 0.0 (flags = 0x41)
0  -O                                                                        (1 = 100.0%)
1000... 

Histogram: SimpleCache.App.ConsistencyResult recorded 1 samples, mean = 0.0 (flags = 0x41)
0  -O                                                                        (1 = 100.0%)
1  ... 

Histogram: SimpleCache.App.CreationToIndex recorded 1 samples, mean = 1.0 (flags = 0x41)
0  O                                                                         (0 = 0.0%)
1  -O                                                                        (1 = 100.0%) {0.0%}
2  ... 

Histogram: SimpleCache.App.IndexFileStateOnLoad recorded 1 samples, mean = 2.0 (flags = 0x41)
0  ... 
2  -O                                                                        (1 = 100.0%) {0.0%}
3  ... 

Histogram: SimpleCache.App.IndexInitializeMethod recorded 1 samples, mean = 1.0 (flags = 0x41)
0  O                                                                         (0 = 0.0%)
1  -O                                                                        (1 = 100.0%) {0.0%}
2  ... 

Histogram: SimpleCache.App.IndexNumEntriesOnInit recorded 1 samples, mean = 0.0 (flags = 0x41)
0  -O                                                                        (1 = 100.0%)
1  ... 

Histogram: SimpleCache.App.MaxCacheSizeOnInit recorded 1 samples, mean = 0.0 (flags = 0x41)
0  -O                                                                        (1 = 100.0%)
1000... 

Histogram: SimpleCache.Code.CacheSizeOnInit recorded 1 samples, mean = 8824.0 (flags = 0x41)
0     ... 
7935  -O                                                                        (1 = 100.0%) {0.0%}
9032  ... 

Histogram: SimpleCache.Code.ConsistencyResult recorded 1 samples, mean = 0.0 (flags = 0x41)
0  -O                                                                        (1 = 100.0%)
1  ... 

Histogram: SimpleCache.Code.CreationToIndex recorded 1 samples, mean = 4.0 (flags = 0x41)
0  ... 
4  -O                                                                        (1 = 100.0%) {0.0%}
5  ... 

Histogram: SimpleCache.Code.DiskCloseLatency recorded 36 samples, mean = 0.0 (flags = 0x41)
0  ------------------------------------O                                     (36 = 100.0%)
1  ... 

Histogram: SimpleCache.Code.DiskCreateLatency recorded 1 samples, mean = 0.0 (flags = 0x40)
0  -O                                                                        (1 = 100.0%)
1  ... 

Histogram: SimpleCache.Code.DiskDoomLatency recorded 1 samples, mean = 0.0 (flags = 0x41)
0  -O                                                                        (1 = 100.0%)
1  ... 

Histogram: SimpleCache.Code.DiskOpenLatency recorded 35 samples, mean = 1.5 (flags = 0x41)
0  -------O                                                                  (7 = 20.0%)
1  --O                                                                       (2 = 5.7%) {20.0%}
2  --------------------------O                                               (26 = 74.3%) {25.7%}
3  ... 

Histogram: SimpleCache.Code.EntryCreationTime recorded 36 samples, mean = 1.6 (flags = 0x41)
0  --------O                                                                 (8 = 22.2%)
1  O                                                                         (0 = 0.0%) {22.2%}
2  -------------------------O                                                (25 = 69.4%) {22.2%}
3  ---O                                                                      (3 = 8.3%) {91.7%}
4  ... 

Histogram: SimpleCache.Code.HeaderSize recorded 3 samples, mean = 36.0 (flags = 0x41)
0   ... 
34  ---O                                                                      (3 = 100.0%) {0.0%}
40  ... 

Histogram: SimpleCache.Code.IndexFileStateOnLoad recorded 1 samples, mean = 2.0 (flags = 0x41)
0  ... 
2  -O                                                                        (1 = 100.0%) {0.0%}
3  ... 

Histogram: SimpleCache.Code.IndexInitializeMethod recorded 1 samples, mean = 1.0 (flags = 0x41)
0  O                                                                         (0 = 0.0%)
1  -O                                                                        (1 = 100.0%) {0.0%}
2  ... 

Histogram: SimpleCache.Code.IndexNumEntriesOnInit recorded 1 samples, mean = 142.0 (flags = 0x41)
0    ... 
119  -O                                                                        (1 = 100.0%) {0.0%}
149  ... 

Histogram: SimpleCache.Code.MaxCacheSizeOnInit recorded 1 samples, mean = 327680.0 (flags = 0x41)
0       ... 
297881  -O                                                                        (1 = 100.0%) {0.0%}
339058  ... 

Histogram: SimpleCache.Code.OpenEntryIndexState recorded 42 samples, mean = 1.8 (flags = 0x41)
0  O                                                                         (0 = 0.0%)
1  -------O                                                                  (7 = 16.7%) {0.0%}
2  -----------------------------------O                                      (35 = 83.3%) {16.7%}
3  O                                                                         (0 = 0.0%) {100.0%}

Histogram: SimpleCache.Code.SyncCheckEOFResult recorded 52 samples, mean = 0.0 (flags = 0x40)
0  ----------------------------------------------------O                     (52 = 100.0%)
1  ... 

Histogram: SimpleCache.Code.SyncCloseResult recorded 36 samples, mean = 0.0 (flags = 0x40)
0  ------------------------------------O                                     (36 = 100.0%)
1  ... 

Histogram: SimpleCache.Code.SyncOpenPrefetchMode recorded 35 samples, mean = 0.0 (flags = 0x41)
0  -----------------------------------O                                      (35 = 100.0%)
1  ... 

Histogram: SimpleCache.Code.SyncOpenResult recorded 35 samples, mean = 0.0 (flags = 0x40)
0  -----------------------------------O                                      (35 = 100.0%)
1  ... 

Histogram: SiteEngagementService.EngagementScore recorded 1 samples, mean = 19.0 (flags = 0x41)
0   ... 
19  -O                                                                        (1 = 100.0%) {0.0%}
20  ... 

Histogram: SiteEngagementService.EngagementType recorded 1 samples, mean = 0.0 (flags = 0x41)
0  -O                                                                        (1 = 100.0%)
1  ... 

Histogram: SiteEngagementService.MeanEngagement recorded 1 samples, mean = 19.0 (flags = 0x41)
0   ... 
19  -O                                                                        (1 = 100.0%) {0.0%}
20  ... 

Histogram: SiteEngagementService.MedianEngagement recorded 1 samples, mean = 19.0 (flags = 0x41)
0   ... 
19  -O                                                                        (1 = 100.0%) {0.0%}
20  ... 

Histogram: SiteEngagementService.OriginsEngaged recorded 1 samples, mean = 1.0 (flags = 0x41)
0  O                                                                         (0 = 0.0%)
1  -O                                                                        (1 = 100.0%) {0.0%}
2  ... 

Histogram: SiteIsolatedCodeCache.JS.Behaviour recorded 43 samples, mean = 0.4 (flags = 0x41)
0  ---------------------------------O                                        (33 = 76.7%)
1  ------O                                                                   (6 = 14.0%) {76.7%}
2  -O                                                                        (1 = 2.3%) {90.7%}
3  --O                                                                       (2 = 4.7%) {93.0%}
4  -O                                                                        (1 = 2.3%) {97.7%}
5  ... 

Histogram: SiteIsolatedCodeCache.JS.FetchCodeCache recorded 21 samples, mean = 3.2 (flags = 0x41)
0  ---O                                                                      (3 = 14.3%)
1  -O                                                                        (1 = 4.8%) {14.3%}
2  ---O                                                                      (3 = 14.3%) {19.0%}
3  ---O                                                                      (3 = 14.3%) {33.3%}
4  ---O                                                                      (3 = 14.3%) {47.6%}
5  --------O                                                                 (8 = 38.1%) {61.9%}
6  ... 

Histogram: SiteIsolatedCodeCache.JS.Hit recorded 27 samples, mean = 0.8 (flags = 0x41)
0  ------O                                                                   (6 = 22.2%)
1  ---------------------O                                                    (21 = 77.8%) {22.2%}
2  O                                                                         (0 = 0.0%) {100.0%}

Histogram: SiteIsolatedCodeCache.JS.PotentialMemoryBackedCodeCacheHit recorded 27 samples, mean = 0.0 (flags = 0x41)
0  ---------------------------O                                              (27 = 100.0%)
1  ... 

Histogram: SiteIsolatedCodeCache.JS.PotentialMemoryBackedCodeCacheSize2 recorded 61 samples, mean = 3109316.0 (flags = 0x41)
0        ... 
2896094  -------------------------------------------------------------O            (61 = 100.0%) {0.0%}
4159416  ... 

Histogram: SiteIsolatedCodeCache.WASM.Behaviour recorded 11 samples, mean = 1.0 (flags = 0x41)
0  O                                                                         (0 = 0.0%)
1  -----------O                                                              (11 = 100.0%) {0.0%}
2  ... 

Histogram: SiteIsolation.BrowsingInstance.MaxCountPerProcess recorded 3 samples, mean = 0.7 (flags = 0x41)
0  -O                                                                        (1 = 33.3%)
1  --O                                                                       (2 = 66.7%) {33.3%}
2  ... 

Histogram: SiteIsolation.NewProcessUsedForNavigationWhenSameSiteProcessExists recorded 1 samples, mean = 0.0 (flags = 0x41)
0  -O                                                                        (1 = 100.0%)
1  ... 

Histogram: SiteIsolation.ProcessPerSiteWithMainFrameThreshold.IsDevToolsUser recorded 1 samples, mean = 0.0 (flags = 0x41)
0  -O                                                                        (1 = 100.0%)
1  ... 

Histogram: Skia.SubmitRenderPasses recorded 19 samples, mean = 0.6 (flags = 0x41)
0  -------------O                                                            (13 = 68.4%)
1  ---O                                                                      (3 = 15.8%) {68.4%}
2  -O                                                                        (1 = 5.3%) {84.2%}
3  -O                                                                        (1 = 5.3%) {89.5%}
4  -O                                                                        (1 = 5.3%) {94.7%}
5  ... 

Histogram: Sql.Statement.Affiliation.VMSteps recorded 15 samples, mean = 15.5 (flags = 0x41)
0   ... 
3   ----O                                                                     (4 = 26.7%) {0.0%}
4   O                                                                         (0 = 0.0%) {26.7%}
5   -O                                                                        (1 = 6.7%) {26.7%}
6   -O                                                                        (1 = 6.7%) {33.3%}
7   ... 
12  -----O                                                                    (5 = 33.3%) {40.0%}
14  ... 
20  -O                                                                        (1 = 6.7%) {73.3%}
24  O                                                                         (0 = 0.0%) {80.0%}
29  -O                                                                        (1 = 6.7%) {80.0%}
34  O                                                                         (0 = 0.0%) {86.7%}
40  -O                                                                        (1 = 6.7%) {86.7%}
48  -O                                                                        (1 = 6.7%) {93.3%}
57  ... 

Histogram: Sql.Statement.BrowsingTopics.VMSteps recorded 12 samples, mean = 8.0 (flags = 0x41)
0   ... 
3   ----O                                                                     (4 = 33.3%) {0.0%}
4   O                                                                         (0 = 0.0%) {33.3%}
5   -O                                                                        (1 = 8.3%) {33.3%}
6   ... 
8   --O                                                                       (2 = 16.7%) {41.7%}
10  O                                                                         (0 = 0.0%) {58.3%}
12  -----O                                                                    (5 = 41.7%) {58.3%}
14  ... 

Histogram: Sql.Statement.Cookie.VMSteps recorded 40 samples, mean = 21.2 (flags = 0x41)
0   ... 
3   ----------O                                                               (10 = 25.0%) {0.0%}
4   O                                                                         (0 = 0.0%) {25.0%}
5   --O                                                                       (2 = 5.0%) {25.0%}
6   O                                                                         (0 = 0.0%) {30.0%}
7   -O                                                                        (1 = 2.5%) {30.0%}
8   ... 
12  ----------O                                                               (10 = 25.0%) {32.5%}
14  ... 
20  --O                                                                       (2 = 5.0%) {57.5%}
24  ------O                                                                   (6 = 15.0%) {62.5%}
29  O                                                                         (0 = 0.0%) {77.5%}
34  --O                                                                       (2 = 5.0%) {77.5%}
40  O                                                                         (0 = 0.0%) {82.5%}
48  --O                                                                       (2 = 5.0%) {82.5%}
57  -----O                                                                    (5 = 12.5%) {87.5%}
68  ... 

Histogram: Sql.Statement.DIPS.VMSteps recorded 45 samples, mean = 11.6 (flags = 0x41)
0   ... 
3   --O                                                                       (2 = 4.4%) {0.0%}
4   O                                                                         (0 = 0.0%) {4.4%}
5   -O                                                                        (1 = 2.2%) {4.4%}
6   ... 
8   -------------------O                                                      (19 = 42.2%) {6.7%}
10  ---O                                                                      (3 = 6.7%) {48.9%}
12  -----------O                                                              (11 = 24.4%) {55.6%}
14  --O                                                                       (2 = 4.4%) {80.0%}
17  -O                                                                        (1 = 2.2%) {84.4%}
20  -----O                                                                    (5 = 11.1%) {86.7%}
24  -O                                                                        (1 = 2.2%) {97.8%}
29  ... 

Histogram: Sql.Statement.FirstPartySets.VMSteps recorded 31 samples, mean = 9.2 (flags = 0x41)
0   ... 
3   ----------O                                                               (10 = 32.3%) {0.0%}
4   O                                                                         (0 = 0.0%) {32.3%}
5   -O                                                                        (1 = 3.2%) {32.3%}
6   ... 
8   ----O                                                                     (4 = 12.9%) {35.5%}
10  ---O                                                                      (3 = 9.7%) {48.4%}
12  -----------O                                                              (11 = 35.5%) {58.1%}
14  ... 
20  -O                                                                        (1 = 3.2%) {93.5%}
24  -O                                                                        (1 = 3.2%) {96.8%}
29  ... 

Histogram: Sql.Statement.History.VMSteps recorded 351 samples, mean = 19.7 (flags = 0x41)
0    ... 
3    ----O                                                                     (6 = 1.7%) {0.0%}
4    O                                                                         (0 = 0.0%) {1.7%}
5    -O                                                                        (1 = 0.3%) {1.7%}
6    -O                                                                        (2 = 0.6%) {2.0%}
7    O                                                                         (0 = 0.0%) {2.6%}
8    --O                                                                       (4 = 1.1%) {2.6%}
10   --O                                                                       (4 = 1.1%) {3.7%}
12   ------------------------------------------------------------------------O (121 = 34.5%) {4.8%}
14   --O                                                                       (3 = 0.9%) {39.3%}
17   -------------------------------------------O                              (72 = 20.5%) {40.2%}
20   -------------------------------------------------------------------O      (113 = 32.2%) {60.7%}
24   -----O                                                                    (8 = 2.3%) {92.9%}
29   --O                                                                       (3 = 0.9%) {95.2%}
34   -O                                                                        (1 = 0.3%) {96.0%}
40   O                                                                         (0 = 0.0%) {96.3%}
48   -O                                                                        (1 = 0.3%) {96.3%}
57   -O                                                                        (1 = 0.3%) {96.6%}
68   ---O                                                                      (5 = 1.4%) {96.9%}
81   -O                                                                        (1 = 0.3%) {98.3%}
96   -O                                                                        (1 = 0.3%) {98.6%}
114  O                                                                         (0 = 0.0%) {98.9%}
135  --O                                                                       (3 = 0.9%) {98.9%}
160  -O                                                                        (1 = 0.3%) {99.7%}
190  ... 

Histogram: Sql.Statement.OptOutBlacklist.VMSteps recorded 4 samples, mean = 10.8 (flags = 0x41)
0   ... 
5   -O                                                                        (1 = 25.0%) {0.0%}
6   O                                                                         (0 = 0.0%) {25.0%}
7   -O                                                                        (1 = 25.0%) {25.0%}
8   O                                                                         (0 = 0.0%) {50.0%}
10  -O                                                                        (1 = 25.0%) {50.0%}
12  ... 
20  -O                                                                        (1 = 25.0%) {75.0%}
24  ... 

Histogram: Sql.Statement.Passwords.VMSteps recorded 51 samples, mean = 24.6 (flags = 0x41)
0   ... 
3   ----O                                                                     (4 = 7.8%) {0.0%}
4   O                                                                         (0 = 0.0%) {7.8%}
5   --O                                                                       (2 = 3.9%) {7.8%}
6   ------O                                                                   (6 = 11.8%) {11.8%}
7   ----O                                                                     (4 = 7.8%) {23.5%}
8   ---O                                                                      (3 = 5.9%) {31.4%}
10  O                                                                         (0 = 0.0%) {37.3%}
12  ------------O                                                             (12 = 23.5%) {37.3%}
14  --O                                                                       (2 = 3.9%) {60.8%}
17  O                                                                         (0 = 0.0%) {64.7%}
20  --O                                                                       (2 = 3.9%) {64.7%}
24  ... 
34  --O                                                                       (2 = 3.9%) {68.6%}
40  ----O                                                                     (4 = 7.8%) {72.5%}
48  O                                                                         (0 = 0.0%) {80.4%}
57  ----O                                                                     (4 = 7.8%) {80.4%}
68  ------O                                                                   (6 = 11.8%) {88.2%}
81  ... 

Histogram: Sql.Statement.Predictor.VMSteps recorded 15 samples, mean = 15.9 (flags = 0x41)
0   ... 
3   --O                                                                       (2 = 13.3%) {0.0%}
4   O                                                                         (0 = 0.0%) {13.3%}
5   -O                                                                        (1 = 6.7%) {13.3%}
6   -O                                                                        (1 = 6.7%) {20.0%}
7   O                                                                         (0 = 0.0%) {26.7%}
8   -O                                                                        (1 = 6.7%) {26.7%}
10  ----O                                                                     (4 = 26.7%) {33.3%}
12  -O                                                                        (1 = 6.7%) {60.0%}
14  -O                                                                        (1 = 6.7%) {66.7%}
17  ... 
24  -O                                                                        (1 = 6.7%) {73.3%}
29  -O                                                                        (1 = 6.7%) {80.0%}
34  O                                                                         (0 = 0.0%) {86.7%}
40  -O                                                                        (1 = 6.7%) {86.7%}
48  -O                                                                        (1 = 6.7%) {93.3%}
57  ... 

Histogram: Sql.Statement.Quota.VMSteps recorded 34 samples, mean = 8.4 (flags = 0x41)
0   ... 
3   ----O                                                                     (4 = 11.8%) {0.0%}
4   O                                                                         (0 = 0.0%) {11.8%}
5   -O                                                                        (1 = 2.9%) {11.8%}
6   -----O                                                                    (5 = 14.7%) {14.7%}
7   O                                                                         (0 = 0.0%) {29.4%}
8   -----------O                                                              (11 = 32.4%) {29.4%}
10  -----O                                                                    (5 = 14.7%) {61.8%}
12  --------O                                                                 (8 = 23.5%) {76.5%}
14  ... 

Histogram: Sql.Statement.ReportingAndNEL.VMSteps recorded 12 samples, mean = 13.8 (flags = 0x41)
0   ... 
3   --O                                                                       (2 = 16.7%) {0.0%}
4   O                                                                         (0 = 0.0%) {16.7%}
5   -O                                                                        (1 = 8.3%) {16.7%}
6   -O                                                                        (1 = 8.3%) {25.0%}
7   ... 
12  -----O                                                                    (5 = 41.7%) {33.3%}
14  ... 
20  -O                                                                        (1 = 8.3%) {75.0%}
24  O                                                                         (0 = 0.0%) {83.3%}
29  -O                                                                        (1 = 8.3%) {83.3%}
34  -O                                                                        (1 = 8.3%) {91.7%}
40  ... 

Histogram: Sql.Statement.SharedDictionary.VMSteps recorded 20 samples, mean = 9.1 (flags = 0x41)
0   ... 
3   --------O                                                                 (8 = 40.0%) {0.0%}
4   O                                                                         (0 = 0.0%) {40.0%}
5   -O                                                                        (1 = 5.0%) {40.0%}
6   ... 
8   -O                                                                        (1 = 5.0%) {45.0%}
10  O                                                                         (0 = 0.0%) {50.0%}
12  -------O                                                                  (7 = 35.0%) {50.0%}
14  O                                                                         (0 = 0.0%) {85.0%}
17  --O                                                                       (2 = 10.0%) {85.0%}
20  -O                                                                        (1 = 5.0%) {95.0%}
24  ... 

Histogram: Sql.Statement.SharedStorage.VMSteps recorded 3 samples, mean = 7.7 (flags = 0x41)
0   ... 
5   -O                                                                        (1 = 33.3%) {0.0%}
6   ... 
8   -O                                                                        (1 = 33.3%) {33.3%}
10  -O                                                                        (1 = 33.3%) {66.7%}
12  ... 

Histogram: Sql.Statement.Thumbnail.VMSteps recorded 22 samples, mean = 12.4 (flags = 0x41)
0   ... 
3   ------O                                                                   (6 = 27.3%) {0.0%}
4   O                                                                         (0 = 0.0%) {27.3%}
5   -O                                                                        (1 = 4.5%) {27.3%}
6   ... 
8   -O                                                                        (1 = 4.5%) {31.8%}
10  O                                                                         (0 = 0.0%) {36.4%}
12  ----------O                                                               (10 = 45.5%) {36.4%}
14  ... 
20  -O                                                                        (1 = 4.5%) {81.8%}
24  O                                                                         (0 = 0.0%) {86.4%}
29  ---O                                                                      (3 = 13.6%) {86.4%}
34  ... 

Histogram: Sql.Statement.TopSites.VMSteps recorded 13 samples, mean = 12.7 (flags = 0x41)
0   ... 
3   --O                                                                       (2 = 15.4%) {0.0%}
4   O                                                                         (0 = 0.0%) {15.4%}
5   -O                                                                        (1 = 7.7%) {15.4%}
6   ... 
12  ---------O                                                                (9 = 69.2%) {23.1%}
14  ... 
40  -O                                                                        (1 = 7.7%) {92.3%}
48  ... 

Histogram: Sql.Statement.TrustTokens.VMSteps recorded 16 samples, mean = 14.1 (flags = 0x41)
0   ... 
3   --O                                                                       (2 = 12.5%) {0.0%}
4   O                                                                         (0 = 0.0%) {12.5%}
5   -O                                                                        (1 = 6.2%) {12.5%}
6   ---O                                                                      (3 = 18.8%) {18.8%}
7   ... 
10  -O                                                                        (1 = 6.2%) {37.5%}
12  -----O                                                                    (5 = 31.2%) {43.8%}
14  ... 
20  -O                                                                        (1 = 6.2%) {75.0%}
24  O                                                                         (0 = 0.0%) {81.2%}
29  -O                                                                        (1 = 6.2%) {81.2%}
34  --O                                                                       (2 = 12.5%) {87.5%}
40  ... 

Histogram: Sql.Statement.UKMMetrics.VMSteps recorded 31 samples, mean = 14.1 (flags = 0x41)
0   ... 
3   -----O                                                                    (5 = 16.1%) {0.0%}
4   O                                                                         (0 = 0.0%) {16.1%}
5   -O                                                                        (1 = 3.2%) {16.1%}
6   ... 
8   -------O                                                                  (7 = 22.6%) {19.4%}
10  O                                                                         (0 = 0.0%) {41.9%}
12  -------O                                                                  (7 = 22.6%) {41.9%}
14  O                                                                         (0 = 0.0%) {64.5%}
17  -O                                                                        (1 = 3.2%) {64.5%}
20  -------O                                                                  (7 = 22.6%) {67.7%}
24  O                                                                         (0 = 0.0%) {90.3%}
29  -O                                                                        (1 = 3.2%) {90.3%}
34  O                                                                         (0 = 0.0%) {93.5%}
40  --O                                                                       (2 = 6.5%) {93.5%}
48  ... 

Histogram: Sql.Statement.Web.VMSteps recorded 116 samples, mean = 53.1 (flags = 0x41)
0    ... 
3    --------O                                                                 (8 = 6.9%) {0.0%}
4    -O                                                                        (1 = 0.9%) {6.9%}
5    -O                                                                        (1 = 0.9%) {7.8%}
6    ------------O                                                             (12 = 10.3%) {8.6%}
7    ----------O                                                               (10 = 8.6%) {19.0%}
8    ------O                                                                   (6 = 5.2%) {27.6%}
10   ---------O                                                                (9 = 7.8%) {32.8%}
12   --------------O                                                           (14 = 12.1%) {40.5%}
14   -O                                                                        (1 = 0.9%) {52.6%}
17   ---O                                                                      (3 = 2.6%) {53.4%}
20   -O                                                                        (1 = 0.9%) {56.0%}
24   -O                                                                        (1 = 0.9%) {56.9%}
29   --O                                                                       (2 = 1.7%) {57.8%}
34   --O                                                                       (2 = 1.7%) {59.5%}
40   --O                                                                       (2 = 1.7%) {61.2%}
48   ---O                                                                      (3 = 2.6%) {62.9%}
57   ----O                                                                     (4 = 3.4%) {65.5%}
68   ----O                                                                     (4 = 3.4%) {69.0%}
81   --O                                                                       (2 = 1.7%) {72.4%}
96   -------O                                                                  (7 = 6.0%) {74.1%}
114  -----O                                                                    (5 = 4.3%) {80.2%}
135  -------O                                                                  (7 = 6.0%) {84.5%}
160  -----O                                                                    (5 = 4.3%) {90.5%}
190  ------O                                                                   (6 = 5.2%) {94.8%}
226  ... 

Histogram: Sql.vfs.SyncTime recorded 67 samples, mean = 3.2 (flags = 0x41)
0   ... 
2   -------------------------O                                                (25 = 37.3%) {0.0%}
3   -----------------------O                                                  (23 = 34.3%) {37.3%}
4   ------------O                                                             (12 = 17.9%) {71.6%}
5   --O                                                                       (2 = 3.0%) {89.6%}
6   ---O                                                                      (3 = 4.5%) {92.5%}
7   O                                                                         (0 = 0.0%) {97.0%}
8   -O                                                                        (1 = 1.5%) {97.0%}
10  ... 
14  -O                                                                        (1 = 1.5%) {98.5%}
17  ... 

Histogram: Stability.Counts2 recorded 15 samples, mean = 28.3 (flags = 0x43)
0   ... 
2   -O                                                                        (1 = 6.7%) {0.0%}
3   ... 
15  -O                                                                        (1 = 6.7%) {6.7%}
16  ... 
26  ---O                                                                      (3 = 20.0%) {13.3%}
27  ... 
33  ----------O                                                               (10 = 66.7%) {33.3%}
34  O                                                                         (0 = 0.0%) {100.0%}

Histogram: Stability.Experimental.PageLoads recorded 1 samples, mean = 17.0 (flags = 0x41)
0   ... 
17  -O                                                                        (1 = 100.0%) {0.0%}
18  O                                                                         (0 = 0.0%) {100.0%}

Histogram: Startup.AfterStartupTaskCount recorded 1 samples, mean = 2.0 (flags = 0x41)
0  ... 
2  -O                                                                        (1 = 100.0%) {0.0%}
3  ... 

Histogram: Startup.AfterStartupTaskDelayedUntilTime recorded 1 samples, mean = 18320.0 (flags = 0x41)
0      ... 
15215  -O                                                                        (1 = 100.0%) {0.0%}
20614  ... 

Histogram: Startup.BrowserMainRunnerImplInitializeLongTime recorded 1 samples, mean = 72.0 (flags = 0x41)
0   ... 
67  -O                                                                        (1 = 100.0%) {0.0%}
77  ... 

Histogram: Startup.BrowserMessageLoopFirstIdle recorded 1 samples, mean = 18531600.0 (flags = 0x41)
0        ... 
3600000  -O                                                                        (1 = 100.0%) {0.0%}

Histogram: Startup.BrowserMessageLoopStartHardFaultCount recorded 1 samples, mean = 1318.0 (flags = 0x41)
0     ... 
1248  -O                                                                        (1 = 100.0%) {0.0%}
1530  ... 

Histogram: Startup.BrowserMessageLoopStartTime recorded 1 samples, mean = 75.0 (flags = 0x41)
0   ... 
67  -O                                                                        (1 = 100.0%) {0.0%}
77  ... 

Histogram: Startup.CreateFirstProfile recorded 1 samples, mean = 39.0 (flags = 0x41)
0   ... 
35  -O                                                                        (1 = 100.0%) {0.0%}
47  ... 

Histogram: Startup.FirstWebContents.FinishReason recorded 1 samples, mean = 6.0 (flags = 0x41)
0  ... 
6  -O                                                                        (1 = 100.0%) {0.0%}
7  ... 

Histogram: Startup.LoadTime.ApplicationStartToChromeMain recorded 1 samples, mean = 0.0 (flags = 0x41)
0  -O                                                                        (1 = 100.0%)
1  ... 

Histogram: Startup.LoadTime.ProcessCreateToApplicationStart recorded 1 samples, mean = 10466.0 (flags = 0x41)
0     ... 
8289  -O                                                                        (1 = 100.0%) {0.0%}
11230 ... 

Histogram: Startup.LoadTime.RecordedProcessCreation recorded 1 samples, mean = 1.0 (flags = 0x1)
0  O                                                                         (0 = 0.0%)
1  -O                                                                        (1 = 100.0%) {0.0%}
2  O                                                                         (0 = 0.0%) {100.0%}

Histogram: Startup.PreMainMessageLoopRunImplLongTime recorded 1 samples, mean = 47.0 (flags = 0x41)
0   ... 
43  -O                                                                        (1 = 100.0%) {0.0%}
50  ... 

Histogram: Startup.Temperature recorded 1 samples, mean = 2.0 (flags = 0x41)
0  ... 
2  -O                                                                        (1 = 100.0%) {0.0%}
3  ... 

Histogram: Storage.Blob.CreateDirectoryResult recorded 1 samples, mean = 0.0 (flags = 0x41)
0  -O                                                                        (1 = 100.0%)
1  ... 

Histogram: Storage.SessionStorage.RendererAreaCacheHit recorded 2 samples, mean = 1.0 (flags = 0x41)
0  -O                                                                        (1 = 50.0%)
1  O                                                                         (0 = 0.0%) {50.0%}
2  -O                                                                        (1 = 50.0%) {50.0%}
3  O                                                                         (0 = 0.0%) {100.0%}

Histogram: Storage.SharedStorage.Database.Timing.OpenImpl recorded 1 samples, mean = 1.0 (flags = 0x41)
0  O                                                                         (0 = 0.0%)
1  -O                                                                        (1 = 100.0%) {0.0%}
2  ... 

Histogram: Storage.SharedStorage.OnShutdown.NumSqlErrors recorded 1 samples, mean = 0.0 (flags = 0x41)
0  -O                                                                        (1 = 100.0%)
1  ... 

Histogram: Storage.SharedStorage.OnShutdown.RecoveryFromInitFailureAttempted recorded 1 samples, mean = 0.0 (flags = 0x41)
0  -O                                                                        (1 = 100.0%)
1  ... 

Histogram: Storage.SharedStorage.OnShutdown.RecoveryOnDiskAttempted recorded 1 samples, mean = 0.0 (flags = 0x41)
0  -O                                                                        (1 = 100.0%)
1  ... 

Histogram: Storage.SharedStorage.Worklet.NumPerPage recorded 1 samples, mean = 0.0 (flags = 0x41)
0  -O                                                                        (1 = 100.0%)
1  ... 

Histogram: Storage.SharedStorage.Worklet.SelectURL.CallsPerPage recorded 1 samples, mean = 0.0 (flags = 0x41)
0  -O                                                                        (1 = 100.0%)
1  ... 

Histogram: Style.InvalidationTime recorded 9 samples, mean = 33.9 (flags = 0x41)
0   ... 
21  ------O                                                                   (6 = 66.7%) {0.0%}
29  O                                                                         (0 = 0.0%) {66.7%}
40  --O                                                                       (2 = 22.2%) {66.7%}
55  -O                                                                        (1 = 11.1%) {88.9%}
76  ... 

Histogram: Style.RebuildLayoutTreeTime recorded 15 samples, mean = 189.5 (flags = 0x41)
0     ... 
8     -O                                                                        (1 = 6.7%) {0.0%}
11    ... 
21    -O                                                                        (1 = 6.7%) {6.7%}
29    -----O                                                                    (5 = 33.3%) {13.3%}
40    ----O                                                                     (4 = 26.7%) {46.7%}
55    O                                                                         (0 = 0.0%) {73.3%}
76    --O                                                                       (2 = 13.3%) {73.3%}
105   -O                                                                        (1 = 6.7%) {86.7%}
146   ... 
2008  -O                                                                        (1 = 6.7%) {93.3%}
2786  ... 

Histogram: Style.RecalcTime recorded 17 samples, mean = 1763.6 (flags = 0x41)
0     O                                                                         (0 = 0.0%)
1     -O                                                                        (1 = 5.9%) {0.0%}
2     ... 
29    -O                                                                        (1 = 5.9%) {5.9%}
40    -O                                                                        (1 = 5.9%) {11.8%}
55    ... 
105   --O                                                                       (2 = 11.8%) {17.6%}
146   O                                                                         (0 = 0.0%) {29.4%}
203   -O                                                                        (1 = 5.9%) {29.4%}
282   ... 
1043  -------O                                                                  (7 = 41.2%) {35.3%}
1447  O                                                                         (0 = 0.0%) {76.5%}
2008  -O                                                                        (1 = 5.9%) {76.5%}
2786  -O                                                                        (1 = 5.9%) {82.4%}
3865  O                                                                         (0 = 0.0%) {88.2%}
5362  -O                                                                        (1 = 5.9%) {88.2%}
7439  -O                                                                        (1 = 5.9%) {94.1%}
10321 ... 

Histogram: SubresourceFilter.MainFrameLoad.RulesetIsAvailableAnyActivationLevel recorded 1 samples, mean = 0.0 (flags = 0x41)
0  -O                                                                        (1 = 100.0%)
1  ... 

Histogram: SubresourceFilter.PageLoad.ActivationDecision recorded 1 samples, mean = 1.0 (flags = 0x41)
0  O                                                                         (0 = 0.0%)
1  -O                                                                        (1 = 100.0%) {0.0%}
2  ... 

Histogram: SubresourceFilter.PageLoad.ActivationList recorded 1 samples, mean = 0.0 (flags = 0x41)
0  -O                                                                        (1 = 100.0%)
1  ... 

Histogram: SubresourceFilter.PageLoad.ActivationState recorded 2 samples, mean = 0.0 (flags = 0x41)
0  --O                                                                       (2 = 100.0%)
1  ... 

Histogram: SubresourceFilter.PageLoad.SafeBrowsingDelay recorded 1 samples, mean = 0.0 (flags = 0x41)
0  -O                                                                        (1 = 100.0%)
1  ... 

Histogram: SubresourceFilter.SafeBrowsing.TotalCheckTime recorded 3 samples, mean = 0.0 (flags = 0x41)
0  ---O                                                                      (3 = 100.0%)
1  ... 

Histogram: Sync.ModelTypeStoreBackendError.ReadRecords recorded 5 samples, mean = 1.0 (flags = 0x41)
0  O                                                                         (0 = 0.0%)
1  -----O                                                                    (5 = 100.0%) {0.0%}
2  ... 

Histogram: Sync.ModelTypeStoreBackendInitializationSuccess recorded 1 samples, mean = 1.0 (flags = 0x41)
0  O                                                                         (0 = 0.0%)
1  -O                                                                        (1 = 100.0%) {0.0%}
2  O                                                                         (0 = 0.0%) {100.0%}

Histogram: Sync.PassphraseType2 recorded 1 samples, mean = 0.0 (flags = 0x41)
0  -O                                                                        (1 = 100.0%)
1  ... 

Histogram: Sync.SyncToSigninMigrationDecision recorded 1 samples, mean = 1.0 (flags = 0x41)
0  O                                                                         (0 = 0.0%)
1  -O                                                                        (1 = 100.0%) {0.0%}
2  ... 

Histogram: Sync.TrustedVaultFileReadStatus recorded 1 samples, mean = 0.0 (flags = 0x41)
0  -O                                                                        (1 = 100.0%)
1  ... 

Histogram: Sync.TrustedVaultFileWriteSuccess recorded 1 samples, mean = 1.0 (flags = 0x41)
0  O                                                                         (0 = 0.0%)
1  -O                                                                        (1 = 100.0%) {0.0%}
2  O                                                                         (0 = 0.0%) {100.0%}

Histogram: TabGroups.CollapsedGroupCountPerLoad recorded 1 samples, mean = 0.0 (flags = 0x41)
0  -O                                                                        (1 = 100.0%)
1  ... 

Histogram: TabGroups.UserCustomizedGroupCountPerLoad recorded 1 samples, mean = 0.0 (flags = 0x41)
0  -O                                                                        (1 = 100.0%)
1  ... 

Histogram: TabGroups.UserGroupCountPerLoad recorded 1 samples, mean = 0.0 (flags = 0x41)
0  -O                                                                        (1 = 100.0%)
1  ... 

Histogram: TabGroups.UserPinnedTabCountPerLoad recorded 1 samples, mean = 0.0 (flags = 0x41)
0  -O                                                                        (1 = 100.0%)
1  ... 

Histogram: Tabs.NewNavigationWithSameOriginTab recorded 1 samples, mean = 0.0 (flags = 0x41)
0  -O                                                                        (1 = 100.0%)
1  ... 

Histogram: Tabs.TabCount recorded 61 samples, mean = 0.0 (flags = 0x41)
0  -------------------------------------------------------------O            (61 = 100.0%)
1  ... 

Histogram: Tabs.TabCount.PluggedIn recorded 61 samples, mean = 0.0 (flags = 0x41)
0  -------------------------------------------------------------O            (61 = 100.0%)
1  ... 

Histogram: Tabs.TabCountPerLoad recorded 1 samples, mean = 0.0 (flags = 0x41)
0  -O                                                                        (1 = 100.0%)
1  ... 

Histogram: Tabs.WindowCount recorded 61 samples, mean = 0.0 (flags = 0x41)
0  -------------------------------------------------------------O            (61 = 100.0%)
1  ... 

Histogram: Tabs.WindowCount.PluggedIn recorded 61 samples, mean = 0.0 (flags = 0x41)
0  -------------------------------------------------------------O            (61 = 100.0%)
1  ... 

Histogram: ThirdPartyModules.InputMethodEditorsCount recorded 1 samples, mean = 0.0 (flags = 0x41)
0  -O                                                                        (1 = 100.0%)
1  ... 

Histogram: ThreadPool.UnnecessaryWakeup.Browser.Background recorded 1 samples, mean = 1.0 (flags = 0x41)
0  O                                                                         (0 = 0.0%)
1  -O                                                                        (1 = 100.0%) {0.0%}
2  O                                                                         (0 = 0.0%) {100.0%}

Histogram: ThreadPool.UnnecessaryWakeup.Browser.Foreground recorded 393 samples, mean = 1.0 (flags = 0x41)
0  O                                                                         (0 = 0.0%)
1  ------------------------------------------------------------------------O (393 = 100.0%) {0.0%}
2  O                                                                         (0 = 0.0%) {100.0%}

Histogram: ThreadPool.UnnecessaryWakeup.GPU.Foreground recorded 2 samples, mean = 1.0 (flags = 0x41)
0  O                                                                         (0 = 0.0%)
1  --O                                                                       (2 = 100.0%) {0.0%}
2  O                                                                         (0 = 0.0%) {100.0%}

Histogram: ThreadPool.UnnecessaryWakeup.Renderer.Foreground recorded 103 samples, mean = 1.0 (flags = 0x41)
0  O                                                                         (0 = 0.0%)
1  ------------------------------------------------------------------------O (103 = 100.0%) {0.0%}
2  O                                                                         (0 = 0.0%) {100.0%}

Histogram: Translate.ApplicationStart.AlwaysTranslateLanguage.Count recorded 1 samples, mean = 0.0 (flags = 0x41)
0  -O                                                                        (1 = 100.0%)
1  ... 

Histogram: Translate.ApplicationStart.NeverTranslateLanguage recorded 1 samples (flags = 0x41)
-74147910-O                                                                        (1 = 100.0%)

Histogram: Translate.ApplicationStart.NeverTranslateLanguage.Count recorded 1 samples, mean = 1.0 (flags = 0x41)
0  O                                                                         (0 = 0.0%)
1  -O                                                                        (1 = 100.0%) {0.0%}
2  ... 

Histogram: Translate.ApplicationStart.NeverTranslateSite.Count recorded 1 samples, mean = 0.0 (flags = 0x41)
0  -O                                                                        (1 = 100.0%)
1  ... 

Histogram: Translate.LanguageDetection.LanguageVerification recorded 1 samples, mean = 2.0 (flags = 0x41)
0  ... 
2  -O                                                                        (1 = 100.0%) {0.0%}
3  ... 

Histogram: Translate.LanguageDeterminedDuration recorded 1 samples, mean = 997.0 (flags = 0x41)
0    ... 
989  -O                                                                        (1 = 100.0%) {0.0%}
1340 ... 

Histogram: Translate.PageLoad.FinalSourceLanguage recorded 1 samples (flags = 0x41)
-74147910-O                                                                        (1 = 100.0%)

Histogram: Translate.PageLoad.FinalState recorded 1 samples, mean = 1.0 (flags = 0x41)
0  O                                                                         (0 = 0.0%)
1  -O                                                                        (1 = 100.0%) {0.0%}
2  ... 

Histogram: Translate.PageLoad.FinalTargetLanguage recorded 1 samples (flags = 0x41)
-74147910-O                                                                        (1 = 100.0%)

Histogram: Translate.PageLoad.InitialSourceLanguage recorded 1 samples (flags = 0x41)
-74147910-O                                                                        (1 = 100.0%)

Histogram: Translate.PageLoad.InitialState recorded 1 samples, mean = 1.0 (flags = 0x41)
0  O                                                                         (0 = 0.0%)
1  -O                                                                        (1 = 100.0%) {0.0%}
2  ... 

Histogram: Translate.PageLoad.InitialTargetLanguage recorded 1 samples (flags = 0x41)
-74147910-O                                                                        (1 = 100.0%)

Histogram: Translate.PageLoad.InitialTargetLanguage.Origin recorded 1 samples, mean = 1.0 (flags = 0x41)
0  O                                                                         (0 = 0.0%)
1  -O                                                                        (1 = 100.0%) {0.0%}
2  ... 

Histogram: Translate.PageLoad.IsInitialSourceLanguageInUsersContentLanguages recorded 1 samples, mean = 1.0 (flags = 0x41)
0  O                                                                         (0 = 0.0%)
1  -O                                                                        (1 = 100.0%) {0.0%}
2  O                                                                         (0 = 0.0%) {100.0%}

Histogram: Translate.PageLoad.NumReversions recorded 1 samples, mean = 0.0 (flags = 0x41)
0  -O                                                                        (1 = 100.0%)
1  ... 

Histogram: Translate.PageLoad.NumTargetLanguageChanges recorded 1 samples, mean = 0.0 (flags = 0x41)
0  -O                                                                        (1 = 100.0%)
1  ... 

Histogram: Translate.PageLoad.NumTranslations recorded 1 samples, mean = 0.0 (flags = 0x41)
0  -O                                                                        (1 = 100.0%)
1  ... 

Histogram: Translate.PageLoad.Ranker.Decision recorded 1 samples, mean = 1.0 (flags = 0x41)
0  O                                                                         (0 = 0.0%)
1  -O                                                                        (1 = 100.0%) {0.0%}
2  ... 

Histogram: Translate.PageLoad.Ranker.Version recorded 1 samples (flags = 0x41)
0  -O                                                                        (1 = 100.0%)

Histogram: Translate.PageLoad.TriggerDecision recorded 1 samples, mean = 4.0 (flags = 0x41)
0  ... 
4  -O                                                                        (1 = 100.0%) {0.0%}
5  ... 

Histogram: Translate.Ranker.Model.Status2 recorded 2 samples, mean = 6.5 (flags = 0x41)
0  ... 
6  -O                                                                        (1 = 50.0%) {0.0%}
7  -O                                                                        (1 = 50.0%) {50.0%}
8  O                                                                         (0 = 0.0%) {100.0%}

Histogram: UI.DeviceScale recorded 1 samples (flags = 0x41)
100  -O                                                                        (1 = 100.0%)

Histogram: UKM.Entries.Dropped recorded 412 samples, mean = 1.0 (flags = 0x41)
0  O                                                                         (0 = 0.0%)
1  ------------------------------------------------------------------------O (412 = 100.0%) {0.0%}
2  ... 

Histogram: UKM.Entries.Dropped.ByEntryHash recorded 412 samples (flags = 0x41)
58315124    O                                                                         (1 = 0.2%)
181657211   -O                                                                        (2 = 0.5%)
189164898   O                                                                         (1 = 0.2%)
251237400   O                                                                         (1 = 0.2%)
270025173   O                                                                         (1 = 0.2%)
277070773   O                                                                         (1 = 0.2%)
385121421   O                                                                         (1 = 0.2%)
480593958   --O                                                                       (5 = 1.2%)
532600439   -O                                                                        (3 = 0.7%)
575234402   O                                                                         (1 = 0.2%)
624513781   O                                                                         (1 = 0.2%)
654949485   -------O                                                                  (14 = 3.4%)
661477988   O                                                                         (1 = 0.2%)
705322609   -O                                                                        (3 = 0.7%)
805578149   O                                                                         (1 = 0.2%)
810755299   O                                                                         (1 = 0.2%)
828084724   ------------------------------------------------------------------------O (153 = 37.1%)
854760832   O                                                                         (1 = 0.2%)
888761441   O                                                                         (1 = 0.2%)
902138984   ---O                                                                      (7 = 1.7%)
923024503   O                                                                         (1 = 0.2%)
986870865   --O                                                                       (4 = 1.0%)
1004547038  O                                                                         (1 = 0.2%)
1035062417  O                                                                         (1 = 0.2%)
1078164680  -O                                                                        (2 = 0.5%)
1149114043  O                                                                         (1 = 0.2%)
1262170432  ----O                                                                     (8 = 1.9%)
1321082436  -O                                                                        (2 = 0.5%)
1350795912  O                                                                         (1 = 0.2%)
1354891390  O                                                                         (1 = 0.2%)
1404242571  ------------------------------------------------------------------------O (154 = 37.4%)
1548358279  O                                                                         (1 = 0.2%)
1576109827  O                                                                         (1 = 0.2%)
1604233346  ---O                                                                      (7 = 1.7%)
1607081943  O                                                                         (1 = 0.2%)
1663717192  O                                                                         (1 = 0.2%)
1767609109  -----O                                                                    (11 = 2.7%)
1790338714  O                                                                         (1 = 0.2%)
1832900131  --O                                                                       (4 = 1.0%)
1866365893  O                                                                         (1 = 0.2%)
1871083634  O                                                                         (1 = 0.2%)
1982793904  O                                                                         (1 = 0.2%)
2037740339  --O                                                                       (5 = 1.2%)
2066033668  O                                                                         (1 = 0.2%)

Histogram: UKM.PersistentLogRecall.Status recorded 1 samples, mean = 1.0 (flags = 0x41)
0  O                                                                         (0 = 0.0%)
1  -O                                                                        (1 = 100.0%) {0.0%}
2  ... 

Histogram: UKM.Sources.Dropped recorded 7 samples, mean = 1.0 (flags = 0x41)
0  O                                                                         (0 = 0.0%)
1  -------O                                                                  (7 = 100.0%) {0.0%}
2  ... 

Histogram: UKM.WebDXFeatureSets.Dropped recorded 2 samples, mean = 1.0 (flags = 0x41)
0  O                                                                         (0 = 0.0%)
1  --O                                                                       (2 = 100.0%) {0.0%}
2  ... 

Histogram: UMA.ChildProcess.Ping.Periodic recorded 108 samples, mean = 1.0 (flags = 0x41)
0  ------------------------------------O                                     (36 = 33.3%)
1  ------------------------------------O                                     (36 = 33.3%) {33.3%}
2  ------------------------------------O                                     (36 = 33.3%) {66.7%}
3  O                                                                         (0 = 0.0%) {100.0%}

Histogram: UMA.ChildProcess.Ping.SharedMemorySetUp recorded 43 samples, mean = 1.0 (flags = 0x41)
0  ---------------O                                                          (15 = 34.9%)
1  --------------O                                                           (14 = 32.6%) {34.9%}
2  --------------O                                                           (14 = 32.6%) {67.4%}
3  O                                                                         (0 = 0.0%) {100.0%}

Histogram: UMA.CleanExitBeaconConsistency3 recorded 1 samples, mean = 0.0 (flags = 0x41)
0  -O                                                                        (1 = 100.0%)
1  ... 

Histogram: UMA.EntropySourceType recorded 1 samples, mean = 1.0 (flags = 0x41)
0  O                                                                         (0 = 0.0%)
1  -O                                                                        (1 = 100.0%) {0.0%}
2  ... 

Histogram: UMA.LocalHistogram recorded 16 samples, mean = 1.0 (flags = 0x40)
0  O                                                                         (0 = 0.0%)
1  ----------------O                                                         (16 = 100.0%) {0.0%}
2  O                                                                         (0 = 0.0%) {100.0%}

Histogram: UMA.MachineIdState recorded 1 samples, mean = 3.0 (flags = 0x41)
0  ... 
3  -O                                                                        (1 = 100.0%) {0.0%}
4  O                                                                         (0 = 0.0%) {100.0%}

Histogram: UMA.MetricsService.Initialize.Time recorded 1 samples, mean = 23.0 (flags = 0x41)
0   ... 
21  -O                                                                        (1 = 100.0%) {0.0%}
28  ... 

Histogram: UMA.MetricsService.PendingOngoingLogOnDisable recorded 1 samples, mean = 0.0 (flags = 0x41)
0  -O                                                                        (1 = 100.0%)
1  ... 

Histogram: UMA.PersistentAllocator.BrowserMetrics.Errors recorded 0 samples (flags = 0x41)
0 ... 

Histogram: UMA.PersistentAllocator.BrowserMetrics.UsedPct recorded 0 samples (flags = 0x41)
0 ... 

Histogram: UMA.PersistentAllocator.EarlyHistograms.BrowserMetrics recorded 1 samples, mean = 1.0 (flags = 0x41)
0  O                                                                         (0 = 0.0%)
1  -O                                                                        (1 = 100.0%) {0.0%}
2  ... 

Histogram: UMA.PersistentAllocator.EarlyHistograms.GpuMetrics recorded 1 samples, mean = 25.0 (flags = 0x41)
0   ... 
25  -O                                                                        (1 = 100.0%) {0.0%}
26  ... 

Histogram: UMA.PersistentAllocator.EarlyHistograms.RendererMetrics recorded 3 samples, mean = 30.3 (flags = 0x41)
0   ... 
30  ---O                                                                      (3 = 100.0%) {0.0%}
32  ... 

Histogram: UMA.PersistentAllocator.EarlyHistograms.UtilityMetrics recorded 10 samples, mean = 8.2 (flags = 0x41)
0   ... 
7   ---------O                                                                (9 = 90.0%) {0.0%}
8   ... 
19  -O                                                                        (1 = 10.0%) {90.0%}
20  ... 

Histogram: UMA.PersistentAllocator.FieldTrialAllocator.Errors recorded 0 samples (flags = 0x41)
0 ... 

Histogram: UMA.PersistentAllocator.FieldTrialAllocator.UsedPct recorded 15 samples, mean = 0.0 (flags = 0x41)
0  ---------------O                                                          (15 = 100.0%)
1  ... 

Histogram: UMA.PersistentHistograms.InitResult recorded 1 samples, mean = 2.0 (flags = 0x41)
0  ... 
2  -O                                                                        (1 = 100.0%) {0.0%}
3  ... 

Histogram: UMA.Pseudo.PageLoad.LayoutInstability.CumulativeShiftScore recorded 1 samples, mean = 0.0 (flags = 0x41)
0  -O                                                                        (1 = 100.0%)
1  ... 

Histogram: UMA.Pseudo.PageLoad.LayoutInstability.MaxCumulativeShiftScore.SessionWindow.Gap1000ms.Max5000ms2 recorded 1 samples, mean = 0.0 (flags = 0x41)
0  -O                                                                        (1 = 100.0%)
1  ... 

Histogram: UnifiedConsent.MakeSearchesAndBrowsingBetter.OnProfileLoad recorded 1 samples, mean = 0.0 (flags = 0x41)
0  -O                                                                        (1 = 100.0%)
1  ... 

Histogram: V8.CollectSourcePositions recorded 5 samples, mean = 111.6 (flags = 0x41)
0    ... 
37   -O                                                                        (1 = 20.0%) {0.0%}
49   -O                                                                        (1 = 20.0%) {20.0%}
65   O                                                                         (0 = 0.0%) {40.0%}
86   -O                                                                        (1 = 20.0%) {40.0%}
113  -O                                                                        (1 = 20.0%) {60.0%}
149  O                                                                         (0 = 0.0%) {80.0%}
196  -O                                                                        (1 = 20.0%) {80.0%}
258  ... 

Histogram: V8.CompileDeserializeMicroSeconds recorded 20 samples, mean = 7.8 (flags = 0x41)
0   -O                                                                        (1 = 5.0%)
1   -O                                                                        (1 = 5.0%) {5.0%}
2   O                                                                         (0 = 0.0%) {10.0%}
3   ---O                                                                      (3 = 15.0%) {10.0%}
4   -O                                                                        (1 = 5.0%) {25.0%}
5   ------O                                                                   (6 = 30.0%) {30.0%}
7   -O                                                                        (1 = 5.0%) {60.0%}
9   --O                                                                       (2 = 10.0%) {65.0%}
12  --O                                                                       (2 = 10.0%) {75.0%}
16  --O                                                                       (2 = 10.0%) {85.0%}
21  -O                                                                        (1 = 5.0%) {95.0%}
28  ... 

Histogram: V8.CompileLazyMicroSeconds recorded 5 samples, mean = 2238.2 (flags = 0x41)
0     ... 
40    -O                                                                        (1 = 20.0%) {0.0%}
55    ... 
282   -O                                                                        (1 = 20.0%) {20.0%}
391   ... 
2008  --O                                                                       (2 = 40.0%) {40.0%}
2786  ... 
5362  -O                                                                        (1 = 20.0%) {80.0%}
7439  ... 

Histogram: V8.CompileMicroSeconds recorded 23 samples, mean = 29.7 (flags = 0x41)
0    O                                                                         (0 = 0.0%)
1    ---O                                                                      (3 = 13.0%) {0.0%}
2    --------O                                                                 (8 = 34.8%) {13.0%}
3    -O                                                                        (1 = 4.3%) {47.8%}
4    -O                                                                        (1 = 4.3%) {52.2%}
5    ... 
9    --O                                                                       (2 = 8.7%) {56.5%}
12   O                                                                         (0 = 0.0%) {65.2%}
16   ---O                                                                      (3 = 13.0%) {65.2%}
21   -O                                                                        (1 = 4.3%) {78.3%}
28   --O                                                                       (2 = 8.7%) {82.6%}
37   ... 
113  -O                                                                        (1 = 4.3%) {91.3%}
149  ... 
340  -O                                                                        (1 = 4.3%) {95.7%}
448  ... 

Histogram: V8.CompileScript.CacheBehaviour recorded 49 samples, mean = 5.1 (flags = 0x41)
0   ... 
2   --------------------O                                                     (20 = 40.8%) {0.0%}
3   O                                                                         (0 = 0.0%) {40.8%}
4   -----------------O                                                        (17 = 34.7%) {40.8%}
5   ... 
8   --O                                                                       (2 = 4.1%) {75.5%}
9   ... 
12  ------O                                                                   (6 = 12.2%) {79.6%}
13  ----O                                                                     (4 = 8.2%) {91.8%}
14  ... 

Histogram: V8.CompileScriptMicroSeconds recorded 49 samples, mean = 39.0 (flags = 0x41)
0    O                                                                         (0 = 0.0%)
1    -O                                                                        (1 = 2.0%) {0.0%}
2    -O                                                                        (1 = 2.0%) {2.0%}
3    ---O                                                                      (3 = 6.1%) {4.1%}
4    -O                                                                        (1 = 2.0%) {10.2%}
5    -----O                                                                    (5 = 10.2%) {12.2%}
7    -------O                                                                  (7 = 14.3%) {22.4%}
9    ------O                                                                   (6 = 12.2%) {36.7%}
12   -----O                                                                    (5 = 10.2%) {49.0%}
16   ------O                                                                   (6 = 12.2%) {59.2%}
21   ----O                                                                     (4 = 8.2%) {71.4%}
28   --O                                                                       (2 = 4.1%) {79.6%}
37   --O                                                                       (2 = 4.1%) {83.7%}
49   O                                                                         (0 = 0.0%) {87.8%}
65   --O                                                                       (2 = 4.1%) {87.8%}
86   --O                                                                       (2 = 4.1%) {91.8%}
113  ... 
258  -O                                                                        (1 = 2.0%) {95.9%}
340  ... 
590  -O                                                                        (1 = 2.0%) {98.0%}
777  ... 

Histogram: V8.CompileScriptMicroSeconds.BackgroundThread recorded 6 samples, mean = 2690.3 (flags = 0x41)
0      ... 
113    -O                                                                        (1 = 16.7%) {0.0%}
149    --O                                                                       (2 = 33.3%) {16.7%}
196    ... 
777    -O                                                                        (1 = 16.7%) {50.0%}
1023   O                                                                         (0 = 0.0%) {66.7%}
1347   -O                                                                        (1 = 16.7%) {66.7%}
1774   ... 
12196  -O                                                                        (1 = 16.7%) {83.3%}
16063  ... 

Histogram: V8.CompileScriptMicroSeconds.ConsumeCache recorded 20 samples, mean = 9.9 (flags = 0x41)
0   O                                                                         (0 = 0.0%)
1   -O                                                                        (1 = 5.0%) {0.0%}
2   -O                                                                        (1 = 5.0%) {5.0%}
3   -O                                                                        (1 = 5.0%) {10.0%}
4   -O                                                                        (1 = 5.0%) {15.0%}
5   --O                                                                       (2 = 10.0%) {20.0%}
7   -----O                                                                    (5 = 25.0%) {30.0%}
9   ---O                                                                      (3 = 15.0%) {55.0%}
12  -O                                                                        (1 = 5.0%) {70.0%}
16  ---O                                                                      (3 = 15.0%) {75.0%}
21  --O                                                                       (2 = 10.0%) {90.0%}
28  ... 

Histogram: V8.CompileScriptMicroSeconds.ConsumeCache.BackgroundThread recorded 20 samples, mean = 560.7 (flags = 0x41)
0     ... 
28    -O                                                                        (1 = 5.0%) {0.0%}
37    -O                                                                        (1 = 5.0%) {5.0%}
49    ----O                                                                     (4 = 20.0%) {10.0%}
65    ---O                                                                      (3 = 15.0%) {30.0%}
86    O                                                                         (0 = 0.0%) {45.0%}
113   -O                                                                        (1 = 5.0%) {45.0%}
149   -O                                                                        (1 = 5.0%) {50.0%}
196   O                                                                         (0 = 0.0%) {55.0%}
258   -O                                                                        (1 = 5.0%) {55.0%}
340   O                                                                         (0 = 0.0%) {60.0%}
448   --O                                                                       (2 = 10.0%) {60.0%}
590   -O                                                                        (1 = 5.0%) {70.0%}
777   --O                                                                       (2 = 10.0%) {75.0%}
1023  --O                                                                       (2 = 10.0%) {85.0%}
1347  ... 
4053  -O                                                                        (1 = 5.0%) {95.0%}
5338  ... 

Histogram: V8.CompileScriptMicroSeconds.NoCache.InlineScript recorded 17 samples, mean = 30.7 (flags = 0x41)
0   ... 
3   -O                                                                        (1 = 5.9%) {0.0%}
4   ... 
7   --O                                                                       (2 = 11.8%) {5.9%}
9   ---O                                                                      (3 = 17.6%) {17.6%}
12  --O                                                                       (2 = 11.8%) {35.3%}
16  --O                                                                       (2 = 11.8%) {47.1%}
21  --O                                                                       (2 = 11.8%) {58.8%}
28  -O                                                                        (1 = 5.9%) {70.6%}
37  -O                                                                        (1 = 5.9%) {76.5%}
49  O                                                                         (0 = 0.0%) {82.4%}
65  -O                                                                        (1 = 5.9%) {82.4%}
86  --O                                                                       (2 = 11.8%) {88.2%}
113 ... 

Histogram: V8.CompileScriptMicroSeconds.NoCache.Other recorded 6 samples, mean = 195.2 (flags = 0x41)
0    ... 
21   -O                                                                        (1 = 16.7%) {0.0%}
28   -O                                                                        (1 = 16.7%) {16.7%}
37   -O                                                                        (1 = 16.7%) {33.3%}
49   O                                                                         (0 = 0.0%) {50.0%}
65   -O                                                                        (1 = 16.7%) {50.0%}
86   ... 
258  -O                                                                        (1 = 16.7%) {66.7%}
340  ... 
590  -O                                                                        (1 = 16.7%) {83.3%}
777  ... 

Histogram: V8.CompileScriptMicroSeconds.StreamingFinalization recorded 6 samples, mean = 9.3 (flags = 0x41)
0   ... 
3   -O                                                                        (1 = 16.7%) {0.0%}
4   O                                                                         (0 = 0.0%) {16.7%}
5   -O                                                                        (1 = 16.7%) {16.7%}
7   -O                                                                        (1 = 16.7%) {33.3%}
9   -O                                                                        (1 = 16.7%) {50.0%}
12  -O                                                                        (1 = 16.7%) {66.7%}
16  -O                                                                        (1 = 16.7%) {83.3%}
21  ... 

Histogram: V8.ErrorsThrownPerContext recorded 1 samples, mean = 0.0 (flags = 0x41)
0  -O                                                                        (1 = 100.0%)
1  ... 

Histogram: V8.GC.Cycle.CollectionRate.Full recorded 3 samples, mean = 90.3 (flags = 0x41)
0    ... 
64   -O                                                                        (1 = 33.3%) {0.0%}
80   -O                                                                        (1 = 33.3%) {33.3%}
100  -O                                                                        (1 = 33.3%) {66.7%}

Histogram: V8.GC.Cycle.CollectionRate.Full.Cpp recorded 3 samples, mean = 84.3 (flags = 0x41)
0    ... 
51   -O                                                                        (1 = 33.3%) {0.0%}
64   O                                                                         (0 = 0.0%) {33.3%}
80   -O                                                                        (1 = 33.3%) {33.3%}
100  -O                                                                        (1 = 33.3%) {66.7%}

Histogram: V8.GC.Cycle.CollectionRate.Young recorded 16 samples, mean = 34.2 (flags = 0x41)
0   ... 
17  -O                                                                        (1 = 6.2%) {0.0%}
21  ---O                                                                      (3 = 18.8%) {6.2%}
26  --O                                                                       (2 = 12.5%) {25.0%}
33  -----O                                                                    (5 = 31.2%) {37.5%}
41  ----O                                                                     (4 = 25.0%) {68.8%}
51  -O                                                                        (1 = 6.2%) {93.8%}
64  ... 

Histogram: V8.GC.Cycle.CollectionWeight.Full recorded 3 samples, mean = 0.0 (flags = 0x41)
0  ---O                                                                      (3 = 100.0%)
1  ... 

Histogram: V8.GC.Cycle.CollectionWeight.Full.Cpp recorded 3 samples, mean = 0.0 (flags = 0x41)
0  ---O                                                                      (3 = 100.0%)
1  ... 

Histogram: V8.GC.Cycle.CollectionWeight.MainThread.Full recorded 3 samples, mean = 0.0 (flags = 0x41)
0  ---O                                                                      (3 = 100.0%)
1  ... 

Histogram: V8.GC.Cycle.CollectionWeight.MainThread.Full.Cpp recorded 3 samples, mean = 0.0 (flags = 0x41)
0  ---O                                                                      (3 = 100.0%)
1  ... 

Histogram: V8.GC.Cycle.Efficiency.Full recorded 3 samples, mean = 64.0 (flags = 0x41)
0    -O                                                                        (1 = 33.3%)
1    ... 
3    -O                                                                        (1 = 33.3%) {33.3%}
4    ... 
163  -O                                                                        (1 = 33.3%) {66.7%}
222  ... 

Histogram: V8.GC.Cycle.Efficiency.Full.Cpp recorded 3 samples, mean = 234.3 (flags = 0x41)
0    -O                                                                        (1 = 33.3%)
1    O                                                                         (0 = 0.0%) {33.3%}
2    -O                                                                        (1 = 33.3%) {33.3%}
3    ... 
559  -O                                                                        (1 = 33.3%) {66.7%}
760  ... 

Histogram: V8.GC.Cycle.Efficiency.MainThread.Full recorded 3 samples, mean = 651.3 (flags = 0x41)
0     -O                                                                        (1 = 33.3%)
1     ... 
14    -O                                                                        (1 = 33.3%) {33.3%}
19    ... 
1914  -O                                                                        (1 = 33.3%) {66.7%}
2604  ... 

Histogram: V8.GC.Cycle.Efficiency.MainThread.Full.Cpp recorded 3 samples, mean = 359.0 (flags = 0x41)
0     -O                                                                        (1 = 33.3%)
1     ... 
4     -O                                                                        (1 = 33.3%) {33.3%}
5     ... 
1034  -O                                                                        (1 = 33.3%) {66.7%}
1407  ... 

Histogram: V8.GC.Cycle.Efficiency.MainThread.Young recorded 16 samples, mean = 1555.1 (flags = 0x41)
0     ... 
302   -O                                                                        (1 = 6.2%) {0.0%}
411   -O                                                                        (1 = 6.2%) {6.2%}
559   -O                                                                        (1 = 6.2%) {12.5%}
760   -O                                                                        (1 = 6.2%) {18.8%}
1034  -----O                                                                    (5 = 31.2%) {25.0%}
1407  ---O                                                                      (3 = 18.8%) {56.2%}
1914  -O                                                                        (1 = 6.2%) {75.0%}
2604  ---O                                                                      (3 = 18.8%) {81.2%}
3542  ... 

Histogram: V8.GC.Cycle.Efficiency.Young recorded 16 samples, mean = 858.1 (flags = 0x41)
0     ... 
222   -O                                                                        (1 = 6.2%) {0.0%}
302   O                                                                         (0 = 0.0%) {6.2%}
411   ---O                                                                      (3 = 18.8%) {6.2%}
559   -O                                                                        (1 = 6.2%) {25.0%}
760   -------O                                                                  (7 = 43.8%) {31.2%}
1034  ---O                                                                      (3 = 18.8%) {75.0%}
1407  -O                                                                        (1 = 6.2%) {93.8%}
1914  ... 

Histogram: V8.GC.Cycle.Full recorded 3 samples, mean = 27.3 (flags = 0x41)
0   ... 
17  -O                                                                        (1 = 33.3%) {0.0%}
20  O                                                                         (0 = 0.0%) {33.3%}
24  -O                                                                        (1 = 33.3%) {33.3%}
29  O                                                                         (0 = 0.0%) {66.7%}
34  -O                                                                        (1 = 33.3%) {66.7%}
40  ... 

Histogram: V8.GC.Cycle.Full.Compact recorded 3 samples, mean = 3.7 (flags = 0x41)
0  -O                                                                        (1 = 33.3%)
1  O                                                                         (0 = 0.0%) {33.3%}
2  -O                                                                        (1 = 33.3%) {33.3%}
3  ... 
8  -O                                                                        (1 = 33.3%) {66.7%}
10 ... 

Histogram: V8.GC.Cycle.Full.Compact.Cpp recorded 3 samples, mean = 0.3 (flags = 0x41)
0  --O                                                                       (2 = 66.7%)
1  -O                                                                        (1 = 33.3%) {66.7%}
2  ... 

Histogram: V8.GC.Cycle.Full.Cpp recorded 3 samples, mean = 5.7 (flags = 0x41)
0  ... 
3  -O                                                                        (1 = 33.3%) {0.0%}
4  ... 
6  -O                                                                        (1 = 33.3%) {33.3%}
7  O                                                                         (0 = 0.0%) {66.7%}
8  -O                                                                        (1 = 33.3%) {66.7%}
10 ... 

Histogram: V8.GC.Cycle.Full.Mark recorded 3 samples, mean = 18.7 (flags = 0x41)
0   ... 
14  -O                                                                        (1 = 33.3%) {0.0%}
17  -O                                                                        (1 = 33.3%) {33.3%}
20  -O                                                                        (1 = 33.3%) {66.7%}
24  ... 

Histogram: V8.GC.Cycle.Full.Mark.Cpp recorded 3 samples, mean = 3.0 (flags = 0x41)
0  ... 
2  --O                                                                       (2 = 66.7%) {0.0%}
3  ... 
5  -O                                                                        (1 = 33.3%) {66.7%}
6  ... 

Histogram: V8.GC.Cycle.Full.Sweep recorded 3 samples, mean = 3.0 (flags = 0x41)
0  ... 
2  -O                                                                        (1 = 33.3%) {0.0%}
3  -O                                                                        (1 = 33.3%) {33.3%}
4  -O                                                                        (1 = 33.3%) {66.7%}
5  ... 

Histogram: V8.GC.Cycle.Full.Sweep.Cpp recorded 3 samples, mean = 1.3 (flags = 0x41)
0  -O                                                                        (1 = 33.3%)
1  -O                                                                        (1 = 33.3%) {33.3%}
2  O                                                                         (0 = 0.0%) {66.7%}
3  -O                                                                        (1 = 33.3%) {66.7%}
4  ... 

Histogram: V8.GC.Cycle.Full.Weak recorded 3 samples, mean = 0.0 (flags = 0x41)
0  ---O                                                                      (3 = 100.0%)
1  ... 

Histogram: V8.GC.Cycle.Full.Weak.Cpp recorded 3 samples, mean = 0.0 (flags = 0x41)
0  ---O                                                                      (3 = 100.0%)
1  ... 

Histogram: V8.GC.Cycle.MainThread.Full recorded 3 samples, mean = 4.0 (flags = 0x41)
0  ... 
2  --O                                                                       (2 = 66.7%) {0.0%}
3  ... 
8  -O                                                                        (1 = 33.3%) {66.7%}
10 ... 

Histogram: V8.GC.Cycle.MainThread.Full.Atomic recorded 3 samples, mean = 2.7 (flags = 0x41)
0  O                                                                         (0 = 0.0%)
1  --O                                                                       (2 = 66.7%) {0.0%}
2  ... 
6  -O                                                                        (1 = 33.3%) {66.7%}
7  ... 

Histogram: V8.GC.Cycle.MainThread.Full.Atomic.Compact recorded 3 samples, mean = 1.3 (flags = 0x41)
0  -O                                                                        (1 = 33.3%)
1  -O                                                                        (1 = 33.3%) {33.3%}
2  O                                                                         (0 = 0.0%) {66.7%}
3  -O                                                                        (1 = 33.3%) {66.7%}
4  ... 

Histogram: V8.GC.Cycle.MainThread.Full.Atomic.Compact.Cpp recorded 3 samples, mean = 0.3 (flags = 0x41)
0  --O                                                                       (2 = 66.7%)
1  -O                                                                        (1 = 33.3%) {66.7%}
2  ... 

Histogram: V8.GC.Cycle.MainThread.Full.Atomic.Cpp recorded 3 samples, mean = 0.3 (flags = 0x41)
0  --O                                                                       (2 = 66.7%)
1  -O                                                                        (1 = 33.3%) {66.7%}
2  ... 

Histogram: V8.GC.Cycle.MainThread.Full.Atomic.Mark recorded 3 samples, mean = 0.0 (flags = 0x41)
0  ---O                                                                      (3 = 100.0%)
1  ... 

Histogram: V8.GC.Cycle.MainThread.Full.Atomic.Mark.Cpp recorded 3 samples, mean = 0.0 (flags = 0x41)
0  ---O                                                                      (3 = 100.0%)
1  ... 

Histogram: V8.GC.Cycle.MainThread.Full.Atomic.Sweep recorded 3 samples, mean = 0.0 (flags = 0x41)
0  ---O                                                                      (3 = 100.0%)
1  ... 

Histogram: V8.GC.Cycle.MainThread.Full.Atomic.Sweep.Cpp recorded 3 samples, mean = 0.0 (flags = 0x41)
0  ---O                                                                      (3 = 100.0%)
1  ... 

Histogram: V8.GC.Cycle.MainThread.Full.Atomic.Weak recorded 3 samples, mean = 0.0 (flags = 0x41)
0  ---O                                                                      (3 = 100.0%)
1  ... 

Histogram: V8.GC.Cycle.MainThread.Full.Atomic.Weak.Cpp recorded 3 samples, mean = 0.0 (flags = 0x41)
0  ---O                                                                      (3 = 100.0%)
1  ... 

Histogram: V8.GC.Cycle.MainThread.Full.Compact recorded 3 samples, mean = 1.3 (flags = 0x41)
0  -O                                                                        (1 = 33.3%)
1  -O                                                                        (1 = 33.3%) {33.3%}
2  O                                                                         (0 = 0.0%) {66.7%}
3  -O                                                                        (1 = 33.3%) {66.7%}
4  ... 

Histogram: V8.GC.Cycle.MainThread.Full.Compact.Cpp recorded 3 samples, mean = 0.3 (flags = 0x41)
0  --O                                                                       (2 = 66.7%)
1  -O                                                                        (1 = 33.3%) {66.7%}
2  ... 

Histogram: V8.GC.Cycle.MainThread.Full.Cpp recorded 3 samples, mean = 3.0 (flags = 0x41)
0  ... 
2  -O                                                                        (1 = 33.3%) {0.0%}
3  -O                                                                        (1 = 33.3%) {33.3%}
4  -O                                                                        (1 = 33.3%) {66.7%}
5  ... 

Histogram: V8.GC.Cycle.MainThread.Full.Incremental.Mark recorded 3 samples, mean = 0.7 (flags = 0x41)
0  -O                                                                        (1 = 33.3%)
1  --O                                                                       (2 = 66.7%) {33.3%}
2  ... 

Histogram: V8.GC.Cycle.MainThread.Full.Incremental.Mark.Cpp recorded 3 samples, mean = 1.0 (flags = 0x41)
0  O                                                                         (0 = 0.0%)
1  ---O                                                                      (3 = 100.0%) {0.0%}
2  ... 

Histogram: V8.GC.Cycle.MainThread.Full.Incremental.Mark.StartStop recorded 3 samples, mean = 2.7 (flags = 0x41)
0  ... 
2  -O                                                                        (1 = 33.3%) {0.0%}
3  --O                                                                       (2 = 66.7%) {33.3%}
4  ... 

Histogram: V8.GC.Cycle.MainThread.Full.Incremental.Sweep recorded 3 samples, mean = 0.0 (flags = 0x41)
0  ---O                                                                      (3 = 100.0%)
1  ... 

Histogram: V8.GC.Cycle.MainThread.Full.Incremental.Sweep.Cpp recorded 3 samples, mean = 0.7 (flags = 0x41)
0  --O                                                                       (2 = 66.7%)
1  O                                                                         (0 = 0.0%) {66.7%}
2  -O                                                                        (1 = 33.3%) {66.7%}
3  ... 

Histogram: V8.GC.Cycle.MainThread.Full.Mark recorded 3 samples, mean = 0.7 (flags = 0x41)
0  -O                                                                        (1 = 33.3%)
1  --O                                                                       (2 = 66.7%) {33.3%}
2  ... 

Histogram: V8.GC.Cycle.MainThread.Full.Mark.Cpp recorded 3 samples, mean = 1.0 (flags = 0x41)
0  O                                                                         (0 = 0.0%)
1  ---O                                                                      (3 = 100.0%) {0.0%}
2  ... 

Histogram: V8.GC.Cycle.MainThread.Full.Sweep recorded 3 samples, mean = 0.0 (flags = 0x41)
0  ---O                                                                      (3 = 100.0%)
1  ... 

Histogram: V8.GC.Cycle.MainThread.Full.Sweep.Cpp recorded 3 samples, mean = 0.7 (flags = 0x41)
0  --O                                                                       (2 = 66.7%)
1  O                                                                         (0 = 0.0%) {66.7%}
2  -O                                                                        (1 = 33.3%) {66.7%}
3  ... 

Histogram: V8.GC.Cycle.MainThread.Full.Weak recorded 3 samples, mean = 0.0 (flags = 0x41)
0  ---O                                                                      (3 = 100.0%)
1  ... 

Histogram: V8.GC.Cycle.MainThread.Full.Weak.Cpp recorded 3 samples, mean = 0.0 (flags = 0x41)
0  ---O                                                                      (3 = 100.0%)
1  ... 

Histogram: V8.GC.Cycle.MainThread.Young recorded 16 samples, mean = 0.3 (flags = 0x41)
0  -----------O                                                              (11 = 68.8%)
1  -----O                                                                    (5 = 31.2%) {68.8%}
2  ... 

Histogram: V8.GC.Cycle.Memory.Freed.Full recorded 3 samples, mean = 2946.7 (flags = 0x41)
0     -O                                                                        (1 = 33.3%)
1     ... 
559   -O                                                                        (1 = 33.3%) {33.3%}
760   ... 
6554  -O                                                                        (1 = 33.3%) {66.7%}
8915  ... 

Histogram: V8.GC.Cycle.Memory.Freed.Full.Cpp recorded 3 samples, mean = 1365.3 (flags = 0x41)
0     -O                                                                        (1 = 33.3%)
1     ... 
1914  --O                                                                       (2 = 66.7%) {33.3%}
2604  ... 

Histogram: V8.GC.Cycle.Objects.After.Full recorded 3 samples, mean = 12504.0 (flags = 0x41)
0      ... 
12127  ---O                                                                      (3 = 100.0%) {0.0%}
16496  ... 

Histogram: V8.GC.Cycle.Objects.After.Full.Cpp recorded 3 samples, mean = 5192.7 (flags = 0x41)
0     ... 
4818  ---O                                                                      (3 = 100.0%) {0.0%}
6554  ... 

Histogram: V8.GC.Cycle.Objects.Before.Full recorded 3 samples, mean = 14150.7 (flags = 0x41)
0      ... 
12127  --O                                                                       (2 = 66.7%) {0.0%}
16496  -O                                                                        (1 = 33.3%) {66.7%}
22439  ... 

Histogram: V8.GC.Cycle.Objects.Before.Full.Cpp recorded 3 samples, mean = 6636.0 (flags = 0x41)
0     ... 
4818  --O                                                                       (2 = 66.7%) {0.0%}
6554  O                                                                         (0 = 0.0%) {66.7%}
8915  -O                                                                        (1 = 33.3%) {66.7%}
12127 ... 

Histogram: V8.GC.Cycle.Objects.Freed.Full recorded 3 samples, mean = 1646.0 (flags = 0x41)
0     -O                                                                        (1 = 33.3%)
1     ... 
88    -O                                                                        (1 = 33.3%) {33.3%}
120   ... 
4818  -O                                                                        (1 = 33.3%) {66.7%}
6554  ... 

Histogram: V8.GC.Cycle.Objects.Freed.Full.Cpp recorded 3 samples, mean = 1443.0 (flags = 0x41)
0     -O                                                                        (1 = 33.3%)
1     ... 
14    -O                                                                        (1 = 33.3%) {33.3%}
19    ... 
3542  -O                                                                        (1 = 33.3%) {66.7%}
4818  ... 

Histogram: V8.GC.Cycle.Reason.Full recorded 3 samples, mean = 9.0 (flags = 0x41)
0  ... 
9  ---O                                                                      (3 = 100.0%) {0.0%}
10 ... 

Histogram: V8.GC.Cycle.Reason.Young recorded 16 samples, mean = 4.4 (flags = 0x41)
0   O                                                                         (0 = 0.0%)
1   -----------O                                                              (11 = 68.8%) {0.0%}
2   ... 
12  -----O                                                                    (5 = 31.2%) {68.8%}
13  ... 

Histogram: V8.GC.Cycle.Young recorded 16 samples, mean = 0.8 (flags = 0x41)
0  ------O                                                                   (6 = 37.5%)
1  --------O                                                                 (8 = 50.0%) {37.5%}
2  --O                                                                       (2 = 12.5%) {87.5%}
3  ... 

Histogram: V8.GC.Event.MainThread.Full.Finalize.Incremental.ReduceMemory recorded 2 samples, mean = 3.5 (flags = 0x41)
0  O                                                                         (0 = 0.0%)
1  -O                                                                        (1 = 50.0%) {0.0%}
2  ... 
6  -O                                                                        (1 = 50.0%) {50.0%}
7  ... 

Histogram: V8.GC.Event.MainThread.Full.Finalize.Incremental.ReduceMemory.Foreground recorded 2 samples, mean = 3.5 (flags = 0x41)
0  O                                                                         (0 = 0.0%)
1  -O                                                                        (1 = 50.0%) {0.0%}
2  ... 
6  -O                                                                        (1 = 50.0%) {50.0%}
7  ... 

Histogram: V8.GC.Event.MainThread.Full.Finalize.Incremental.Regular recorded 1 samples, mean = 1.0 (flags = 0x41)
0  O                                                                         (0 = 0.0%)
1  -O                                                                        (1 = 100.0%) {0.0%}
2  ... 

Histogram: V8.GC.Event.MainThread.Full.Finalize.Incremental.Regular.Foreground recorded 1 samples, mean = 1.0 (flags = 0x41)
0  O                                                                         (0 = 0.0%)
1  -O                                                                        (1 = 100.0%) {0.0%}
2  ... 

Histogram: V8.GC.Event.MainThread.Full.Incremental.Mark recorded 82 samples, mean = 0.0 (flags = 0x41)
0  ------------------------------------------------------------------------O (82 = 100.0%)
1  ... 

Histogram: V8.GC.Event.MainThread.Full.Incremental.Mark.Cpp recorded 89 samples, mean = 0.0 (flags = 0x41)
0  ------------------------------------------------------------------------O (88 = 98.9%)
1  -O                                                                        (1 = 1.1%) {98.9%}
2  ... 

Histogram: V8.GC.Event.MainThread.Full.Incremental.Sweep.Cpp recorded 403 samples, mean = 0.0 (flags = 0x41)
0  ------------------------------------------------------------------------O (402 = 99.8%)
1  O                                                                         (0 = 0.0%) {99.8%}
2  O                                                                         (1 = 0.2%) {99.8%}
3  ... 

Histogram: V8.GC.TimeToSafepoint recorded 22 samples, mean = 3.0 (flags = 0x41)
0   -------------O                                                            (13 = 59.1%)
1   ------O                                                                   (6 = 27.3%) {59.1%}
2   ... 
11  --O                                                                       (2 = 9.1%) {86.4%}
15  ... 
29  -O                                                                        (1 = 4.5%) {95.5%}
40  ... 

Histogram: V8.GCFinalizeMC.Clear recorded 1 samples, mean = 0.0 (flags = 0x41)
0  -O                                                                        (1 = 100.0%)
1  ... 

Histogram: V8.GCFinalizeMC.Epilogue recorded 1 samples, mean = 0.0 (flags = 0x41)
0  -O                                                                        (1 = 100.0%)
1  ... 

Histogram: V8.GCFinalizeMC.Evacuate recorded 1 samples, mean = 1.0 (flags = 0x41)
0  O                                                                         (0 = 0.0%)
1  -O                                                                        (1 = 100.0%) {0.0%}
2  ... 

Histogram: V8.GCFinalizeMC.Finish recorded 1 samples, mean = 0.0 (flags = 0x41)
0  -O                                                                        (1 = 100.0%)
1  ... 

Histogram: V8.GCFinalizeMC.Mark recorded 1 samples, mean = 0.0 (flags = 0x41)
0  -O                                                                        (1 = 100.0%)
1  ... 

Histogram: V8.GCFinalizeMC.Prologue recorded 1 samples, mean = 0.0 (flags = 0x41)
0  -O                                                                        (1 = 100.0%)
1  ... 

Histogram: V8.GCFinalizeMC.Sweep recorded 1 samples, mean = 0.0 (flags = 0x41)
0  -O                                                                        (1 = 100.0%)
1  ... 

Histogram: V8.GCIncrementalMarking recorded 82 samples, mean = 0.0 (flags = 0x41)
0  ------------------------------------------------------------------------O (81 = 98.8%)
1  -O                                                                        (1 = 1.2%) {98.8%}
2  ... 

Histogram: V8.GCIncrementalMarkingReason recorded 3 samples, mean = 12.0 (flags = 0x41)
0   ... 
2   -O                                                                        (1 = 33.3%) {0.0%}
3   ... 
17  --O                                                                       (2 = 66.7%) {33.3%}
18  ... 

Histogram: V8.GCIncrementalMarkingStart recorded 3 samples, mean = 0.0 (flags = 0x41)
0  ---O                                                                      (3 = 100.0%)
1  ... 

Histogram: V8.GCIncrementalMarkingSum recorded 1 samples, mean = 0.0 (flags = 0x41)
0  -O                                                                        (1 = 100.0%)
1  ... 

Histogram: V8.GCMarkCompactReason recorded 3 samples, mean = 9.0 (flags = 0x41)
0  ... 
9  ---O                                                                      (3 = 100.0%) {0.0%}
10 ... 

Histogram: V8.GCScavenger.ScavengeMain recorded 16 samples, mean = 0.0 (flags = 0x41)
0  ----------------O                                                         (16 = 100.0%)
1  ... 

Histogram: V8.GCScavenger.ScavengeRoots recorded 16 samples, mean = 0.0 (flags = 0x41)
0  ----------------O                                                         (16 = 100.0%)
1  ... 

Histogram: V8.JSDispatchTableEntriesCount recorded 3 samples, mean = 0.0 (flags = 0x41)
0  ---O                                                                      (3 = 100.0%)
1  ... 

Histogram: V8.LocalWindowProxy.CreateContextTime recorded 4 samples, mean = 0.8 (flags = 0x41)
0  --O                                                                       (2 = 50.0%)
1  -O                                                                        (1 = 25.0%) {50.0%}
2  -O                                                                        (1 = 25.0%) {75.0%}
3  ... 

Histogram: V8.LocalWindowProxy.InitializeTime recorded 4 samples, mean = 1.5 (flags = 0x41)
0  -O                                                                        (1 = 25.0%)
1  -O                                                                        (1 = 25.0%) {25.0%}
2  -O                                                                        (1 = 25.0%) {50.0%}
3  -O                                                                        (1 = 25.0%) {75.0%}
4  ... 

Histogram: V8.MaglevOptimizeExecute recorded 219 samples, mean = 264.8 (flags = 0x41)
0     ... 
6     -O                                                                        (1 = 0.5%) {0.0%}
8     -O                                                                        (1 = 0.5%) {0.5%}
10    --------O                                                                 (8 = 3.7%) {0.9%}
13    --O                                                                       (2 = 0.9%) {4.6%}
16    ----O                                                                     (4 = 1.8%) {5.5%}
20    ----O                                                                     (4 = 1.8%) {7.3%}
25    ------O                                                                   (6 = 2.7%) {9.1%}
31    ----O                                                                     (4 = 1.8%) {11.9%}
39    -----O                                                                    (5 = 2.3%) {13.7%}
49    -------------------O                                                      (19 = 8.7%) {16.0%}
61    -------------O                                                            (13 = 5.9%) {24.7%}
76    -----------------------O                                                  (23 = 10.5%) {30.6%}
95    ------------------O                                                       (18 = 8.2%) {41.1%}
119   ----------------------O                                                   (22 = 10.0%) {49.3%}
149   ---------------O                                                          (15 = 6.8%) {59.4%}
186   --------------------O                                                     (20 = 9.1%) {66.2%}
233   ------------O                                                             (12 = 5.5%) {75.3%}
292   ---------O                                                                (9 = 4.1%) {80.8%}
365   ----------O                                                               (10 = 4.6%) {84.9%}
457   ----O                                                                     (4 = 1.8%) {89.5%}
572   -O                                                                        (1 = 0.5%) {91.3%}
716   -O                                                                        (1 = 0.5%) {91.8%}
896   ----O                                                                     (4 = 1.8%) {92.2%}
1122  ------O                                                                   (6 = 2.7%) {94.1%}
1404  --O                                                                       (2 = 0.9%) {96.8%}
1757  -O                                                                        (1 = 0.5%) {97.7%}
2199  --O                                                                       (2 = 0.9%) {98.2%}
2753  -O                                                                        (1 = 0.5%) {99.1%}
3446  -O                                                                        (1 = 0.5%) {99.5%}
4313  ... 

Histogram: V8.MaglevOptimizeFinalize recorded 219 samples, mean = 5.0 (flags = 0x41)
0   -----------------O                                                        (17 = 7.8%)
1   ----------------------------------O                                       (34 = 15.5%) {7.8%}
2   --------------------------O                                               (26 = 11.9%) {23.3%}
3   ----------------------------O                                             (28 = 12.8%) {35.2%}
4   --------------------------------O                                         (32 = 14.6%) {47.9%}
5   ----------------O                                                         (16 = 7.3%) {62.6%}
6   ---------------------------------O                                        (33 = 15.1%) {69.9%}
8   -------------O                                                            (13 = 5.9%) {84.9%}
10  --------O                                                                 (8 = 3.7%) {90.9%}
13  ---O                                                                      (3 = 1.4%) {94.5%}
16  ------O                                                                   (6 = 2.7%) {95.9%}
20  -O                                                                        (1 = 0.5%) {98.6%}
25  -O                                                                        (1 = 0.5%) {99.1%}
31  ... 
95  -O                                                                        (1 = 0.5%) {99.5%}
119 ... 

Histogram: V8.MaglevOptimizePrepare recorded 219 samples, mean = 0.1 (flags = 0x41)
0  ------------------------------------------------------------------------O (197 = 90.0%)
1  --------O                                                                 (22 = 10.0%) {90.0%}
2  ... 

Histogram: V8.MaglevOptimizeTotalTime recorded 219 samples, mean = 8964.0 (flags = 0x41)
0       ... 
21      --O                                                                       (2 = 0.9%) {0.0%}
28      -O                                                                        (1 = 0.5%) {0.9%}
37      ---O                                                                      (3 = 1.4%) {1.4%}
49      --O                                                                       (2 = 0.9%) {2.7%}
65      ------O                                                                   (6 = 2.7%) {3.7%}
86      ------------O                                                             (12 = 5.5%) {6.4%}
113     --------------O                                                           (14 = 6.4%) {11.9%}
149     --------O                                                                 (8 = 3.7%) {18.3%}
196     ------------------O                                                       (18 = 8.2%) {21.9%}
258     ------------------O                                                       (18 = 8.2%) {30.1%}
340     --------------O                                                           (14 = 6.4%) {38.4%}
448     ---------------------O                                                    (21 = 9.6%) {44.7%}
590     ------------O                                                             (12 = 5.5%) {54.3%}
777     -------------O                                                            (13 = 5.9%) {59.8%}
1023    ---------O                                                                (9 = 4.1%) {65.8%}
1347    -------------O                                                            (13 = 5.9%) {69.9%}
1774    ------O                                                                   (6 = 2.7%) {75.8%}
2336    ---------O                                                                (9 = 4.1%) {78.5%}
3077    ------O                                                                   (6 = 2.7%) {82.6%}
4053    ------O                                                                   (6 = 2.7%) {85.4%}
5338    ---------O                                                                (9 = 4.1%) {88.1%}
7031    --O                                                                       (2 = 0.9%) {92.2%}
9260    -O                                                                        (1 = 0.5%) {93.2%}
12196   ---O                                                                      (3 = 1.4%) {93.6%}
16063   ... 
27864   -O                                                                        (1 = 0.5%) {95.0%}
36699   ... 
145450  ----------O                                                               (10 = 4.6%) {95.4%}
191569  ... 

Histogram: V8.MemoryExternalFragmentationCodeSpace recorded 19 samples, mean = 37.3 (flags = 0x41)
0   ... 
5   -O                                                                        (1 = 5.3%) {0.0%}
6   -O                                                                        (1 = 5.3%) {5.3%}
7   O                                                                         (0 = 0.0%) {10.5%}
8   -O                                                                        (1 = 5.3%) {10.5%}
9   -O                                                                        (1 = 5.3%) {15.8%}
10  ... 
12  --O                                                                       (2 = 10.5%) {21.1%}
13  ... 
15  -O                                                                        (1 = 5.3%) {31.6%}
16  ... 
23  --O                                                                       (2 = 10.5%) {36.8%}
24  --O                                                                       (2 = 10.5%) {47.4%}
25  ... 
38  -O                                                                        (1 = 5.3%) {57.9%}
39  ... 
46  -O                                                                        (1 = 5.3%) {63.2%}
47  O                                                                         (0 = 0.0%) {68.4%}
48  -O                                                                        (1 = 5.3%) {68.4%}
49  ... 
77  -O                                                                        (1 = 5.3%) {73.7%}
78  O                                                                         (0 = 0.0%) {78.9%}
79  -O                                                                        (1 = 5.3%) {78.9%}
80  ... 
82  -O                                                                        (1 = 5.3%) {84.2%}
83  ... 
86  -O                                                                        (1 = 5.3%) {89.5%}
87  ... 
91  -O                                                                        (1 = 5.3%) {94.7%}
92  ... 

Histogram: V8.MemoryExternalFragmentationLoSpace recorded 19 samples, mean = 1.8 (flags = 0x41)
0  O                                                                         (0 = 0.0%)
1  -----------O                                                              (11 = 57.9%) {0.0%}
2  -O                                                                        (1 = 5.3%) {57.9%}
3  -------O                                                                  (7 = 36.8%) {63.2%}
4  ... 

Histogram: V8.MemoryExternalFragmentationOldSpace recorded 19 samples, mean = 6.1 (flags = 0x41)
0   -O                                                                        (1 = 5.3%)
1   O                                                                         (0 = 0.0%) {5.3%}
2   -O                                                                        (1 = 5.3%) {5.3%}
3   -O                                                                        (1 = 5.3%) {10.5%}
4   ---O                                                                      (3 = 15.8%) {15.8%}
5   ---O                                                                      (3 = 15.8%) {31.6%}
6   -----O                                                                    (5 = 26.3%) {47.4%}
7   ... 
9   -O                                                                        (1 = 5.3%) {73.7%}
10  -O                                                                        (1 = 5.3%) {78.9%}
11  -O                                                                        (1 = 5.3%) {84.2%}
12  --O                                                                       (2 = 10.5%) {89.5%}
13  ... 

Histogram: V8.MemoryExternalFragmentationTotal recorded 19 samples, mean = 31.3 (flags = 0x41)
0   ... 
9   -O                                                                        (1 = 5.3%) {0.0%}
10  --O                                                                       (2 = 10.5%) {5.3%}
11  ... 
13  ---O                                                                      (3 = 15.8%) {15.8%}
14  ... 
16  -O                                                                        (1 = 5.3%) {31.6%}
17  O                                                                         (0 = 0.0%) {36.8%}
18  -O                                                                        (1 = 5.3%) {36.8%}
19  ... 
36  -O                                                                        (1 = 5.3%) {42.1%}
37  ... 
41  ---O                                                                      (3 = 15.8%) {47.4%}
42  ... 
44  ---O                                                                      (3 = 15.8%) {63.2%}
45  ... 
50  --O                                                                       (2 = 10.5%) {78.9%}
51  --O                                                                       (2 = 10.5%) {89.5%}
52  ... 

Histogram: V8.MemoryHeapSampleCodeSpaceCommitted recorded 19 samples, mean = 1333.9 (flags = 0x41)
0     -----O                                                                    (5 = 26.3%)
1000  ---O                                                                      (3 = 15.8%) {26.3%}
1138  ... 
1474  -------O                                                                  (7 = 36.8%) {42.1%}
1678  --O                                                                       (2 = 10.5%) {78.9%}
1910  --O                                                                       (2 = 10.5%) {89.5%}
2174  ... 

Histogram: V8.MemoryHeapSampleMaximumCommitted recorded 19 samples, mean = 18113.7 (flags = 0x41)
0      ... 
6971   -O                                                                        (1 = 5.3%) {0.0%}
7935   -O                                                                        (1 = 5.3%) {5.3%}
9032   -O                                                                        (1 = 5.3%) {10.5%}
10281  --O                                                                       (2 = 10.5%) {15.8%}
11702  -O                                                                        (1 = 5.3%) {26.3%}
13320  -O                                                                        (1 = 5.3%) {31.6%}
15161  O                                                                         (0 = 0.0%) {36.8%}
17257  -O                                                                        (1 = 5.3%) {36.8%}
19642  --O                                                                       (2 = 10.5%) {42.1%}
22357  ---------O                                                                (9 = 47.4%) {52.6%}
25447  ... 

Histogram: V8.MemoryHeapSampleTotalCommitted recorded 19 samples, mean = 14707.8 (flags = 0x41)
0      ... 
6971   -O                                                                        (1 = 5.3%) {0.0%}
7935   -O                                                                        (1 = 5.3%) {5.3%}
9032   -O                                                                        (1 = 5.3%) {10.5%}
10281  --O                                                                       (2 = 10.5%) {15.8%}
11702  -O                                                                        (1 = 5.3%) {26.3%}
13320  ------O                                                                   (6 = 31.6%) {31.6%}
15161  ---O                                                                      (3 = 15.8%) {63.2%}
17257  -O                                                                        (1 = 5.3%) {78.9%}
19642  --O                                                                       (2 = 10.5%) {84.2%}
22357  -O                                                                        (1 = 5.3%) {94.7%}
25447  ... 

Histogram: V8.MemoryHeapSampleTotalUsed recorded 19 samples, mean = 10134.4 (flags = 0x41)
0      ... 
3649   -O                                                                        (1 = 5.3%) {0.0%}
4153   -O                                                                        (1 = 5.3%) {5.3%}
4727   --O                                                                       (2 = 10.5%) {10.5%}
5380   -O                                                                        (1 = 5.3%) {21.1%}
6124   O                                                                         (0 = 0.0%) {26.3%}
6971   -O                                                                        (1 = 5.3%) {26.3%}
7935   -O                                                                        (1 = 5.3%) {31.6%}
9032   -O                                                                        (1 = 5.3%) {36.8%}
10281  O                                                                         (0 = 0.0%) {42.1%}
11702  --------O                                                                 (8 = 42.1%) {42.1%}
13320  ---O                                                                      (3 = 15.8%) {84.2%}
15161  ... 

Histogram: V8.RegExpBacktracks recorded 265 samples, mean = 1.6 (flags = 0x41)
0    -------O                                                                  (21 = 7.9%)
1    ------------------------------------------------------------------------O (230 = 86.8%) {7.9%}
2    --O                                                                       (5 = 1.9%) {94.7%}
3    -O                                                                        (4 = 1.5%) {96.6%}
4    -O                                                                        (3 = 1.1%) {98.1%}
6    O                                                                         (0 = 0.0%) {99.2%}
9    O                                                                         (1 = 0.4%) {99.2%}
13   ... 
127  O                                                                         (1 = 0.4%) {99.6%}
185  ... 

Histogram: V8.SandboxedCodePointersCount recorded 3 samples, mean = 1163.7 (flags = 0x41)
0     ... 
1136  ---O                                                                      (3 = 100.0%) {0.0%}
1321  ... 

Histogram: V8.SandboxedCppHeapPointersCount recorded 3 samples, mean = 5616.0 (flags = 0x41)
0     ... 
452   -O                                                                        (1 = 33.3%) {0.0%}
537   ... 
7152  --O                                                                       (2 = 66.7%) {33.3%}
8499  ... 

Histogram: V8.SandboxedExternalPointersCount recorded 22 samples, mean = 1988.8 (flags = 0x41)
0      ----O                                                                     (4 = 18.2%)
1      O                                                                         (0 = 0.0%) {18.2%}
2      -O                                                                        (1 = 4.5%) {18.2%}
3      -O                                                                        (1 = 4.5%) {22.7%}
4      -O                                                                        (1 = 4.5%) {27.3%}
5      O                                                                         (0 = 0.0%) {31.8%}
6      ----O                                                                     (4 = 18.2%) {31.8%}
7      O                                                                         (0 = 0.0%) {50.0%}
8      -O                                                                        (1 = 4.5%) {50.0%}
10     ... 
17     -O                                                                        (1 = 4.5%) {54.5%}
20     ... 
68     -O                                                                        (1 = 4.5%) {59.1%}
81     ... 
114    -O                                                                        (1 = 4.5%) {63.6%}
135    ... 
758    --O                                                                       (2 = 9.1%) {68.2%}
901    -O                                                                        (1 = 4.5%) {77.3%}
1071   ... 
1798   -O                                                                        (1 = 4.5%) {81.8%}
2137   ... 
12002  ---O                                                                      (3 = 13.6%) {86.4%}
14263  ... 

Histogram: V8.SandboxedTrustedPointersCount recorded 3 samples, mean = 3947.0 (flags = 0x41)
0     ... 
3799  ---O                                                                      (3 = 100.0%) {0.0%}
4418  ... 

Histogram: V8.SnapshotDeserializeContextMicroSeconds recorded 7 samples, mean = 362.0 (flags = 0x41)
0    ... 
149  -O                                                                        (1 = 14.3%) {0.0%}
196  --O                                                                       (2 = 28.6%) {14.3%}
258  O                                                                         (0 = 0.0%) {42.9%}
340  -O                                                                        (1 = 14.3%) {42.9%}
448  ---O                                                                      (3 = 42.9%) {57.1%}
590  ... 

Histogram: V8.TurboFan1KTicks recorded 36 samples, mean = 25.5 (flags = 0x41)
0    ... 
2    -O                                                                        (1 = 2.8%) {0.0%}
3    ---O                                                                      (3 = 8.3%) {2.8%}
4    ---O                                                                      (3 = 8.3%) {11.1%}
5    ----O                                                                     (4 = 11.1%) {19.4%}
6    -O                                                                        (1 = 2.8%) {30.6%}
7    -O                                                                        (1 = 2.8%) {33.3%}
8    --O                                                                       (2 = 5.6%) {36.1%}
9    -O                                                                        (1 = 2.8%) {41.7%}
10   --O                                                                       (2 = 5.6%) {44.4%}
11   --O                                                                       (2 = 5.6%) {50.0%}
12   -O                                                                        (1 = 2.8%) {55.6%}
13   O                                                                         (0 = 0.0%) {58.3%}
14   --O                                                                       (2 = 5.6%) {58.3%}
15   --O                                                                       (2 = 5.6%) {63.9%}
16   ... 
18   -O                                                                        (1 = 2.8%) {69.4%}
19   O                                                                         (0 = 0.0%) {72.2%}
20   -O                                                                        (1 = 2.8%) {72.2%}
21   O                                                                         (0 = 0.0%) {75.0%}
22   -O                                                                        (1 = 2.8%) {75.0%}
23   ... 
27   -O                                                                        (1 = 2.8%) {77.8%}
28   ... 
31   --O                                                                       (2 = 5.6%) {80.6%}
33   ... 
39   -O                                                                        (1 = 2.8%) {86.1%}
41   ... 
45   -O                                                                        (1 = 2.8%) {88.9%}
47   ... 
92   -O                                                                        (1 = 2.8%) {91.7%}
97   ... 
117  -O                                                                        (1 = 2.8%) {94.4%}
123  ... 
277  -O                                                                        (1 = 2.8%) {97.2%}
291  ... 

Histogram: V8.TurboFanOptimizeConcurrentTotalTime recorded 32 samples, mean = 8219.8 (flags = 0x41)
0       --O                                                                       (2 = 6.2%)
1       ... 
391     -O                                                                        (1 = 3.1%) {6.2%}
542     -O                                                                        (1 = 3.1%) {9.4%}
752     -O                                                                        (1 = 3.1%) {12.5%}
1043    ---O                                                                      (3 = 9.4%) {15.6%}
1447    ----------O                                                               (10 = 31.2%) {25.0%}
2008    ----O                                                                     (4 = 12.5%) {56.2%}
2786    ---O                                                                      (3 = 9.4%) {68.8%}
3865    --O                                                                       (2 = 6.2%) {78.1%}
5362    --O                                                                       (2 = 6.2%) {84.4%}
7439    O                                                                         (0 = 0.0%) {90.6%}
10321   -O                                                                        (1 = 3.1%) {90.6%}
14319   -O                                                                        (1 = 3.1%) {93.8%}
19866   ... 
141691  -O                                                                        (1 = 3.1%) {96.9%}
196583  ... 

Histogram: V8.TurboFanOptimizeExecute recorded 32 samples, mean = 2438.6 (flags = 0x41)
0      ... 
448    -----O                                                                    (5 = 15.6%) {0.0%}
590    ----O                                                                     (4 = 12.5%) {15.6%}
777    -----O                                                                    (5 = 15.6%) {28.1%}
1023   ---O                                                                      (3 = 9.4%) {43.8%}
1347   ----O                                                                     (4 = 12.5%) {53.1%}
1774   --O                                                                       (2 = 6.2%) {65.6%}
2336   ---O                                                                      (3 = 9.4%) {71.9%}
3077   -O                                                                        (1 = 3.1%) {81.2%}
4053   -O                                                                        (1 = 3.1%) {84.4%}
5338   -O                                                                        (1 = 3.1%) {87.5%}
7031   -O                                                                        (1 = 3.1%) {90.6%}
9260   -O                                                                        (1 = 3.1%) {93.8%}
12196  -O                                                                        (1 = 3.1%) {96.9%}
16063  ... 

Histogram: V8.TurboFanOptimizeFinalize recorded 32 samples, mean = 19.5 (flags = 0x41)
0   ... 
9   -----O                                                                    (5 = 15.6%) {0.0%}
12  -------------O                                                            (13 = 40.6%) {15.6%}
16  ------O                                                                   (6 = 18.8%) {56.2%}
21  ---O                                                                      (3 = 9.4%) {75.0%}
28  ---O                                                                      (3 = 9.4%) {84.4%}
37  O                                                                         (0 = 0.0%) {93.8%}
49  -O                                                                        (1 = 3.1%) {93.8%}
65  -O                                                                        (1 = 3.1%) {96.9%}
86  ... 

Histogram: V8.TurboFanOptimizeForOnStackReplacementExecute recorded 4 samples, mean = 19573.2 (flags = 0x41)
0      ... 
1347   -O                                                                        (1 = 25.0%) {0.0%}
1774   ... 
4053   -O                                                                        (1 = 25.0%) {25.0%}
5338   ... 
12196  -O                                                                        (1 = 25.0%) {50.0%}
16063  ... 
48336  -O                                                                        (1 = 25.0%) {75.0%}
63662  ... 

Histogram: V8.TurboFanOptimizeForOnStackReplacementFinalize recorded 4 samples, mean = 61.2 (flags = 0x41)
0    ... 
16   -O                                                                        (1 = 25.0%) {0.0%}
21   ... 
37   -O                                                                        (1 = 25.0%) {25.0%}
49   O                                                                         (0 = 0.0%) {50.0%}
65   -O                                                                        (1 = 25.0%) {50.0%}
86   O                                                                         (0 = 0.0%) {75.0%}
113  -O                                                                        (1 = 25.0%) {75.0%}
149  ... 

Histogram: V8.TurboFanOptimizeForOnStackReplacementPrepare recorded 4 samples, mean = 17.5 (flags = 0x41)
0   ... 
5   -O                                                                        (1 = 25.0%) {0.0%}
7   O                                                                         (0 = 0.0%) {25.0%}
9   -O                                                                        (1 = 25.0%) {25.0%}
12  O                                                                         (0 = 0.0%) {50.0%}
16  -O                                                                        (1 = 25.0%) {50.0%}
21  O                                                                         (0 = 0.0%) {75.0%}
28  -O                                                                        (1 = 25.0%) {75.0%}
37  ... 

Histogram: V8.TurboFanOptimizeForOnStackReplacementTotalTime recorded 4 samples, mean = 20808.0 (flags = 0x41)
0      ... 
1447   -O                                                                        (1 = 25.0%) {0.0%}
2008   ... 
5362   -O                                                                        (1 = 25.0%) {25.0%}
7439   ... 
14319  -O                                                                        (1 = 25.0%) {50.0%}
19866  ... 
53055  -O                                                                        (1 = 25.0%) {75.0%}
73609  ... 

Histogram: V8.TurboFanOptimizePrepare recorded 32 samples, mean = 6.9 (flags = 0x41)
0   ... 
2   ---O                                                                      (3 = 9.4%) {0.0%}
3   ----O                                                                     (4 = 12.5%) {9.4%}
4   -----O                                                                    (5 = 15.6%) {21.9%}
5   ---------O                                                                (9 = 28.1%) {37.5%}
7   ----O                                                                     (4 = 12.5%) {65.6%}
9   --O                                                                       (2 = 6.2%) {78.1%}
12  --O                                                                       (2 = 6.2%) {84.4%}
16  --O                                                                       (2 = 6.2%) {90.6%}
21  -O                                                                        (1 = 3.1%) {96.9%}
28  ... 

Histogram: V8.TurboFanOptimizeTotalBackground recorded 32 samples, mean = 2438.6 (flags = 0x41)
0      ... 
391    -----O                                                                    (5 = 15.6%) {0.0%}
542    ---O                                                                      (3 = 9.4%) {15.6%}
752    ------O                                                                   (6 = 18.8%) {25.0%}
1043   ---O                                                                      (3 = 9.4%) {43.8%}
1447   ----O                                                                     (4 = 12.5%) {53.1%}
2008   ----O                                                                     (4 = 12.5%) {65.6%}
2786   --O                                                                       (2 = 6.2%) {78.1%}
3865   --O                                                                       (2 = 6.2%) {84.4%}
5362   O                                                                         (0 = 0.0%) {90.6%}
7439   -O                                                                        (1 = 3.1%) {90.6%}
10321  -O                                                                        (1 = 3.1%) {93.8%}
14319  -O                                                                        (1 = 3.1%) {96.9%}
19866  ... 

Histogram: V8.TurboFanOptimizeTotalForeground recorded 32 samples, mean = 26.4 (flags = 0x41)
0   ... 
11  ---O                                                                      (3 = 9.4%) {0.0%}
15  -----------O                                                              (11 = 34.4%) {9.4%}
21  ---------O                                                                (9 = 28.1%) {43.8%}
29  ----O                                                                     (4 = 12.5%) {71.9%}
40  ---O                                                                      (3 = 9.4%) {84.4%}
55  --O                                                                       (2 = 6.2%) {93.8%}
76  ... 

Histogram: V8.TurboFanOptimizeTotalTime recorded 32 samples, mean = 8219.8 (flags = 0x41)
0       --O                                                                       (2 = 6.2%)
1       ... 
391     -O                                                                        (1 = 3.1%) {6.2%}
542     -O                                                                        (1 = 3.1%) {9.4%}
752     -O                                                                        (1 = 3.1%) {12.5%}
1043    ---O                                                                      (3 = 9.4%) {15.6%}
1447    ----------O                                                               (10 = 31.2%) {25.0%}
2008    ----O                                                                     (4 = 12.5%) {56.2%}
2786    ---O                                                                      (3 = 9.4%) {68.8%}
3865    --O                                                                       (2 = 6.2%) {78.1%}
5362    --O                                                                       (2 = 6.2%) {84.4%}
7439    O                                                                         (0 = 0.0%) {90.6%}
10321   -O                                                                        (1 = 3.1%) {90.6%}
14319   -O                                                                        (1 = 3.1%) {93.8%}
19866   ... 
141691  -O                                                                        (1 = 3.1%) {96.9%}
196583  ... 

Histogram: Variations.ExtendedSafeMode.BeaconFileStateAtStartup recorded 1 samples, mean = 0.0 (flags = 0x41)
0  -O                                                                        (1 = 100.0%)
1  ... 

Histogram: Variations.ExtendedSafeMode.BeaconFileWrite recorded 2 samples, mean = 1.0 (flags = 0x41)
0  O                                                                         (0 = 0.0%)
1  --O                                                                       (2 = 100.0%) {0.0%}
2  O                                                                         (0 = 0.0%) {100.0%}

Histogram: Variations.ForcedFieldTrialsAtStartupForInternalsPage recorded 1 samples, mean = 0.0 (flags = 0x41)
0  -O                                                                        (1 = 100.0%)
1  ... 

Histogram: Variations.Headers.ExperimentCount recorded 92 samples, mean = 1.0 (flags = 0x41)
0  O                                                                         (0 = 0.0%)
1  ------------------------------------------------------------------------O (92 = 100.0%) {0.0%}
2  ... 

Histogram: Variations.Headers.HasLowEntropySourceValue recorded 92 samples, mean = 1.0 (flags = 0x41)
0  O                                                                         (0 = 0.0%)
1  ------------------------------------------------------------------------O (92 = 100.0%) {0.0%}
2  O                                                                         (0 = 0.0%) {100.0%}

Histogram: Variations.Headers.RequestContextCategory recorded 167 samples, mean = 1.3 (flags = 0x41)
0  ------------------------------------------------------------------------O (114 = 68.3%)
1  ... 
4  ---------------------------------O                                        (53 = 31.7%) {68.3%}
5  ... 

Histogram: Variations.Headers.URLValidationResult.Append recorded 167 samples, mean = 2.7 (flags = 0x41)
0  ... 
2  ----------------------------------O                                       (54 = 32.3%) {0.0%}
3  ------------------------------------------------------------------------O (113 = 67.7%) {32.3%}
4  ... 

Histogram: Variations.Headers.URLValidationResult.Remove recorded 4 samples, mean = 2.0 (flags = 0x41)
0  ... 
2  ----O                                                                     (4 = 100.0%) {0.0%}
3  ... 

Histogram: Variations.Limits.VariationKeySize.Default recorded 23 samples, mean = 0.0 (flags = 0x41)
0  -----------------------O                                                  (23 = 100.0%)
1  ... 

Histogram: Variations.LoadPermanentConsistencyCountryResult recorded 1 samples, mean = 0.0 (flags = 0x41)
0  -O                                                                        (1 = 100.0%)
1  ... 

Histogram: Variations.PolicyRestriction recorded 1 samples, mean = 0.0 (flags = 0x41)
0  -O                                                                        (1 = 100.0%)
1  ... 

Histogram: Variations.SafeMode.Streak.Crashes recorded 1 samples (flags = 0x41)
2  -O                                                                        (1 = 100.0%)

Histogram: Variations.SafeMode.Streak.FetchFailures recorded 1 samples (flags = 0x41)
0  -O                                                                        (1 = 100.0%)

Histogram: Variations.SeedLoadResult recorded 1 samples, mean = 1.0 (flags = 0x41)
0  O                                                                         (0 = 0.0%)
1  -O                                                                        (1 = 100.0%) {0.0%}
2  ... 

Histogram: Variations.SeedUsage recorded 1 samples, mean = 2.0 (flags = 0x41)
0  ... 
2  -O                                                                        (1 = 100.0%) {0.0%}
3  ... 

Histogram: Variations.UserChannel recorded 1 samples (flags = 0x41)
-1 -O                                                                        (1 = 100.0%)

Histogram: Views.Browser.NumColorProvidersInitializedDuringOnNativeThemeUpdated recorded 3 samples, mean = 0.0 (flags = 0x41)
0  ---O                                                                      (3 = 100.0%)
1  ... 

Histogram: Views.Browser.TimeSpentInitializingColorProvider recorded 3 samples, mean = 0.0 (flags = 0x41)
0  ---O                                                                      (3 = 100.0%)
1  ... 

Histogram: Views.Browser.TimeSpentProcessingOnNativeThemeUpdatedEvent recorded 3 samples, mean = 0.0 (flags = 0x41)
0  ---O                                                                      (3 = 100.0%)
1  ... 

Histogram: Views.ColorProviderCacheSize recorded 3 samples, mean = 2.0 (flags = 0x41)
0  O                                                                         (0 = 0.0%)
1  -O                                                                        (1 = 33.3%) {0.0%}
2  -O                                                                        (1 = 33.3%) {33.3%}
3  -O                                                                        (1 = 33.3%) {66.7%}
4  ... 

Histogram: Viz.FrameSinkVideoCapturer.CaptureDuration recorded 2 samples, mean = 23.0 (flags = 0x41)
0   O                                                                         (0 = 0.0%)
1   -O                                                                        (1 = 50.0%) {0.0%}
2   ... 
42  -O                                                                        (1 = 50.0%) {50.0%}
47  ... 

Histogram: Viz.FrameSinkVideoCapturer.CaptureSucceeded recorded 2 samples, mean = 1.0 (flags = 0x41)
0  O                                                                         (0 = 0.0%)
1  --O                                                                       (2 = 100.0%) {0.0%}
2  O                                                                         (0 = 0.0%) {100.0%}

Histogram: Viz.FrameSinkVideoCapturer.FrameResurrected recorded 2 samples, mean = 0.0 (flags = 0x41)
0  --O                                                                       (2 = 100.0%)
1  ... 

Histogram: Viz.FrameSinkVideoCapturer.RGBA.CaptureDuration recorded 2 samples, mean = 23.0 (flags = 0x41)
0   O                                                                         (0 = 0.0%)
1   -O                                                                        (1 = 50.0%) {0.0%}
2   ... 
42  -O                                                                        (1 = 50.0%) {50.0%}
47  ... 

Histogram: Viz.FrameSinkVideoCapturer.RGBA.CaptureSucceeded recorded 2 samples, mean = 1.0 (flags = 0x41)
0  O                                                                         (0 = 0.0%)
1  --O                                                                       (2 = 100.0%) {0.0%}
2  O                                                                         (0 = 0.0%) {100.0%}

Histogram: Viz.FrameSinkVideoCapturer.ReserveFrameDuration recorded 2 samples, mean = 18.0 (flags = 0x41)
0   -O                                                                        (1 = 50.0%)
1   ... 
36  -O                                                                        (1 = 50.0%) {50.0%}
39  ... 

Histogram: Viz.FrameSinkVideoCapturer.TotalDuration recorded 2 samples, mean = 23.0 (flags = 0x41)
0   O                                                                         (0 = 0.0%)
1   -O                                                                        (1 = 50.0%) {0.0%}
2   ... 
42  -O                                                                        (1 = 50.0%) {50.0%}
47  ... 

Histogram: WebApp.DiyAppsInstalledCount.ByUser recorded 1 samples, mean = 0.0 (flags = 0x41)
0  -O                                                                        (1 = 100.0%)
1  ... 

Histogram: WebApp.GeneratedIconFix.StartUpAttemptCount recorded 1 samples, mean = 0.0 (flags = 0x41)
0  -O                                                                        (1 = 100.0%)
1  ... 

Histogram: WebApp.Icon.AppsWithEmptyDownloadedIconSizes recorded 1 samples, mean = 0.0 (flags = 0x41)
0  -O                                                                        (1 = 100.0%)
1  ... 

Histogram: WebApp.Icon.AppsWithEmptyIconBitmap recorded 1 samples, mean = 0.0 (flags = 0x41)
0  -O                                                                        (1 = 100.0%)
1  ... 

Histogram: WebApp.Icon.AppsWithEmptyIconFile recorded 1 samples, mean = 0.0 (flags = 0x41)
0  -O                                                                        (1 = 100.0%)
1  ... 

Histogram: WebApp.Icon.AppsWithGeneratedIconBitmap recorded 1 samples, mean = 0.0 (flags = 0x41)
0  -O                                                                        (1 = 100.0%)
1  ... 

Histogram: WebApp.Icon.AppsWithGeneratedIconFlag recorded 1 samples, mean = 0.0 (flags = 0x41)
0  -O                                                                        (1 = 100.0%)
1  ... 

Histogram: WebApp.Icon.AppsWithGeneratedIconFlagFalseNegative recorded 1 samples, mean = 0.0 (flags = 0x41)
0  -O                                                                        (1 = 100.0%)
1  ... 

Histogram: WebApp.Icon.AppsWithMissingIconFile recorded 1 samples, mean = 0.0 (flags = 0x41)
0  -O                                                                        (1 = 100.0%)
1  ... 

Histogram: WebApp.InstalledCount.ByUser recorded 1 samples, mean = 0.0 (flags = 0x41)
0  -O                                                                        (1 = 100.0%)
1  ... 

Histogram: WebApp.InstalledCount.ByUserNotLocallyInstalled recorded 1 samples, mean = 0.0 (flags = 0x41)
0  -O                                                                        (1 = 100.0%)
1  ... 

Histogram: WebApp.Preinstalled.AppToReplaceStillDefaultInstalledCount recorded 1 samples, mean = 0.0 (flags = 0x41)
0  -O                                                                        (1 = 100.0%)
1  ... 

Histogram: WebApp.Preinstalled.AppToReplaceStillInstalledCount recorded 1 samples, mean = 0.0 (flags = 0x41)
0  -O                                                                        (1 = 100.0%)
1  ... 

Histogram: WebApp.Preinstalled.AppToReplaceStillInstalledInShelfCount recorded 1 samples, mean = 0.0 (flags = 0x41)
0  -O                                                                        (1 = 100.0%)
1  ... 

Histogram: WebApp.Preinstalled.ConfigErrorCount recorded 1 samples, mean = 0.0 (flags = 0x41)
0  -O                                                                        (1 = 100.0%)
1  ... 

Histogram: WebApp.Preinstalled.CorruptUserUninstallPrefsCount recorded 1 samples, mean = 0.0 (flags = 0x41)
0  -O                                                                        (1 = 100.0%)
1  ... 

Histogram: WebApp.Preinstalled.DisabledCount recorded 1 samples, mean = 0.0 (flags = 0x41)
0  -O                                                                        (1 = 100.0%)
1  ... 

Histogram: WebApp.Preinstalled.EnabledCount recorded 1 samples, mean = 0.0 (flags = 0x41)
0  -O                                                                        (1 = 100.0%)
1  ... 

Histogram: WebApp.Preinstalled.InstallCount recorded 1 samples, mean = 0.0 (flags = 0x41)
0  -O                                                                        (1 = 100.0%)
1  ... 

Histogram: WebApp.Preinstalled.UninstallAndReplaceCount recorded 1 samples, mean = 0.0 (flags = 0x41)
0  -O                                                                        (1 = 100.0%)
1  ... 

Histogram: WebApp.Preinstalled.UninstallAppRemovedCount recorded 1 samples, mean = 0.0 (flags = 0x41)
0  -O                                                                        (1 = 100.0%)
1  ... 

Histogram: WebApp.Preinstalled.UninstallSourceRemovedCount recorded 1 samples, mean = 0.0 (flags = 0x41)
0  -O                                                                        (1 = 100.0%)
1  ... 

Histogram: WebApp.Preinstalled.UninstallTotalCount recorded 1 samples, mean = 0.0 (flags = 0x41)
0  -O                                                                        (1 = 100.0%)
1  ... 

Histogram: WebApp.Uninstall.NonSyncIncompleteCount recorded 1 samples, mean = 0.0 (flags = 0x41)
0  -O                                                                        (1 = 100.0%)
1  ... 

Histogram: WebAuthentication.Windows.KeyCredentialManagerSupported recorded 1 samples, mean = 0.0 (flags = 0x41)
0  -O                                                                        (1 = 100.0%)
1  ... 

Histogram: WebContentsObserver.DOMContentLoaded recorded 3 samples, mean = 0.0 (flags = 0x41)
0  ---O                                                                      (3 = 100.0%)
1  ... 

Histogram: WebContentsObserver.DidChangeVisibleSecurityState recorded 2 samples, mean = 0.0 (flags = 0x41)
0  --O                                                                       (2 = 100.0%)
1  ... 

Histogram: WebContentsObserver.DidFinishLoad recorded 3 samples, mean = 0.0 (flags = 0x41)
0  ---O                                                                      (3 = 100.0%)
1  ... 

Histogram: WebContentsObserver.DidFinishNavigation recorded 5 samples, mean = 0.0 (flags = 0x41)
0  -----O                                                                    (5 = 100.0%)
1  ... 

Histogram: WebContentsObserver.DidFirstVisuallyNonEmptyPaint recorded 1 samples, mean = 0.0 (flags = 0x41)
0  -O                                                                        (1 = 100.0%)
1  ... 

Histogram: WebContentsObserver.DidRedirectNavigation recorded 1 samples, mean = 0.0 (flags = 0x41)
0  -O                                                                        (1 = 100.0%)
1  ... 

Histogram: WebContentsObserver.DidStartLoading recorded 1 samples, mean = 0.0 (flags = 0x41)
0  -O                                                                        (1 = 100.0%)
1  ... 

Histogram: WebContentsObserver.DidStartNavigation recorded 5 samples, mean = 0.0 (flags = 0x41)
0  -----O                                                                    (5 = 100.0%)
1  ... 

Histogram: WebContentsObserver.DidStartNavigation.MainFrame recorded 3 samples, mean = 0.0 (flags = 0x41)
0  ---O                                                                      (3 = 100.0%)
1  ... 

Histogram: WebContentsObserver.DidStartNavigation.Subframe recorded 2 samples, mean = 0.0 (flags = 0x41)
0  --O                                                                       (2 = 100.0%)
1  ... 

Histogram: WebContentsObserver.DidStopLoading recorded 1 samples, mean = 0.0 (flags = 0x41)
0  -O                                                                        (1 = 100.0%)
1  ... 

Histogram: WebContentsObserver.DidUpdateNavigationHandleTiming recorded 5 samples, mean = 0.0 (flags = 0x41)
0  -----O                                                                    (5 = 100.0%)
1  ... 

Histogram: WebContentsObserver.LoadProgressChanged recorded 10 samples, mean = 0.0 (flags = 0x41)
0  ----------O                                                               (10 = 100.0%)
1  ... 

Histogram: WebContentsObserver.NavigationEntryChanged recorded 3 samples, mean = 0.0 (flags = 0x41)
0  ---O                                                                      (3 = 100.0%)
1  ... 

Histogram: WebContentsObserver.NavigationEntryCommitted recorded 2 samples, mean = 0.0 (flags = 0x41)
0  --O                                                                       (2 = 100.0%)
1  ... 

Histogram: WebContentsObserver.PrimaryMainDocumentElementAvailable recorded 1 samples, mean = 0.0 (flags = 0x41)
0  -O                                                                        (1 = 100.0%)
1  ... 

Histogram: WebContentsObserver.RenderFrameCreated recorded 4 samples, mean = 0.0 (flags = 0x41)
0  ----O                                                                     (4 = 100.0%)
1  ... 

Histogram: WebContentsObserver.RenderFrameDeleted recorded 4 samples, mean = 0.0 (flags = 0x41)
0  ----O                                                                     (4 = 100.0%)
1  ... 

Histogram: WebContentsObserver.RenderViewReady recorded 2 samples, mean = 0.0 (flags = 0x41)
0  --O                                                                       (2 = 100.0%)
1  ... 

Histogram: WebContentsObserver.TitleWasSet recorded 1 samples, mean = 0.0 (flags = 0x41)
0  -O                                                                        (1 = 100.0%)
1  ... 

Histogram: WebCore.Scripts.Async.NotStreamingReason recorded 20 samples, mean = 9.0 (flags = 0x41)
0  ... 
9  --------------------O                                                     (20 = 100.0%) {0.0%}
10 ... 

Histogram: WebCore.Scripts.Async.StartedStreaming recorded 26 samples, mean = 0.2 (flags = 0x41)
0  --------------------O                                                     (20 = 76.9%)
1  ------O                                                                   (6 = 23.1%) {76.9%}
2  O                                                                         (0 = 0.0%) {100.0%}

Histogram: WebCore.Scripts.Other.NotStreamingReason recorded 18 samples, mean = 11.0 (flags = 0x41)
0   ... 
11  ------------------O                                                       (18 = 100.0%) {0.0%}
12  ... 

Histogram: WebCore.Scripts.Other.StartedStreaming recorded 18 samples, mean = 0.0 (flags = 0x41)
0  ------------------O                                                       (18 = 100.0%)
1  ... 

Histogram: WebCore.Scripts.V8CodeCacheMetadata.Get recorded 49 samples, mean = 4.1 (flags = 0x41)
0  ---------O                                                                (9 = 18.4%)
1  ... 
5  ----------------------------------------O                                 (40 = 81.6%) {18.4%}
6  O                                                                         (0 = 0.0%) {100.0%}

Histogram: WebCore.Scripts.V8CodeCacheMetadata.Set recorded 3 samples, mean = 0.0 (flags = 0x41)
0  ---O                                                                      (3 = 100.0%)
1  ... 

Histogram: WebCore.Scripts.V8CompileHintsStatus recorded 45 samples, mean = 8.6 (flags = 0x41)
0   ... 
6   --------------------O                                                     (20 = 44.4%) {0.0%}
7   ... 
10  ------O                                                                   (6 = 13.3%) {44.4%}
11  -------------------O                                                      (19 = 42.2%) {57.8%}
12  ... 

Histogram: WebCore.Scripts.V8CrowdsourcedCompileHints.ModelQuality recorded 1 samples, mean = 0.0 (flags = 0x41)
0  -O                                                                        (1 = 100.0%)
1  ... 

Histogram: WebDatabase.InitResult recorded 2 samples, mean = 0.0 (flags = 0x41)
0  --O                                                                       (2 = 100.0%)
1  ... 

Histogram: WebFont.CacheHit recorded 5 samples, mean = 1.4 (flags = 0x41)
0  O                                                                         (0 = 0.0%)
1  ----O                                                                     (4 = 80.0%) {0.0%}
2  O                                                                         (0 = 0.0%) {80.0%}
3  -O                                                                        (1 = 20.0%) {80.0%}
4  O                                                                         (0 = 0.0%) {100.0%}

Histogram: WebFont.Clients.RenderBlockingFonts.ExpiredFonts recorded 1 samples, mean = 1.0 (flags = 0x41)
0  O                                                                         (0 = 0.0%)
1  -O                                                                        (1 = 100.0%) {0.0%}
2  O                                                                         (0 = 0.0%) {100.0%}

Histogram: WebFont.HadBlankText recorded 1 samples, mean = 0.0 (flags = 0x41)
0  -O                                                                        (1 = 100.0%)
1  ... 

Histogram: WebFont.LocalFontUsed recorded 1 samples, mean = 1.0 (flags = 0x41)
0  O                                                                         (0 = 0.0%)
1  -O                                                                        (1 = 100.0%) {0.0%}
2  O                                                                         (0 = 0.0%) {100.0%}

Histogram: Windows.AcLayersLoaded recorded 1 samples, mean = 0.0 (flags = 0x41)
0  -O                                                                        (1 = 100.0%)
1  ... 

Histogram: Windows.CetAvailable recorded 1 samples, mean = 1.0 (flags = 0x41)
0  O                                                                         (0 = 0.0%)
1  -O                                                                        (1 = 100.0%) {0.0%}
2  O                                                                         (0 = 0.0%) {100.0%}

Histogram: Windows.CetEnabled recorded 1 samples, mean = 0.0 (flags = 0x41)
0  -O                                                                        (1 = 100.0%)
1  ... 

Histogram: Windows.DisplayIdFromDeviceId recorded 48 samples, mean = 3.0 (flags = 0x41)
0  ... 
3  ------------------------------------------------O                         (48 = 100.0%) {0.0%}
4  O                                                                         (0 = 0.0%) {100.0%}

Histogram: Windows.DisplayIdFromDeviceKey recorded 48 samples, mean = 3.0 (flags = 0x41)
0  ... 
3  ------------------------------------------------O                         (48 = 100.0%) {0.0%}
4  O                                                                         (0 = 0.0%) {100.0%}

Histogram: Windows.Enclave.SGX.Available recorded 1 samples, mean = 0.0 (flags = 0x41)
0  -O                                                                        (1 = 100.0%)
1  ... 

Histogram: Windows.Enclave.SGX2.Available recorded 1 samples, mean = 0.0 (flags = 0x41)
0  -O                                                                        (1 = 100.0%)
1  ... 

Histogram: Windows.Enclave.VBS.Available recorded 1 samples, mean = 1.0 (flags = 0x41)
0  O                                                                         (0 = 0.0%)
1  -O                                                                        (1 = 100.0%) {0.0%}
2  O                                                                         (0 = 0.0%) {100.0%}

Histogram: Windows.Enclave.VBSBasic.Available recorded 1 samples, mean = 0.0 (flags = 0x41)
0  -O                                                                        (1 = 100.0%)
1  ... 

Histogram: Windows.HasHighResolutionTimeTicks recorded 1 samples, mean = 1.0 (flags = 0x41)
0  O                                                                         (0 = 0.0%)
1  -O                                                                        (1 = 100.0%) {0.0%}
2  O                                                                         (0 = 0.0%) {100.0%}

Histogram: Windows.HasThreadTicks recorded 1 samples, mean = 1.0 (flags = 0x41)
0  O                                                                         (0 = 0.0%)
1  -O                                                                        (1 = 100.0%) {0.0%}
2  O                                                                         (0 = 0.0%) {100.0%}

Histogram: Windows.HighResolutionTimerUsage recorded 180 samples, mean = 0.0 (flags = 0x41)
0  ------------------------------------------------------------------------O (180 = 100.0%)
1  ... 

Histogram: Windows.HypervPresent recorded 1 samples, mean = 1.0 (flags = 0x41)
0  O                                                                         (0 = 0.0%)
1  -O                                                                        (1 = 100.0%) {0.0%}
2  O                                                                         (0 = 0.0%) {100.0%}

Histogram: Windows.LegacyDisplayIdAlgorithm recorded 96 samples, mean = 0.0 (flags = 0x41)
0  ------------------------------------------------------------------------O (96 = 100.0%)
1  ... 

Histogram: Windows.ParallelDllLoadingEnabled recorded 1 samples, mean = 1.0 (flags = 0x41)
0  O                                                                         (0 = 0.0%)
1  -O                                                                        (1 = 100.0%) {0.0%}
2  O                                                                         (0 = 0.0%) {100.0%}

Histogram: Windows.PatchLevel recorded 1 samples (flags = 0x41)
1717052075  -O                                                                        (1 = 100.0%)

Histogram: Windows.PatchLevelKernel32 recorded 1 samples (flags = 0x41)
1710498475  -O                                                                        (1 = 100.0%)

Histogram: Windows.ProcessorFamily recorded 1 samples (flags = 0x41)
198  -O                                                                        (1 = 100.0%)

Histogram: Windows.ProcessorVirtualizationFirmwareEnabled recorded 1 samples, mean = 0.0 (flags = 0x41)
0  -O                                                                        (1 = 100.0%)
1  ... 


