[3180:9644:0729/150237.470:WARNING:chrome_main_delegate.cc(745)] This is Chrome version 128.0.6613.138 (not a warning)
[3180:19556:0729/150237.521:ERROR:google_update_settings.cc(265)] Failed opening key Software\Chromium to set usagestats; result: 5
[3180:9644:0729/150237.555:WARNING:account_consistency_mode_manager.cc(77)] Desktop Identity Consistency cannot be enabled as no OAuth client ID and client secret have been configured.
[3180:9644:0729/150243.475:ERROR:device_event_log_impl.cc(196)] [15:02:43.193] USB: usb_service_win.cc:105 SetupDiGetDeviceProperty({{A45C254E-DF1C-4EFD-8020-67D146A850E0}, 6}) failed: Element not found. (0x490)
[12720:11904:0729/150244.073:WARNING:frame_impl.cc(430)] virtual CefFrameImpl::SendProcessMessage sent to detached frame 5-6788B936E14436F411C9DC13FE750E79 will be ignored
[3180:14552:0729/164536.701:ERROR:cast_crl.cc(443)] CRL - Verification failed.
[19676:21228:0729/180405.461:VERBOSE1:network_delegate.cc(36)] NetworkDelegate::NotifyBeforeURLRequest: https://optimizationguide-pa.googleapis.com/v1:GetModels?key=dummytoken
[19676:21228:0729/180405.487:VERBOSE1:tls_handshaker.cc(105)] TlsClient: Continuing handshake
[19676:21228:0729/180405.487:VERBOSE1:tls_handshaker.cc(126)] TlsClient: SSL_do_handshake returned when entering early data. After retry, rv=-1, SSL_in_early_data=1
[19676:21228:0729/180405.531:VERBOSE1:tls_handshaker.cc(105)] TlsClient: Continuing handshake
[19676:21228:0729/180405.531:VERBOSE1:tls_handshaker.cc(105)] TlsClient: Continuing handshake
[19676:21228:0729/180405.531:VERBOSE1:tls_client_handshaker.cc(528)] Client: handshake finished
[19676:21228:0729/180639.488:VERBOSE1:network_delegate.cc(36)] NetworkDelegate::NotifyBeforeURLRequest: https://optimizationguide-pa.googleapis.com/v1:GetModels?key=dummytoken
[19676:21228:0729/180639.516:VERBOSE1:tls_handshaker.cc(105)] TlsClient: Continuing handshake
[19676:21228:0729/180639.516:VERBOSE1:tls_handshaker.cc(126)] TlsClient: SSL_do_handshake returned when entering early data. After retry, rv=-1, SSL_in_early_data=1
[19676:21228:0729/180639.558:VERBOSE1:tls_handshaker.cc(105)] TlsClient: Continuing handshake
[19676:21228:0729/180639.558:VERBOSE1:tls_handshaker.cc(105)] TlsClient: Continuing handshake
[19676:21228:0729/180639.558:VERBOSE1:tls_client_handshaker.cc(528)] Client: handshake finished
[19676:21228:0729/180913.187:VERBOSE1:network_delegate.cc(36)] NetworkDelegate::NotifyBeforeURLRequest: https://optimizationguide-pa.googleapis.com/v1:GetModels?key=dummytoken
[19676:21228:0729/180913.211:VERBOSE1:tls_handshaker.cc(105)] TlsClient: Continuing handshake
[19676:21228:0729/180913.258:VERBOSE1:tls_handshaker.cc(105)] TlsClient: Continuing handshake
[19676:21228:0729/180913.854:VERBOSE1:tls_handshaker.cc(105)] TlsClient: Continuing handshake
[19676:21228:0729/180913.855:VERBOSE1:tls_handshaker.cc(126)] TlsClient: SSL_do_handshake returned when entering early data. After retry, rv=-1, SSL_in_early_data=1
[19676:21228:0729/180913.855:VERBOSE1:tls_handshaker.cc(105)] TlsClient: Continuing handshake
[19676:21228:0729/180913.855:VERBOSE1:tls_client_handshaker.cc(528)] Client: handshake finished
[19676:21228:0729/181152.884:VERBOSE1:network_delegate.cc(36)] NetworkDelegate::NotifyBeforeURLRequest: https://optimizationguide-pa.googleapis.com/v1:GetModels?key=dummytoken
[19676:21228:0729/181152.912:VERBOSE1:tls_handshaker.cc(105)] TlsClient: Continuing handshake
[19676:21228:0729/181152.912:VERBOSE1:tls_handshaker.cc(126)] TlsClient: SSL_do_handshake returned when entering early data. After retry, rv=-1, SSL_in_early_data=1
[19676:21228:0729/181152.954:VERBOSE1:tls_handshaker.cc(105)] TlsClient: Continuing handshake
[19676:21228:0729/181152.954:VERBOSE1:tls_handshaker.cc(105)] TlsClient: Continuing handshake
[19676:21228:0729/181152.954:VERBOSE1:tls_client_handshaker.cc(528)] Client: handshake finished
[19676:21228:0729/181437.592:VERBOSE1:network_delegate.cc(36)] NetworkDelegate::NotifyBeforeURLRequest: https://optimizationguide-pa.googleapis.com/v1:GetModels?key=dummytoken
[19676:21228:0729/181437.617:VERBOSE1:tls_handshaker.cc(105)] TlsClient: Continuing handshake
[19676:21228:0729/181437.617:VERBOSE1:tls_handshaker.cc(126)] TlsClient: SSL_do_handshake returned when entering early data. After retry, rv=-1, SSL_in_early_data=1
[19676:21228:0729/181437.660:VERBOSE1:tls_handshaker.cc(105)] TlsClient: Continuing handshake
[19676:21228:0729/181437.660:VERBOSE1:tls_handshaker.cc(105)] TlsClient: Continuing handshake
[19676:21228:0729/181437.660:VERBOSE1:tls_client_handshaker.cc(528)] Client: handshake finished
[19676:21228:0729/181735.621:VERBOSE1:network_delegate.cc(36)] NetworkDelegate::NotifyBeforeURLRequest: https://optimizationguide-pa.googleapis.com/v1:GetModels?key=dummytoken
[19676:21228:0729/181735.646:VERBOSE1:tls_handshaker.cc(105)] TlsClient: Continuing handshake
[19676:21228:0729/181735.646:VERBOSE1:tls_handshaker.cc(126)] TlsClient: SSL_do_handshake returned when entering early data. After retry, rv=-1, SSL_in_early_data=1
[19676:21228:0729/181735.686:VERBOSE1:tls_handshaker.cc(105)] TlsClient: Continuing handshake
[19676:21228:0729/181735.686:VERBOSE1:tls_handshaker.cc(105)] TlsClient: Continuing handshake
[19676:21228:0729/181735.686:VERBOSE1:tls_client_handshaker.cc(528)] Client: handshake finished
[19676:21228:0729/182031.649:VERBOSE1:network_delegate.cc(36)] NetworkDelegate::NotifyBeforeURLRequest: https://optimizationguide-pa.googleapis.com/v1:GetModels?key=dummytoken
[19676:21228:0729/182031.678:VERBOSE1:tls_handshaker.cc(105)] TlsClient: Continuing handshake
[19676:21228:0729/182031.678:VERBOSE1:tls_handshaker.cc(126)] TlsClient: SSL_do_handshake returned when entering early data. After retry, rv=-1, SSL_in_early_data=1
[19676:21228:0729/182031.721:VERBOSE1:tls_handshaker.cc(105)] TlsClient: Continuing handshake
[19676:21228:0729/182031.721:VERBOSE1:tls_handshaker.cc(105)] TlsClient: Continuing handshake
[19676:21228:0729/182031.721:VERBOSE1:tls_client_handshaker.cc(528)] Client: handshake finished
[19676:21228:0729/182320.687:VERBOSE1:network_delegate.cc(36)] NetworkDelegate::NotifyBeforeURLRequest: https://optimizationguide-pa.googleapis.com/v1:GetModels?key=dummytoken
[19676:21228:0729/182320.687:VERBOSE1:tls_handshaker.cc(105)] TlsClient: Continuing handshake
[19676:21228:0729/182320.688:VERBOSE1:tls_handshaker.cc(126)] TlsClient: SSL_do_handshake returned when entering early data. After retry, rv=-1, SSL_in_early_data=1
[19676:21228:0729/182320.728:VERBOSE1:tls_handshaker.cc(105)] TlsClient: Continuing handshake
[19676:21228:0729/182320.728:VERBOSE1:tls_handshaker.cc(105)] TlsClient: Continuing handshake
[19676:21228:0729/182320.728:VERBOSE1:tls_client_handshaker.cc(528)] Client: handshake finished
[19676:21228:0729/182607.387:VERBOSE1:network_delegate.cc(36)] NetworkDelegate::NotifyBeforeURLRequest: https://optimizationguide-pa.googleapis.com/v1:GetModels?key=dummytoken
[19676:21228:0729/182607.417:VERBOSE1:tls_handshaker.cc(105)] TlsClient: Continuing handshake
[19676:21228:0729/182607.417:VERBOSE1:tls_handshaker.cc(126)] TlsClient: SSL_do_handshake returned when entering early data. After retry, rv=-1, SSL_in_early_data=1
[19676:21228:0729/182607.461:VERBOSE1:tls_handshaker.cc(105)] TlsClient: Continuing handshake
[19676:21228:0729/182607.461:VERBOSE1:tls_handshaker.cc(105)] TlsClient: Continuing handshake
[19676:21228:0729/182607.461:VERBOSE1:tls_client_handshaker.cc(528)] Client: handshake finished
[19676:21228:0729/182903.420:VERBOSE1:network_delegate.cc(36)] NetworkDelegate::NotifyBeforeURLRequest: https://optimizationguide-pa.googleapis.com/v1:GetModels?key=dummytoken
[19676:21228:0729/182903.421:VERBOSE1:tls_handshaker.cc(105)] TlsClient: Continuing handshake
[19676:21228:0729/182903.421:VERBOSE1:tls_handshaker.cc(126)] TlsClient: SSL_do_handshake returned when entering early data. After retry, rv=-1, SSL_in_early_data=1
[19676:21228:0729/182903.465:VERBOSE1:tls_handshaker.cc(105)] TlsClient: Continuing handshake
[19676:21228:0729/182903.466:VERBOSE1:tls_handshaker.cc(105)] TlsClient: Continuing handshake
[19676:21228:0729/182903.466:VERBOSE1:tls_client_handshaker.cc(528)] Client: handshake finished
[19676:21228:0729/183134.463:VERBOSE1:network_delegate.cc(36)] NetworkDelegate::NotifyBeforeURLRequest: https://optimizationguide-pa.googleapis.com/v1:GetModels?key=dummytoken
[19676:21228:0729/183134.483:VERBOSE1:tls_handshaker.cc(105)] TlsClient: Continuing handshake
[19676:21228:0729/183134.483:VERBOSE1:tls_handshaker.cc(126)] TlsClient: SSL_do_handshake returned when entering early data. After retry, rv=-1, SSL_in_early_data=1
[19676:21228:0729/183134.527:VERBOSE1:tls_handshaker.cc(105)] TlsClient: Continuing handshake
[19676:21228:0729/183134.527:VERBOSE1:tls_handshaker.cc(105)] TlsClient: Continuing handshake
[19676:21228:0729/183134.527:VERBOSE1:tls_client_handshaker.cc(528)] Client: handshake finished
[19676:21228:0729/183421.826:VERBOSE1:network_delegate.cc(36)] NetworkDelegate::NotifyBeforeURLRequest: https://optimizationguide-pa.googleapis.com/v1:GetModels?key=dummytoken
[19676:21228:0729/183421.827:VERBOSE1:tls_handshaker.cc(105)] TlsClient: Continuing handshake
[19676:21228:0729/183421.827:VERBOSE1:tls_handshaker.cc(126)] TlsClient: SSL_do_handshake returned when entering early data. After retry, rv=-1, SSL_in_early_data=1
[19676:21228:0729/183421.873:VERBOSE1:tls_handshaker.cc(105)] TlsClient: Continuing handshake
[19676:21228:0729/183421.873:VERBOSE1:tls_handshaker.cc(105)] TlsClient: Continuing handshake
[19676:21228:0729/183421.873:VERBOSE1:tls_client_handshaker.cc(528)] Client: handshake finished
[19676:21228:0729/183702.525:VERBOSE1:network_delegate.cc(36)] NetworkDelegate::NotifyBeforeURLRequest: https://optimizationguide-pa.googleapis.com/v1:GetModels?key=dummytoken
[19676:21228:0729/183702.550:VERBOSE1:tls_handshaker.cc(105)] TlsClient: Continuing handshake
[19676:21228:0729/183702.550:VERBOSE1:tls_handshaker.cc(126)] TlsClient: SSL_do_handshake returned when entering early data. After retry, rv=-1, SSL_in_early_data=1
[19676:21228:0729/183702.595:VERBOSE1:tls_handshaker.cc(105)] TlsClient: Continuing handshake
[19676:21228:0729/183702.595:VERBOSE1:tls_handshaker.cc(105)] TlsClient: Continuing handshake
[19676:21228:0729/183702.595:VERBOSE1:tls_client_handshaker.cc(528)] Client: handshake finished
[19676:21228:0729/183937.891:VERBOSE1:network_delegate.cc(36)] NetworkDelegate::NotifyBeforeURLRequest: https://optimizationguide-pa.googleapis.com/v1:GetModels?key=dummytoken
[19676:21228:0729/183937.920:VERBOSE1:tls_handshaker.cc(105)] TlsClient: Continuing handshake
[19676:21228:0729/183937.963:VERBOSE1:tls_handshaker.cc(105)] TlsClient: Continuing handshake
[19676:21228:0729/183938.560:VERBOSE1:tls_handshaker.cc(105)] TlsClient: Continuing handshake
[19676:21228:0729/183938.560:VERBOSE1:tls_handshaker.cc(126)] TlsClient: SSL_do_handshake returned when entering early data. After retry, rv=-1, SSL_in_early_data=1
[19676:21228:0729/183938.560:VERBOSE1:tls_handshaker.cc(105)] TlsClient: Continuing handshake
[19676:21228:0729/183938.560:VERBOSE1:tls_client_handshaker.cc(528)] Client: handshake finished
[19676:21228:0729/184232.601:VERBOSE1:network_delegate.cc(36)] NetworkDelegate::NotifyBeforeURLRequest: https://optimizationguide-pa.googleapis.com/v1:GetModels?key=dummytoken
[19676:21228:0729/184232.625:VERBOSE1:tls_handshaker.cc(105)] TlsClient: Continuing handshake
[19676:21228:0729/184232.626:VERBOSE1:tls_handshaker.cc(126)] TlsClient: SSL_do_handshake returned when entering early data. After retry, rv=-1, SSL_in_early_data=1
[19676:21228:0729/184232.671:VERBOSE1:tls_handshaker.cc(105)] TlsClient: Continuing handshake
[19676:21228:0729/184232.671:VERBOSE1:tls_handshaker.cc(105)] TlsClient: Continuing handshake
[19676:21228:0729/184232.671:VERBOSE1:tls_client_handshaker.cc(528)] Client: handshake finished
[19676:21228:0729/184516.976:VERBOSE1:network_delegate.cc(36)] NetworkDelegate::NotifyBeforeURLRequest: https://optimizationguide-pa.googleapis.com/v1:GetModels?key=dummytoken
[19676:21228:0729/184517.002:VERBOSE1:tls_handshaker.cc(105)] TlsClient: Continuing handshake
[19676:21228:0729/184517.002:VERBOSE1:tls_handshaker.cc(126)] TlsClient: SSL_do_handshake returned when entering early data. After retry, rv=-1, SSL_in_early_data=1
[19676:21228:0729/184517.041:VERBOSE1:tls_handshaker.cc(105)] TlsClient: Continuing handshake
[19676:21228:0729/184517.041:VERBOSE1:tls_handshaker.cc(105)] TlsClient: Continuing handshake
[19676:21228:0729/184517.041:VERBOSE1:tls_client_handshaker.cc(528)] Client: handshake finished
[19676:21228:0729/184756.685:VERBOSE1:network_delegate.cc(36)] NetworkDelegate::NotifyBeforeURLRequest: https://optimizationguide-pa.googleapis.com/v1:GetModels?key=dummytoken
[19676:21228:0729/184756.715:VERBOSE1:tls_handshaker.cc(105)] TlsClient: Continuing handshake
[19676:21228:0729/184756.715:VERBOSE1:tls_handshaker.cc(126)] TlsClient: SSL_do_handshake returned when entering early data. After retry, rv=-1, SSL_in_early_data=1
[19676:21228:0729/184756.759:VERBOSE1:tls_handshaker.cc(105)] TlsClient: Continuing handshake
[19676:21228:0729/184756.759:VERBOSE1:tls_handshaker.cc(105)] TlsClient: Continuing handshake
[19676:21228:0729/184756.759:VERBOSE1:tls_client_handshaker.cc(528)] Client: handshake finished
[19676:21228:0729/185049.054:VERBOSE1:network_delegate.cc(36)] NetworkDelegate::NotifyBeforeURLRequest: https://optimizationguide-pa.googleapis.com/v1:GetModels?key=dummytoken
[19676:21228:0729/185049.076:VERBOSE1:tls_handshaker.cc(105)] TlsClient: Continuing handshake
[19676:21228:0729/185049.077:VERBOSE1:tls_handshaker.cc(126)] TlsClient: SSL_do_handshake returned when entering early data. After retry, rv=-1, SSL_in_early_data=1
[19676:21228:0729/185049.120:VERBOSE1:tls_handshaker.cc(105)] TlsClient: Continuing handshake
[19676:21228:0729/185049.120:VERBOSE1:tls_handshaker.cc(105)] TlsClient: Continuing handshake
[19676:21228:0729/185049.120:VERBOSE1:tls_client_handshaker.cc(528)] Client: handshake finished
[19676:21228:0729/185333.429:VERBOSE1:network_delegate.cc(36)] NetworkDelegate::NotifyBeforeURLRequest: https://optimizationguide-pa.googleapis.com/v1:GetModels?key=dummytoken
[19676:21228:0729/185333.458:VERBOSE1:tls_handshaker.cc(105)] TlsClient: Continuing handshake
[19676:21228:0729/185333.458:VERBOSE1:tls_handshaker.cc(126)] TlsClient: SSL_do_handshake returned when entering early data. After retry, rv=-1, SSL_in_early_data=1
[19676:21228:0729/185333.499:VERBOSE1:tls_handshaker.cc(105)] TlsClient: Continuing handshake
[19676:21228:0729/185333.499:VERBOSE1:tls_handshaker.cc(105)] TlsClient: Continuing handshake
[19676:21228:0729/185333.499:VERBOSE1:tls_client_handshaker.cc(528)] Client: handshake finished
[19676:21228:0729/185615.809:VERBOSE1:network_delegate.cc(36)] NetworkDelegate::NotifyBeforeURLRequest: https://optimizationguide-pa.googleapis.com/v1:GetModels?key=dummytoken
[19676:21228:0729/185615.840:VERBOSE1:tls_handshaker.cc(105)] TlsClient: Continuing handshake
[19676:21228:0729/185615.841:VERBOSE1:tls_handshaker.cc(126)] TlsClient: SSL_do_handshake returned when entering early data. After retry, rv=-1, SSL_in_early_data=1
[19676:21228:0729/185615.884:VERBOSE1:tls_handshaker.cc(105)] TlsClient: Continuing handshake
[19676:21228:0729/185615.884:VERBOSE1:tls_handshaker.cc(105)] TlsClient: Continuing handshake
[19676:21228:0729/185615.884:VERBOSE1:tls_client_handshaker.cc(528)] Client: handshake finished
[19676:21228:0729/185905.188:VERBOSE1:network_delegate.cc(36)] NetworkDelegate::NotifyBeforeURLRequest: https://optimizationguide-pa.googleapis.com/v1:GetModels?key=dummytoken
[19676:21228:0729/185905.189:VERBOSE1:tls_handshaker.cc(105)] TlsClient: Continuing handshake
[19676:21228:0729/185905.189:VERBOSE1:tls_handshaker.cc(126)] TlsClient: SSL_do_handshake returned when entering early data. After retry, rv=-1, SSL_in_early_data=1
[19676:21228:0729/185905.231:VERBOSE1:tls_handshaker.cc(105)] TlsClient: Continuing handshake
[19676:21228:0729/185905.231:VERBOSE1:tls_handshaker.cc(105)] TlsClient: Continuing handshake
[19676:21228:0729/185905.231:VERBOSE1:tls_client_handshaker.cc(528)] Client: handshake finished
[19676:21228:0729/190138.213:VERBOSE1:network_delegate.cc(36)] NetworkDelegate::NotifyBeforeURLRequest: https://optimizationguide-pa.googleapis.com/v1:GetModels?key=dummytoken
[19676:21228:0729/190138.236:VERBOSE1:tls_handshaker.cc(105)] TlsClient: Continuing handshake
[19676:21228:0729/190138.236:VERBOSE1:tls_handshaker.cc(126)] TlsClient: SSL_do_handshake returned when entering early data. After retry, rv=-1, SSL_in_early_data=1
[19676:21228:0729/190138.279:VERBOSE1:tls_handshaker.cc(105)] TlsClient: Continuing handshake
[19676:21228:0729/190138.279:VERBOSE1:tls_handshaker.cc(105)] TlsClient: Continuing handshake
[19676:21228:0729/190138.279:VERBOSE1:tls_client_handshaker.cc(528)] Client: handshake finished
[19676:21228:0729/190435.589:VERBOSE1:network_delegate.cc(36)] NetworkDelegate::NotifyBeforeURLRequest: https://optimizationguide-pa.googleapis.com/v1:GetModels?key=dummytoken
[19676:21228:0729/190435.590:VERBOSE1:tls_handshaker.cc(105)] TlsClient: Continuing handshake
[19676:21228:0729/190435.590:VERBOSE1:tls_handshaker.cc(126)] TlsClient: SSL_do_handshake returned when entering early data. After retry, rv=-1, SSL_in_early_data=1
[19676:21228:0729/190435.632:VERBOSE1:tls_handshaker.cc(105)] TlsClient: Continuing handshake
[19676:21228:0729/190435.632:VERBOSE1:tls_handshaker.cc(105)] TlsClient: Continuing handshake
[19676:21228:0729/190435.632:VERBOSE1:tls_client_handshaker.cc(528)] Client: handshake finished
[19676:21228:0729/190711.313:VERBOSE1:network_delegate.cc(36)] NetworkDelegate::NotifyBeforeURLRequest: https://optimizationguide-pa.googleapis.com/v1:GetModels?key=dummytoken
[19676:21228:0729/190711.336:VERBOSE1:tls_handshaker.cc(105)] TlsClient: Continuing handshake
[19676:21228:0729/190711.336:VERBOSE1:tls_handshaker.cc(126)] TlsClient: SSL_do_handshake returned when entering early data. After retry, rv=-1, SSL_in_early_data=1
[19676:21228:0729/190711.379:VERBOSE1:tls_handshaker.cc(105)] TlsClient: Continuing handshake
[19676:21228:0729/190711.379:VERBOSE1:tls_handshaker.cc(105)] TlsClient: Continuing handshake
[19676:21228:0729/190711.379:VERBOSE1:tls_client_handshaker.cc(528)] Client: handshake finished
[19676:21228:0729/191000.683:VERBOSE1:network_delegate.cc(36)] NetworkDelegate::NotifyBeforeURLRequest: https://optimizationguide-pa.googleapis.com/v1:GetModels?key=dummytoken
[19676:21228:0729/191000.711:VERBOSE1:tls_handshaker.cc(105)] TlsClient: Continuing handshake
[19676:21228:0729/191000.756:VERBOSE1:tls_handshaker.cc(105)] TlsClient: Continuing handshake
[19676:21228:0729/191001.352:VERBOSE1:tls_handshaker.cc(105)] TlsClient: Continuing handshake
[19676:21228:0729/191001.353:VERBOSE1:tls_handshaker.cc(126)] TlsClient: SSL_do_handshake returned when entering early data. After retry, rv=-1, SSL_in_early_data=1
[19676:21228:0729/191001.353:VERBOSE1:tls_handshaker.cc(105)] TlsClient: Continuing handshake
[19676:21228:0729/191001.353:VERBOSE1:tls_client_handshaker.cc(528)] Client: handshake finished
[19676:21228:0729/191243.726:VERBOSE1:network_delegate.cc(36)] NetworkDelegate::NotifyBeforeURLRequest: https://optimizationguide-pa.googleapis.com/v1:GetModels?key=dummytoken
[19676:21228:0729/191243.727:VERBOSE1:tls_handshaker.cc(105)] TlsClient: Continuing handshake
[19676:21228:0729/191243.727:VERBOSE1:tls_handshaker.cc(126)] TlsClient: SSL_do_handshake returned when entering early data. After retry, rv=-1, SSL_in_early_data=1
[19676:21228:0729/191243.773:VERBOSE1:tls_handshaker.cc(105)] TlsClient: Continuing handshake
[19676:21228:0729/191243.773:VERBOSE1:tls_handshaker.cc(105)] TlsClient: Continuing handshake
[19676:21228:0729/191243.773:VERBOSE1:tls_client_handshaker.cc(528)] Client: handshake finished
[19676:21228:0729/191531.768:VERBOSE1:network_delegate.cc(36)] NetworkDelegate::NotifyBeforeURLRequest: https://optimizationguide-pa.googleapis.com/v1:GetModels?key=dummytoken
[19676:21228:0729/191531.797:VERBOSE1:tls_handshaker.cc(105)] TlsClient: Continuing handshake
[19676:21228:0729/191531.798:VERBOSE1:tls_handshaker.cc(126)] TlsClient: SSL_do_handshake returned when entering early data. After retry, rv=-1, SSL_in_early_data=1
[19676:21228:0729/191531.842:VERBOSE1:tls_handshaker.cc(105)] TlsClient: Continuing handshake
[19676:21228:0729/191531.842:VERBOSE1:tls_handshaker.cc(105)] TlsClient: Continuing handshake
[19676:21228:0729/191531.842:VERBOSE1:tls_client_handshaker.cc(528)] Client: handshake finished
[19676:21228:0729/191813.804:VERBOSE1:network_delegate.cc(36)] NetworkDelegate::NotifyBeforeURLRequest: https://optimizationguide-pa.googleapis.com/v1:GetModels?key=dummytoken
[19676:21228:0729/191813.804:VERBOSE1:tls_handshaker.cc(105)] TlsClient: Continuing handshake
[19676:21228:0729/191813.804:VERBOSE1:tls_handshaker.cc(126)] TlsClient: SSL_do_handshake returned when entering early data. After retry, rv=-1, SSL_in_early_data=1
[19676:21228:0729/191813.852:VERBOSE1:tls_handshaker.cc(105)] TlsClient: Continuing handshake
[19676:21228:0729/191813.852:VERBOSE1:tls_handshaker.cc(105)] TlsClient: Continuing handshake
[19676:21228:0729/191813.852:VERBOSE1:tls_client_handshaker.cc(528)] Client: handshake finished
[19676:21228:0729/192044.504:VERBOSE1:network_delegate.cc(36)] NetworkDelegate::NotifyBeforeURLRequest: https://optimizationguide-pa.googleapis.com/v1:GetModels?key=dummytoken
[19676:21228:0729/192044.530:VERBOSE1:tls_handshaker.cc(105)] TlsClient: Continuing handshake
[19676:21228:0729/192044.530:VERBOSE1:tls_handshaker.cc(126)] TlsClient: SSL_do_handshake returned when entering early data. After retry, rv=-1, SSL_in_early_data=1
[19676:21228:0729/192044.573:VERBOSE1:tls_handshaker.cc(105)] TlsClient: Continuing handshake
[19676:21228:0729/192044.573:VERBOSE1:tls_handshaker.cc(105)] TlsClient: Continuing handshake
[19676:21228:0729/192044.573:VERBOSE1:tls_client_handshaker.cc(528)] Client: handshake finished
[19676:21228:0729/192324.867:VERBOSE1:network_delegate.cc(36)] NetworkDelegate::NotifyBeforeURLRequest: https://optimizationguide-pa.googleapis.com/v1:GetModels?key=dummytoken
[19676:21228:0729/192324.890:VERBOSE1:tls_handshaker.cc(105)] TlsClient: Continuing handshake
[19676:21228:0729/192324.890:VERBOSE1:tls_handshaker.cc(126)] TlsClient: SSL_do_handshake returned when entering early data. After retry, rv=-1, SSL_in_early_data=1
[19676:21228:0729/192324.932:VERBOSE1:tls_handshaker.cc(105)] TlsClient: Continuing handshake
[19676:21228:0729/192324.932:VERBOSE1:tls_handshaker.cc(105)] TlsClient: Continuing handshake
[19676:21228:0729/192324.932:VERBOSE1:tls_client_handshaker.cc(528)] Client: handshake finished
[19676:21228:0729/192621.914:VERBOSE1:network_delegate.cc(36)] NetworkDelegate::NotifyBeforeURLRequest: https://optimizationguide-pa.googleapis.com/v1:GetModels?key=dummytoken
[19676:21228:0729/192621.946:VERBOSE1:tls_handshaker.cc(105)] TlsClient: Continuing handshake
[19676:21228:0729/192621.946:VERBOSE1:tls_handshaker.cc(126)] TlsClient: SSL_do_handshake returned when entering early data. After retry, rv=-1, SSL_in_early_data=1
[19676:21228:0729/192621.984:VERBOSE1:tls_handshaker.cc(105)] TlsClient: Continuing handshake
[19676:21228:0729/192621.984:VERBOSE1:tls_handshaker.cc(105)] TlsClient: Continuing handshake
[19676:21228:0729/192621.984:VERBOSE1:tls_client_handshaker.cc(528)] Client: handshake finished
[19676:21228:0729/192857.283:VERBOSE1:network_delegate.cc(36)] NetworkDelegate::NotifyBeforeURLRequest: https://optimizationguide-pa.googleapis.com/v1:GetModels?key=dummytoken
[19676:21228:0729/192857.283:VERBOSE1:tls_handshaker.cc(105)] TlsClient: Continuing handshake
[19676:21228:0729/192857.284:VERBOSE1:tls_handshaker.cc(126)] TlsClient: SSL_do_handshake returned when entering early data. After retry, rv=-1, SSL_in_early_data=1
[19676:21228:0729/192857.330:VERBOSE1:tls_handshaker.cc(105)] TlsClient: Continuing handshake
[19676:21228:0729/192857.330:VERBOSE1:tls_handshaker.cc(105)] TlsClient: Continuing handshake
[19676:21228:0729/192857.330:VERBOSE1:tls_client_handshaker.cc(528)] Client: handshake finished
[19676:21228:0729/193150.990:VERBOSE1:network_delegate.cc(36)] NetworkDelegate::NotifyBeforeURLRequest: https://optimizationguide-pa.googleapis.com/v1:GetModels?key=dummytoken
[19676:21228:0729/193151.015:VERBOSE1:tls_handshaker.cc(105)] TlsClient: Continuing handshake
[19676:21228:0729/193151.015:VERBOSE1:tls_handshaker.cc(126)] TlsClient: SSL_do_handshake returned when entering early data. After retry, rv=-1, SSL_in_early_data=1
[19676:21228:0729/193151.057:VERBOSE1:tls_handshaker.cc(105)] TlsClient: Continuing handshake
[19676:21228:0729/193151.057:VERBOSE1:tls_handshaker.cc(105)] TlsClient: Continuing handshake
[19676:21228:0729/193151.057:VERBOSE1:tls_client_handshaker.cc(528)] Client: handshake finished
[19676:21228:0729/193421.346:VERBOSE1:network_delegate.cc(36)] NetworkDelegate::NotifyBeforeURLRequest: https://optimizationguide-pa.googleapis.com/v1:GetModels?key=dummytoken
[19676:21228:0729/193421.377:VERBOSE1:tls_handshaker.cc(105)] TlsClient: Continuing handshake
[19676:21228:0729/193421.377:VERBOSE1:tls_handshaker.cc(126)] TlsClient: SSL_do_handshake returned when entering early data. After retry, rv=-1, SSL_in_early_data=1
[19676:21228:0729/193421.419:VERBOSE1:tls_handshaker.cc(105)] TlsClient: Continuing handshake
[19676:21228:0729/193421.419:VERBOSE1:tls_handshaker.cc(105)] TlsClient: Continuing handshake
[19676:21228:0729/193421.420:VERBOSE1:tls_client_handshaker.cc(528)] Client: handshake finished
[19676:21228:0729/193700.721:VERBOSE1:network_delegate.cc(36)] NetworkDelegate::NotifyBeforeURLRequest: https://optimizationguide-pa.googleapis.com/v1:GetModels?key=dummytoken
[19676:21228:0729/193700.745:VERBOSE1:tls_handshaker.cc(105)] TlsClient: Continuing handshake
[19676:21228:0729/193700.745:VERBOSE1:tls_handshaker.cc(126)] TlsClient: SSL_do_handshake returned when entering early data. After retry, rv=-1, SSL_in_early_data=1
[19676:21228:0729/193700.789:VERBOSE1:tls_handshaker.cc(105)] TlsClient: Continuing handshake
[19676:21228:0729/193700.789:VERBOSE1:tls_handshaker.cc(105)] TlsClient: Continuing handshake
[19676:21228:0729/193700.789:VERBOSE1:tls_client_handshaker.cc(528)] Client: handshake finished
[19676:21228:0729/193946.754:VERBOSE1:network_delegate.cc(36)] NetworkDelegate::NotifyBeforeURLRequest: https://optimizationguide-pa.googleapis.com/v1:GetModels?key=dummytoken
[19676:21228:0729/193946.778:VERBOSE1:tls_handshaker.cc(105)] TlsClient: Continuing handshake
[19676:21228:0729/193946.778:VERBOSE1:tls_handshaker.cc(126)] TlsClient: SSL_do_handshake returned when entering early data. After retry, rv=-1, SSL_in_early_data=1
[19676:21228:0729/193946.818:VERBOSE1:tls_handshaker.cc(105)] TlsClient: Continuing handshake
[19676:21228:0729/193946.818:VERBOSE1:tls_handshaker.cc(105)] TlsClient: Continuing handshake
[19676:21228:0729/193946.818:VERBOSE1:tls_client_handshaker.cc(528)] Client: handshake finished
[19676:21228:0729/194227.463:VERBOSE1:network_delegate.cc(36)] NetworkDelegate::NotifyBeforeURLRequest: https://optimizationguide-pa.googleapis.com/v1:GetModels?key=dummytoken
[19676:21228:0729/194227.490:VERBOSE1:tls_handshaker.cc(105)] TlsClient: Continuing handshake
[19676:21228:0729/194227.531:VERBOSE1:tls_handshaker.cc(105)] TlsClient: Continuing handshake
[19676:21228:0729/194228.129:VERBOSE1:tls_handshaker.cc(105)] TlsClient: Continuing handshake
[19676:21228:0729/194228.129:VERBOSE1:tls_handshaker.cc(126)] TlsClient: SSL_do_handshake returned when entering early data. After retry, rv=-1, SSL_in_early_data=1
[19676:21228:0729/194228.129:VERBOSE1:tls_handshaker.cc(105)] TlsClient: Continuing handshake
[19676:21228:0729/194228.129:VERBOSE1:tls_client_handshaker.cc(528)] Client: handshake finished
[19676:21228:0729/194523.498:VERBOSE1:network_delegate.cc(36)] NetworkDelegate::NotifyBeforeURLRequest: https://optimizationguide-pa.googleapis.com/v1:GetModels?key=dummytoken
[19676:21228:0729/194523.524:VERBOSE1:tls_handshaker.cc(105)] TlsClient: Continuing handshake
[19676:21228:0729/194523.524:VERBOSE1:tls_handshaker.cc(126)] TlsClient: SSL_do_handshake returned when entering early data. After retry, rv=-1, SSL_in_early_data=1
[19676:21228:0729/194523.565:VERBOSE1:tls_handshaker.cc(105)] TlsClient: Continuing handshake
[19676:21228:0729/194523.565:VERBOSE1:tls_handshaker.cc(105)] TlsClient: Continuing handshake
[19676:21228:0729/194523.565:VERBOSE1:tls_client_handshaker.cc(528)] Client: handshake finished
[19676:21228:0729/194821.203:VERBOSE1:network_delegate.cc(36)] NetworkDelegate::NotifyBeforeURLRequest: https://optimizationguide-pa.googleapis.com/v1:GetModels?key=dummytoken
[19676:21228:0729/194821.204:VERBOSE1:tls_handshaker.cc(105)] TlsClient: Continuing handshake
[19676:21228:0729/194821.204:VERBOSE1:tls_handshaker.cc(126)] TlsClient: SSL_do_handshake returned when entering early data. After retry, rv=-1, SSL_in_early_data=1
[19676:21228:0729/194821.251:VERBOSE1:tls_handshaker.cc(105)] TlsClient: Continuing handshake
[19676:21228:0729/194821.251:VERBOSE1:tls_handshaker.cc(105)] TlsClient: Continuing handshake
[19676:21228:0729/194821.251:VERBOSE1:tls_client_handshaker.cc(528)] Client: handshake finished
[19676:21228:0729/195112.915:VERBOSE1:network_delegate.cc(36)] NetworkDelegate::NotifyBeforeURLRequest: https://optimizationguide-pa.googleapis.com/v1:GetModels?key=dummytoken
[19676:21228:0729/195112.942:VERBOSE1:tls_handshaker.cc(105)] TlsClient: Continuing handshake
[19676:21228:0729/195112.943:VERBOSE1:tls_handshaker.cc(126)] TlsClient: SSL_do_handshake returned when entering early data. After retry, rv=-1, SSL_in_early_data=1
[19676:21228:0729/195112.984:VERBOSE1:tls_handshaker.cc(105)] TlsClient: Continuing handshake
[19676:21228:0729/195112.984:VERBOSE1:tls_handshaker.cc(105)] TlsClient: Continuing handshake
[19676:21228:0729/195112.984:VERBOSE1:tls_client_handshaker.cc(528)] Client: handshake finished
[19676:21228:0729/195350.966:VERBOSE1:network_delegate.cc(36)] NetworkDelegate::NotifyBeforeURLRequest: https://optimizationguide-pa.googleapis.com/v1:GetModels?key=dummytoken
[19676:21228:0729/195350.993:VERBOSE1:tls_handshaker.cc(105)] TlsClient: Continuing handshake
[19676:21228:0729/195350.993:VERBOSE1:tls_handshaker.cc(126)] TlsClient: SSL_do_handshake returned when entering early data. After retry, rv=-1, SSL_in_early_data=1
[19676:21228:0729/195351.033:VERBOSE1:tls_handshaker.cc(105)] TlsClient: Continuing handshake
[19676:21228:0729/195351.033:VERBOSE1:tls_handshaker.cc(105)] TlsClient: Continuing handshake
[19676:21228:0729/195351.033:VERBOSE1:tls_client_handshaker.cc(528)] Client: handshake finished
[3180:9644:0729/195403.635:VERBOSE1:profile_manager.cc(1325)] AddKeepAlive(Default, kExtensionUpdater). keep_alives=[kWaitingForFirstBrowserWindow (1), kAppWindow (1), kExtensionUpdater (1)]
[3180:9644:0729/195403.635:VERBOSE1:profile_manager.cc(1377)] RemoveKeepAlive(Default, kExtensionUpdater). keep_alives=[kWaitingForFirstBrowserWindow (1), kAppWindow (1)]
[19676:21228:0729/195636.674:VERBOSE1:network_delegate.cc(36)] NetworkDelegate::NotifyBeforeURLRequest: https://optimizationguide-pa.googleapis.com/v1:GetModels?key=dummytoken
[19676:21228:0729/195636.705:VERBOSE1:tls_handshaker.cc(105)] TlsClient: Continuing handshake
[19676:21228:0729/195636.705:VERBOSE1:tls_handshaker.cc(126)] TlsClient: SSL_do_handshake returned when entering early data. After retry, rv=-1, SSL_in_early_data=1
[19676:21228:0729/195636.745:VERBOSE1:tls_handshaker.cc(105)] TlsClient: Continuing handshake
[19676:21228:0729/195636.745:VERBOSE1:tls_handshaker.cc(105)] TlsClient: Continuing handshake
[19676:21228:0729/195636.745:VERBOSE1:tls_client_handshaker.cc(528)] Client: handshake finished
[19676:21228:0729/195916.735:VERBOSE1:network_delegate.cc(36)] NetworkDelegate::NotifyBeforeURLRequest: https://optimizationguide-pa.googleapis.com/v1:GetModels?key=dummytoken
[19676:21228:0729/195916.763:VERBOSE1:tls_handshaker.cc(105)] TlsClient: Continuing handshake
[19676:21228:0729/195916.764:VERBOSE1:tls_handshaker.cc(126)] TlsClient: SSL_do_handshake returned when entering early data. After retry, rv=-1, SSL_in_early_data=1
[19676:21228:0729/195916.804:VERBOSE1:tls_handshaker.cc(105)] TlsClient: Continuing handshake
[19676:21228:0729/195916.804:VERBOSE1:tls_handshaker.cc(105)] TlsClient: Continuing handshake
[19676:21228:0729/195916.804:VERBOSE1:tls_client_handshaker.cc(528)] Client: handshake finished
[19676:21228:0729/200156.105:VERBOSE1:network_delegate.cc(36)] NetworkDelegate::NotifyBeforeURLRequest: https://optimizationguide-pa.googleapis.com/v1:GetModels?key=dummytoken
[19676:21228:0729/200156.105:VERBOSE1:tls_handshaker.cc(105)] TlsClient: Continuing handshake
[19676:21228:0729/200156.106:VERBOSE1:tls_handshaker.cc(126)] TlsClient: SSL_do_handshake returned when entering early data. After retry, rv=-1, SSL_in_early_data=1
[19676:21228:0729/200156.155:VERBOSE1:tls_handshaker.cc(105)] TlsClient: Continuing handshake
[19676:21228:0729/200156.155:VERBOSE1:tls_handshaker.cc(105)] TlsClient: Continuing handshake
[19676:21228:0729/200156.155:VERBOSE1:tls_client_handshaker.cc(528)] Client: handshake finished
[19676:21228:0729/200451.468:VERBOSE1:network_delegate.cc(36)] NetworkDelegate::NotifyBeforeURLRequest: https://optimizationguide-pa.googleapis.com/v1:GetModels?key=dummytoken
[19676:21228:0729/200451.489:VERBOSE1:tls_handshaker.cc(105)] TlsClient: Continuing handshake
[19676:21228:0729/200451.489:VERBOSE1:tls_handshaker.cc(126)] TlsClient: SSL_do_handshake returned when entering early data. After retry, rv=-1, SSL_in_early_data=1
[19676:21228:0729/200451.528:VERBOSE1:tls_handshaker.cc(105)] TlsClient: Continuing handshake
[19676:21228:0729/200451.528:VERBOSE1:tls_handshaker.cc(105)] TlsClient: Continuing handshake
[19676:21228:0729/200451.528:VERBOSE1:tls_client_handshaker.cc(528)] Client: handshake finished
[19676:21228:0729/200732.505:VERBOSE1:network_delegate.cc(36)] NetworkDelegate::NotifyBeforeURLRequest: https://optimizationguide-pa.googleapis.com/v1:GetModels?key=dummytoken
[19676:21228:0729/200732.532:VERBOSE1:tls_handshaker.cc(105)] TlsClient: Continuing handshake
[19676:21228:0729/200732.533:VERBOSE1:tls_handshaker.cc(126)] TlsClient: SSL_do_handshake returned when entering early data. After retry, rv=-1, SSL_in_early_data=1
[19676:21228:0729/200732.576:VERBOSE1:tls_handshaker.cc(105)] TlsClient: Continuing handshake
[19676:21228:0729/200732.576:VERBOSE1:tls_handshaker.cc(105)] TlsClient: Continuing handshake
[19676:21228:0729/200732.576:VERBOSE1:tls_client_handshaker.cc(528)] Client: handshake finished
[19676:21228:0729/201005.209:VERBOSE1:network_delegate.cc(36)] NetworkDelegate::NotifyBeforeURLRequest: https://optimizationguide-pa.googleapis.com/v1:GetModels?key=dummytoken
[19676:21228:0729/201005.232:VERBOSE1:tls_handshaker.cc(105)] TlsClient: Continuing handshake
[19676:21228:0729/201005.233:VERBOSE1:tls_handshaker.cc(126)] TlsClient: SSL_do_handshake returned when entering early data. After retry, rv=-1, SSL_in_early_data=1
[19676:21228:0729/201005.279:VERBOSE1:tls_handshaker.cc(105)] TlsClient: Continuing handshake
[19676:21228:0729/201005.279:VERBOSE1:tls_handshaker.cc(105)] TlsClient: Continuing handshake
[19676:21228:0729/201005.279:VERBOSE1:tls_client_handshaker.cc(528)] Client: handshake finished
[19676:21228:0729/201243.914:VERBOSE1:network_delegate.cc(36)] NetworkDelegate::NotifyBeforeURLRequest: https://optimizationguide-pa.googleapis.com/v1:GetModels?key=dummytoken
[19676:21228:0729/201243.915:VERBOSE1:tls_handshaker.cc(105)] TlsClient: Continuing handshake
[19676:21228:0729/201243.965:VERBOSE1:tls_handshaker.cc(105)] TlsClient: Continuing handshake
[19676:21228:0729/201244.246:VERBOSE1:tls_handshaker.cc(105)] TlsClient: Continuing handshake
[19676:21228:0729/201244.248:VERBOSE1:tls_handshaker.cc(126)] TlsClient: SSL_do_handshake returned when entering early data. After retry, rv=-1, SSL_in_early_data=1
[19676:21228:0729/201244.248:VERBOSE1:tls_handshaker.cc(105)] TlsClient: Continuing handshake
[19676:21228:0729/201244.248:VERBOSE1:tls_client_handshaker.cc(528)] Client: handshake finished
[19676:21228:0729/201538.968:VERBOSE1:network_delegate.cc(36)] NetworkDelegate::NotifyBeforeURLRequest: https://optimizationguide-pa.googleapis.com/v1:GetModels?key=dummytoken
[19676:21228:0729/201538.993:VERBOSE1:tls_handshaker.cc(105)] TlsClient: Continuing handshake
[19676:21228:0729/201538.993:VERBOSE1:tls_handshaker.cc(126)] TlsClient: SSL_do_handshake returned when entering early data. After retry, rv=-1, SSL_in_early_data=1
[19676:21228:0729/201539.038:VERBOSE1:tls_handshaker.cc(105)] TlsClient: Continuing handshake
[19676:21228:0729/201539.038:VERBOSE1:tls_handshaker.cc(105)] TlsClient: Continuing handshake
[19676:21228:0729/201539.038:VERBOSE1:tls_client_handshaker.cc(528)] Client: handshake finished
[19676:21228:0729/201814.009:VERBOSE1:network_delegate.cc(36)] NetworkDelegate::NotifyBeforeURLRequest: https://optimizationguide-pa.googleapis.com/v1:GetModels?key=dummytoken
[19676:21228:0729/201814.031:VERBOSE1:tls_handshaker.cc(105)] TlsClient: Continuing handshake
[19676:21228:0729/201814.032:VERBOSE1:tls_handshaker.cc(126)] TlsClient: SSL_do_handshake returned when entering early data. After retry, rv=-1, SSL_in_early_data=1
[19676:21228:0729/201814.072:VERBOSE1:tls_handshaker.cc(105)] TlsClient: Continuing handshake
[19676:21228:0729/201814.072:VERBOSE1:tls_handshaker.cc(105)] TlsClient: Continuing handshake
[19676:21228:0729/201814.072:VERBOSE1:tls_client_handshaker.cc(528)] Client: handshake finished
[19676:21228:0729/202111.386:VERBOSE1:network_delegate.cc(36)] NetworkDelegate::NotifyBeforeURLRequest: https://optimizationguide-pa.googleapis.com/v1:GetModels?key=dummytoken
[19676:21228:0729/202111.415:VERBOSE1:tls_handshaker.cc(105)] TlsClient: Continuing handshake
[19676:21228:0729/202111.415:VERBOSE1:tls_handshaker.cc(126)] TlsClient: SSL_do_handshake returned when entering early data. After retry, rv=-1, SSL_in_early_data=1
[19676:21228:0729/202111.456:VERBOSE1:tls_handshaker.cc(105)] TlsClient: Continuing handshake
[19676:21228:0729/202111.456:VERBOSE1:tls_handshaker.cc(105)] TlsClient: Continuing handshake
[19676:21228:0729/202111.456:VERBOSE1:tls_client_handshaker.cc(528)] Client: handshake finished
[19676:21228:0729/202407.100:VERBOSE1:network_delegate.cc(36)] NetworkDelegate::NotifyBeforeURLRequest: https://optimizationguide-pa.googleapis.com/v1:GetModels?key=dummytoken
[19676:21228:0729/202407.123:VERBOSE1:tls_handshaker.cc(105)] TlsClient: Continuing handshake
[19676:21228:0729/202407.124:VERBOSE1:tls_handshaker.cc(126)] TlsClient: SSL_do_handshake returned when entering early data. After retry, rv=-1, SSL_in_early_data=1
[19676:21228:0729/202407.162:VERBOSE1:tls_handshaker.cc(105)] TlsClient: Continuing handshake
[19676:21228:0729/202407.162:VERBOSE1:tls_handshaker.cc(105)] TlsClient: Continuing handshake
[19676:21228:0729/202407.162:VERBOSE1:tls_client_handshaker.cc(528)] Client: handshake finished
[19676:21228:0729/202640.132:VERBOSE1:network_delegate.cc(36)] NetworkDelegate::NotifyBeforeURLRequest: https://optimizationguide-pa.googleapis.com/v1:GetModels?key=dummytoken
[19676:21228:0729/202640.158:VERBOSE1:tls_handshaker.cc(105)] TlsClient: Continuing handshake
[19676:21228:0729/202640.158:VERBOSE1:tls_handshaker.cc(126)] TlsClient: SSL_do_handshake returned when entering early data. After retry, rv=-1, SSL_in_early_data=1
[19676:21228:0729/202640.198:VERBOSE1:tls_handshaker.cc(105)] TlsClient: Continuing handshake
[19676:21228:0729/202640.198:VERBOSE1:tls_handshaker.cc(105)] TlsClient: Continuing handshake
[19676:21228:0729/202640.199:VERBOSE1:tls_client_handshaker.cc(528)] Client: handshake finished
[19676:21228:0729/202926.493:VERBOSE1:network_delegate.cc(36)] NetworkDelegate::NotifyBeforeURLRequest: https://optimizationguide-pa.googleapis.com/v1:GetModels?key=dummytoken
[19676:21228:0729/202926.517:VERBOSE1:tls_handshaker.cc(105)] TlsClient: Continuing handshake
[19676:21228:0729/202926.517:VERBOSE1:tls_handshaker.cc(126)] TlsClient: SSL_do_handshake returned when entering early data. After retry, rv=-1, SSL_in_early_data=1
[19676:21228:0729/202926.559:VERBOSE1:tls_handshaker.cc(105)] TlsClient: Continuing handshake
[19676:21228:0729/202926.559:VERBOSE1:tls_handshaker.cc(105)] TlsClient: Continuing handshake
[19676:21228:0729/202926.559:VERBOSE1:tls_client_handshaker.cc(528)] Client: handshake finished
[19676:21228:0729/203215.196:VERBOSE1:network_delegate.cc(36)] NetworkDelegate::NotifyBeforeURLRequest: https://optimizationguide-pa.googleapis.com/v1:GetModels?key=dummytoken
[19676:21228:0729/203215.225:VERBOSE1:tls_handshaker.cc(105)] TlsClient: Continuing handshake
[19676:21228:0729/203215.225:VERBOSE1:tls_handshaker.cc(126)] TlsClient: SSL_do_handshake returned when entering early data. After retry, rv=-1, SSL_in_early_data=1
[19676:21228:0729/203215.267:VERBOSE1:tls_handshaker.cc(105)] TlsClient: Continuing handshake
[19676:21228:0729/203215.267:VERBOSE1:tls_handshaker.cc(105)] TlsClient: Continuing handshake
[19676:21228:0729/203215.268:VERBOSE1:tls_client_handshaker.cc(528)] Client: handshake finished
[19676:21228:0729/203458.914:VERBOSE1:network_delegate.cc(36)] NetworkDelegate::NotifyBeforeURLRequest: https://optimizationguide-pa.googleapis.com/v1:GetModels?key=dummytoken
[19676:21228:0729/203458.944:VERBOSE1:tls_handshaker.cc(105)] TlsClient: Continuing handshake
[19676:21228:0729/203458.944:VERBOSE1:tls_handshaker.cc(126)] TlsClient: SSL_do_handshake returned when entering early data. After retry, rv=-1, SSL_in_early_data=1
[19676:21228:0729/203458.984:VERBOSE1:tls_handshaker.cc(105)] TlsClient: Continuing handshake
[19676:21228:0729/203458.984:VERBOSE1:tls_handshaker.cc(105)] TlsClient: Continuing handshake
[19676:21228:0729/203458.984:VERBOSE1:tls_client_handshaker.cc(528)] Client: handshake finished
[19676:21228:0729/203745.607:VERBOSE1:network_delegate.cc(36)] NetworkDelegate::NotifyBeforeURLRequest: https://optimizationguide-pa.googleapis.com/v1:GetModels?key=dummytoken
[19676:21228:0729/203745.628:VERBOSE1:tls_handshaker.cc(105)] TlsClient: Continuing handshake
[19676:21228:0729/203745.628:VERBOSE1:tls_handshaker.cc(126)] TlsClient: SSL_do_handshake returned when entering early data. After retry, rv=-1, SSL_in_early_data=1
[19676:21228:0729/203745.669:VERBOSE1:tls_handshaker.cc(105)] TlsClient: Continuing handshake
[19676:21228:0729/203745.669:VERBOSE1:tls_handshaker.cc(105)] TlsClient: Continuing handshake
[19676:21228:0729/203745.669:VERBOSE1:tls_client_handshaker.cc(528)] Client: handshake finished
[19676:21228:0729/204021.310:VERBOSE1:network_delegate.cc(36)] NetworkDelegate::NotifyBeforeURLRequest: https://optimizationguide-pa.googleapis.com/v1:GetModels?key=dummytoken
[19676:21228:0729/204021.333:VERBOSE1:tls_handshaker.cc(105)] TlsClient: Continuing handshake
[19676:21228:0729/204021.333:VERBOSE1:tls_handshaker.cc(126)] TlsClient: SSL_do_handshake returned when entering early data. After retry, rv=-1, SSL_in_early_data=1
[19676:21228:0729/204021.370:VERBOSE1:tls_handshaker.cc(105)] TlsClient: Continuing handshake
[19676:21228:0729/204021.370:VERBOSE1:tls_handshaker.cc(105)] TlsClient: Continuing handshake
[19676:21228:0729/204021.370:VERBOSE1:tls_client_handshaker.cc(528)] Client: handshake finished
[19676:21228:0729/204306.347:VERBOSE1:network_delegate.cc(36)] NetworkDelegate::NotifyBeforeURLRequest: https://optimizationguide-pa.googleapis.com/v1:GetModels?key=dummytoken
[19676:21228:0729/204306.369:VERBOSE1:tls_handshaker.cc(105)] TlsClient: Continuing handshake
[19676:21228:0729/204306.407:VERBOSE1:tls_handshaker.cc(105)] TlsClient: Continuing handshake
[19676:21228:0729/204307.014:VERBOSE1:tls_handshaker.cc(105)] TlsClient: Continuing handshake
[19676:21228:0729/204307.014:VERBOSE1:tls_handshaker.cc(126)] TlsClient: SSL_do_handshake returned when entering early data. After retry, rv=-1, SSL_in_early_data=1
[19676:21228:0729/204307.014:VERBOSE1:tls_handshaker.cc(105)] TlsClient: Continuing handshake
[19676:21228:0729/204307.014:VERBOSE1:tls_client_handshaker.cc(528)] Client: handshake finished
[19676:21228:0729/204544.378:VERBOSE1:network_delegate.cc(36)] NetworkDelegate::NotifyBeforeURLRequest: https://optimizationguide-pa.googleapis.com/v1:GetModels?key=dummytoken
[19676:21228:0729/204544.398:VERBOSE1:tls_handshaker.cc(105)] TlsClient: Continuing handshake
[19676:21228:0729/204544.398:VERBOSE1:tls_handshaker.cc(126)] TlsClient: SSL_do_handshake returned when entering early data. After retry, rv=-1, SSL_in_early_data=1
[19676:21228:0729/204544.438:VERBOSE1:tls_handshaker.cc(105)] TlsClient: Continuing handshake
[19676:21228:0729/204544.438:VERBOSE1:tls_handshaker.cc(105)] TlsClient: Continuing handshake
[19676:21228:0729/204544.438:VERBOSE1:tls_client_handshaker.cc(528)] Client: handshake finished
[19676:21228:0729/204841.096:VERBOSE1:network_delegate.cc(36)] NetworkDelegate::NotifyBeforeURLRequest: https://optimizationguide-pa.googleapis.com/v1:GetModels?key=dummytoken
[19676:21228:0729/204841.121:VERBOSE1:tls_handshaker.cc(105)] TlsClient: Continuing handshake
[19676:21228:0729/204841.121:VERBOSE1:tls_handshaker.cc(126)] TlsClient: SSL_do_handshake returned when entering early data. After retry, rv=-1, SSL_in_early_data=1
[19676:21228:0729/204841.164:VERBOSE1:tls_handshaker.cc(105)] TlsClient: Continuing handshake
[19676:21228:0729/204841.164:VERBOSE1:tls_handshaker.cc(105)] TlsClient: Continuing handshake
[19676:21228:0729/204841.164:VERBOSE1:tls_client_handshaker.cc(528)] Client: handshake finished
[19676:21228:0729/205136.149:VERBOSE1:network_delegate.cc(36)] NetworkDelegate::NotifyBeforeURLRequest: https://optimizationguide-pa.googleapis.com/v1:GetModels?key=dummytoken
[19676:21228:0729/205136.174:VERBOSE1:tls_handshaker.cc(105)] TlsClient: Continuing handshake
[19676:21228:0729/205136.175:VERBOSE1:tls_handshaker.cc(126)] TlsClient: SSL_do_handshake returned when entering early data. After retry, rv=-1, SSL_in_early_data=1
[19676:21228:0729/205136.214:VERBOSE1:tls_handshaker.cc(105)] TlsClient: Continuing handshake
[19676:21228:0729/205136.214:VERBOSE1:tls_handshaker.cc(105)] TlsClient: Continuing handshake
[19676:21228:0729/205136.214:VERBOSE1:tls_client_handshaker.cc(528)] Client: handshake finished
[19676:21228:0729/205434.189:VERBOSE1:network_delegate.cc(36)] NetworkDelegate::NotifyBeforeURLRequest: https://optimizationguide-pa.googleapis.com/v1:GetModels?key=dummytoken
[19676:21228:0729/205434.210:VERBOSE1:tls_handshaker.cc(105)] TlsClient: Continuing handshake
[19676:21228:0729/205434.210:VERBOSE1:tls_handshaker.cc(126)] TlsClient: SSL_do_handshake returned when entering early data. After retry, rv=-1, SSL_in_early_data=1
[19676:21228:0729/205434.248:VERBOSE1:tls_handshaker.cc(105)] TlsClient: Continuing handshake
[19676:21228:0729/205434.248:VERBOSE1:tls_handshaker.cc(105)] TlsClient: Continuing handshake
[19676:21228:0729/205434.248:VERBOSE1:tls_client_handshaker.cc(528)] Client: handshake finished
[19676:21228:0729/205732.569:VERBOSE1:network_delegate.cc(36)] NetworkDelegate::NotifyBeforeURLRequest: https://optimizationguide-pa.googleapis.com/v1:GetModels?key=dummytoken
[19676:21228:0729/205732.592:VERBOSE1:tls_handshaker.cc(105)] TlsClient: Continuing handshake
[19676:21228:0729/205732.592:VERBOSE1:tls_handshaker.cc(126)] TlsClient: SSL_do_handshake returned when entering early data. After retry, rv=-1, SSL_in_early_data=1
[19676:21228:0729/205732.633:VERBOSE1:tls_handshaker.cc(105)] TlsClient: Continuing handshake
[19676:21228:0729/205732.634:VERBOSE1:tls_handshaker.cc(105)] TlsClient: Continuing handshake
[19676:21228:0729/205732.634:VERBOSE1:tls_client_handshaker.cc(528)] Client: handshake finished
[19676:21228:0729/210006.605:VERBOSE1:network_delegate.cc(36)] NetworkDelegate::NotifyBeforeURLRequest: https://optimizationguide-pa.googleapis.com/v1:GetModels?key=dummytoken
[19676:21228:0729/210006.630:VERBOSE1:tls_handshaker.cc(105)] TlsClient: Continuing handshake
[19676:21228:0729/210006.630:VERBOSE1:tls_handshaker.cc(126)] TlsClient: SSL_do_handshake returned when entering early data. After retry, rv=-1, SSL_in_early_data=1
[19676:21228:0729/210006.671:VERBOSE1:tls_handshaker.cc(105)] TlsClient: Continuing handshake
[19676:21228:0729/210006.671:VERBOSE1:tls_handshaker.cc(105)] TlsClient: Continuing handshake
[19676:21228:0729/210006.671:VERBOSE1:tls_client_handshaker.cc(528)] Client: handshake finished
[19676:21228:0729/210253.311:VERBOSE1:network_delegate.cc(36)] NetworkDelegate::NotifyBeforeURLRequest: https://optimizationguide-pa.googleapis.com/v1:GetModels?key=dummytoken
[19676:21228:0729/210253.333:VERBOSE1:tls_handshaker.cc(105)] TlsClient: Continuing handshake
[19676:21228:0729/210253.334:VERBOSE1:tls_handshaker.cc(126)] TlsClient: SSL_do_handshake returned when entering early data. After retry, rv=-1, SSL_in_early_data=1
[19676:21228:0729/210253.378:VERBOSE1:tls_handshaker.cc(105)] TlsClient: Continuing handshake
[19676:21228:0729/210253.378:VERBOSE1:tls_handshaker.cc(105)] TlsClient: Continuing handshake
[19676:21228:0729/210253.378:VERBOSE1:tls_client_handshaker.cc(528)] Client: handshake finished
[19676:21228:0729/210542.338:VERBOSE1:network_delegate.cc(36)] NetworkDelegate::NotifyBeforeURLRequest: https://optimizationguide-pa.googleapis.com/v1:GetModels?key=dummytoken
[19676:21228:0729/210542.369:VERBOSE1:tls_handshaker.cc(105)] TlsClient: Continuing handshake
[19676:21228:0729/210542.370:VERBOSE1:tls_handshaker.cc(126)] TlsClient: SSL_do_handshake returned when entering early data. After retry, rv=-1, SSL_in_early_data=1
[19676:21228:0729/210542.413:VERBOSE1:tls_handshaker.cc(105)] TlsClient: Continuing handshake
[19676:21228:0729/210542.413:VERBOSE1:tls_handshaker.cc(105)] TlsClient: Continuing handshake
[19676:21228:0729/210542.413:VERBOSE1:tls_client_handshaker.cc(528)] Client: handshake finished
[19676:21228:0729/210813.697:VERBOSE1:network_delegate.cc(36)] NetworkDelegate::NotifyBeforeURLRequest: https://optimizationguide-pa.googleapis.com/v1:GetModels?key=dummytoken
[19676:21228:0729/210813.698:VERBOSE1:tls_handshaker.cc(105)] TlsClient: Continuing handshake
[19676:21228:0729/210813.698:VERBOSE1:tls_handshaker.cc(126)] TlsClient: SSL_do_handshake returned when entering early data. After retry, rv=-1, SSL_in_early_data=1
[19676:21228:0729/210813.742:VERBOSE1:tls_handshaker.cc(105)] TlsClient: Continuing handshake
[19676:21228:0729/210813.743:VERBOSE1:tls_handshaker.cc(105)] TlsClient: Continuing handshake
[19676:21228:0729/210813.743:VERBOSE1:tls_client_handshaker.cc(528)] Client: handshake finished
[19676:21228:0729/211109.066:VERBOSE1:network_delegate.cc(36)] NetworkDelegate::NotifyBeforeURLRequest: https://optimizationguide-pa.googleapis.com/v1:GetModels?key=dummytoken
[19676:21228:0729/211109.089:VERBOSE1:tls_handshaker.cc(105)] TlsClient: Continuing handshake
[19676:21228:0729/211109.089:VERBOSE1:tls_handshaker.cc(126)] TlsClient: SSL_do_handshake returned when entering early data. After retry, rv=-1, SSL_in_early_data=1
[19676:21228:0729/211109.132:VERBOSE1:tls_handshaker.cc(105)] TlsClient: Continuing handshake
[19676:21228:0729/211109.132:VERBOSE1:tls_handshaker.cc(105)] TlsClient: Continuing handshake
[19676:21228:0729/211109.132:VERBOSE1:tls_client_handshaker.cc(528)] Client: handshake finished
[19676:21228:0729/211344.434:VERBOSE1:network_delegate.cc(36)] NetworkDelegate::NotifyBeforeURLRequest: https://optimizationguide-pa.googleapis.com/v1:GetModels?key=dummytoken
[19676:21228:0729/211344.453:VERBOSE1:tls_handshaker.cc(105)] TlsClient: Continuing handshake
[19676:21228:0729/211344.499:VERBOSE1:tls_handshaker.cc(105)] TlsClient: Continuing handshake
[19676:21228:0729/211345.101:VERBOSE1:tls_handshaker.cc(105)] TlsClient: Continuing handshake
[19676:21228:0729/211345.101:VERBOSE1:tls_handshaker.cc(126)] TlsClient: SSL_do_handshake returned when entering early data. After retry, rv=-1, SSL_in_early_data=1
[19676:21228:0729/211345.101:VERBOSE1:tls_handshaker.cc(105)] TlsClient: Continuing handshake
[19676:21228:0729/211345.101:VERBOSE1:tls_client_handshaker.cc(528)] Client: handshake finished
[19676:21228:0729/211620.466:VERBOSE1:network_delegate.cc(36)] NetworkDelegate::NotifyBeforeURLRequest: https://optimizationguide-pa.googleapis.com/v1:GetModels?key=dummytoken
[19676:21228:0729/211620.489:VERBOSE1:tls_handshaker.cc(105)] TlsClient: Continuing handshake
[19676:21228:0729/211620.489:VERBOSE1:tls_handshaker.cc(126)] TlsClient: SSL_do_handshake returned when entering early data. After retry, rv=-1, SSL_in_early_data=1
[19676:21228:0729/211620.529:VERBOSE1:tls_handshaker.cc(105)] TlsClient: Continuing handshake
[19676:21228:0729/211620.529:VERBOSE1:tls_handshaker.cc(105)] TlsClient: Continuing handshake
[19676:21228:0729/211620.529:VERBOSE1:tls_client_handshaker.cc(528)] Client: handshake finished
[19676:21228:0729/211911.828:VERBOSE1:network_delegate.cc(36)] NetworkDelegate::NotifyBeforeURLRequest: https://optimizationguide-pa.googleapis.com/v1:GetModels?key=dummytoken
[19676:21228:0729/211911.852:VERBOSE1:tls_handshaker.cc(105)] TlsClient: Continuing handshake
[19676:21228:0729/211911.853:VERBOSE1:tls_handshaker.cc(126)] TlsClient: SSL_do_handshake returned when entering early data. After retry, rv=-1, SSL_in_early_data=1
[19676:21228:0729/211911.893:VERBOSE1:tls_handshaker.cc(105)] TlsClient: Continuing handshake
[19676:21228:0729/211911.893:VERBOSE1:tls_handshaker.cc(105)] TlsClient: Continuing handshake
[19676:21228:0729/211911.893:VERBOSE1:tls_client_handshaker.cc(528)] Client: handshake finished
[19676:21228:0729/212210.214:VERBOSE1:network_delegate.cc(36)] NetworkDelegate::NotifyBeforeURLRequest: https://optimizationguide-pa.googleapis.com/v1:GetModels?key=dummytoken
[19676:21228:0729/212210.242:VERBOSE1:tls_handshaker.cc(105)] TlsClient: Continuing handshake
[19676:21228:0729/212210.242:VERBOSE1:tls_handshaker.cc(126)] TlsClient: SSL_do_handshake returned when entering early data. After retry, rv=-1, SSL_in_early_data=1
[19676:21228:0729/212210.286:VERBOSE1:tls_handshaker.cc(105)] TlsClient: Continuing handshake
[19676:21228:0729/212210.286:VERBOSE1:tls_handshaker.cc(105)] TlsClient: Continuing handshake
[19676:21228:0729/212210.286:VERBOSE1:tls_client_handshaker.cc(528)] Client: handshake finished
[19676:21228:0729/212446.578:VERBOSE1:network_delegate.cc(36)] NetworkDelegate::NotifyBeforeURLRequest: https://optimizationguide-pa.googleapis.com/v1:GetModels?key=dummytoken
[19676:21228:0729/212446.603:VERBOSE1:tls_handshaker.cc(105)] TlsClient: Continuing handshake
[19676:21228:0729/212446.604:VERBOSE1:tls_handshaker.cc(126)] TlsClient: SSL_do_handshake returned when entering early data. After retry, rv=-1, SSL_in_early_data=1
[19676:21228:0729/212446.644:VERBOSE1:tls_handshaker.cc(105)] TlsClient: Continuing handshake
[19676:21228:0729/212446.644:VERBOSE1:tls_handshaker.cc(105)] TlsClient: Continuing handshake
[19676:21228:0729/212446.644:VERBOSE1:tls_client_handshaker.cc(528)] Client: handshake finished
[19676:21228:0729/212746.285:VERBOSE1:network_delegate.cc(36)] NetworkDelegate::NotifyBeforeURLRequest: https://optimizationguide-pa.googleapis.com/v1:GetModels?key=dummytoken
[19676:21228:0729/212746.314:VERBOSE1:tls_handshaker.cc(105)] TlsClient: Continuing handshake
[19676:21228:0729/212746.315:VERBOSE1:tls_handshaker.cc(126)] TlsClient: SSL_do_handshake returned when entering early data. After retry, rv=-1, SSL_in_early_data=1
[19676:21228:0729/212746.357:VERBOSE1:tls_handshaker.cc(105)] TlsClient: Continuing handshake
[19676:21228:0729/212746.357:VERBOSE1:tls_handshaker.cc(105)] TlsClient: Continuing handshake
[19676:21228:0729/212746.357:VERBOSE1:tls_client_handshaker.cc(528)] Client: handshake finished
[3180:14552:0729/212923.043:VERBOSE1:media_stream_manager.cc(1533)] video capture: VideoCaptureManager::OnScreenUnlocked
[3180:9644:0729/212923.306:ERROR:device_event_log_impl.cc(196)] [21:29:23.233] USB: usb_service_win.cc:105 SetupDiGetDeviceProperty({{A45C254E-DF1C-4EFD-8020-67D146A850E0}, 6}) failed: Element not found. (0x490)
[3180:9644:0729/212946.756:VERBOSE1:device_event_log_impl.cc(198)] [21:29:46.756] Display: EVENT: screen_win.cc:893 Displays updated, count: 2
[3180:9644:0729/212946.756:VERBOSE1:device_event_log_impl.cc(198)] [21:29:46.756] Display: EVENT: screen_win.cc:895 Display[2221026302] bounds=[0,0 1920x1080], workarea=[0,0 1920x1032], scale=1, rotation=0, panel_rotation=0 external detected
[3180:9644:0729/212946.756:VERBOSE1:device_event_log_impl.cc(198)] [21:29:46.756] Display: EVENT: screen_win.cc:895 Display[2602008197] bounds=[1920,0 1920x1080], workarea=[1920,0 1920x1032], scale=1, rotation=0, panel_rotation=0 external detected
[3180:9644:0729/212949.699:VERBOSE1:frame_host_impl.cc(515)] frame 6-C3F2DD4F6DFCC2D6750687360DBC0C47 (sub) detached (reason=RENDER_FRAME_DELETED, is_connected=1)
[17168:18576:0729/212949.699:VERBOSE1:dispatcher.cc(596)] Num tracked contexts: 1
[17168:18576:0729/212949.699:VERBOSE1:frame_impl.cc(620)] frame 6-C3F2DD4F6DFCC2D6750687360DBC0C47 disconnected (reason=DETACHED, current_state=CONNECTION_ACKED, FRAME_INVALID)
[17168:18576:0729/212949.699:VERBOSE1:script_context.cc(164)] Destroyed context for extension
  extension id: 
  effective extension id: 
[17168:18576:0729/212949.700:VERBOSE1:script_context.cc(164)] Destroyed context for extension
  extension id: 
  effective extension id: 
[17168:18576:0729/212949.700:VERBOSE1:frame_impl.cc(620)] frame 6-6633EEDFABDD25F92A2F2A9805261C16 disconnected (reason=BROWSER_FRAME_DISCONNECT, current_state=CONNECTION_ACKED)
[17168:18576:0729/212949.700:VERBOSE1:frame_impl.cc(633)] frame 6-6633EEDFABDD25F92A2F2A9805261C16 connection retry scheduled
[3180:9644:0729/212949.700:VERBOSE1:frame_host_impl.cc(515)] frame 6-6633EEDFABDD25F92A2F2A9805261C16 (main) detached (reason=NEW_MAIN_FRAME, is_connected=1)
[3180:9644:0729/212949.706:VERBOSE1:account_reconcilor.cc(264)] AccountReconcilor::Shutdown
[3180:9644:0729/212949.706:VERBOSE1:account_reconcilor.cc(718)] AccountReconcilor::AbortReconcile: try again later
[3180:9644:0729/212949.706:VERBOSE1:account_reconcilor.cc(827)] AccountReconcilor::CalculateIfMultiloginReconcileIsDone: Error was 
[3180:9644:0729/212949.706:VERBOSE1:account_reconcilor.cc(313)] AccountReconcilor::UnregisterWithIdentityManager
[3180:9644:0729/212949.706:VERBOSE1:account_reconcilor.cc(286)] AccountReconcilor::UnregisterWithContentSettings
[3180:9644:0729/212949.706:VERBOSE1:gaia_cookie_manager_service.cc(628)] GaiaCookieManagerService::CancelAll
[3180:9644:0729/212949.706:VERBOSE1:mutable_profile_oauth2_token_service_delegate.cc(752)] MutablePO2TS::Shutdown
[3180:9644:0729/212949.706:VERBOSE1:mutable_profile_oauth2_token_service_delegate.cc(235)] MutablePO2TS::~MutablePO2TS
[3180:9644:0729/212949.706:VERBOSE1:device_event_log_impl.cc(198)] [21:29:49.707] Bluetooth: EVENT: bluetooth_api.cc:109 BluetoothAPI: Shutdown
[3180:9644:0729/212949.708:VERBOSE1:account_reconcilor.cc(193)] AccountReconcilor::~AccountReconcilor
[3180:9644:0729/212949.708:VERBOSE1:device_event_log_impl.cc(198)] [21:29:49.708] Bluetooth: EVENT: bluetooth_api.cc:95 ~BluetoothAPI: 000036CC00341A00
[3180:14552:0729/212949.715:VERBOSE1:cast_transport.cc(340)] [192.168.0.11:8009, auth=SSL_VERIFIED] Read error, peer closed the socket.
[3180:14552:0729/212949.716:VERBOSE1:cast_socket.cc(627)] [192.168.0.11:8009, auth=SSL_VERIFIED] Close ReadyState = ReadyState::OPEN
[3180:14552:0729/212949.717:VERBOSE1:cast_socket.cc(227)] [192.168.0.11:8009, auth=SSL_VERIFIED] Connect readyState = ReadyState::NONE
[3180:14552:0729/212949.717:VERBOSE1:cast_socket.cc(391)] [192.168.0.11:8009, auth=SSL_VERIFIED] DoTcpConnect
[3180:9644:0729/212949.771:VERBOSE1:component_updater_service.cc(180)] CrxUpdateService stopping
[3180:9644:0729/212949.771:WARNING:pref_notifier_impl.cc(41)] Pref observer for media_router.cast_allow_all_ips found at shutdown.
[3180:9644:0729/212949.787:VERBOSE1:statistics_recorder.cc(607)] Collections of all histograms
Histogram:  Compositing.SurfaceAggregator.RenderPassDamageType recorded 1 samples, mean = 1.0 (flags = 0x41)
0  O                                                                         (0 = 0.0%)
1  -O                                                                        (1 = 100.0%) {0.0%}
2  ... 

Histogram: API.StorageAccess.AllowedRequests2 recorded 121 samples, mean = 0.1 (flags = 0x41)
0  ------------------------------------------------------------------------O (112 = 92.6%)
1  ------O                                                                   (9 = 7.4%) {92.6%}
2  ... 

Histogram: API.StorageAccess.DocumentInheritedStorageAccess recorded 7 samples, mean = 0.0 (flags = 0x41)
0  -------O                                                                  (7 = 100.0%)
1  ... 

Histogram: API.StorageAccess.DocumentLoadedWithStorageAccess recorded 7 samples, mean = 0.0 (flags = 0x41)
0  -------O                                                                  (7 = 100.0%)
1  ... 

Histogram: Accessibility.CaptionSettingsLoadedFromSystemSettings recorded 1 samples, mean = 1.0 (flags = 0x41)
0  O                                                                         (0 = 0.0%)
1  -O                                                                        (1 = 100.0%) {0.0%}
2  O                                                                         (0 = 0.0%) {100.0%}

Histogram: Accessibility.ImageLabels2 recorded 1 samples, mean = 0.0 (flags = 0x41)
0  -O                                                                        (1 = 100.0%)
1  ... 

Histogram: Accessibility.LiveCaption.FeatureEnabled2 recorded 1 samples, mean = 1.0 (flags = 0x41)
0  O                                                                         (0 = 0.0%)
1  -O                                                                        (1 = 100.0%) {0.0%}
2  O                                                                         (0 = 0.0%) {100.0%}

Histogram: Accessibility.LiveCaption2 recorded 1 samples, mean = 0.0 (flags = 0x41)
0  -O                                                                        (1 = 100.0%)
1  ... 

Histogram: Accessibility.ManuallyEnabled recorded 1 samples, mean = 0.0 (flags = 0x41)
0  -O                                                                        (1 = 100.0%)
1  ... 

Histogram: Accessibility.WinJAWS recorded 1 samples, mean = 0.0 (flags = 0x41)
0  -O                                                                        (1 = 100.0%)
1  ... 

Histogram: Accessibility.WinNVDA recorded 1 samples, mean = 0.0 (flags = 0x41)
0  -O                                                                        (1 = 100.0%)
1  ... 

Histogram: Accessibility.WinSAToGo recorded 1 samples, mean = 0.0 (flags = 0x41)
0  -O                                                                        (1 = 100.0%)
1  ... 

Histogram: Accessibility.WinScreenReader2 recorded 1 samples, mean = 0.0 (flags = 0x41)
0  -O                                                                        (1 = 100.0%)
1  ... 

Histogram: Accessibility.WinStickyKeys recorded 1 samples, mean = 0.0 (flags = 0x41)
0  -O                                                                        (1 = 100.0%)
1  ... 

Histogram: Accessibility.WinSupernova recorded 1 samples, mean = 0.0 (flags = 0x41)
0  -O                                                                        (1 = 100.0%)
1  ... 

Histogram: Accessibility.WinZoomText recorded 1 samples, mean = 0.0 (flags = 0x41)
0  -O                                                                        (1 = 100.0%)
1  ... 

Histogram: AppBanners.InstallableStatusCode recorded 1 samples (flags = 0x41)
8  -O                                                                        (1 = 100.0%)

Histogram: Apps.PreferredApps.EntryCount recorded 1 samples, mean = 0.0 (flags = 0x41)
0  -O                                                                        (1 = 100.0%)
1  ... 

Histogram: Autofill.Address.IsEnabled.PageLoad recorded 1 samples, mean = 1.0 (flags = 0x41)
0  O                                                                         (0 = 0.0%)
1  -O                                                                        (1 = 100.0%) {0.0%}
2  O                                                                         (0 = 0.0%) {100.0%}

Histogram: Autofill.Address.IsEnabled.PageLoad.SignedOut recorded 1 samples, mean = 1.0 (flags = 0x41)
0  O                                                                         (0 = 0.0%)
1  -O                                                                        (1 = 100.0%) {0.0%}
2  O                                                                         (0 = 0.0%) {100.0%}

Histogram: Autofill.Address.IsEnabled.Startup recorded 1 samples, mean = 1.0 (flags = 0x41)
0  O                                                                         (0 = 0.0%)
1  -O                                                                        (1 = 100.0%) {0.0%}
2  O                                                                         (0 = 0.0%) {100.0%}

Histogram: Autofill.CreditCard.IsEnabled.PageLoad recorded 1 samples, mean = 1.0 (flags = 0x41)
0  O                                                                         (0 = 0.0%)
1  -O                                                                        (1 = 100.0%) {0.0%}
2  O                                                                         (0 = 0.0%) {100.0%}

Histogram: Autofill.CreditCard.IsEnabled.PageLoad.SignedOut recorded 1 samples, mean = 1.0 (flags = 0x41)
0  O                                                                         (0 = 0.0%)
1  -O                                                                        (1 = 100.0%) {0.0%}
2  O                                                                         (0 = 0.0%) {100.0%}

Histogram: Autofill.CreditCard.IsEnabled.Startup recorded 1 samples, mean = 1.0 (flags = 0x41)
0  O                                                                         (0 = 0.0%)
1  -O                                                                        (1 = 100.0%) {0.0%}
2  O                                                                         (0 = 0.0%) {100.0%}

Histogram: Autofill.DOMContentLoadedInOutermostMainFrame recorded 3 samples, mean = 0.3 (flags = 0x41)
0  --O                                                                       (2 = 66.7%)
1  -O                                                                        (1 = 33.3%) {66.7%}
2  O                                                                         (0 = 0.0%) {100.0%}

Histogram: Autofill.ExtractFormUnowned.FieldCount recorded 4 samples, mean = 0.0 (flags = 0x41)
0  ----O                                                                     (4 = 100.0%)
1  ... 

Histogram: Autofill.FormForest.GetBrowserFormOfRendererForm.Duration recorded 1 samples, mean = 0.0 (flags = 0x41)
0  -O                                                                        (1 = 100.0%)
1  ... 

Histogram: Autofill.FormForest.UpdateTreeOfRendererForm.Duration recorded 1 samples, mean = 12.0 (flags = 0x41)
0   ... 
12  -O                                                                        (1 = 100.0%) {0.0%}
16  ... 

Histogram: Autofill.FormForest.UpdateTreeOfRendererForm.Visits recorded 1 samples, mean = 2.0 (flags = 0x41)
0  ... 
2  -O                                                                        (1 = 100.0%) {0.0%}
3  ... 

Histogram: Autofill.Funnel.ParsedAsType.Address recorded 6 samples, mean = 0.0 (flags = 0x41)
0  ------O                                                                   (6 = 100.0%)
1  ... 

Histogram: Autofill.Funnel.ParsedAsType.CreditCard recorded 6 samples, mean = 0.0 (flags = 0x41)
0  ------O                                                                   (6 = 100.0%)
1  ... 

Histogram: Autofill.Funnel.ParsedAsType.VirtualCard.StandaloneCvc recorded 6 samples, mean = 0.0 (flags = 0x41)
0  ------O                                                                   (6 = 100.0%)
1  ... 

Histogram: Autofill.IsEnabled.PageLoad recorded 1 samples, mean = 1.0 (flags = 0x41)
0  O                                                                         (0 = 0.0%)
1  -O                                                                        (1 = 100.0%) {0.0%}
2  O                                                                         (0 = 0.0%) {100.0%}

Histogram: Autofill.IsEnabled.PageLoad.SignedOut recorded 1 samples, mean = 1.0 (flags = 0x41)
0  O                                                                         (0 = 0.0%)
1  -O                                                                        (1 = 100.0%) {0.0%}
2  O                                                                         (0 = 0.0%) {100.0%}

Histogram: Autofill.IsEnabled.Startup recorded 1 samples, mean = 1.0 (flags = 0x41)
0  O                                                                         (0 = 0.0%)
1  -O                                                                        (1 = 100.0%) {0.0%}
2  O                                                                         (0 = 0.0%) {100.0%}

Histogram: Autofill.Leipzig.Duplication.NumberOfLocalSupersetProfilesOnStartup recorded 1 samples, mean = 0.0 (flags = 0x41)
0  -O                                                                        (1 = 100.0%)
1  ... 

Histogram: Autofill.NumberOfDriversPerFactory recorded 1 samples, mean = 3.0 (flags = 0x41)
0  ... 
3  -O                                                                        (1 = 100.0%) {0.0%}
4  ... 

Histogram: Autofill.Offer.StoredOfferCount2.CardLinkedOffer recorded 1 samples, mean = 0.0 (flags = 0x41)
0  -O                                                                        (1 = 100.0%)
1  ... 

Histogram: Autofill.Offer.StoredOfferCount2.GPayPromoCodeOffer recorded 1 samples, mean = 0.0 (flags = 0x41)
0  -O                                                                        (1 = 100.0%)
1  ... 

Histogram: Autofill.PaymentMethods.CvcStorageIsEnabled.Startup recorded 1 samples, mean = 0.0 (flags = 0x41)
0  -O                                                                        (1 = 100.0%)
1  ... 

Histogram: Autofill.StoredCreditCardCount recorded 1 samples, mean = 0.0 (flags = 0x41)
0  -O                                                                        (1 = 100.0%)
1  ... 

Histogram: Autofill.StoredCreditCardCount.Local recorded 1 samples, mean = 0.0 (flags = 0x41)
0  -O                                                                        (1 = 100.0%)
1  ... 

Histogram: Autofill.StoredCreditCardCount.Local.WithInvalidCardNumber recorded 1 samples, mean = 0.0 (flags = 0x41)
0  -O                                                                        (1 = 100.0%)
1  ... 

Histogram: Autofill.StoredCreditCardCount.Local.WithNickname recorded 1 samples, mean = 0.0 (flags = 0x41)
0  -O                                                                        (1 = 100.0%)
1  ... 

Histogram: Autofill.StoredCreditCardCount.Server recorded 1 samples, mean = 0.0 (flags = 0x41)
0  -O                                                                        (1 = 100.0%)
1  ... 

Histogram: Autofill.StoredCreditCardCount.Server.Masked recorded 1 samples, mean = 0.0 (flags = 0x41)
0  -O                                                                        (1 = 100.0%)
1  ... 

Histogram: Autofill.StoredCreditCardCount.Server.Masked.WithNickname recorded 1 samples, mean = 0.0 (flags = 0x41)
0  -O                                                                        (1 = 100.0%)
1  ... 

Histogram: Autofill.StoredCreditCardCount.Server.Unmasked recorded 1 samples, mean = 0.0 (flags = 0x41)
0  -O                                                                        (1 = 100.0%)
1  ... 

Histogram: Autofill.StoredCreditCardCount.Server.WithCardArtImage recorded 1 samples, mean = 0.0 (flags = 0x41)
0  -O                                                                        (1 = 100.0%)
1  ... 

Histogram: Autofill.StoredCreditCardCount.Server.WithVirtualCardMetadata recorded 1 samples, mean = 0.0 (flags = 0x41)
0  -O                                                                        (1 = 100.0%)
1  ... 

Histogram: Autofill.StoredIbanCount recorded 1 samples, mean = 0.0 (flags = 0x41)
0  -O                                                                        (1 = 100.0%)
1  ... 

Histogram: Autofill.StoredProfileCount.AccountChrome recorded 1 samples, mean = 0.0 (flags = 0x41)
0  -O                                                                        (1 = 100.0%)
1  ... 

Histogram: Autofill.StoredProfileCount.AccountNonChrome recorded 1 samples, mean = 0.0 (flags = 0x41)
0  -O                                                                        (1 = 100.0%)
1  ... 

Histogram: Autofill.StoredProfileCount.Legacy recorded 1 samples, mean = 0.0 (flags = 0x41)
0  -O                                                                        (1 = 100.0%)
1  ... 

Histogram: Autofill.StoredProfileCount.Total recorded 1 samples, mean = 0.0 (flags = 0x41)
0  -O                                                                        (1 = 100.0%)
1  ... 

Histogram: Autofill.SubmissionDetectionSource.FormTracker recorded 2 samples, mean = 3.0 (flags = 0x41)
0  ... 
3  --O                                                                       (2 = 100.0%) {0.0%}
4  ... 

Histogram: Autofill.Timing.ParseFormsAsync recorded 1 samples, mean = 0.0 (flags = 0x41)
0  -O                                                                        (1 = 100.0%)
1  ... 

Histogram: Autofill.Timing.ParseFormsAsync.RunHeuristics recorded 1 samples, mean = 0.0 (flags = 0x41)
0  -O                                                                        (1 = 100.0%)
1  ... 

Histogram: Autofill.Timing.ParseFormsAsync.UpdateCache recorded 1 samples, mean = 0.0 (flags = 0x41)
0  -O                                                                        (1 = 100.0%)
1  ... 

Histogram: Autofill.TimingInterval.ExtractFormData.GetFormDataFromUnownedInputElements.AutofillAgentReset recorded 2 samples, mean = 1612835.5 (flags = 0x41)
0        ... 
720966   -O                                                                        (1 = 50.0%) {0.0%}
841582   ... 
2129046  -O                                                                        (1 = 50.0%) {50.0%}
2485230  ... 

Histogram: Autofill.TimingInterval.ExtractFormData.GetFormDataFromUnownedInputElements.DOMContentLoaded recorded 2 samples, mean = 1074552576.0 (flags = 0x41)
0         ... 
1562508   -O                                                                        (1 = 50.0%) {0.0%}
1823911   ... 
10000000  -O                                                                        (1 = 50.0%) {50.0%}

Histogram: Autofill.TimingInterval.ExtractFormData.UpdateFormCache.AutofillAgentReset recorded 4 samples, mean = 806460.0 (flags = 0x41)
0        ... 
50       -O                                                                        (1 = 25.0%) {0.0%}
58       ... 
79       -O                                                                        (1 = 25.0%) {25.0%}
92       ... 
720966   -O                                                                        (1 = 25.0%) {50.0%}
841582   ... 
2129046  -O                                                                        (1 = 25.0%) {75.0%}
2485230  ... 

Histogram: Autofill.TimingInterval.ExtractFormData.UpdateFormCache.DOMContentLoaded recorded 4 samples, mean = 405402.2 (flags = 0x41)
0        ... 
5        -O                                                                        (1 = 25.0%) {0.0%}
6        ... 
8        -O                                                                        (1 = 25.0%) {25.0%}
9        ... 
32       -O                                                                        (1 = 25.0%) {50.0%}
37       ... 
1562508  -O                                                                        (1 = 25.0%) {75.0%}
1823911  ... 

Histogram: Autofill.TimingInterval.UpdateFormCache.UpdateFormCache.AutofillAgentReset recorded 4 samples, mean = 806474.2 (flags = 0x41)
0        ... 
58       -O                                                                        (1 = 25.0%) {0.0%}
68       ... 
107      -O                                                                        (1 = 25.0%) {25.0%}
125      ... 
720966   -O                                                                        (1 = 25.0%) {50.0%}
841582   ... 
2129046  -O                                                                        (1 = 25.0%) {75.0%}
2485230  ... 

Histogram: Autofill.TimingInterval.UpdateFormCache.UpdateFormCache.DOMContentLoaded recorded 4 samples, mean = 405416.5 (flags = 0x41)
0        ... 
11       -O                                                                        (1 = 25.0%) {0.0%}
13       ... 
17       -O                                                                        (1 = 25.0%) {25.0%}
20       ... 
58       -O                                                                        (1 = 25.0%) {50.0%}
68       ... 
1562508  -O                                                                        (1 = 25.0%) {75.0%}
1823911  ... 

Histogram: Autofill.TimingPrecise.ExtractFormData recorded 6 samples, mean = 19.2 (flags = 0x41)
0   ... 
2   -O                                                                        (1 = 16.7%) {0.0%}
3   O                                                                         (0 = 0.0%) {16.7%}
4   -O                                                                        (1 = 16.7%) {16.7%}
5   O                                                                         (0 = 0.0%) {33.3%}
6   -O                                                                        (1 = 16.7%) {33.3%}
7   ... 
25  --O                                                                       (2 = 33.3%) {50.0%}
28  ... 
47  -O                                                                        (1 = 16.7%) {83.3%}
53  ... 

Histogram: Autofill.TimingPrecise.ExtractFormData.GetFormDataFromUnownedInputElements recorded 2 samples, mean = 25.5 (flags = 0x41)
0   ... 
2   -O                                                                        (1 = 50.0%) {0.0%}
3   ... 
47  -O                                                                        (1 = 50.0%) {50.0%}
53  ... 

Histogram: Autofill.TimingPrecise.ExtractFormData.UpdateFormCache recorded 4 samples, mean = 16.0 (flags = 0x41)
0   ... 
4   -O                                                                        (1 = 25.0%) {0.0%}
5   O                                                                         (0 = 0.0%) {25.0%}
6   -O                                                                        (1 = 25.0%) {25.0%}
7   ... 
25  --O                                                                       (2 = 50.0%) {50.0%}
28  ... 

Histogram: Autofill.TimingPrecise.InferLabelForElement recorded 6 samples, mean = 0.0 (flags = 0x41)
0  ------O                                                                   (6 = 100.0%)
1  ... 

Histogram: Autofill.TimingPrecise.UpdateFormCache recorded 4 samples, mean = 33.2 (flags = 0x41)
0   ... 
11  -O                                                                        (1 = 25.0%) {0.0%}
13  ... 
17  -O                                                                        (1 = 25.0%) {25.0%}
19  ... 
36  -O                                                                        (1 = 25.0%) {50.0%}
41  ... 
60  -O                                                                        (1 = 25.0%) {75.0%}
68  ... 

Histogram: Autofill.TimingPrecise.UpdateFormCache.UpdateFormCache recorded 4 samples, mean = 33.2 (flags = 0x41)
0   ... 
11  -O                                                                        (1 = 25.0%) {0.0%}
13  ... 
17  -O                                                                        (1 = 25.0%) {25.0%}
19  ... 
36  -O                                                                        (1 = 25.0%) {50.0%}
41  ... 
60  -O                                                                        (1 = 25.0%) {75.0%}
68  ... 

Histogram: Autofill.VirtualCardUsageData.StoredUsageDataCount recorded 1 samples, mean = 0.0 (flags = 0x41)
0  -O                                                                        (1 = 100.0%)
1  ... 

Histogram: Blink.CSSStyleSheetResource.ParseTime recorded 7 samples, mean = 700.7 (flags = 0x41)
0     ... 
55    --O                                                                       (2 = 28.6%) {0.0%}
76    -O                                                                        (1 = 14.3%) {28.6%}
105   O                                                                         (0 = 0.0%) {42.9%}
146   -O                                                                        (1 = 14.3%) {42.9%}
203   ... 
391   -O                                                                        (1 = 14.3%) {57.1%}
542   -O                                                                        (1 = 14.3%) {71.4%}
752   ... 
2786  -O                                                                        (1 = 14.3%) {85.7%}
3865  ... 

Histogram: Blink.CommitDocumentLoaderTime recorded 7 samples, mean = 1.7 (flags = 0x41)
0  --O                                                                       (2 = 28.6%)
1  ----O                                                                     (4 = 57.1%) {28.6%}
2  ... 
8  -O                                                                        (1 = 14.3%) {85.7%}
10 ... 

Histogram: Blink.CookiesTime recorded 21 samples, mean = 30.3 (flags = 0x41)
0    --------------------O                                                     (20 = 95.2%)
1    ... 
633  -O                                                                        (1 = 4.8%) {95.2%}
752  ... 

Histogram: Blink.CullRect.UpdateTime recorded 17 samples, mean = 4.4 (flags = 0x41)
0   -----O                                                                    (5 = 29.4%)
1   ----O                                                                     (4 = 23.5%) {29.4%}
2   O                                                                         (0 = 0.0%) {52.9%}
3   -O                                                                        (1 = 5.9%) {52.9%}
4   O                                                                         (0 = 0.0%) {58.8%}
6   --O                                                                       (2 = 11.8%) {58.8%}
8   --O                                                                       (2 = 11.8%) {70.6%}
11  ---O                                                                      (3 = 17.6%) {82.4%}
15  ... 

Histogram: Blink.DocumentLoader.CommitNavigationToStartLoadingResponse.Time.OutermostMainFrame.NewNavigation.IsHTTPOrHTTPS recorded 1 samples, mean = 2.0 (flags = 0x41)
0  ... 
2  -O                                                                        (1 = 100.0%) {0.0%}
3  ... 

Histogram: Blink.DocumentLoader.CreateParserPostCommit.Time.OutermostMainFrame.NewNavigation.IsHTTPOrHTTPS recorded 1 samples, mean = 6.0 (flags = 0x41)
0  ... 
6  -O                                                                        (1 = 100.0%) {0.0%}
7  ... 

Histogram: Blink.Experimental.Cookies.CacheLookupResult2 recorded 21 samples, mean = 0.9 (flags = 0x41)
0  --O                                                                       (2 = 9.5%)
1  -------------------O                                                      (19 = 90.5%) {9.5%}
2  ... 

Histogram: Blink.Experimental.Cookies.FirstCookieRequest recorded 2 samples, mean = 1.0 (flags = 0x41)
0  O                                                                         (0 = 0.0%)
1  --O                                                                       (2 = 100.0%) {0.0%}
2  ... 

Histogram: Blink.Fetch.RequestResourceTime2 recorded 126 samples, mean = 548.0 (flags = 0x41)
0      ... 
8      -O                                                                        (1 = 0.8%) {0.0%}
11     ----------------------------O                                             (28 = 22.2%) {0.8%}
15     -------------------------------------O                                    (37 = 29.4%) {23.0%}
21     ------------O                                                             (12 = 9.5%) {52.4%}
29     -------O                                                                  (7 = 5.6%) {61.9%}
40     -----O                                                                    (5 = 4.0%) {67.5%}
55     -------O                                                                  (7 = 5.6%) {71.4%}
76     ---------O                                                                (9 = 7.1%) {77.0%}
105    --O                                                                       (2 = 1.6%) {84.1%}
146    -----O                                                                    (5 = 4.0%) {85.7%}
203    ------O                                                                   (6 = 4.8%) {89.7%}
282    -O                                                                        (1 = 0.8%) {94.4%}
391    --O                                                                       (2 = 1.6%) {95.2%}
542    --O                                                                       (2 = 1.6%) {96.8%}
752    ... 
2786   -O                                                                        (1 = 0.8%) {98.4%}
3865   ... 
53055  -O                                                                        (1 = 0.8%) {99.2%}
73609  ... 

Histogram: Blink.Fetch.RequestResourceTime2.Preload recorded 40 samples, mean = 49.6 (flags = 0x41)
0    ... 
8    -O                                                                        (1 = 2.5%) {0.0%}
11   ----O                                                                     (4 = 10.0%) {2.5%}
15   -------------O                                                            (13 = 32.5%) {12.5%}
21   ---------O                                                                (9 = 22.5%) {45.0%}
29   -O                                                                        (1 = 2.5%) {67.5%}
40   -O                                                                        (1 = 2.5%) {70.0%}
55   ----O                                                                     (4 = 10.0%) {72.5%}
76   -----O                                                                    (5 = 12.5%) {82.5%}
105  ... 
203  -O                                                                        (1 = 2.5%) {95.0%}
282  O                                                                         (0 = 0.0%) {97.5%}
391  -O                                                                        (1 = 2.5%) {97.5%}
542  ... 

Histogram: Blink.FetchQueuedPreloadsTime.MainFrame.Initial recorded 1 samples, mean = 0.0 (flags = 0x41)
0  -O                                                                        (1 = 100.0%)
1  ... 

Histogram: Blink.Fonts.DecodeTime recorded 5 samples, mean = 14309.4 (flags = 0x41)
0      ... 
2786   ----O                                                                     (4 = 80.0%) {0.0%}
3865   ... 
53055  -O                                                                        (1 = 20.0%) {80.0%}
73609  ... 

Histogram: Blink.Fonts.VariableFontsRatio recorded 5 samples, mean = 1.2 (flags = 0x41)
0  O                                                                         (0 = 0.0%)
1  ----O                                                                     (4 = 80.0%) {0.0%}
2  -O                                                                        (1 = 20.0%) {80.0%}
3  ... 

Histogram: Blink.ForcedStyleAndLayout.UpdateTime.PreFCP recorded 2 samples, mean = 11.5 (flags = 0x41)
0   O                                                                         (0 = 0.0%)
1   -O                                                                        (1 = 50.0%) {0.0%}
2   ... 
21  -O                                                                        (1 = 50.0%) {50.0%}
29  ... 

Histogram: Blink.HTMLFastPathParser.AbortedParseSize recorded 25 samples, mean = 1.7 (flags = 0x41)
0  ----O                                                                     (4 = 16.0%)
1  O                                                                         (0 = 0.0%) {16.0%}
2  ---------------------O                                                    (21 = 84.0%) {16.0%}
3  ... 

Histogram: Blink.HTMLFastPathParser.AbortedParseTime2 recorded 25 samples, mean = 1.5 (flags = 0x41)
0   --------------O                                                           (14 = 56.0%)
1   -------O                                                                  (7 = 28.0%) {56.0%}
2   --O                                                                       (2 = 8.0%) {84.0%}
3   O                                                                         (0 = 0.0%) {92.0%}
4   -O                                                                        (1 = 4.0%) {92.0%}
5   ... 
23  -O                                                                        (1 = 4.0%) {96.0%}
25  ... 

Histogram: Blink.HTMLFastPathParser.ParseResult recorded 49 samples, mean = 8.0 (flags = 0x41)
0   ------------------------O                                                 (24 = 49.0%)
1   ... 
4   ----O                                                                     (4 = 8.2%) {49.0%}
5   ... 
18  ---------------------O                                                    (21 = 42.9%) {57.1%}
19  ... 

Histogram: Blink.HTMLFastPathParser.SuccessfulParseSize recorded 24 samples, mean = 309.8 (flags = 0x41)
0    ... 
146  ---O                                                                      (3 = 12.5%) {0.0%}
203  ---------O                                                                (9 = 37.5%) {12.5%}
282  ------O                                                                   (6 = 25.0%) {50.0%}
391  ------O                                                                   (6 = 25.0%) {75.0%}
542  ... 

Histogram: Blink.HTMLFastPathParser.SuccessfulParseTime2 recorded 24 samples, mean = 4.3 (flags = 0x41)
0   ---O                                                                      (3 = 12.5%)
1   --------O                                                                 (8 = 33.3%) {12.5%}
2   -------O                                                                  (7 = 29.2%) {45.8%}
3   -O                                                                        (1 = 4.2%) {75.0%}
4   -O                                                                        (1 = 4.2%) {79.2%}
5   ... 
10  -O                                                                        (1 = 4.2%) {83.3%}
11  ... 
19  --O                                                                       (2 = 8.3%) {87.5%}
21  ... 
25  -O                                                                        (1 = 4.2%) {95.8%}
27  ... 

Histogram: Blink.HTMLFastPathParser.TotalParseTime2 recorded 49 samples, mean = 11.3 (flags = 0x41)
0   -O                                                                        (1 = 2.0%)
1   --------O                                                                 (8 = 16.3%) {2.0%}
2   ------O                                                                   (6 = 12.2%) {18.4%}
3   --O                                                                       (2 = 4.1%) {30.6%}
4   -------O                                                                  (7 = 14.3%) {34.7%}
5   --O                                                                       (2 = 4.1%) {49.0%}
6   --O                                                                       (2 = 4.1%) {53.1%}
7   ---O                                                                      (3 = 6.1%) {57.1%}
8   O                                                                         (0 = 0.0%) {63.3%}
9   -O                                                                        (1 = 2.0%) {63.3%}
10  -O                                                                        (1 = 2.0%) {65.3%}
11  ... 
14  --O                                                                       (2 = 4.1%) {67.3%}
15  -O                                                                        (1 = 2.0%) {71.4%}
16  --O                                                                       (2 = 4.1%) {73.5%}
17  O                                                                         (0 = 0.0%) {77.6%}
18  -O                                                                        (1 = 2.0%) {77.6%}
19  -O                                                                        (1 = 2.0%) {79.6%}
21  --O                                                                       (2 = 4.1%) {81.6%}
23  -O                                                                        (1 = 2.0%) {85.7%}
25  -O                                                                        (1 = 2.0%) {87.8%}
27  ... 
31  -O                                                                        (1 = 2.0%) {89.8%}
34  O                                                                         (0 = 0.0%) {91.8%}
37  -O                                                                        (1 = 2.0%) {91.8%}
40  O                                                                         (0 = 0.0%) {93.9%}
43  -O                                                                        (1 = 2.0%) {93.9%}
46  O                                                                         (0 = 0.0%) {95.9%}
50  -O                                                                        (1 = 2.0%) {95.9%}
54  O                                                                         (0 = 0.0%) {98.0%}
58  -O                                                                        (1 = 2.0%) {98.0%}
63  ... 

Histogram: Blink.HTMLParsing.ChunkCount4 recorded 1 samples, mean = 1.0 (flags = 0x41)
0  O                                                                         (0 = 0.0%)
1  -O                                                                        (1 = 100.0%) {0.0%}
2  ... 

Histogram: Blink.HTMLParsing.InputCharacterCount4 recorded 1 samples, mean = 164766.0 (flags = 0x41)
0       ... 
141691  -O                                                                        (1 = 100.0%) {0.0%}
196583  ... 

Histogram: Blink.HTMLParsing.ParsingTimeMax4 recorded 1 samples, mean = 6595.0 (flags = 0x41)
0     ... 
6587  -O                                                                        (1 = 100.0%) {0.0%}
6689  ... 

Histogram: Blink.HTMLParsing.ParsingTimeMin4 recorded 1 samples, mean = 6595.0 (flags = 0x41)
0     ... 
6317  -O                                                                        (1 = 100.0%) {0.0%}
7193  ... 

Histogram: Blink.HTMLParsing.ParsingTimeTotal4 recorded 1 samples, mean = 6595.0 (flags = 0x41)
0     ... 
6587  -O                                                                        (1 = 100.0%) {0.0%}
6689  ... 

Histogram: Blink.HTMLParsing.PreloadRequestCount recorded 1 samples, mean = 33.0 (flags = 0x41)
0   ... 
33  -O                                                                        (1 = 100.0%) {0.0%}
37  ... 

Histogram: Blink.HTMLParsing.TimeToDeferredPumpTokenizer4 recorded 1 samples, mean = 328424.0 (flags = 0x41)
0       ... 
310767  -O                                                                        (1 = 100.0%) {0.0%}
353860  ... 

Histogram: Blink.HTMLParsing.TokensParsedAverage4 recorded 1 samples, mean = 128.0 (flags = 0x41)
0    ... 
113  -O                                                                        (1 = 100.0%) {0.0%}
149  ... 

Histogram: Blink.HTMLParsing.TokensParsedMax4 recorded 1 samples, mean = 128.0 (flags = 0x41)
0    ... 
113  -O                                                                        (1 = 100.0%) {0.0%}
149  ... 

Histogram: Blink.HTMLParsing.TokensParsedMin4 recorded 1 samples, mean = 128.0 (flags = 0x41)
0    ... 
114  -O                                                                        (1 = 100.0%) {0.0%}
135  ... 

Histogram: Blink.HTMLParsing.TokensParsedTotal4 recorded 1 samples, mean = 128.0 (flags = 0x41)
0    ... 
105  -O                                                                        (1 = 100.0%) {0.0%}
146  ... 

Histogram: Blink.HTMLParsing.YieldedTimeAverage4 recorded 1 samples, mean = 164326.0 (flags = 0x41)
0       ... 
153496  -O                                                                        (1 = 100.0%) {0.0%}
179176  ... 

Histogram: Blink.HTMLParsing.YieldedTimeMax4 recorded 1 samples, mean = 328431.0 (flags = 0x41)
0       ... 
323450  -O                                                                        (1 = 100.0%) {0.0%}
328447  ... 

Histogram: Blink.HTMLParsing.YieldedTimeMin4 recorded 1 samples, mean = 221.0 (flags = 0x41)
0    ... 
198  -O                                                                        (1 = 100.0%) {0.0%}
231  ... 

Histogram: Blink.History.VisitedLinks.IsLinkStyledAsVisited recorded 41 samples, mean = 0.0 (flags = 0x41)
0  -----------------------------------------O                                (41 = 100.0%)
1  ... 

Histogram: Blink.JavascriptDocumentUpdate.UpdateTime.PreFCP recorded 1 samples, mean = 1.0 (flags = 0x41)
0  O                                                                         (0 = 0.0%)
1  -O                                                                        (1 = 100.0%) {0.0%}
2  ... 

Histogram: Blink.Layout.InlineNode.ShapeText.MaxTime.InOutermostMainFrame3 recorded 1 samples, mean = 0.0 (flags = 0x41)
0  -O                                                                        (1 = 100.0%)
1  ... 

Histogram: Blink.Layout.InlineNode.ShapeText.TotalTime.InOutermostMainFrame3 recorded 1 samples, mean = 0.0 (flags = 0x41)
0  -O                                                                        (1 = 100.0%)
1  ... 

Histogram: Blink.Layout.SVGImage.Count.InOutermostMainFrame recorded 1 samples, mean = 0.0 (flags = 0x41)
0  -O                                                                        (1 = 100.0%)
1  ... 

Histogram: Blink.Layout.SVGImage.TotalTime.InOutermostMainFrame recorded 1 samples, mean = 0.0 (flags = 0x41)
0  -O                                                                        (1 = 100.0%)
1  ... 

Histogram: Blink.MainFrame.UpdateTime.PreFCP recorded 17 samples, mean = 6306.6 (flags = 0x41)
0      ... 
29     -O                                                                        (1 = 5.9%) {0.0%}
40     ... 
76     ----O                                                                     (4 = 23.5%) {5.9%}
105    O                                                                         (0 = 0.0%) {29.4%}
146    ----O                                                                     (4 = 23.5%) {29.4%}
203    O                                                                         (0 = 0.0%) {52.9%}
282    -O                                                                        (1 = 5.9%) {52.9%}
391    -O                                                                        (1 = 5.9%) {58.8%}
542    ... 
1043   -O                                                                        (1 = 5.9%) {64.7%}
1447   ... 
2786   --O                                                                       (2 = 11.8%) {70.6%}
3865   ... 
10321  -O                                                                        (1 = 5.9%) {82.4%}
14319  O                                                                         (0 = 0.0%) {88.2%}
19866  -O                                                                        (1 = 5.9%) {88.2%}
27562  ... 
53055  -O                                                                        (1 = 5.9%) {94.1%}
73609  ... 

Histogram: Blink.MemoryCache.RevalidationPolicy.AsyncScript recorded 50 samples, mean = 1.6 (flags = 0x41)
0  ------------------------O                                                 (24 = 48.0%)
1  ... 
3  --------------------------O                                               (26 = 52.0%) {48.0%}
4  ... 

Histogram: Blink.MemoryCache.RevalidationPolicy.CSSStyleSheet recorded 7 samples, mean = 0.0 (flags = 0x41)
0  -------O                                                                  (7 = 100.0%)
1  ... 

Histogram: Blink.MemoryCache.RevalidationPolicy.Dead.CSSStyleSheet recorded 7 samples, mean = 0.0 (flags = 0x41)
0  -------O                                                                  (7 = 100.0%)
1  ... 

Histogram: Blink.MemoryCache.RevalidationPolicy.Dead.Font recorded 2 samples, mean = 0.0 (flags = 0x41)
0  --O                                                                       (2 = 100.0%)
1  ... 

Histogram: Blink.MemoryCache.RevalidationPolicy.Dead.Script recorded 23 samples, mean = 0.0 (flags = 0x41)
0  -----------------------O                                                  (23 = 100.0%)
1  ... 

Histogram: Blink.MemoryCache.RevalidationPolicy.Font recorded 23 samples, mean = 4.0 (flags = 0x41)
0  -O                                                                        (1 = 4.3%)
1  ... 
4  ------------------O                                                       (18 = 78.3%) {4.3%}
5  ----O                                                                     (4 = 17.4%) {82.6%}
6  O                                                                         (0 = 0.0%) {100.0%}

Histogram: Blink.MemoryCache.RevalidationPolicy.Image recorded 26 samples, mean = 4.0 (flags = 0x41)
0  ... 
3  -O                                                                        (1 = 3.8%) {0.0%}
4  -------------------------O                                                (25 = 96.2%) {3.8%}
5  ... 

Histogram: Blink.MemoryCache.RevalidationPolicy.Manifest recorded 1 samples, mean = 3.0 (flags = 0x41)
0  ... 
3  -O                                                                        (1 = 100.0%) {0.0%}
4  ... 

Histogram: Blink.MemoryCache.RevalidationPolicy.Preload.CSSStyleSheet recorded 13 samples, mean = 1.6 (flags = 0x41)
0  ------O                                                                   (6 = 46.2%)
1  ... 
3  -------O                                                                  (7 = 53.8%) {46.2%}
4  ... 

Histogram: Blink.MemoryCache.RevalidationPolicy.Preload.Font recorded 2 samples, mean = 1.5 (flags = 0x41)
0  -O                                                                        (1 = 50.0%)
1  ... 
3  -O                                                                        (1 = 50.0%) {50.0%}
4  ... 

Histogram: Blink.MemoryCache.RevalidationPolicy.Preload.Script recorded 25 samples, mean = 2.8 (flags = 0x41)
0  --O                                                                       (2 = 8.0%)
1  ... 
3  -----------------------O                                                  (23 = 92.0%) {8.0%}
4  ... 

Histogram: Blink.MemoryCache.RevalidationPolicy.Raw recorded 6 samples, mean = 3.0 (flags = 0x41)
0  ... 
3  ------O                                                                   (6 = 100.0%) {0.0%}
4  ... 

Histogram: Blink.MemoryCache.RevalidationPolicy.Script recorded 27 samples, mean = 0.4 (flags = 0x41)
0  -----------------------O                                                  (23 = 85.2%)
1  ... 
3  ----O                                                                     (4 = 14.8%) {85.2%}
4  ... 

Histogram: Blink.PreloadRequestStartDuration recorded 40 samples, mean = 51.1 (flags = 0x41)
0    ... 
8    -O                                                                        (1 = 2.5%) {0.0%}
11   ---O                                                                      (3 = 7.5%) {2.5%}
15   --------------O                                                           (14 = 35.0%) {10.0%}
21   ---------O                                                                (9 = 22.5%) {45.0%}
29   -O                                                                        (1 = 2.5%) {67.5%}
40   -O                                                                        (1 = 2.5%) {70.0%}
55   ----O                                                                     (4 = 10.0%) {72.5%}
76   -----O                                                                    (5 = 12.5%) {82.5%}
105  ... 
203  -O                                                                        (1 = 2.5%) {95.0%}
282  O                                                                         (0 = 0.0%) {97.5%}
391  -O                                                                        (1 = 2.5%) {97.5%}
542  ... 

Histogram: Blink.PreloadRequestWaitTime recorded 31 samples, mean = 0.6 (flags = 0x41)
0  -----------O                                                              (11 = 35.5%)
1  --------------------O                                                     (20 = 64.5%) {35.5%}
2  ... 

Histogram: Blink.PrepareToStopParsingTime recorded 32 samples, mean = 0.0 (flags = 0x41)
0  -------------------------------O                                          (31 = 96.9%)
1  -O                                                                        (1 = 3.1%) {96.9%}
2  ... 

Histogram: Blink.PumpTokenizerTime recorded 60 samples, mean = 0.2 (flags = 0x41)
0  ----------------------------------------------------------O               (58 = 96.7%)
1  ... 
6  -O                                                                        (1 = 1.7%) {96.7%}
7  -O                                                                        (1 = 1.7%) {98.3%}
8  ... 

Histogram: Blink.ResourceRequest.BackgroundResourceFetchSupportStatus recorded 47 samples, mean = 0.1 (flags = 0x41)
0  ---------------------------------------------O                            (45 = 95.7%)
1  O                                                                         (0 = 0.0%) {95.7%}
2  --O                                                                       (2 = 4.3%) {95.7%}
3  ... 

Histogram: Blink.ResourceRequest.CompletionDelay2 recorded 47 samples, mean = 92.3 (flags = 0x41)
0    ---------O                                                                (9 = 19.1%)
1    O                                                                         (0 = 0.0%) {19.1%}
2    --O                                                                       (2 = 4.3%) {19.1%}
3    O                                                                         (0 = 0.0%) {23.4%}
4    -O                                                                        (1 = 2.1%) {23.4%}
5    --O                                                                       (2 = 4.3%) {25.5%}
6    -O                                                                        (1 = 2.1%) {29.8%}
7    O                                                                         (0 = 0.0%) {31.9%}
8    -O                                                                        (1 = 2.1%) {31.9%}
10   --O                                                                       (2 = 4.3%) {34.0%}
12   ... 
17   -O                                                                        (1 = 2.1%) {38.3%}
20   --O                                                                       (2 = 4.3%) {40.4%}
24   -O                                                                        (1 = 2.1%) {44.7%}
29   -O                                                                        (1 = 2.1%) {46.8%}
34   ... 
57   --O                                                                       (2 = 4.3%) {48.9%}
68   -----O                                                                    (5 = 10.6%) {53.2%}
81   ---------O                                                                (9 = 19.1%) {63.8%}
96   ... 
318  -------O                                                                  (7 = 14.9%) {83.0%}
378  ... 
633  -O                                                                        (1 = 2.1%) {97.9%}
752  ... 

Histogram: Blink.ResourceRequest.RedirectDelay2 recorded 2 samples, mean = 15.0 (flags = 0x41)
0   ... 
5   -O                                                                        (1 = 50.0%) {0.0%}
6   ... 
24  -O                                                                        (1 = 50.0%) {50.0%}
29  ... 

Histogram: Blink.ResourceRequest.ResponseDelay2 recorded 47 samples, mean = 91.7 (flags = 0x41)
0    --------O                                                                 (8 = 17.0%)
1    -O                                                                        (1 = 2.1%) {17.0%}
2    ... 
4    --O                                                                       (2 = 4.3%) {19.1%}
5    O                                                                         (0 = 0.0%) {23.4%}
6    ---O                                                                      (3 = 6.4%) {23.4%}
7    O                                                                         (0 = 0.0%) {29.8%}
8    -O                                                                        (1 = 2.1%) {29.8%}
10   O                                                                         (0 = 0.0%) {31.9%}
12   -O                                                                        (1 = 2.1%) {31.9%}
14   -O                                                                        (1 = 2.1%) {34.0%}
17   O                                                                         (0 = 0.0%) {36.2%}
20   ---O                                                                      (3 = 6.4%) {36.2%}
24   O                                                                         (0 = 0.0%) {42.6%}
29   ---O                                                                      (3 = 6.4%) {42.6%}
34   ... 
81   -----------------O                                                        (17 = 36.2%) {48.9%}
96   ... 
318  ------O                                                                   (6 = 12.8%) {85.1%}
378  ... 
633  -O                                                                        (1 = 2.1%) {97.9%}
752  ... 

Histogram: Blink.ResourceRequest.StartDelay2 recorded 47 samples, mean = 385.5 (flags = 0x41)
0    ... 
3    -------O                                                                  (7 = 14.9%) {0.0%}
4    O                                                                         (0 = 0.0%) {14.9%}
5    -O                                                                        (1 = 2.1%) {14.9%}
6    ---O                                                                      (3 = 6.4%) {17.0%}
7    ... 
24   --O                                                                       (2 = 4.3%) {23.4%}
29   ... 
268  ---------O                                                                (9 = 19.1%) {27.7%}
318  ---O                                                                      (3 = 6.4%) {46.8%}
378  ... 
533  -O                                                                        (1 = 2.1%) {53.2%}
633  ---------------------O                                                    (21 = 44.7%) {55.3%}
752  ... 

Histogram: Blink.ScanAndPreloadTime.MainFrame.Initial recorded 1 samples, mean = 1.0 (flags = 0x41)
0  O                                                                         (0 = 0.0%)
1  -O                                                                        (1 = 100.0%) {0.0%}
2  ... 

Histogram: Blink.ScanAndPreloadTime.MainFrame.NonInitial recorded 1 samples, mean = 0.0 (flags = 0x41)
0  -O                                                                        (1 = 100.0%)
1  ... 

Histogram: Blink.ScanAndPreloadTime2.MainFrame.Initial recorded 1 samples, mean = 1642.0 (flags = 0x41)
0     ... 
1447  -O                                                                        (1 = 100.0%) {0.0%}
2008  ... 

Histogram: Blink.ScanAndPreloadTime2.MainFrame.NonInitial recorded 1 samples, mean = 9.0 (flags = 0x41)
0  ... 
8  -O                                                                        (1 = 100.0%) {0.0%}
11 ... 

Histogram: Blink.ScanAndPreloadTime2.Preload.MainFrame.Initial recorded 1 samples, mean = 952.0 (flags = 0x41)
0    ... 
752  -O                                                                        (1 = 100.0%) {0.0%}
1043 ... 

Histogram: Blink.ScanAndPreloadTime2.Preload.MainFrame.NonInitial recorded 1 samples, mean = 1.0 (flags = 0x41)
0  O                                                                         (0 = 0.0%)
1  -O                                                                        (1 = 100.0%) {0.0%}
2  ... 

Histogram: Blink.ScanAndPreloadTime2.Scan.MainFrame.Initial recorded 1 samples, mean = 681.0 (flags = 0x41)
0    ... 
542  -O                                                                        (1 = 100.0%) {0.0%}
752  ... 

Histogram: Blink.ScanAndPreloadTime2.Scan.MainFrame.NonInitial recorded 1 samples, mean = 0.0 (flags = 0x41)
0  -O                                                                        (1 = 100.0%)
1  ... 

Histogram: Blink.Script.AsyncScript.FromReadyToStartExecution.Time recorded 27 samples, mean = 55.5 (flags = 0x41)
0    -----O                                                                    (5 = 18.5%)
1    --O                                                                       (2 = 7.4%) {18.5%}
2    ... 
6    -----------------O                                                        (17 = 63.0%) {25.9%}
8    ... 
32   -O                                                                        (1 = 3.7%) {88.9%}
41   ... 
574  --O                                                                       (2 = 7.4%) {92.6%}
729  ... 

Histogram: Blink.Script.SchedulingType recorded 47 samples, mean = 5.4 (flags = 0x41)
0  ... 
3  -O                                                                        (1 = 2.1%) {0.0%}
4  O                                                                         (0 = 0.0%) {2.1%}
5  --------------------------O                                               (26 = 55.3%) {2.1%}
6  --------------------O                                                     (20 = 42.6%) {57.4%}
7  ... 

Histogram: Blink.UseCounter.AnimatedCSSProperties recorded 1 samples, mean = 1.0 (flags = 0x41)
0  O                                                                         (0 = 0.0%)
1  -O                                                                        (1 = 100.0%) {0.0%}
2  ... 

Histogram: Blink.UseCounter.CSSProperties recorded 96 samples, mean = 275.0 (flags = 0x41)
0    O                                                                         (0 = 0.0%)
1    -O                                                                        (1 = 1.0%) {0.0%}
2    -O                                                                        (1 = 1.0%) {1.0%}
3    -O                                                                        (1 = 1.0%) {2.1%}
4    -O                                                                        (1 = 1.0%) {3.1%}
5    -O                                                                        (1 = 1.0%) {4.2%}
6    -O                                                                        (1 = 1.0%) {5.2%}
7    -O                                                                        (1 = 1.0%) {6.2%}
8    -O                                                                        (1 = 1.0%) {7.3%}
9    O                                                                         (0 = 0.0%) {8.3%}
10   -O                                                                        (1 = 1.0%) {8.3%}
11   ... 
14   -O                                                                        (1 = 1.0%) {9.4%}
15   ... 
20   -O                                                                        (1 = 1.0%) {10.4%}
21   -O                                                                        (1 = 1.0%) {11.5%}
22   ... 
24   -O                                                                        (1 = 1.0%) {12.5%}
25   ... 
34   -O                                                                        (1 = 1.0%) {13.5%}
35   ... 
42   -O                                                                        (1 = 1.0%) {14.6%}
43   ... 
53   -O                                                                        (1 = 1.0%) {15.6%}
54   ... 
59   -O                                                                        (1 = 1.0%) {16.7%}
60   ... 
66   -O                                                                        (1 = 1.0%) {17.7%}
67   ... 
69   -O                                                                        (1 = 1.0%) {18.8%}
70   ... 
72   -O                                                                        (1 = 1.0%) {19.8%}
73   O                                                                         (0 = 0.0%) {20.8%}
74   -O                                                                        (1 = 1.0%) {20.8%}
75   ... 
77   -O                                                                        (1 = 1.0%) {21.9%}
78   ... 
81   -O                                                                        (1 = 1.0%) {22.9%}
82   ... 
84   -O                                                                        (1 = 1.0%) {24.0%}
85   ... 
89   -O                                                                        (1 = 1.0%) {25.0%}
90   ... 
95   -O                                                                        (1 = 1.0%) {26.0%}
96   -O                                                                        (1 = 1.0%) {27.1%}
97   -O                                                                        (1 = 1.0%) {28.1%}
98   -O                                                                        (1 = 1.0%) {29.2%}
99   O                                                                         (0 = 0.0%) {30.2%}
100  -O                                                                        (1 = 1.0%) {30.2%}
101  ... 
105  -O                                                                        (1 = 1.0%) {31.2%}
106  -O                                                                        (1 = 1.0%) {32.3%}
107  -O                                                                        (1 = 1.0%) {33.3%}
108  O                                                                         (0 = 0.0%) {34.4%}
109  -O                                                                        (1 = 1.0%) {34.4%}
110  ... 
118  -O                                                                        (1 = 1.0%) {35.4%}
119  -O                                                                        (1 = 1.0%) {36.5%}
120  ... 
124  -O                                                                        (1 = 1.0%) {37.5%}
125  ... 
127  -O                                                                        (1 = 1.0%) {38.5%}
128  -O                                                                        (1 = 1.0%) {39.6%}
129  -O                                                                        (1 = 1.0%) {40.6%}
130  ... 
143  -O                                                                        (1 = 1.0%) {41.7%}
144  ... 
150  -O                                                                        (1 = 1.0%) {42.7%}
151  O                                                                         (0 = 0.0%) {43.8%}
152  -O                                                                        (1 = 1.0%) {43.8%}
153  -O                                                                        (1 = 1.0%) {44.8%}
154  -O                                                                        (1 = 1.0%) {45.8%}
155  O                                                                         (0 = 0.0%) {46.9%}
156  -O                                                                        (1 = 1.0%) {46.9%}
157  -O                                                                        (1 = 1.0%) {47.9%}
158  O                                                                         (0 = 0.0%) {49.0%}
159  -O                                                                        (1 = 1.0%) {49.0%}
160  O                                                                         (0 = 0.0%) {50.0%}
161  -O                                                                        (1 = 1.0%) {50.0%}
162  ... 
164  -O                                                                        (1 = 1.0%) {51.0%}
165  -O                                                                        (1 = 1.0%) {52.1%}
166  ... 
175  -O                                                                        (1 = 1.0%) {53.1%}
176  ... 
231  -O                                                                        (1 = 1.0%) {54.2%}
232  -O                                                                        (1 = 1.0%) {55.2%}
233  O                                                                         (0 = 0.0%) {56.2%}
234  -O                                                                        (1 = 1.0%) {56.2%}
235  -O                                                                        (1 = 1.0%) {57.3%}
236  O                                                                         (0 = 0.0%) {58.3%}
237  -O                                                                        (1 = 1.0%) {58.3%}
238  -O                                                                        (1 = 1.0%) {59.4%}
239  -O                                                                        (1 = 1.0%) {60.4%}
240  -O                                                                        (1 = 1.0%) {61.5%}
241  O                                                                         (0 = 0.0%) {62.5%}
242  -O                                                                        (1 = 1.0%) {62.5%}
243  ... 
303  -O                                                                        (1 = 1.0%) {63.5%}
304  ... 
369  -O                                                                        (1 = 1.0%) {64.6%}
370  -O                                                                        (1 = 1.0%) {65.6%}
371  ... 
415  -O                                                                        (1 = 1.0%) {66.7%}
416  ... 
432  -O                                                                        (1 = 1.0%) {67.7%}
433  -O                                                                        (1 = 1.0%) {68.8%}
434  ... 
437  -O                                                                        (1 = 1.0%) {69.8%}
438  ... 
446  -O                                                                        (1 = 1.0%) {70.8%}
447  ... 
508  -O                                                                        (1 = 1.0%) {71.9%}
509  ... 
514  -O                                                                        (1 = 1.0%) {72.9%}
515  -O                                                                        (1 = 1.0%) {74.0%}
516  -O                                                                        (1 = 1.0%) {75.0%}
517  ... 
537  -O                                                                        (1 = 1.0%) {76.0%}
538  ... 
549  -O                                                                        (1 = 1.0%) {77.1%}
550  ... 
563  -O                                                                        (1 = 1.0%) {78.1%}
564  ... 
591  -O                                                                        (1 = 1.0%) {79.2%}
592  -O                                                                        (1 = 1.0%) {80.2%}
593  O                                                                         (0 = 0.0%) {81.2%}
594  -O                                                                        (1 = 1.0%) {81.2%}
595  -O                                                                        (1 = 1.0%) {82.3%}
596  ... 
598  -O                                                                        (1 = 1.0%) {83.3%}
599  -O                                                                        (1 = 1.0%) {84.4%}
600  ... 
618  -O                                                                        (1 = 1.0%) {85.4%}
619  -O                                                                        (1 = 1.0%) {86.5%}
620  -O                                                                        (1 = 1.0%) {87.5%}
621  -O                                                                        (1 = 1.0%) {88.5%}
622  ... 
636  -O                                                                        (1 = 1.0%) {89.6%}
637  ... 
657  -O                                                                        (1 = 1.0%) {90.6%}
658  -O                                                                        (1 = 1.0%) {91.7%}
659  ... 
662  -O                                                                        (1 = 1.0%) {92.7%}
663  ... 
672  -O                                                                        (1 = 1.0%) {93.8%}
673  -O                                                                        (1 = 1.0%) {94.8%}
674  O                                                                         (0 = 0.0%) {95.8%}
675  -O                                                                        (1 = 1.0%) {95.8%}
676  ... 
696  -O                                                                        (1 = 1.0%) {96.9%}
697  ... 
746  -O                                                                        (1 = 1.0%) {97.9%}
747  ... 
770  -O                                                                        (1 = 1.0%) {99.0%}
771  ... 

Histogram: Blink.UseCounter.Features recorded 182 samples, mean = 2250.0 (flags = 0x41)
0     ... 
13    -O                                                                        (1 = 0.5%) {0.0%}
14    ... 
16    -O                                                                        (1 = 0.5%) {0.5%}
17    ... 
52    -O                                                                        (1 = 0.5%) {1.1%}
53    ... 
69    -O                                                                        (1 = 0.5%) {1.6%}
70    ... 
123   -O                                                                        (1 = 0.5%) {2.2%}
124   -O                                                                        (1 = 0.5%) {2.7%}
125   -O                                                                        (1 = 0.5%) {3.3%}
126   ... 
138   -O                                                                        (1 = 0.5%) {3.8%}
139   ... 
240   -O                                                                        (1 = 0.5%) {4.4%}
241   ... 
250   -O                                                                        (1 = 0.5%) {4.9%}
251   ... 
429   -O                                                                        (1 = 0.5%) {5.5%}
430   -O                                                                        (1 = 0.5%) {6.0%}
431   -O                                                                        (1 = 0.5%) {6.6%}
432   -O                                                                        (1 = 0.5%) {7.1%}
433   ... 
469   -O                                                                        (1 = 0.5%) {7.7%}
470   ... 
494   -O                                                                        (1 = 0.5%) {8.2%}
495   ... 
522   -O                                                                        (1 = 0.5%) {8.8%}
523   -O                                                                        (1 = 0.5%) {9.3%}
524   -O                                                                        (1 = 0.5%) {9.9%}
525   ... 
540   -O                                                                        (1 = 0.5%) {10.4%}
541   ... 
587   -O                                                                        (1 = 0.5%) {11.0%}
588   -O                                                                        (1 = 0.5%) {11.5%}
589   ... 
675   -O                                                                        (1 = 0.5%) {12.1%}
676   ... 
710   -O                                                                        (1 = 0.5%) {12.6%}
711   -O                                                                        (1 = 0.5%) {13.2%}
712   -O                                                                        (1 = 0.5%) {13.7%}
713   ... 
717   -O                                                                        (1 = 0.5%) {14.3%}
718   ... 
730   -O                                                                        (1 = 0.5%) {14.8%}
731   ... 
744   -O                                                                        (1 = 0.5%) {15.4%}
745   ... 
780   -O                                                                        (1 = 0.5%) {15.9%}
781   -O                                                                        (1 = 0.5%) {16.5%}
782   ... 
786   -O                                                                        (1 = 0.5%) {17.0%}
787   -O                                                                        (1 = 0.5%) {17.6%}
788   ... 
804   -O                                                                        (1 = 0.5%) {18.1%}
805   ... 
900   -O                                                                        (1 = 0.5%) {18.7%}
901   -O                                                                        (1 = 0.5%) {19.2%}
902   ... 
907   -O                                                                        (1 = 0.5%) {19.8%}
908   ... 
954   -O                                                                        (1 = 0.5%) {20.3%}
955   ... 
970   -O                                                                        (1 = 0.5%) {20.9%}
971   O                                                                         (0 = 0.0%) {21.4%}
972   -O                                                                        (1 = 0.5%) {21.4%}
973   -O                                                                        (1 = 0.5%) {22.0%}
974   ... 
976   -O                                                                        (1 = 0.5%) {22.5%}
977   ... 
1023  -O                                                                        (1 = 0.5%) {23.1%}
1024  ... 
1069  -O                                                                        (1 = 0.5%) {23.6%}
1070  -O                                                                        (1 = 0.5%) {24.2%}
1071  ... 
1075  -O                                                                        (1 = 0.5%) {24.7%}
1076  -O                                                                        (1 = 0.5%) {25.3%}
1077  ... 
1124  -O                                                                        (1 = 0.5%) {25.8%}
1125  ... 
1302  -O                                                                        (1 = 0.5%) {26.4%}
1303  ... 
1347  -O                                                                        (1 = 0.5%) {26.9%}
1348  ... 
1351  -O                                                                        (1 = 0.5%) {27.5%}
1352  ... 
1354  -O                                                                        (1 = 0.5%) {28.0%}
1355  ... 
1368  -O                                                                        (1 = 0.5%) {28.6%}
1369  ... 
1417  -O                                                                        (1 = 0.5%) {29.1%}
1418  ... 
1441  -O                                                                        (1 = 0.5%) {29.7%}
1442  ... 
1458  -O                                                                        (1 = 0.5%) {30.2%}
1459  -O                                                                        (1 = 0.5%) {30.8%}
1460  ... 
1462  -O                                                                        (1 = 0.5%) {31.3%}
1463  -O                                                                        (1 = 0.5%) {31.9%}
1464  ... 
1467  -O                                                                        (1 = 0.5%) {32.4%}
1468  ... 
1502  -O                                                                        (1 = 0.5%) {33.0%}
1503  ... 
1692  -O                                                                        (1 = 0.5%) {33.5%}
1693  -O                                                                        (1 = 0.5%) {34.1%}
1694  ... 
1827  -O                                                                        (1 = 0.5%) {34.6%}
1828  ... 
2013  -O                                                                        (1 = 0.5%) {35.2%}
2014  ... 
2077  -O                                                                        (1 = 0.5%) {35.7%}
2078  ... 
2094  -O                                                                        (1 = 0.5%) {36.3%}
2095  O                                                                         (0 = 0.0%) {36.8%}
2096  -O                                                                        (1 = 0.5%) {36.8%}
2097  ... 
2100  -O                                                                        (1 = 0.5%) {37.4%}
2101  ... 
2112  -O                                                                        (1 = 0.5%) {37.9%}
2113  ... 
2121  -O                                                                        (1 = 0.5%) {38.5%}
2122  ... 
2157  -O                                                                        (1 = 0.5%) {39.0%}
2158  ... 
2188  -O                                                                        (1 = 0.5%) {39.6%}
2189  O                                                                         (0 = 0.0%) {40.1%}
2190  -O                                                                        (1 = 0.5%) {40.1%}
2191  -O                                                                        (1 = 0.5%) {40.7%}
2192  ... 
2195  -O                                                                        (1 = 0.5%) {41.2%}
2196  ... 
2203  -O                                                                        (1 = 0.5%) {41.8%}
2204  -O                                                                        (1 = 0.5%) {42.3%}
2205  ... 
2217  -O                                                                        (1 = 0.5%) {42.9%}
2218  ... 
2226  -O                                                                        (1 = 0.5%) {43.4%}
2227  O                                                                         (0 = 0.0%) {44.0%}
2228  -O                                                                        (1 = 0.5%) {44.0%}
2229  -O                                                                        (1 = 0.5%) {44.5%}
2230  ... 
2236  -O                                                                        (1 = 0.5%) {45.1%}
2237  ... 
2298  -O                                                                        (1 = 0.5%) {45.6%}
2299  ... 
2314  -O                                                                        (1 = 0.5%) {46.2%}
2315  ... 
2319  -O                                                                        (1 = 0.5%) {46.7%}
2320  ... 
2322  -O                                                                        (1 = 0.5%) {47.3%}
2323  ... 
2347  -O                                                                        (1 = 0.5%) {47.8%}
2348  ... 
2355  -O                                                                        (1 = 0.5%) {48.4%}
2356  ... 
2361  -O                                                                        (1 = 0.5%) {48.9%}
2362  ... 
2387  -O                                                                        (1 = 0.5%) {49.5%}
2388  -O                                                                        (1 = 0.5%) {50.0%}
2389  ... 
2399  -O                                                                        (1 = 0.5%) {50.5%}
2400  ... 
2413  -O                                                                        (1 = 0.5%) {51.1%}
2414  ... 
2429  -O                                                                        (1 = 0.5%) {51.6%}
2430  O                                                                         (0 = 0.0%) {52.2%}
2431  -O                                                                        (1 = 0.5%) {52.2%}
2432  ... 
2487  -O                                                                        (1 = 0.5%) {52.7%}
2488  ... 
2518  -O                                                                        (1 = 0.5%) {53.3%}
2519  ... 
2598  -O                                                                        (1 = 0.5%) {53.8%}
2599  ... 
2618  -O                                                                        (1 = 0.5%) {54.4%}
2619  ... 
2654  -O                                                                        (1 = 0.5%) {54.9%}
2655  -O                                                                        (1 = 0.5%) {55.5%}
2656  -O                                                                        (1 = 0.5%) {56.0%}
2657  -O                                                                        (1 = 0.5%) {56.6%}
2658  -O                                                                        (1 = 0.5%) {57.1%}
2659  -O                                                                        (1 = 0.5%) {57.7%}
2660  -O                                                                        (1 = 0.5%) {58.2%}
2661  -O                                                                        (1 = 0.5%) {58.8%}
2662  -O                                                                        (1 = 0.5%) {59.3%}
2663  -O                                                                        (1 = 0.5%) {59.9%}
2664  ... 
2699  -O                                                                        (1 = 0.5%) {60.4%}
2700  -O                                                                        (1 = 0.5%) {61.0%}
2701  -O                                                                        (1 = 0.5%) {61.5%}
2702  -O                                                                        (1 = 0.5%) {62.1%}
2703  -O                                                                        (1 = 0.5%) {62.6%}
2704  -O                                                                        (1 = 0.5%) {63.2%}
2705  -O                                                                        (1 = 0.5%) {63.7%}
2706  -O                                                                        (1 = 0.5%) {64.3%}
2707  -O                                                                        (1 = 0.5%) {64.8%}
2708  ... 
2710  -O                                                                        (1 = 0.5%) {65.4%}
2711  -O                                                                        (1 = 0.5%) {65.9%}
2712  ... 
2714  -O                                                                        (1 = 0.5%) {66.5%}
2715  -O                                                                        (1 = 0.5%) {67.0%}
2716  -O                                                                        (1 = 0.5%) {67.6%}
2717  ... 
2723  -O                                                                        (1 = 0.5%) {68.1%}
2724  ... 
2738  -O                                                                        (1 = 0.5%) {68.7%}
2739  ... 
2769  -O                                                                        (1 = 0.5%) {69.2%}
2770  ... 
2789  -O                                                                        (1 = 0.5%) {69.8%}
2790  -O                                                                        (1 = 0.5%) {70.3%}
2791  -O                                                                        (1 = 0.5%) {70.9%}
2792  -O                                                                        (1 = 0.5%) {71.4%}
2793  ... 
2841  -O                                                                        (1 = 0.5%) {72.0%}
2842  ... 
2903  -O                                                                        (1 = 0.5%) {72.5%}
2904  -O                                                                        (1 = 0.5%) {73.1%}
2905  ... 
2927  -O                                                                        (1 = 0.5%) {73.6%}
2928  ... 
2935  -O                                                                        (1 = 0.5%) {74.2%}
2936  ... 
3004  -O                                                                        (1 = 0.5%) {74.7%}
3005  ... 
3019  -O                                                                        (1 = 0.5%) {75.3%}
3020  -O                                                                        (1 = 0.5%) {75.8%}
3021  ... 
3028  -O                                                                        (1 = 0.5%) {76.4%}
3029  ... 
3066  -O                                                                        (1 = 0.5%) {76.9%}
3067  ... 
3116  -O                                                                        (1 = 0.5%) {77.5%}
3117  ... 
3157  -O                                                                        (1 = 0.5%) {78.0%}
3158  ... 
3189  -O                                                                        (1 = 0.5%) {78.6%}
3190  ... 
3198  -O                                                                        (1 = 0.5%) {79.1%}
3199  ... 
3254  -O                                                                        (1 = 0.5%) {79.7%}
3255  ... 
3273  -O                                                                        (1 = 0.5%) {80.2%}
3274  O                                                                         (0 = 0.0%) {80.8%}
3275  -O                                                                        (1 = 0.5%) {80.8%}
3276  ... 
3279  -O                                                                        (1 = 0.5%) {81.3%}
3280  ... 
3307  -O                                                                        (1 = 0.5%) {81.9%}
3308  -O                                                                        (1 = 0.5%) {82.4%}
3309  ... 
3349  -O                                                                        (1 = 0.5%) {83.0%}
3350  ... 
3359  -O                                                                        (1 = 0.5%) {83.5%}
3360  ... 
3409  -O                                                                        (1 = 0.5%) {84.1%}
3410  ... 
3444  -O                                                                        (1 = 0.5%) {84.6%}
3445  ... 
3698  -O                                                                        (1 = 0.5%) {85.2%}
3699  ... 
3789  -O                                                                        (1 = 0.5%) {85.7%}
3790  -O                                                                        (1 = 0.5%) {86.3%}
3791  ... 
3803  -O                                                                        (1 = 0.5%) {86.8%}
3804  ... 
3870  -O                                                                        (1 = 0.5%) {87.4%}
3871  ... 
3945  -O                                                                        (1 = 0.5%) {87.9%}
3946  ... 
3973  -O                                                                        (1 = 0.5%) {88.5%}
3974  ... 
4007  -O                                                                        (1 = 0.5%) {89.0%}
4008  ... 
4079  -O                                                                        (1 = 0.5%) {89.6%}
4080  ... 
4113  -O                                                                        (1 = 0.5%) {90.1%}
4114  ... 
4161  -O                                                                        (1 = 0.5%) {90.7%}
4162  ... 
4177  -O                                                                        (1 = 0.5%) {91.2%}
4178  ... 
4194  -O                                                                        (1 = 0.5%) {91.8%}
4195  O                                                                         (0 = 0.0%) {92.3%}
4196  -O                                                                        (1 = 0.5%) {92.3%}
4197  ... 
4240  -O                                                                        (1 = 0.5%) {92.9%}
4241  O                                                                         (0 = 0.0%) {93.4%}
4242  -O                                                                        (1 = 0.5%) {93.4%}
4243  ... 
4307  -O                                                                        (1 = 0.5%) {94.0%}
4308  ... 
4317  -O                                                                        (1 = 0.5%) {94.5%}
4318  ... 
4346  -O                                                                        (1 = 0.5%) {95.1%}
4347  ... 
4372  -O                                                                        (1 = 0.5%) {95.6%}
4373  ... 
4379  -O                                                                        (1 = 0.5%) {96.2%}
4380  ... 
4419  -O                                                                        (1 = 0.5%) {96.7%}
4420  ... 
4561  -O                                                                        (1 = 0.5%) {97.3%}
4562  ... 
4673  -O                                                                        (1 = 0.5%) {97.8%}
4674  ... 
4743  -O                                                                        (1 = 0.5%) {98.4%}
4744  ... 
4961  -O                                                                        (1 = 0.5%) {98.9%}
4962  ... 
4994  -O                                                                        (1 = 0.5%) {99.5%}
4995  ... 

Histogram: Blink.UseCounter.MainFrame.Features recorded 182 samples, mean = 2250.0 (flags = 0x41)
0     ... 
13    -O                                                                        (1 = 0.5%) {0.0%}
14    ... 
16    -O                                                                        (1 = 0.5%) {0.5%}
17    ... 
52    -O                                                                        (1 = 0.5%) {1.1%}
53    ... 
69    -O                                                                        (1 = 0.5%) {1.6%}
70    ... 
123   -O                                                                        (1 = 0.5%) {2.2%}
124   -O                                                                        (1 = 0.5%) {2.7%}
125   -O                                                                        (1 = 0.5%) {3.3%}
126   ... 
138   -O                                                                        (1 = 0.5%) {3.8%}
139   ... 
240   -O                                                                        (1 = 0.5%) {4.4%}
241   ... 
250   -O                                                                        (1 = 0.5%) {4.9%}
251   ... 
429   -O                                                                        (1 = 0.5%) {5.5%}
430   -O                                                                        (1 = 0.5%) {6.0%}
431   -O                                                                        (1 = 0.5%) {6.6%}
432   -O                                                                        (1 = 0.5%) {7.1%}
433   ... 
469   -O                                                                        (1 = 0.5%) {7.7%}
470   ... 
494   -O                                                                        (1 = 0.5%) {8.2%}
495   ... 
522   -O                                                                        (1 = 0.5%) {8.8%}
523   -O                                                                        (1 = 0.5%) {9.3%}
524   -O                                                                        (1 = 0.5%) {9.9%}
525   ... 
540   -O                                                                        (1 = 0.5%) {10.4%}
541   ... 
587   -O                                                                        (1 = 0.5%) {11.0%}
588   -O                                                                        (1 = 0.5%) {11.5%}
589   ... 
675   -O                                                                        (1 = 0.5%) {12.1%}
676   ... 
710   -O                                                                        (1 = 0.5%) {12.6%}
711   -O                                                                        (1 = 0.5%) {13.2%}
712   -O                                                                        (1 = 0.5%) {13.7%}
713   ... 
717   -O                                                                        (1 = 0.5%) {14.3%}
718   ... 
730   -O                                                                        (1 = 0.5%) {14.8%}
731   ... 
744   -O                                                                        (1 = 0.5%) {15.4%}
745   ... 
780   -O                                                                        (1 = 0.5%) {15.9%}
781   -O                                                                        (1 = 0.5%) {16.5%}
782   ... 
786   -O                                                                        (1 = 0.5%) {17.0%}
787   -O                                                                        (1 = 0.5%) {17.6%}
788   ... 
804   -O                                                                        (1 = 0.5%) {18.1%}
805   ... 
900   -O                                                                        (1 = 0.5%) {18.7%}
901   -O                                                                        (1 = 0.5%) {19.2%}
902   ... 
907   -O                                                                        (1 = 0.5%) {19.8%}
908   ... 
954   -O                                                                        (1 = 0.5%) {20.3%}
955   ... 
970   -O                                                                        (1 = 0.5%) {20.9%}
971   O                                                                         (0 = 0.0%) {21.4%}
972   -O                                                                        (1 = 0.5%) {21.4%}
973   -O                                                                        (1 = 0.5%) {22.0%}
974   ... 
976   -O                                                                        (1 = 0.5%) {22.5%}
977   ... 
1023  -O                                                                        (1 = 0.5%) {23.1%}
1024  ... 
1069  -O                                                                        (1 = 0.5%) {23.6%}
1070  -O                                                                        (1 = 0.5%) {24.2%}
1071  ... 
1075  -O                                                                        (1 = 0.5%) {24.7%}
1076  -O                                                                        (1 = 0.5%) {25.3%}
1077  ... 
1124  -O                                                                        (1 = 0.5%) {25.8%}
1125  ... 
1302  -O                                                                        (1 = 0.5%) {26.4%}
1303  ... 
1347  -O                                                                        (1 = 0.5%) {26.9%}
1348  ... 
1351  -O                                                                        (1 = 0.5%) {27.5%}
1352  ... 
1354  -O                                                                        (1 = 0.5%) {28.0%}
1355  ... 
1368  -O                                                                        (1 = 0.5%) {28.6%}
1369  ... 
1417  -O                                                                        (1 = 0.5%) {29.1%}
1418  ... 
1441  -O                                                                        (1 = 0.5%) {29.7%}
1442  ... 
1458  -O                                                                        (1 = 0.5%) {30.2%}
1459  -O                                                                        (1 = 0.5%) {30.8%}
1460  ... 
1462  -O                                                                        (1 = 0.5%) {31.3%}
1463  -O                                                                        (1 = 0.5%) {31.9%}
1464  ... 
1467  -O                                                                        (1 = 0.5%) {32.4%}
1468  ... 
1502  -O                                                                        (1 = 0.5%) {33.0%}
1503  ... 
1692  -O                                                                        (1 = 0.5%) {33.5%}
1693  -O                                                                        (1 = 0.5%) {34.1%}
1694  ... 
1827  -O                                                                        (1 = 0.5%) {34.6%}
1828  ... 
2013  -O                                                                        (1 = 0.5%) {35.2%}
2014  ... 
2077  -O                                                                        (1 = 0.5%) {35.7%}
2078  ... 
2094  -O                                                                        (1 = 0.5%) {36.3%}
2095  O                                                                         (0 = 0.0%) {36.8%}
2096  -O                                                                        (1 = 0.5%) {36.8%}
2097  ... 
2100  -O                                                                        (1 = 0.5%) {37.4%}
2101  ... 
2112  -O                                                                        (1 = 0.5%) {37.9%}
2113  ... 
2121  -O                                                                        (1 = 0.5%) {38.5%}
2122  ... 
2157  -O                                                                        (1 = 0.5%) {39.0%}
2158  ... 
2188  -O                                                                        (1 = 0.5%) {39.6%}
2189  O                                                                         (0 = 0.0%) {40.1%}
2190  -O                                                                        (1 = 0.5%) {40.1%}
2191  -O                                                                        (1 = 0.5%) {40.7%}
2192  ... 
2195  -O                                                                        (1 = 0.5%) {41.2%}
2196  ... 
2203  -O                                                                        (1 = 0.5%) {41.8%}
2204  -O                                                                        (1 = 0.5%) {42.3%}
2205  ... 
2217  -O                                                                        (1 = 0.5%) {42.9%}
2218  ... 
2226  -O                                                                        (1 = 0.5%) {43.4%}
2227  O                                                                         (0 = 0.0%) {44.0%}
2228  -O                                                                        (1 = 0.5%) {44.0%}
2229  -O                                                                        (1 = 0.5%) {44.5%}
2230  ... 
2236  -O                                                                        (1 = 0.5%) {45.1%}
2237  ... 
2298  -O                                                                        (1 = 0.5%) {45.6%}
2299  ... 
2314  -O                                                                        (1 = 0.5%) {46.2%}
2315  ... 
2319  -O                                                                        (1 = 0.5%) {46.7%}
2320  ... 
2322  -O                                                                        (1 = 0.5%) {47.3%}
2323  ... 
2347  -O                                                                        (1 = 0.5%) {47.8%}
2348  ... 
2355  -O                                                                        (1 = 0.5%) {48.4%}
2356  ... 
2361  -O                                                                        (1 = 0.5%) {48.9%}
2362  ... 
2387  -O                                                                        (1 = 0.5%) {49.5%}
2388  -O                                                                        (1 = 0.5%) {50.0%}
2389  ... 
2399  -O                                                                        (1 = 0.5%) {50.5%}
2400  ... 
2413  -O                                                                        (1 = 0.5%) {51.1%}
2414  ... 
2429  -O                                                                        (1 = 0.5%) {51.6%}
2430  O                                                                         (0 = 0.0%) {52.2%}
2431  -O                                                                        (1 = 0.5%) {52.2%}
2432  ... 
2487  -O                                                                        (1 = 0.5%) {52.7%}
2488  ... 
2518  -O                                                                        (1 = 0.5%) {53.3%}
2519  ... 
2598  -O                                                                        (1 = 0.5%) {53.8%}
2599  ... 
2618  -O                                                                        (1 = 0.5%) {54.4%}
2619  ... 
2654  -O                                                                        (1 = 0.5%) {54.9%}
2655  -O                                                                        (1 = 0.5%) {55.5%}
2656  -O                                                                        (1 = 0.5%) {56.0%}
2657  -O                                                                        (1 = 0.5%) {56.6%}
2658  -O                                                                        (1 = 0.5%) {57.1%}
2659  -O                                                                        (1 = 0.5%) {57.7%}
2660  -O                                                                        (1 = 0.5%) {58.2%}
2661  -O                                                                        (1 = 0.5%) {58.8%}
2662  -O                                                                        (1 = 0.5%) {59.3%}
2663  -O                                                                        (1 = 0.5%) {59.9%}
2664  ... 
2699  -O                                                                        (1 = 0.5%) {60.4%}
2700  -O                                                                        (1 = 0.5%) {61.0%}
2701  -O                                                                        (1 = 0.5%) {61.5%}
2702  -O                                                                        (1 = 0.5%) {62.1%}
2703  -O                                                                        (1 = 0.5%) {62.6%}
2704  -O                                                                        (1 = 0.5%) {63.2%}
2705  -O                                                                        (1 = 0.5%) {63.7%}
2706  -O                                                                        (1 = 0.5%) {64.3%}
2707  -O                                                                        (1 = 0.5%) {64.8%}
2708  ... 
2710  -O                                                                        (1 = 0.5%) {65.4%}
2711  -O                                                                        (1 = 0.5%) {65.9%}
2712  ... 
2714  -O                                                                        (1 = 0.5%) {66.5%}
2715  -O                                                                        (1 = 0.5%) {67.0%}
2716  -O                                                                        (1 = 0.5%) {67.6%}
2717  ... 
2723  -O                                                                        (1 = 0.5%) {68.1%}
2724  ... 
2738  -O                                                                        (1 = 0.5%) {68.7%}
2739  ... 
2769  -O                                                                        (1 = 0.5%) {69.2%}
2770  ... 
2789  -O                                                                        (1 = 0.5%) {69.8%}
2790  -O                                                                        (1 = 0.5%) {70.3%}
2791  -O                                                                        (1 = 0.5%) {70.9%}
2792  -O                                                                        (1 = 0.5%) {71.4%}
2793  ... 
2841  -O                                                                        (1 = 0.5%) {72.0%}
2842  ... 
2903  -O                                                                        (1 = 0.5%) {72.5%}
2904  -O                                                                        (1 = 0.5%) {73.1%}
2905  ... 
2927  -O                                                                        (1 = 0.5%) {73.6%}
2928  ... 
2935  -O                                                                        (1 = 0.5%) {74.2%}
2936  ... 
3004  -O                                                                        (1 = 0.5%) {74.7%}
3005  ... 
3019  -O                                                                        (1 = 0.5%) {75.3%}
3020  -O                                                                        (1 = 0.5%) {75.8%}
3021  ... 
3028  -O                                                                        (1 = 0.5%) {76.4%}
3029  ... 
3066  -O                                                                        (1 = 0.5%) {76.9%}
3067  ... 
3116  -O                                                                        (1 = 0.5%) {77.5%}
3117  ... 
3157  -O                                                                        (1 = 0.5%) {78.0%}
3158  ... 
3189  -O                                                                        (1 = 0.5%) {78.6%}
3190  ... 
3198  -O                                                                        (1 = 0.5%) {79.1%}
3199  ... 
3254  -O                                                                        (1 = 0.5%) {79.7%}
3255  ... 
3273  -O                                                                        (1 = 0.5%) {80.2%}
3274  O                                                                         (0 = 0.0%) {80.8%}
3275  -O                                                                        (1 = 0.5%) {80.8%}
3276  ... 
3279  -O                                                                        (1 = 0.5%) {81.3%}
3280  ... 
3307  -O                                                                        (1 = 0.5%) {81.9%}
3308  -O                                                                        (1 = 0.5%) {82.4%}
3309  ... 
3349  -O                                                                        (1 = 0.5%) {83.0%}
3350  ... 
3359  -O                                                                        (1 = 0.5%) {83.5%}
3360  ... 
3409  -O                                                                        (1 = 0.5%) {84.1%}
3410  ... 
3444  -O                                                                        (1 = 0.5%) {84.6%}
3445  ... 
3698  -O                                                                        (1 = 0.5%) {85.2%}
3699  ... 
3789  -O                                                                        (1 = 0.5%) {85.7%}
3790  -O                                                                        (1 = 0.5%) {86.3%}
3791  ... 
3803  -O                                                                        (1 = 0.5%) {86.8%}
3804  ... 
3870  -O                                                                        (1 = 0.5%) {87.4%}
3871  ... 
3945  -O                                                                        (1 = 0.5%) {87.9%}
3946  ... 
3973  -O                                                                        (1 = 0.5%) {88.5%}
3974  ... 
4007  -O                                                                        (1 = 0.5%) {89.0%}
4008  ... 
4079  -O                                                                        (1 = 0.5%) {89.6%}
4080  ... 
4113  -O                                                                        (1 = 0.5%) {90.1%}
4114  ... 
4161  -O                                                                        (1 = 0.5%) {90.7%}
4162  ... 
4177  -O                                                                        (1 = 0.5%) {91.2%}
4178  ... 
4194  -O                                                                        (1 = 0.5%) {91.8%}
4195  O                                                                         (0 = 0.0%) {92.3%}
4196  -O                                                                        (1 = 0.5%) {92.3%}
4197  ... 
4240  -O                                                                        (1 = 0.5%) {92.9%}
4241  O                                                                         (0 = 0.0%) {93.4%}
4242  -O                                                                        (1 = 0.5%) {93.4%}
4243  ... 
4307  -O                                                                        (1 = 0.5%) {94.0%}
4308  ... 
4317  -O                                                                        (1 = 0.5%) {94.5%}
4318  ... 
4346  -O                                                                        (1 = 0.5%) {95.1%}
4347  ... 
4372  -O                                                                        (1 = 0.5%) {95.6%}
4373  ... 
4379  -O                                                                        (1 = 0.5%) {96.2%}
4380  ... 
4419  -O                                                                        (1 = 0.5%) {96.7%}
4420  ... 
4561  -O                                                                        (1 = 0.5%) {97.3%}
4562  ... 
4673  -O                                                                        (1 = 0.5%) {97.8%}
4674  ... 
4743  -O                                                                        (1 = 0.5%) {98.4%}
4744  ... 
4961  -O                                                                        (1 = 0.5%) {98.9%}
4962  ... 
4994  -O                                                                        (1 = 0.5%) {99.5%}
4995  ... 

Histogram: Blink.UseCounter.PermissionsPolicy.Allow2 recorded 0 samples (flags = 0x41)
0 ... 

Histogram: Blink.UseCounter.PermissionsPolicy.Header2 recorded 0 samples (flags = 0x41)
0 ... 

Histogram: Blink.UseCounter.PermissionsPolicy.Violation.Enforce recorded 0 samples (flags = 0x41)
0 ... 

Histogram: Blink.UseCounter.WebDXFeatures recorded 15 samples, mean = 37.7 (flags = 0x41)
0   ... 
5   -O                                                                        (1 = 6.7%) {0.0%}
6   ... 
8   -O                                                                        (1 = 6.7%) {6.7%}
9   -O                                                                        (1 = 6.7%) {13.3%}
10  O                                                                         (0 = 0.0%) {20.0%}
11  -O                                                                        (1 = 6.7%) {20.0%}
12  ... 
27  -O                                                                        (1 = 6.7%) {26.7%}
28  -O                                                                        (1 = 6.7%) {33.3%}
29  -O                                                                        (1 = 6.7%) {40.0%}
30  ... 
38  -O                                                                        (1 = 6.7%) {46.7%}
39  -O                                                                        (1 = 6.7%) {53.3%}
40  ... 
45  -O                                                                        (1 = 6.7%) {60.0%}
46  -O                                                                        (1 = 6.7%) {66.7%}
47  ... 
58  -O                                                                        (1 = 6.7%) {73.3%}
59  ... 
68  -O                                                                        (1 = 6.7%) {80.0%}
69  ... 
71  -O                                                                        (1 = 6.7%) {86.7%}
72  ... 
83  -O                                                                        (1 = 6.7%) {93.3%}
84  ... 

Histogram: Blink.UserDrivenDocumentUpdate.UpdateTime.PreFCP recorded 1 samples, mean = 22.0 (flags = 0x41)
0   ... 
21  -O                                                                        (1 = 100.0%) {0.0%}
29  ... 

Histogram: Bookmarks.BookmarkBar.Shown recorded 1 samples, mean = 0.0 (flags = 0x41)
0  -O                                                                        (1 = 100.0%)
1  ... 

Histogram: Bookmarks.Count.OnProfileLoad3 recorded 1 samples, mean = 0.0 (flags = 0x41)
0  -O                                                                        (1 = 100.0%)
1  ... 

Histogram: Bookmarks.Storage.TimeToLoadAtStartup2 recorded 1 samples, mean = 5345.0 (flags = 0x41)
0     ... 
5017  -O                                                                        (1 = 100.0%) {0.0%}
5961  ... 

Histogram: Bookmarks.Times.OnProfileLoad.TimeSinceAdded3 recorded 1 samples, mean = 0.0 (flags = 0x41)
0  -O                                                                        (1 = 100.0%)
1  ... 

Histogram: Bookmarks.Utilization.OnProfileLoad.PercentageUsed recorded 1 samples, mean = 0.0 (flags = 0x41)
0  -O                                                                        (1 = 100.0%)
1  ... 

Histogram: Bookmarks.Utilization.OnProfileLoad.TotalUnused recorded 1 samples, mean = 0.0 (flags = 0x41)
0  -O                                                                        (1 = 100.0%)
1  ... 

Histogram: Bookmarks.Utilization.OnProfileLoad.TotalUsed recorded 1 samples, mean = 0.0 (flags = 0x41)
0  -O                                                                        (1 = 100.0%)
1  ... 

Histogram: BrotliFilter.CompressionPercent recorded 34 samples, mean = 35.6 (flags = 0x41)
0    ... 
10   --O                                                                       (2 = 5.9%) {0.0%}
11   --O                                                                       (2 = 5.9%) {5.9%}
12   O                                                                         (0 = 0.0%) {11.8%}
13   -O                                                                        (1 = 2.9%) {11.8%}
14   -O                                                                        (1 = 2.9%) {14.7%}
15   ... 
18   -O                                                                        (1 = 2.9%) {17.6%}
19   -O                                                                        (1 = 2.9%) {20.6%}
20   ... 
22   -O                                                                        (1 = 2.9%) {23.5%}
23   -O                                                                        (1 = 2.9%) {26.5%}
24   -O                                                                        (1 = 2.9%) {29.4%}
25   -O                                                                        (1 = 2.9%) {32.4%}
26   -O                                                                        (1 = 2.9%) {35.3%}
27   O                                                                         (0 = 0.0%) {38.2%}
28   -O                                                                        (1 = 2.9%) {38.2%}
29   ---O                                                                      (3 = 8.8%) {41.2%}
30   --O                                                                       (2 = 5.9%) {50.0%}
31   -O                                                                        (1 = 2.9%) {55.9%}
32   -O                                                                        (1 = 2.9%) {58.8%}
33   -O                                                                        (1 = 2.9%) {61.8%}
34   -O                                                                        (1 = 2.9%) {64.7%}
35   ... 
38   --O                                                                       (2 = 5.9%) {67.6%}
39   -O                                                                        (1 = 2.9%) {73.5%}
40   ... 
43   --O                                                                       (2 = 5.9%) {76.5%}
44   O                                                                         (0 = 0.0%) {82.4%}
45   -O                                                                        (1 = 2.9%) {82.4%}
46   O                                                                         (0 = 0.0%) {85.3%}
47   --O                                                                       (2 = 5.9%) {85.3%}
48   ... 
84   -O                                                                        (1 = 2.9%) {91.2%}
85   ... 
101  --O                                                                       (2 = 5.9%) {94.1%}

Histogram: BrotliFilter.Status recorded 34 samples, mean = 1.0 (flags = 0x41)
0  O                                                                         (0 = 0.0%)
1  ----------------------------------O                                       (34 = 100.0%) {0.0%}
2  ... 

Histogram: BrotliFilter.UsedMemoryKB recorded 34 samples, mean = 231.1 (flags = 0x41)
0    ... 
16   --O                                                                       (2 = 5.9%) {0.0%}
20   O                                                                         (0 = 0.0%) {5.9%}
25   ---O                                                                      (3 = 8.8%) {5.9%}
31   ------O                                                                   (6 = 17.6%) {14.7%}
39   O                                                                         (0 = 0.0%) {32.4%}
49   --O                                                                       (2 = 5.9%) {32.4%}
61   -O                                                                        (1 = 2.9%) {38.2%}
76   ---O                                                                      (3 = 8.8%) {41.2%}
95   O                                                                         (0 = 0.0%) {50.0%}
119  ----O                                                                     (4 = 11.8%) {50.0%}
149  O                                                                         (0 = 0.0%) {61.8%}
187  --O                                                                       (2 = 5.9%) {61.8%}
234  -O                                                                        (1 = 2.9%) {67.6%}
293  O                                                                         (0 = 0.0%) {70.6%}
367  -----O                                                                    (5 = 14.7%) {70.6%}
460  O                                                                         (0 = 0.0%) {85.3%}
576  -O                                                                        (1 = 2.9%) {85.3%}
722  ----O                                                                     (4 = 11.8%) {88.2%}
905  ... 

Histogram: Browser.ERP.RequestPayloadSizePerHour recorded 6 samples, mean = 0.0 (flags = 0x41)
0  ------O                                                                   (6 = 100.0%)
1  ... 

Histogram: Browser.ERP.ResponsePayloadSizePerHour recorded 6 samples, mean = 0.0 (flags = 0x41)
0  ------O                                                                   (6 = 100.0%)
1  ... 

Histogram: Browser.MainThreadsCongestion.RunningOnly recorded 774 samples, mean = 0.0 (flags = 0x41)
0  ------------------------------------------------------------------------O (771 = 99.6%)
1  O                                                                         (3 = 0.4%) {99.6%}
2  ... 

Histogram: Browser.MainThreadsCongestion.RunningOnly.Initial recorded 1 samples, mean = 1.0 (flags = 0x41)
0  O                                                                         (0 = 0.0%)
1  -O                                                                        (1 = 100.0%) {0.0%}
2  ... 

Histogram: Browser.Responsiveness.IOJanksTotalPerMinute recorded 387 samples, mean = 0.0 (flags = 0x41)
0  ------------------------------------------------------------------------O (387 = 100.0%)
1  ... 

Histogram: Browser.Responsiveness.IOJankyIntervalsPerMinute recorded 387 samples, mean = 0.0 (flags = 0x41)
0  ------------------------------------------------------------------------O (387 = 100.0%)
1  ... 

Histogram: BrowserRenderProcessHost.Cleanup.DelayReason recorded 12 samples, mean = 6.8 (flags = 0x41)
0  ---O                                                                      (3 = 25.0%)
1  ... 
9  ---------O                                                                (9 = 75.0%) {25.0%}
10 ... 

Histogram: BrowserRenderProcessHost.Cleanup.Total recorded 12 samples, mean = 1.0 (flags = 0x41)
0  O                                                                         (0 = 0.0%)
1  ------------O                                                             (12 = 100.0%) {0.0%}
2  O                                                                         (0 = 0.0%) {100.0%}

Histogram: BrowserRenderProcessHost.ExistingRendererIsInitializedAndNotDead recorded 1 samples, mean = 1.0 (flags = 0x41)
0  O                                                                         (0 = 0.0%)
1  -O                                                                        (1 = 100.0%) {0.0%}
2  O                                                                         (0 = 0.0%) {100.0%}

Histogram: BrowserRenderProcessHost.FastShutdownIfPossible.DelayReason recorded 1 samples, mean = 4.0 (flags = 0x41)
0  ... 
4  -O                                                                        (1 = 100.0%) {0.0%}
5  ... 

Histogram: BrowserRenderProcessHost.FastShutdownIfPossible.Total recorded 1 samples, mean = 1.0 (flags = 0x41)
0  O                                                                         (0 = 0.0%)
1  -O                                                                        (1 = 100.0%) {0.0%}
2  O                                                                         (0 = 0.0%) {100.0%}

Histogram: BrowserRenderProcessHost.SpareProcessEvictedOtherSpare recorded 2 samples, mean = 0.0 (flags = 0x41)
0  --O                                                                       (2 = 100.0%)
1  ... 

Histogram: BrowserRenderProcessHost.SpareProcessMaybeTakeAction recorded 2 samples, mean = 2.0 (flags = 0x41)
0  -O                                                                        (1 = 50.0%)
1  ... 
4  -O                                                                        (1 = 50.0%) {50.0%}
5  ... 

Histogram: BrowserRenderProcessHost.SpareProcessStartupTime recorded 2 samples, mean = 2819.0 (flags = 0x41)
0     ... 
318   -O                                                                        (1 = 50.0%) {0.0%}
378   ... 
5017  -O                                                                        (1 = 50.0%) {50.0%}
5961  ... 

Histogram: BrowserSwitcher.ExternalGreylistSize recorded 1 samples, mean = 0.0 (flags = 0x41)
0  -O                                                                        (1 = 100.0%)
1  ... 

Histogram: BrowserSwitcher.ExternalSitelistSize recorded 1 samples, mean = 0.0 (flags = 0x41)
0  -O                                                                        (1 = 100.0%)
1  ... 

Histogram: BrowserSwitcher.IeemSitelistSize recorded 1 samples, mean = 0.0 (flags = 0x41)
0  -O                                                                        (1 = 100.0%)
1  ... 

Histogram: BrowsingTopics.BrowsingTopicsState.LoadFinishStatus recorded 1 samples, mean = 1.0 (flags = 0x41)
0  O                                                                         (0 = 0.0%)
1  -O                                                                        (1 = 100.0%) {0.0%}
2  O                                                                         (0 = 0.0%) {100.0%}

Histogram: BrowsingTopics.SiteDataStorage.FileSize.KB recorded 1 samples, mean = 28.0 (flags = 0x41)
0   ... 
28  -O                                                                        (1 = 100.0%) {0.0%}
37  ... 

Histogram: BrowsingTopics.SiteDataStorage.InitStatus recorded 1 samples, mean = 1.0 (flags = 0x41)
0  O                                                                         (0 = 0.0%)
1  -O                                                                        (1 = 100.0%) {0.0%}
2  O                                                                         (0 = 0.0%) {100.0%}

Histogram: CPU.Experimental.CpuEstimationTaskMigrated recorded 77 samples, mean = 0.0 (flags = 0x41)
0  ------------------------------------------------------------------------O (76 = 98.7%)
1  -O                                                                        (1 = 1.3%) {98.7%}
2  O                                                                         (0 = 0.0%) {100.0%}

Histogram: CPU.Experimental.CpuEstimationTaskQueuedTime.Performance recorded 77 samples, mean = 9.1 (flags = 0x41)
0   ... 
3   -O                                                                        (1 = 1.3%) {0.0%}
4   ------O                                                                   (6 = 7.8%) {1.3%}
5   -----------------------O                                                  (23 = 29.9%) {9.1%}
7   ----------------O                                                         (16 = 20.8%) {39.0%}
9   --------------O                                                           (14 = 18.2%) {59.7%}
12  -----O                                                                    (5 = 6.5%) {77.9%}
16  -----------O                                                              (11 = 14.3%) {84.4%}
21  -O                                                                        (1 = 1.3%) {98.7%}
28  ... 

Histogram: CPU.Experimental.CpuEstimationTaskThreadTime.Performance recorded 77 samples, mean = 103.6 (flags = 0x41)
0    ... 
86   ----------------------------------------------------------------------O   (70 = 90.9%) {0.0%}
113  -------O                                                                  (7 = 9.1%) {90.9%}
149  ... 

Histogram: CPU.Experimental.CpuEstimationTaskTotalTime.Performance recorded 77 samples, mean = 118.2 (flags = 0x41)
0    ... 
86   --------------------------------------O                                   (38 = 49.4%) {0.0%}
113  ------------------------------------O                                     (36 = 46.8%) {49.4%}
149  -O                                                                        (1 = 1.3%) {96.1%}
196  --O                                                                       (2 = 2.6%) {97.4%}
258  ... 

Histogram: CPU.Experimental.CpuEstimationTaskWallTime.Performance recorded 77 samples, mean = 109.1 (flags = 0x41)
0    ... 
86   -------------------------------------------------------------------O      (67 = 87.0%) {0.0%}
113  -------O                                                                  (7 = 9.1%) {87.0%}
149  --O                                                                       (2 = 2.6%) {96.1%}
196  -O                                                                        (1 = 1.3%) {98.7%}
258  ... 

Histogram: CPU.Experimental.CpuEstimationThreadTimePercent.Performance recorded 77 samples, mean = 96.3 (flags = 0x41)
0    ... 
51   -O                                                                        (1 = 1.3%) {0.0%}
52   ... 
55   -O                                                                        (1 = 1.3%) {1.3%}
56   ... 
60   -O                                                                        (1 = 1.3%) {2.6%}
61   ... 
89   -O                                                                        (1 = 1.3%) {3.9%}
90   O                                                                         (0 = 0.0%) {5.2%}
91   -O                                                                        (1 = 1.3%) {5.2%}
92   O                                                                         (0 = 0.0%) {6.5%}
93   -O                                                                        (1 = 1.3%) {6.5%}
94   O                                                                         (0 = 0.0%) {7.8%}
95   -O                                                                        (1 = 1.3%) {7.8%}
96   O                                                                         (0 = 0.0%) {9.1%}
97   --------O                                                                 (8 = 10.4%) {9.1%}
98   -----------------------------------O                                      (35 = 45.5%) {19.5%}
99   ------------------------O                                                 (24 = 31.2%) {64.9%}
100  ---O                                                                      (3 = 3.9%) {96.1%}
101  O                                                                         (0 = 0.0%) {100.0%}

Histogram: CPU.Experimental.EstimatedFrequencyAsPercentOfLimit.Performance recorded 76 samples, mean = 129.4 (flags = 0x41)
0    ... 
59   -O                                                                        (1 = 1.3%) {0.0%}
60   ... 
72   -O                                                                        (1 = 1.3%) {1.3%}
73   ... 
78   -O                                                                        (1 = 1.3%) {2.6%}
79   ... 
101  ------------------------------------------------------------------------O (73 = 96.1%) {3.9%}

Histogram: CPU.Experimental.EstimatedFrequencyAsPercentOfMax.Performance recorded 76 samples, mean = 129.4 (flags = 0x41)
0    ... 
59   -O                                                                        (1 = 1.3%) {0.0%}
60   ... 
72   -O                                                                        (1 = 1.3%) {1.3%}
73   ... 
78   -O                                                                        (1 = 1.3%) {2.6%}
79   ... 
101  ------------------------------------------------------------------------O (73 = 96.1%) {3.9%}

Histogram: Cast.Channel.Certificate recorded 1 samples, mean = 0.0 (flags = 0x41)
0  -O                                                                        (1 = 100.0%)
1  ... 

Histogram: Cast.Channel.Nonce recorded 1 samples, mean = 0.0 (flags = 0x41)
0  -O                                                                        (1 = 100.0%)
1  ... 

Histogram: Cast.Channel.Signature recorded 1 samples, mean = 0.0 (flags = 0x41)
0  -O                                                                        (1 = 100.0%)
1  ... 

Histogram: CertificateType2.BR.Intermediate.ECDSA recorded 4 samples, mean = 320.0 (flags = 0x41)
0    ... 
256  --O                                                                       (2 = 50.0%) {0.0%}
257  ... 
384  --O                                                                       (2 = 50.0%) {50.0%}
385  ... 

Histogram: CertificateType2.BR.Intermediate.RSA recorded 18 samples, mean = 2048.0 (flags = 0x41)
0     ... 
2048  ------------------O                                                       (18 = 100.0%) {0.0%}
2049  ... 

Histogram: CertificateType2.BR.Leaf.ECDSA recorded 19 samples, mean = 256.0 (flags = 0x41)
0    ... 
256  -------------------O                                                      (19 = 100.0%) {0.0%}
257  ... 

Histogram: CertificateType2.BR.Leaf.RSA recorded 2 samples, mean = 2048.0 (flags = 0x41)
0     ... 
2048  --O                                                                       (2 = 100.0%) {0.0%}
2049  ... 

Histogram: CertificateType2.BR.Root.ECDSA recorded 3 samples, mean = 384.0 (flags = 0x41)
0    ... 
384  ---O                                                                      (3 = 100.0%) {0.0%}
385  ... 

Histogram: CertificateType2.BR.Root.RSA recorded 18 samples, mean = 3868.4 (flags = 0x41)
0     ... 
2048  --O                                                                       (2 = 11.1%) {0.0%}
2049  ... 
4096  ----------------O                                                         (16 = 88.9%) {11.1%}
4097  ... 

Histogram: ChildProcess.Launched.UtilityProcessHash recorded 5 samples (flags = 0x41)
-2043041185 -O                                                                        (1 = 20.0%)
-1468742076 -O                                                                        (1 = 20.0%)
331504207   --O                                                                       (2 = 40.0%)
1411170475  -O                                                                        (1 = 20.0%)

Histogram: ChildProcess.ProcessLifetime.Utility recorded 5 samples, mean = 9293051.0 (flags = 0x41)
0        ... 
1340     -O                                                                        (1 = 20.0%) {0.0%}
1816     ... 
4516     --O                                                                       (2 = 40.0%) {20.0%}
6118     ... 
3600000  --O                                                                       (2 = 40.0%) {60.0%}

Histogram: Chrome.ProcessSingleton.NotifyResult recorded 1 samples, mean = 0.0 (flags = 0x41)
0  -O                                                                        (1 = 100.0%)
1  ... 

Histogram: Chrome.ProcessSingleton.TimeToCreate recorded 1 samples, mean = 0.0 (flags = 0x41)
0  -O                                                                        (1 = 100.0%)
10 ... 

Histogram: Chrome.SystemNetworkContextManager.NetworkSandboxState recorded 4 samples, mean = 0.0 (flags = 0x41)
0  ----O                                                                     (4 = 100.0%)
1  ... 

Histogram: ChromeElf.Beacon.RetryAttemptsBeforeSuccess recorded 1 samples, mean = 0.0 (flags = 0x41)
0  -O                                                                        (1 = 100.0%)
1  ... 

Histogram: ChromeElf.Beacon.SetupStatus recorded 2 samples, mean = 0.5 (flags = 0x41)
0  -O                                                                        (1 = 50.0%)
1  -O                                                                        (1 = 50.0%) {50.0%}
2  ... 

Histogram: ChromeElf.ExtensionPoint.EnableState recorded 1 samples, mean = 1.0 (flags = 0x41)
0  O                                                                         (0 = 0.0%)
1  -O                                                                        (1 = 100.0%) {0.0%}
2  O                                                                         (0 = 0.0%) {100.0%}

Histogram: ClientHints.CriticalCHRestart recorded 1 samples, mean = 0.0 (flags = 0x41)
0  -O                                                                        (1 = 100.0%)
1  ... 

Histogram: ClientHints.FetchLatency_PrefRead recorded 5 samples, mean = 9.6 (flags = 0x41)
0   ... 
3   -O                                                                        (1 = 20.0%) {0.0%}
4   O                                                                         (0 = 0.0%) {20.0%}
6   ---O                                                                      (3 = 60.0%) {20.0%}
8   ... 
21  -O                                                                        (1 = 20.0%) {80.0%}
29  ... 

Histogram: ClientHints.FetchLatency_PrerenderHost recorded 5 samples, mean = 0.6 (flags = 0x41)
0  --O                                                                       (2 = 40.0%)
1  ---O                                                                      (3 = 60.0%) {40.0%}
2  ... 

Histogram: ClientHints.FetchLatency_Total recorded 5 samples, mean = 10.2 (flags = 0x41)
0   ... 
3   -O                                                                        (1 = 20.0%) {0.0%}
4   O                                                                         (0 = 0.0%) {20.0%}
6   ---O                                                                      (3 = 60.0%) {20.0%}
8   ... 
21  -O                                                                        (1 = 20.0%) {80.0%}
29  ... 

Histogram: Commerce.PDPNavigation.ShoppingList.IneligibilityReason recorded 6 samples, mean = 4.0 (flags = 0x41)
0  ... 
3  --O                                                                       (2 = 33.3%) {0.0%}
4  --O                                                                       (2 = 33.3%) {33.3%}
5  --O                                                                       (2 = 33.3%) {66.7%}
6  ... 

Histogram: Compositing.Browser.CompositorFrame.Quads recorded 3 samples, mean = 1.0 (flags = 0x41)
0  O                                                                         (0 = 0.0%)
1  ---O                                                                      (3 = 100.0%) {0.0%}
2  ... 

Histogram: Compositing.Browser.LayerTreeImpl.CalculateDrawPropertiesUs recorded 4 samples, mean = 10.0 (flags = 0x41)
0   ... 
7   ---O                                                                      (3 = 75.0%) {0.0%}
9   ... 
16  -O                                                                        (1 = 25.0%) {75.0%}
21  ... 

Histogram: Compositing.Browser.LayersUpdateTime recorded 4 samples, mean = 17.5 (flags = 0x41)
0   ... 
6   --O                                                                       (2 = 50.0%) {0.0%}
8   ... 
15  -O                                                                        (1 = 25.0%) {50.0%}
21  ... 
40  -O                                                                        (1 = 25.0%) {75.0%}
55  ... 

Histogram: Compositing.ColorGamut recorded 5 samples, mean = 0.0 (flags = 0x41)
0  -----O                                                                    (5 = 100.0%)
1  ... 

Histogram: Compositing.DidMainThreadBlockDuringCommit recorded 7 samples, mean = 0.1 (flags = 0x41)
0  ------O                                                                   (6 = 85.7%)
1  -O                                                                        (1 = 14.3%) {85.7%}
2  O                                                                         (0 = 0.0%) {100.0%}

Histogram: Compositing.DirectRenderer.OverlayProcessingUs recorded 5 samples, mean = 0.2 (flags = 0x41)
0  -----O                                                                    (5 = 100.0%)
5  ... 

Histogram: Compositing.DirectRenderer.PartialSwap.ExtraDamage recorded 5 samples, mean = 0.0 (flags = 0x41)
0  -----O                                                                    (5 = 100.0%)
1  ... 

Histogram: Compositing.DirectRenderer.PartialSwap.FrameBufferDamage recorded 5 samples, mean = 0.0 (flags = 0x41)
0  -----O                                                                    (5 = 100.0%)
1  ... 

Histogram: Compositing.DirectRenderer.PartialSwap.RootDamage recorded 5 samples, mean = 100.0 (flags = 0x41)
0    ... 
100  -----O                                                                    (5 = 100.0%) {0.0%}
101  O                                                                         (0 = 0.0%) {100.0%}

Histogram: Compositing.DirectRenderer.PartialSwap.TotalDamage recorded 5 samples, mean = 100.0 (flags = 0x41)
0    ... 
100  -----O                                                                    (5 = 100.0%) {0.0%}
101  O                                                                         (0 = 0.0%) {100.0%}

Histogram: Compositing.DirectRenderer.SkipAllNonRootRenderPassesPerFrame recorded 3 samples, mean = 0.0 (flags = 0x41)
0  ---O                                                                      (3 = 100.0%)
1  ... 

Histogram: Compositing.DirectRenderer.SkipNonRootRenderPass recorded 3 samples, mean = 0.0 (flags = 0x41)
0  ---O                                                                      (3 = 100.0%)
1  ... 

Histogram: Compositing.DirectRenderer.TotalPixelsRendered recorded 5 samples, mean = 1.6 (flags = 0x41)
0  O                                                                         (0 = 0.0%)
1  --O                                                                       (2 = 40.0%) {0.0%}
2  ---O                                                                      (3 = 60.0%) {40.0%}
3  ... 

Histogram: Compositing.Display.Draw.Occlusion.Calculation.Time recorded 5 samples, mean = 4.0 (flags = 0x41)
0   O                                                                         (0 = 0.0%)
1   --O                                                                       (2 = 40.0%) {0.0%}
2   -O                                                                        (1 = 20.0%) {40.0%}
3   ... 
5   -O                                                                        (1 = 20.0%) {60.0%}
6   ... 
11  -O                                                                        (1 = 20.0%) {80.0%}
12  ... 

Histogram: Compositing.Display.Draw.Quads recorded 5 samples, mean = 2.2 (flags = 0x41)
0  O                                                                         (0 = 0.0%)
1  --O                                                                       (2 = 40.0%) {0.0%}
2  O                                                                         (0 = 0.0%) {40.0%}
3  ---O                                                                      (3 = 60.0%) {40.0%}
4  ... 

Histogram: Compositing.Display.DrawToSwapUs recorded 5 samples, mean = 3020.4 (flags = 0x41)
0     ... 
227   -O                                                                        (1 = 20.0%) {0.0%}
275   ... 
490   -O                                                                        (1 = 20.0%) {20.0%}
594   -O                                                                        (1 = 20.0%) {40.0%}
720   ... 
4081  -O                                                                        (1 = 20.0%) {60.0%}
4949  ... 
8824  -O                                                                        (1 = 20.0%) {80.0%}
10700 ... 

Histogram: Compositing.Display.FlattenedRenderPassCount recorded 5 samples, mean = 1.6 (flags = 0x41)
0  O                                                                         (0 = 0.0%)
1  --O                                                                       (2 = 40.0%) {0.0%}
2  ---O                                                                      (3 = 60.0%) {40.0%}
3  ... 

Histogram: Compositing.Display.PendingSwaps recorded 5 samples, mean = 1.0 (flags = 0x41)
0  O                                                                         (0 = 0.0%)
1  -----O                                                                    (5 = 100.0%) {0.0%}
2  ... 

Histogram: Compositing.Display.VizDependencyResolvedToGpuStartedDrawUs recorded 5 samples, mean = 21.8 (flags = 0x41)
0   ... 
8   -O                                                                        (1 = 20.0%) {0.0%}
10  O                                                                         (0 = 0.0%) {20.0%}
12  -O                                                                        (1 = 20.0%) {20.0%}
15  -O                                                                        (1 = 20.0%) {40.0%}
18  O                                                                         (0 = 0.0%) {60.0%}
22  -O                                                                        (1 = 20.0%) {60.0%}
27  ... 
40  -O                                                                        (1 = 20.0%) {80.0%}
49  ... 

Histogram: Compositing.Display.VizScheduledDrawToDependencyResolvedUs recorded 5 samples, mean = 1.6 (flags = 0x41)
0  -----O                                                                    (5 = 100.0%)
5  ... 

Histogram: Compositing.Display.VizScheduledDrawToGpuStartedDrawUs recorded 5 samples, mean = 23.4 (flags = 0x41)
0   ... 
8   -O                                                                        (1 = 20.0%) {0.0%}
10  ... 
15  --O                                                                       (2 = 40.0%) {20.0%}
18  ... 
27  -O                                                                        (1 = 20.0%) {60.0%}
33  ... 
49  -O                                                                        (1 = 20.0%) {80.0%}
59  ... 

Histogram: Compositing.MainThreadBlockedDuringCommitTime recorded 1 samples, mean = 3.0 (flags = 0x41)
0  ... 
3  -O                                                                        (1 = 100.0%) {0.0%}
4  ... 

Histogram: Compositing.Renderer.CompositorFrame.Quads recorded 2 samples, mean = 2.0 (flags = 0x41)
0  ... 
2  --O                                                                       (2 = 100.0%) {0.0%}
3  ... 

Histogram: Compositing.Renderer.LayersUpdateTime recorded 6 samples, mean = 20.2 (flags = 0x41)
0   ... 
6   --O                                                                       (2 = 33.3%) {0.0%}
8   -O                                                                        (1 = 16.7%) {33.3%}
11  O                                                                         (0 = 0.0%) {50.0%}
15  -O                                                                        (1 = 16.7%) {50.0%}
21  -O                                                                        (1 = 16.7%) {66.7%}
29  ... 
55  -O                                                                        (1 = 16.7%) {83.3%}
76  ... 

Histogram: Compositing.Renderer.NumRenderSurfaces recorded 10 samples, mean = 1.0 (flags = 0x41)
0  O                                                                         (0 = 0.0%)
1  ----------O                                                               (10 = 100.0%) {0.0%}
2  ... 

Histogram: Compositing.SurfaceAggregator.AggregateUs recorded 5 samples, mean = 5442.2 (flags = 0x41)
0      ... 
16     -O                                                                        (1 = 20.0%) {0.0%}
21     O                                                                         (0 = 0.0%) {20.0%}
28     -O                                                                        (1 = 20.0%) {20.0%}
37     ... 
113    -O                                                                        (1 = 20.0%) {40.0%}
149    ... 
448    -O                                                                        (1 = 20.0%) {60.0%}
590    ... 
21156  -O                                                                        (1 = 20.0%) {80.0%}
27864  ... 

Histogram: Compositing.SurfaceAggregator.CopiedSurfaceCount recorded 5 samples, mean = 1.6 (flags = 0x41)
0  O                                                                         (0 = 0.0%)
1  --O                                                                       (2 = 40.0%) {0.0%}
2  ---O                                                                      (3 = 60.0%) {40.0%}
3  ... 

Histogram: Compositing.SurfaceAggregator.CopyUs recorded 5 samples, mean = 12.2 (flags = 0x41)
0   O                                                                         (0 = 0.0%)
5   -O                                                                        (1 = 20.0%) {0.0%}
6   -O                                                                        (1 = 20.0%) {20.0%}
7   -O                                                                        (1 = 20.0%) {40.0%}
8   ... 
13  -O                                                                        (1 = 20.0%) {60.0%}
15  ... 
29  -O                                                                        (1 = 20.0%) {80.0%}
34  ... 

Histogram: Compositing.SurfaceAggregator.ExcessPixelsClipped recorded 1 samples, mean = 1.0 (flags = 0x41)
0  O                                                                         (0 = 0.0%)
1  -O                                                                        (1 = 100.0%) {0.0%}
2  ... 

Histogram: Compositing.SurfaceAggregator.HasCopyRequestsPerFrame recorded 5 samples, mean = 0.4 (flags = 0x41)
0  ---O                                                                      (3 = 60.0%)
1  --O                                                                       (2 = 40.0%) {60.0%}
2  O                                                                         (0 = 0.0%) {100.0%}

Histogram: Compositing.SurfaceAggregator.HasPixelMovingBackdropFiltersPerFrame recorded 5 samples, mean = 0.0 (flags = 0x41)
0  -----O                                                                    (5 = 100.0%)
1  ... 

Histogram: Compositing.SurfaceAggregator.HasPixelMovingFiltersPerFrame recorded 5 samples, mean = 0.0 (flags = 0x41)
0  -----O                                                                    (5 = 100.0%)
1  ... 

Histogram: Compositing.SurfaceAggregator.HasUnembeddedRenderPassesPerFrame recorded 5 samples, mean = 0.0 (flags = 0x41)
0  -----O                                                                    (5 = 100.0%)
1  ... 

Histogram: Compositing.SurfaceAggregator.PrewalkUs recorded 5 samples, mean = 5417.4 (flags = 0x41)
0      ... 
9      -O                                                                        (1 = 20.0%) {0.0%}
11     ... 
15     -O                                                                        (1 = 20.0%) {20.0%}
18     ... 
47     -O                                                                        (1 = 20.0%) {40.0%}
55     ... 
426    -O                                                                        (1 = 20.0%) {60.0%}
499    ... 
10000  -O                                                                        (1 = 20.0%) {80.0%}

Histogram: Compositing.SurfaceAggregator.PrewalkedSurfaceCount recorded 5 samples, mean = 1.6 (flags = 0x41)
0  O                                                                         (0 = 0.0%)
1  --O                                                                       (2 = 40.0%) {0.0%}
2  ---O                                                                      (3 = 60.0%) {40.0%}
3  ... 

Histogram: Compositing.SurfaceManager.MarkForDestructionToDestroy recorded 1 samples, mean = 1367.0 (flags = 0x41)
0     ... 
1262  -O                                                                        (1 = 100.0%) {0.0%}
1500  ... 

Histogram: Content.Classification.OpenGraph recorded 1 samples, mean = 4.0 (flags = 0x41)
0  ... 
4  -O                                                                        (1 = 100.0%) {0.0%}
5  ... 

Histogram: ContentSettings.AllowStorageAccessSync recorded 4 samples, mean = 0.0 (flags = 0x41)
0  ----O                                                                     (4 = 100.0%)
1  ... 

Histogram: ContentSettings.GetContentSetting.Network.Duration recorded 402 samples, mean = 0.3 (flags = 0x41)
0  ------------------------------------------------------------------------O (314 = 78.1%)
1  -----------------O                                                        (74 = 18.4%) {78.1%}
2  ---O                                                                      (12 = 3.0%) {96.5%}
3  O                                                                         (2 = 0.5%) {99.5%}
4  ... 

Histogram: ContentSettings.GetCookieSettingInternal.Duration recorded 121 samples, mean = 3.0 (flags = 0x41)
0   -----------O                                                              (11 = 9.1%)
1   -----------------------------------------------------------O              (59 = 48.8%) {9.1%}
2   -------------O                                                            (13 = 10.7%) {57.9%}
3   ------O                                                                   (6 = 5.0%) {68.6%}
4   --------O                                                                 (8 = 6.6%) {73.6%}
5   ---------O                                                                (9 = 7.4%) {80.2%}
7   ----O                                                                     (4 = 3.3%) {87.6%}
9   ----O                                                                     (4 = 3.3%) {90.9%}
12  ----O                                                                     (4 = 3.3%) {94.2%}
16  --O                                                                       (2 = 1.7%) {97.5%}
21  -O                                                                        (1 = 0.8%) {99.2%}
28  ... 

Histogram: ContentSettings.NumberOfExceptions recorded 1 samples, mean = 4.0 (flags = 0x41)
0  ... 
4  -O                                                                        (1 = 100.0%) {0.0%}
5  ... 

Histogram: ContentSettings.Popups.StrongBlockerActions recorded 1 samples, mean = 0.0 (flags = 0x41)
0  -O                                                                        (1 = 100.0%)
1  ... 

Histogram: ContentSettings.RegularProfile.DefaultAutoVerifySetting recorded 1 samples, mean = 1.0 (flags = 0x41)
0  O                                                                         (0 = 0.0%)
1  -O                                                                        (1 = 100.0%) {0.0%}
2  ... 

Histogram: ContentSettings.RegularProfile.DefaultAutoplaySetting recorded 1 samples, mean = 1.0 (flags = 0x41)
0  O                                                                         (0 = 0.0%)
1  -O                                                                        (1 = 100.0%) {0.0%}
2  ... 

Histogram: ContentSettings.RegularProfile.DefaultBackgroundSyncSetting recorded 1 samples, mean = 1.0 (flags = 0x41)
0  O                                                                         (0 = 0.0%)
1  -O                                                                        (1 = 100.0%) {0.0%}
2  ... 

Histogram: ContentSettings.RegularProfile.DefaultCookiesSetting recorded 1 samples, mean = 1.0 (flags = 0x41)
0  O                                                                         (0 = 0.0%)
1  -O                                                                        (1 = 100.0%) {0.0%}
2  ... 

Histogram: ContentSettings.RegularProfile.DefaultIdleDetectionSetting recorded 1 samples, mean = 3.0 (flags = 0x41)
0  ... 
3  -O                                                                        (1 = 100.0%) {0.0%}
4  ... 

Histogram: ContentSettings.RegularProfile.DefaultImagesSetting recorded 1 samples, mean = 1.0 (flags = 0x41)
0  O                                                                         (0 = 0.0%)
1  -O                                                                        (1 = 100.0%) {0.0%}
2  ... 

Histogram: ContentSettings.RegularProfile.DefaultJavaScriptSetting recorded 1 samples, mean = 1.0 (flags = 0x41)
0  O                                                                         (0 = 0.0%)
1  -O                                                                        (1 = 100.0%) {0.0%}
2  ... 

Histogram: ContentSettings.RegularProfile.DefaultLocationSetting recorded 1 samples, mean = 3.0 (flags = 0x41)
0  ... 
3  -O                                                                        (1 = 100.0%) {0.0%}
4  ... 

Histogram: ContentSettings.RegularProfile.DefaultMIDISysExSetting recorded 1 samples, mean = 3.0 (flags = 0x41)
0  ... 
3  -O                                                                        (1 = 100.0%) {0.0%}
4  ... 

Histogram: ContentSettings.RegularProfile.DefaultMediaStreamCameraSetting recorded 1 samples, mean = 3.0 (flags = 0x41)
0  ... 
3  -O                                                                        (1 = 100.0%) {0.0%}
4  ... 

Histogram: ContentSettings.RegularProfile.DefaultMediaStreamMicSetting recorded 1 samples, mean = 3.0 (flags = 0x41)
0  ... 
3  -O                                                                        (1 = 100.0%) {0.0%}
4  ... 

Histogram: ContentSettings.RegularProfile.DefaultNotificationsSetting recorded 1 samples, mean = 3.0 (flags = 0x41)
0  ... 
3  -O                                                                        (1 = 100.0%) {0.0%}
4  ... 

Histogram: ContentSettings.RegularProfile.DefaultPopupsSetting recorded 1 samples, mean = 2.0 (flags = 0x41)
0  ... 
2  -O                                                                        (1 = 100.0%) {0.0%}
3  ... 

Histogram: ContentSettings.RegularProfile.DefaultSoundSetting recorded 1 samples, mean = 1.0 (flags = 0x41)
0  O                                                                         (0 = 0.0%)
1  -O                                                                        (1 = 100.0%) {0.0%}
2  ... 

Histogram: ContentSettings.RegularProfile.DefaultStorageAccessSetting recorded 1 samples, mean = 3.0 (flags = 0x41)
0  ... 
3  -O                                                                        (1 = 100.0%) {0.0%}
4  ... 

Histogram: ContentSettings.RegularProfile.DefaultSubresourceFilterSetting recorded 1 samples, mean = 2.0 (flags = 0x41)
0  ... 
2  -O                                                                        (1 = 100.0%) {0.0%}
3  ... 

Histogram: ContentSettings.RegularProfile.DefaultUsbGuardSetting recorded 1 samples, mean = 3.0 (flags = 0x41)
0  ... 
3  -O                                                                        (1 = 100.0%) {0.0%}
4  ... 

Histogram: ContentSettings.RegularProfile.DefaultWebBluetoothGuardSetting recorded 1 samples, mean = 3.0 (flags = 0x41)
0  ... 
3  -O                                                                        (1 = 100.0%) {0.0%}
4  ... 

Histogram: ContentSettings.RegularProfile.Exceptions.3pcd-heuristics-grants recorded 1 samples, mean = 0.0 (flags = 0x41)
0  -O                                                                        (1 = 100.0%)
1  ... 

Histogram: ContentSettings.RegularProfile.Exceptions.3pcd-support recorded 1 samples, mean = 0.0 (flags = 0x41)
0  -O                                                                        (1 = 100.0%)
1  ... 

Histogram: ContentSettings.RegularProfile.Exceptions.abusive-notification-permissions recorded 1 samples, mean = 0.0 (flags = 0x41)
0  -O                                                                        (1 = 100.0%)
1  ... 

Histogram: ContentSettings.RegularProfile.Exceptions.access-to-get-all-screens-media-in-session recorded 1 samples, mean = 0.0 (flags = 0x41)
0  -O                                                                        (1 = 100.0%)
1  ... 

Histogram: ContentSettings.RegularProfile.Exceptions.accessibility-events recorded 1 samples, mean = 0.0 (flags = 0x41)
0  -O                                                                        (1 = 100.0%)
1  ... 

Histogram: ContentSettings.RegularProfile.Exceptions.anti-abuse recorded 1 samples, mean = 0.0 (flags = 0x41)
0  -O                                                                        (1 = 100.0%)
1  ... 

Histogram: ContentSettings.RegularProfile.Exceptions.app-banner recorded 1 samples, mean = 0.0 (flags = 0x41)
0  -O                                                                        (1 = 100.0%)
1  ... 

Histogram: ContentSettings.RegularProfile.Exceptions.ar recorded 1 samples, mean = 0.0 (flags = 0x41)
0  -O                                                                        (1 = 100.0%)
1  ... 

Histogram: ContentSettings.RegularProfile.Exceptions.auto-picture-in-picture recorded 1 samples, mean = 0.0 (flags = 0x41)
0  -O                                                                        (1 = 100.0%)
1  ... 

Histogram: ContentSettings.RegularProfile.Exceptions.auto-select-certificate recorded 1 samples, mean = 0.0 (flags = 0x41)
0  -O                                                                        (1 = 100.0%)
1  ... 

Histogram: ContentSettings.RegularProfile.Exceptions.automatic-downloads recorded 1 samples, mean = 0.0 (flags = 0x41)
0  -O                                                                        (1 = 100.0%)
1  ... 

Histogram: ContentSettings.RegularProfile.Exceptions.automatic-fullscreen recorded 1 samples, mean = 0.0 (flags = 0x41)
0  -O                                                                        (1 = 100.0%)
1  ... 

Histogram: ContentSettings.RegularProfile.Exceptions.autoplay recorded 1 samples, mean = 0.0 (flags = 0x41)
0  -O                                                                        (1 = 100.0%)
1  ... 

Histogram: ContentSettings.RegularProfile.Exceptions.background-sync recorded 1 samples, mean = 0.0 (flags = 0x41)
0  -O                                                                        (1 = 100.0%)
1  ... 

Histogram: ContentSettings.RegularProfile.Exceptions.bluetooth-chooser-data recorded 1 samples, mean = 0.0 (flags = 0x41)
0  -O                                                                        (1 = 100.0%)
1  ... 

Histogram: ContentSettings.RegularProfile.Exceptions.bluetooth-guard recorded 1 samples, mean = 0.0 (flags = 0x41)
0  -O                                                                        (1 = 100.0%)
1  ... 

Histogram: ContentSettings.RegularProfile.Exceptions.bluetooth-scanning recorded 1 samples, mean = 0.0 (flags = 0x41)
0  -O                                                                        (1 = 100.0%)
1  ... 

Histogram: ContentSettings.RegularProfile.Exceptions.camera-pan-tilt-zoom recorded 1 samples, mean = 0.0 (flags = 0x41)
0  -O                                                                        (1 = 100.0%)
1  ... 

Histogram: ContentSettings.RegularProfile.Exceptions.captured-surface-control recorded 1 samples, mean = 0.0 (flags = 0x41)
0  -O                                                                        (1 = 100.0%)
1  ... 

Histogram: ContentSettings.RegularProfile.Exceptions.client-hints recorded 1 samples, mean = 1.0 (flags = 0x41)
0  O                                                                         (0 = 0.0%)
1  -O                                                                        (1 = 100.0%) {0.0%}
2  ... 

Histogram: ContentSettings.RegularProfile.Exceptions.clipboard recorded 1 samples, mean = 0.0 (flags = 0x41)
0  -O                                                                        (1 = 100.0%)
1  ... 

Histogram: ContentSettings.RegularProfile.Exceptions.cookie-controls-metadata recorded 1 samples, mean = 0.0 (flags = 0x41)
0  -O                                                                        (1 = 100.0%)
1  ... 

Histogram: ContentSettings.RegularProfile.Exceptions.cookies recorded 1 samples, mean = 0.0 (flags = 0x41)
0  -O                                                                        (1 = 100.0%)
1  ... 

Histogram: ContentSettings.RegularProfile.Exceptions.cookies.Allow recorded 1 samples, mean = 0.0 (flags = 0x41)
0  -O                                                                        (1 = 100.0%)
1  ... 

Histogram: ContentSettings.RegularProfile.Exceptions.cookies.AllowThirdParty recorded 1 samples, mean = 0.0 (flags = 0x41)
0  -O                                                                        (1 = 100.0%)
1  ... 

Histogram: ContentSettings.RegularProfile.Exceptions.cookies.Block recorded 1 samples, mean = 0.0 (flags = 0x41)
0  -O                                                                        (1 = 100.0%)
1  ... 

Histogram: ContentSettings.RegularProfile.Exceptions.cookies.DomainWildcardAllowThirdParty recorded 1 samples, mean = 0.0 (flags = 0x41)
0  -O                                                                        (1 = 100.0%)
1  ... 

Histogram: ContentSettings.RegularProfile.Exceptions.cookies.SessionOnly recorded 1 samples, mean = 0.0 (flags = 0x41)
0  -O                                                                        (1 = 100.0%)
1  ... 

Histogram: ContentSettings.RegularProfile.Exceptions.cookies.TemporaryAllowThirdParty recorded 1 samples, mean = 0.0 (flags = 0x41)
0  -O                                                                        (1 = 100.0%)
1  ... 

Histogram: ContentSettings.RegularProfile.Exceptions.direct-sockets recorded 1 samples, mean = 0.0 (flags = 0x41)
0  -O                                                                        (1 = 100.0%)
1  ... 

Histogram: ContentSettings.RegularProfile.Exceptions.display-media-system-audio recorded 1 samples, mean = 0.0 (flags = 0x41)
0  -O                                                                        (1 = 100.0%)
1  ... 

Histogram: ContentSettings.RegularProfile.Exceptions.durable-storage recorded 1 samples, mean = 0.0 (flags = 0x41)
0  -O                                                                        (1 = 100.0%)
1  ... 

Histogram: ContentSettings.RegularProfile.Exceptions.fedcm-idp-registration recorded 1 samples, mean = 0.0 (flags = 0x41)
0  -O                                                                        (1 = 100.0%)
1  ... 

Histogram: ContentSettings.RegularProfile.Exceptions.fedcm-idp-signin recorded 1 samples, mean = 1.0 (flags = 0x41)
0  O                                                                         (0 = 0.0%)
1  -O                                                                        (1 = 100.0%) {0.0%}
2  ... 

Histogram: ContentSettings.RegularProfile.Exceptions.fedcm-share recorded 1 samples, mean = 0.0 (flags = 0x41)
0  -O                                                                        (1 = 100.0%)
1  ... 

Histogram: ContentSettings.RegularProfile.Exceptions.file-system-access-chooser-data recorded 1 samples, mean = 0.0 (flags = 0x41)
0  -O                                                                        (1 = 100.0%)
1  ... 

Histogram: ContentSettings.RegularProfile.Exceptions.file-system-access-extended-permission recorded 1 samples, mean = 0.0 (flags = 0x41)
0  -O                                                                        (1 = 100.0%)
1  ... 

Histogram: ContentSettings.RegularProfile.Exceptions.file-system-access-restore-permission recorded 1 samples, mean = 0.0 (flags = 0x41)
0  -O                                                                        (1 = 100.0%)
1  ... 

Histogram: ContentSettings.RegularProfile.Exceptions.file-system-last-picked-directory recorded 1 samples, mean = 0.0 (flags = 0x41)
0  -O                                                                        (1 = 100.0%)
1  ... 

Histogram: ContentSettings.RegularProfile.Exceptions.file-system-read-guard recorded 1 samples, mean = 0.0 (flags = 0x41)
0  -O                                                                        (1 = 100.0%)
1  ... 

Histogram: ContentSettings.RegularProfile.Exceptions.file-system-write-guard recorded 1 samples, mean = 0.0 (flags = 0x41)
0  -O                                                                        (1 = 100.0%)
1  ... 

Histogram: ContentSettings.RegularProfile.Exceptions.formfill-metadata recorded 1 samples, mean = 0.0 (flags = 0x41)
0  -O                                                                        (1 = 100.0%)
1  ... 

Histogram: ContentSettings.RegularProfile.Exceptions.geolocation recorded 1 samples, mean = 0.0 (flags = 0x41)
0  -O                                                                        (1 = 100.0%)
1  ... 

Histogram: ContentSettings.RegularProfile.Exceptions.hid-chooser-data recorded 1 samples, mean = 0.0 (flags = 0x41)
0  -O                                                                        (1 = 100.0%)
1  ... 

Histogram: ContentSettings.RegularProfile.Exceptions.hid-guard recorded 1 samples, mean = 0.0 (flags = 0x41)
0  -O                                                                        (1 = 100.0%)
1  ... 

Histogram: ContentSettings.RegularProfile.Exceptions.http-allowed recorded 1 samples, mean = 0.0 (flags = 0x41)
0  -O                                                                        (1 = 100.0%)
1  ... 

Histogram: ContentSettings.RegularProfile.Exceptions.https-enforced recorded 1 samples, mean = 0.0 (flags = 0x41)
0  -O                                                                        (1 = 100.0%)
1  ... 

Histogram: ContentSettings.RegularProfile.Exceptions.idle-detection recorded 1 samples, mean = 0.0 (flags = 0x41)
0  -O                                                                        (1 = 100.0%)
1  ... 

Histogram: ContentSettings.RegularProfile.Exceptions.images recorded 1 samples, mean = 0.0 (flags = 0x41)
0  -O                                                                        (1 = 100.0%)
1  ... 

Histogram: ContentSettings.RegularProfile.Exceptions.important-site-info recorded 1 samples, mean = 0.0 (flags = 0x41)
0  -O                                                                        (1 = 100.0%)
1  ... 

Histogram: ContentSettings.RegularProfile.Exceptions.insecure-private-network recorded 1 samples, mean = 0.0 (flags = 0x41)
0  -O                                                                        (1 = 100.0%)
1  ... 

Histogram: ContentSettings.RegularProfile.Exceptions.intent-picker-auto-display recorded 1 samples, mean = 0.0 (flags = 0x41)
0  -O                                                                        (1 = 100.0%)
1  ... 

Histogram: ContentSettings.RegularProfile.Exceptions.javascript recorded 1 samples, mean = 0.0 (flags = 0x41)
0  -O                                                                        (1 = 100.0%)
1  ... 

Histogram: ContentSettings.RegularProfile.Exceptions.javascript-jit recorded 1 samples, mean = 0.0 (flags = 0x41)
0  -O                                                                        (1 = 100.0%)
1  ... 

Histogram: ContentSettings.RegularProfile.Exceptions.javascript-optimizer recorded 1 samples, mean = 0.0 (flags = 0x41)
0  -O                                                                        (1 = 100.0%)
1  ... 

Histogram: ContentSettings.RegularProfile.Exceptions.keyboard-lock recorded 1 samples, mean = 0.0 (flags = 0x41)
0  -O                                                                        (1 = 100.0%)
1  ... 

Histogram: ContentSettings.RegularProfile.Exceptions.legacy-cookie-access recorded 1 samples, mean = 0.0 (flags = 0x41)
0  -O                                                                        (1 = 100.0%)
1  ... 

Histogram: ContentSettings.RegularProfile.Exceptions.local-fonts recorded 1 samples, mean = 0.0 (flags = 0x41)
0  -O                                                                        (1 = 100.0%)
1  ... 

Histogram: ContentSettings.RegularProfile.Exceptions.media-engagement recorded 1 samples, mean = 1.0 (flags = 0x41)
0  O                                                                         (0 = 0.0%)
1  -O                                                                        (1 = 100.0%) {0.0%}
2  ... 

Histogram: ContentSettings.RegularProfile.Exceptions.media-stream-camera recorded 1 samples, mean = 0.0 (flags = 0x41)
0  -O                                                                        (1 = 100.0%)
1  ... 

Histogram: ContentSettings.RegularProfile.Exceptions.media-stream-mic recorded 1 samples, mean = 0.0 (flags = 0x41)
0  -O                                                                        (1 = 100.0%)
1  ... 

Histogram: ContentSettings.RegularProfile.Exceptions.midi-sysex recorded 1 samples, mean = 0.0 (flags = 0x41)
0  -O                                                                        (1 = 100.0%)
1  ... 

Histogram: ContentSettings.RegularProfile.Exceptions.mixed-script recorded 1 samples, mean = 0.0 (flags = 0x41)
0  -O                                                                        (1 = 100.0%)
1  ... 

Histogram: ContentSettings.RegularProfile.Exceptions.nfc-devices recorded 1 samples, mean = 0.0 (flags = 0x41)
0  -O                                                                        (1 = 100.0%)
1  ... 

Histogram: ContentSettings.RegularProfile.Exceptions.notification-interactions recorded 1 samples, mean = 0.0 (flags = 0x41)
0  -O                                                                        (1 = 100.0%)
1  ... 

Histogram: ContentSettings.RegularProfile.Exceptions.notification-permission-review recorded 1 samples, mean = 0.0 (flags = 0x41)
0  -O                                                                        (1 = 100.0%)
1  ... 

Histogram: ContentSettings.RegularProfile.Exceptions.notifications recorded 1 samples, mean = 0.0 (flags = 0x41)
0  -O                                                                        (1 = 100.0%)
1  ... 

Histogram: ContentSettings.RegularProfile.Exceptions.password-protection recorded 1 samples, mean = 0.0 (flags = 0x41)
0  -O                                                                        (1 = 100.0%)
1  ... 

Histogram: ContentSettings.RegularProfile.Exceptions.payment-handler recorded 1 samples, mean = 0.0 (flags = 0x41)
0  -O                                                                        (1 = 100.0%)
1  ... 

Histogram: ContentSettings.RegularProfile.Exceptions.permission-autoblocking-data recorded 1 samples, mean = 0.0 (flags = 0x41)
0  -O                                                                        (1 = 100.0%)
1  ... 

Histogram: ContentSettings.RegularProfile.Exceptions.permission-autorevocation-data recorded 1 samples, mean = 0.0 (flags = 0x41)
0  -O                                                                        (1 = 100.0%)
1  ... 

Histogram: ContentSettings.RegularProfile.Exceptions.pointer-lock recorded 1 samples, mean = 0.0 (flags = 0x41)
0  -O                                                                        (1 = 100.0%)
1  ... 

Histogram: ContentSettings.RegularProfile.Exceptions.popups recorded 1 samples, mean = 0.0 (flags = 0x41)
0  -O                                                                        (1 = 100.0%)
1  ... 

Histogram: ContentSettings.RegularProfile.Exceptions.popups.Allow recorded 1 samples, mean = 0.0 (flags = 0x41)
0  -O                                                                        (1 = 100.0%)
1  ... 

Histogram: ContentSettings.RegularProfile.Exceptions.popups.Block recorded 1 samples, mean = 0.0 (flags = 0x41)
0  -O                                                                        (1 = 100.0%)
1  ... 

Histogram: ContentSettings.RegularProfile.Exceptions.private-network-chooser-data recorded 1 samples, mean = 0.0 (flags = 0x41)
0  -O                                                                        (1 = 100.0%)
1  ... 

Histogram: ContentSettings.RegularProfile.Exceptions.private-network-guard recorded 1 samples, mean = 0.0 (flags = 0x41)
0  -O                                                                        (1 = 100.0%)
1  ... 

Histogram: ContentSettings.RegularProfile.Exceptions.protected-media-identifier recorded 1 samples, mean = 0.0 (flags = 0x41)
0  -O                                                                        (1 = 100.0%)
1  ... 

Histogram: ContentSettings.RegularProfile.Exceptions.protocol-handler recorded 1 samples, mean = 0.0 (flags = 0x41)
0  -O                                                                        (1 = 100.0%)
1  ... 

Histogram: ContentSettings.RegularProfile.Exceptions.reduced-accept-language recorded 1 samples, mean = 0.0 (flags = 0x41)
0  -O                                                                        (1 = 100.0%)
1  ... 

Histogram: ContentSettings.RegularProfile.Exceptions.safe-browsing-url-check-data recorded 1 samples, mean = 0.0 (flags = 0x41)
0  -O                                                                        (1 = 100.0%)
1  ... 

Histogram: ContentSettings.RegularProfile.Exceptions.sensors recorded 1 samples, mean = 0.0 (flags = 0x41)
0  -O                                                                        (1 = 100.0%)
1  ... 

Histogram: ContentSettings.RegularProfile.Exceptions.serial-chooser-data recorded 1 samples, mean = 0.0 (flags = 0x41)
0  -O                                                                        (1 = 100.0%)
1  ... 

Histogram: ContentSettings.RegularProfile.Exceptions.serial-guard recorded 1 samples, mean = 0.0 (flags = 0x41)
0  -O                                                                        (1 = 100.0%)
1  ... 

Histogram: ContentSettings.RegularProfile.Exceptions.site-engagement recorded 1 samples, mean = 1.0 (flags = 0x41)
0  O                                                                         (0 = 0.0%)
1  -O                                                                        (1 = 100.0%) {0.0%}
2  ... 

Histogram: ContentSettings.RegularProfile.Exceptions.sound recorded 1 samples, mean = 0.0 (flags = 0x41)
0  -O                                                                        (1 = 100.0%)
1  ... 

Histogram: ContentSettings.RegularProfile.Exceptions.speaker-selection recorded 1 samples, mean = 0.0 (flags = 0x41)
0  -O                                                                        (1 = 100.0%)
1  ... 

Histogram: ContentSettings.RegularProfile.Exceptions.ssl-cert-decisions recorded 1 samples, mean = 0.0 (flags = 0x41)
0  -O                                                                        (1 = 100.0%)
1  ... 

Histogram: ContentSettings.RegularProfile.Exceptions.storage-access recorded 1 samples, mean = 0.0 (flags = 0x41)
0  -O                                                                        (1 = 100.0%)
1  ... 

Histogram: ContentSettings.RegularProfile.Exceptions.storage-access-header-origin-trial recorded 1 samples, mean = 0.0 (flags = 0x41)
0  -O                                                                        (1 = 100.0%)
1  ... 

Histogram: ContentSettings.RegularProfile.Exceptions.storage-access.Allow recorded 1 samples, mean = 0.0 (flags = 0x41)
0  -O                                                                        (1 = 100.0%)
1  ... 

Histogram: ContentSettings.RegularProfile.Exceptions.storage-access.Ask recorded 1 samples, mean = 0.0 (flags = 0x41)
0  -O                                                                        (1 = 100.0%)
1  ... 

Histogram: ContentSettings.RegularProfile.Exceptions.storage-access.Block recorded 1 samples, mean = 0.0 (flags = 0x41)
0  -O                                                                        (1 = 100.0%)
1  ... 

Histogram: ContentSettings.RegularProfile.Exceptions.storage-access.MaxRequester recorded 1 samples, mean = 0.0 (flags = 0x41)
0  -O                                                                        (1 = 100.0%)
1  ... 

Histogram: ContentSettings.RegularProfile.Exceptions.storage-access.MaxTopLevel recorded 1 samples, mean = 0.0 (flags = 0x41)
0  -O                                                                        (1 = 100.0%)
1  ... 

Histogram: ContentSettings.RegularProfile.Exceptions.subresource-filter recorded 1 samples, mean = 0.0 (flags = 0x41)
0  -O                                                                        (1 = 100.0%)
1  ... 

Histogram: ContentSettings.RegularProfile.Exceptions.subresource-filter-data recorded 1 samples, mean = 0.0 (flags = 0x41)
0  -O                                                                        (1 = 100.0%)
1  ... 

Histogram: ContentSettings.RegularProfile.Exceptions.subresource-filter.Allow recorded 1 samples, mean = 0.0 (flags = 0x41)
0  -O                                                                        (1 = 100.0%)
1  ... 

Histogram: ContentSettings.RegularProfile.Exceptions.subresource-filter.Block recorded 1 samples, mean = 0.0 (flags = 0x41)
0  -O                                                                        (1 = 100.0%)
1  ... 

Histogram: ContentSettings.RegularProfile.Exceptions.third-party-storage-partitioning recorded 1 samples, mean = 0.0 (flags = 0x41)
0  -O                                                                        (1 = 100.0%)
1  ... 

Histogram: ContentSettings.RegularProfile.Exceptions.top-level-3pcd-origin-trial recorded 1 samples, mean = 0.0 (flags = 0x41)
0  -O                                                                        (1 = 100.0%)
1  ... 

Histogram: ContentSettings.RegularProfile.Exceptions.top-level-3pcd-support recorded 1 samples, mean = 0.0 (flags = 0x41)
0  -O                                                                        (1 = 100.0%)
1  ... 

Histogram: ContentSettings.RegularProfile.Exceptions.top-level-storage-access recorded 1 samples, mean = 0.0 (flags = 0x41)
0  -O                                                                        (1 = 100.0%)
1  ... 

Histogram: ContentSettings.RegularProfile.Exceptions.tracking-protection recorded 1 samples, mean = 0.0 (flags = 0x41)
0  -O                                                                        (1 = 100.0%)
1  ... 

Histogram: ContentSettings.RegularProfile.Exceptions.tracking-protection.Allow recorded 1 samples, mean = 0.0 (flags = 0x41)
0  -O                                                                        (1 = 100.0%)
1  ... 

Histogram: ContentSettings.RegularProfile.Exceptions.tracking-protection.Block recorded 1 samples, mean = 0.0 (flags = 0x41)
0  -O                                                                        (1 = 100.0%)
1  ... 

Histogram: ContentSettings.RegularProfile.Exceptions.unused-site-permissions recorded 1 samples, mean = 0.0 (flags = 0x41)
0  -O                                                                        (1 = 100.0%)
1  ... 

Histogram: ContentSettings.RegularProfile.Exceptions.usb-chooser-data recorded 1 samples, mean = 0.0 (flags = 0x41)
0  -O                                                                        (1 = 100.0%)
1  ... 

Histogram: ContentSettings.RegularProfile.Exceptions.usb-guard recorded 1 samples, mean = 0.0 (flags = 0x41)
0  -O                                                                        (1 = 100.0%)
1  ... 

Histogram: ContentSettings.RegularProfile.Exceptions.vr recorded 1 samples, mean = 0.0 (flags = 0x41)
0  -O                                                                        (1 = 100.0%)
1  ... 

Histogram: ContentSettings.RegularProfile.Exceptions.webid-api recorded 1 samples, mean = 0.0 (flags = 0x41)
0  -O                                                                        (1 = 100.0%)
1  ... 

Histogram: ContentSettings.RegularProfile.Exceptions.webid-auto-reauthn recorded 1 samples, mean = 0.0 (flags = 0x41)
0  -O                                                                        (1 = 100.0%)
1  ... 

Histogram: ContentSettings.RegularProfile.Exceptions.window-placement recorded 1 samples, mean = 0.0 (flags = 0x41)
0  -O                                                                        (1 = 100.0%)
1  ... 

Histogram: Conversions.DelayOnAttestationsLoaded recorded 1 samples, mean = 300274.0 (flags = 0x41)
0       ... 
300000  -O                                                                        (1 = 100.0%) {0.0%}

Histogram: Cookie.ClockSkew.AddMinutes recorded 5 samples, mean = 0.0 (flags = 0x41)
0  -----O                                                                    (5 = 100.0%)
1  ... 

Histogram: Cookie.ClockSkew.AddMinutes12To24Hours recorded 5 samples, mean = 0.0 (flags = 0x41)
0  -----O                                                                    (5 = 100.0%)
720... 

Histogram: Cookie.ClockSkew.ExpiredWithoutSkew recorded 5 samples, mean = 0.0 (flags = 0x41)
0  -----O                                                                    (5 = 100.0%)
1  ... 

Histogram: Cookie.CookiePrefix recorded 6 samples, mean = 0.0 (flags = 0x41)
0  ------O                                                                   (6 = 100.0%)
1  ... 

Histogram: Cookie.CookieSchemeRequestScheme recorded 76 samples, mean = 2.0 (flags = 0x41)
0  ... 
2  ------------------------------------------------------------------------O (76 = 100.0%) {0.0%}
3  ... 

Histogram: Cookie.CookieSourceScheme recorded 6 samples, mean = 0.0 (flags = 0x41)
0  ------O                                                                   (6 = 100.0%)
1  ... 

Histogram: Cookie.CookieSourceSchemeName recorded 6 samples, mean = 14.0 (flags = 0x41)
0   ... 
14  ------O                                                                   (6 = 100.0%) {0.0%}
15  ... 

Histogram: Cookie.CrossSiteRedirectType.Read recorded 121 samples, mean = 1.0 (flags = 0x41)
0  O                                                                         (0 = 0.0%)
1  ------------------------------------------------------------------------O (121 = 100.0%) {0.0%}
2  ... 

Histogram: Cookie.CrossSiteRedirectType.Write recorded 6 samples, mean = 1.0 (flags = 0x41)
0  O                                                                         (0 = 0.0%)
1  ------O                                                                   (6 = 100.0%) {0.0%}
2  ... 

Histogram: Cookie.DaysSinceRefreshForRetrieval recorded 4 samples, mean = 0.0 (flags = 0x41)
0  ----O                                                                     (4 = 100.0%)
1  ... 

Histogram: Cookie.DomainHasNonASCII recorded 6 samples, mean = 0.0 (flags = 0x41)
0  ------O                                                                   (6 = 100.0%)
1  ... 

Histogram: Cookie.DomainSet recorded 6 samples, mean = 1.0 (flags = 0x41)
0  O                                                                         (0 = 0.0%)
1  ------O                                                                   (6 = 100.0%) {0.0%}
2  O                                                                         (0 = 0.0%) {100.0%}

Histogram: Cookie.DoubleUnderscorePrefixedName recorded 6 samples, mean = 0.7 (flags = 0x41)
0  --O                                                                       (2 = 33.3%)
1  ----O                                                                     (4 = 66.7%) {33.3%}
2  O                                                                         (0 = 0.0%) {100.0%}

Histogram: Cookie.ExpirationDuration400DaysLTE recorded 5 samples, mean = 73.0 (flags = 0x41)
0    ----O                                                                     (4 = 80.0%)
1    ... 
364  -O                                                                        (1 = 20.0%) {80.0%}
400  O                                                                         (0 = 0.0%) {100.0%}

Histogram: Cookie.ExpirationDurationMinutesSecure recorded 5 samples, mean = 105144.0 (flags = 0x41)
0       ... 
26      ----O                                                                     (4 = 80.0%) {0.0%}
36      ... 
429766  -O                                                                        (1 = 20.0%) {80.0%}
587706  ... 

Histogram: Cookie.FirstPartyPartitioned.HasCrossSiteAncestor recorded 45 samples, mean = 0.0 (flags = 0x41)
0  ---------------------------------------------O                            (45 = 100.0%)
1  ... 

Histogram: Cookie.FirstPartySets.Browser.DelayedQueriesCount recorded 1 samples, mean = 2.0 (flags = 0x41)
0  ... 
2  -O                                                                        (1 = 100.0%) {0.0%}
3  ... 

Histogram: Cookie.FirstPartySets.Browser.MostDelayedQueryDelta recorded 1 samples, mean = 63.0 (flags = 0x41)
0   ... 
57  -O                                                                        (1 = 100.0%) {0.0%}
68  ... 

Histogram: Cookie.FirstPartySets.ComponentSetsNonfatalErrors recorded 1 samples, mean = 0.0 (flags = 0x41)
0  -O                                                                        (1 = 100.0%)
1  ... 

Histogram: Cookie.FirstPartySets.ComponentSetsParsedSuccessfully recorded 1 samples, mean = 0.0 (flags = 0x41)
0  -O                                                                        (1 = 100.0%)
1  ... 

Histogram: Cookie.FirstPartySets.ContextDelayedQueriesCount recorded 1 samples, mean = 0.0 (flags = 0x41)
0  -O                                                                        (1 = 100.0%)
1  ... 

Histogram: Cookie.FirstPartySets.ContextMostDelayedQueryDelta recorded 1 samples, mean = 0.0 (flags = 0x41)
0  -O                                                                        (1 = 100.0%)
1  ... 

Histogram: Cookie.FirstPartySets.EnqueueingDelay.ContextConfig2 recorded 1 samples, mean = 22.0 (flags = 0x41)
0   ... 
20  -O                                                                        (1 = 100.0%) {0.0%}
24  ... 

Histogram: Cookie.FirstPartySets.InitializationDuration.ContextReadyToServeQueries2 recorded 1 samples, mean = 2826.0 (flags = 0x41)
0     ... 
2516  -O                                                                        (1 = 100.0%) {0.0%}
2990  ... 

Histogram: Cookie.FirstPartySets.InitializationDuration.ReadCommandLineSet2 recorded 1 samples, mean = 63.0 (flags = 0x41)
0   ... 
57  -O                                                                        (1 = 100.0%) {0.0%}
68  ... 

Histogram: Cookie.FirstPartySets.InitializationDuration.ReadComponentSets2 recorded 1 samples, mean = 0.0 (flags = 0x41)
0  -O                                                                        (1 = 100.0%)
1  ... 

Histogram: Cookie.FirstPartySets.InitializationDuration.ReadyToServeQueries2 recorded 1 samples, mean = 0.0 (flags = 0x41)
0  -O                                                                        (1 = 100.0%)
1  ... 

Histogram: Cookie.FirstPartySets.Network.DelayedQueriesCount recorded 1 samples, mean = 0.0 (flags = 0x41)
0  -O                                                                        (1 = 100.0%)
1  ... 

Histogram: Cookie.FirstPartySets.Network.MostDelayedQueryDelta recorded 1 samples, mean = 0.0 (flags = 0x41)
0  -O                                                                        (1 = 100.0%)
1  ... 

Histogram: Cookie.FirstPartySets.ProcessedEntireComponent recorded 1 samples, mean = 1.0 (flags = 0x41)
0  O                                                                         (0 = 0.0%)
1  -O                                                                        (1 = 100.0%) {0.0%}
2  O                                                                         (0 = 0.0%) {100.0%}

Histogram: Cookie.FromStorageWithValidLength recorded 75 samples, mean = 1.0 (flags = 0x41)
0  O                                                                         (0 = 0.0%)
1  ------------------------------------------------------------------------O (75 = 100.0%) {0.0%}
2  O                                                                         (0 = 0.0%) {100.0%}

Histogram: Cookie.HasNonASCII.Name recorded 6 samples, mean = 0.0 (flags = 0x41)
0  ------O                                                                   (6 = 100.0%)
1  ... 

Histogram: Cookie.HasNonASCII.Value recorded 6 samples, mean = 0.0 (flags = 0x41)
0  ------O                                                                   (6 = 100.0%)
1  ... 

Histogram: Cookie.IncludedRequestEffectiveSameSite recorded 121 samples, mean = 0.0 (flags = 0x41)
0  ------------------------------------------------------------------------O (121 = 100.0%)
1  ... 

Histogram: Cookie.IncludedResponseEffectiveSameSite recorded 6 samples, mean = 0.0 (flags = 0x41)
0  ------O                                                                   (6 = 100.0%)
1  ... 

Histogram: Cookie.IsPartitionedValid recorded 1 samples, mean = 1.0 (flags = 0x41)
0  O                                                                         (0 = 0.0%)
1  -O                                                                        (1 = 100.0%) {0.0%}
2  O                                                                         (0 = 0.0%) {100.0%}

Histogram: Cookie.NameOrValueHtab recorded 6 samples, mean = 0.0 (flags = 0x41)
0  ------O                                                                   (6 = 100.0%)
1  ... 

Histogram: Cookie.OnCookiesAccessed.BatchSize recorded 7 samples, mean = 1.3 (flags = 0x41)
0  O                                                                         (0 = 0.0%)
1  -----O                                                                    (5 = 71.4%) {0.0%}
2  --O                                                                       (2 = 28.6%) {71.4%}
3  ... 

Histogram: Cookie.OnCookiesAccessed.TotalAccesses recorded 7 samples, mean = 2.3 (flags = 0x41)
0  O                                                                         (0 = 0.0%)
1  -O                                                                        (1 = 14.3%) {0.0%}
2  ----O                                                                     (4 = 57.1%) {14.3%}
3  -O                                                                        (1 = 14.3%) {71.4%}
4  -O                                                                        (1 = 14.3%) {85.7%}
5  ... 

Histogram: Cookie.PartitionedCookiesInRequest recorded 39 samples, mean = 1.0 (flags = 0x41)
0  O                                                                         (0 = 0.0%)
1  ---------------------------------------O                                  (39 = 100.0%) {0.0%}
2  ... 

Histogram: Cookie.Port.Read.RemoteHost recorded 117 samples, mean = 7.0 (flags = 0x41)
0  ... 
7  ------------------------------------------------------------------------O (117 = 100.0%) {0.0%}
8  ... 

Histogram: Cookie.Port.ReadDiffersFromSet.DomainSet recorded 117 samples, mean = 4.0 (flags = 0x41)
0  ... 
4  ------------------------------------------------------------------------O (117 = 100.0%) {0.0%}
5  O                                                                         (0 = 0.0%) {100.0%}

Histogram: Cookie.Port.ReadDiffersFromSet.RemoteHost recorded 117 samples, mean = 4.0 (flags = 0x41)
0  ... 
4  ------------------------------------------------------------------------O (117 = 100.0%) {0.0%}
5  O                                                                         (0 = 0.0%) {100.0%}

Histogram: Cookie.Port.Set.RemoteHost recorded 6 samples, mean = 7.0 (flags = 0x41)
0  ... 
7  ------O                                                                   (6 = 100.0%) {0.0%}
8  ... 

Histogram: Cookie.RequestSameSiteContext recorded 125 samples, mean = 3.0 (flags = 0x41)
0  -O                                                                        (2 = 1.6%)
1  ... 
3  ------------------------------------------------------------------------O (123 = 98.4%) {1.6%}
4  O                                                                         (0 = 0.0%) {100.0%}

Histogram: Cookie.SameSiteAttributeValue recorded 6 samples, mean = 5.0 (flags = 0x41)
0  ... 
5  ------O                                                                   (6 = 100.0%) {0.0%}
6  ... 

Histogram: Cookie.SameSiteNoneSizeBytes recorded 6 samples, mean = 217.0 (flags = 0x41)
0    ... 
40   -O                                                                        (1 = 16.7%) {0.0%}
48   ... 
190  ----O                                                                     (4 = 66.7%) {16.7%}
226  ... 
378  -O                                                                        (1 = 16.7%) {83.3%}
449  ... 

Histogram: Cookie.SameSiteNoneSizeBytes.Partitioned recorded 1 samples, mean = 438.0 (flags = 0x41)
0    ... 
378  -O                                                                        (1 = 100.0%) {0.0%}
449  ... 

Histogram: Cookie.SameSiteNoneSizeBytes.Unpartitioned recorded 5 samples, mean = 172.8 (flags = 0x41)
0    ... 
40   -O                                                                        (1 = 20.0%) {0.0%}
48   ... 
190  ----O                                                                     (4 = 80.0%) {20.0%}
226  ... 

Histogram: Cookie.SessionAgeInHoursLTEOneWeek2 recorded 1 samples, mean = 3.0 (flags = 0x41)
0  ... 
3  -O                                                                        (1 = 100.0%) {0.0%}
4  ... 

Histogram: Cookie.SessionAgeSinceLastUpdateInHoursLTEOneWeek recorded 1 samples, mean = 3.0 (flags = 0x41)
0  ... 
3  -O                                                                        (1 = 100.0%) {0.0%}
4  ... 

Histogram: Cookie.SourceType recorded 10 samples, mean = 1.0 (flags = 0x41)
0  O                                                                         (0 = 0.0%)
1  ----------O                                                               (10 = 100.0%) {0.0%}
2  ... 

Histogram: Cookie.TimeBlockedOnLoad recorded 2 samples, mean = 142.5 (flags = 0x41)
0    ... 
4    -O                                                                        (1 = 50.0%) {0.0%}
5    ... 
278  -O                                                                        (1 = 50.0%) {50.0%}
345  ... 

Histogram: Cookie.TimeInitializeDB recorded 2 samples, mean = 2.0 (flags = 0x41)
0  ... 
2  --O                                                                       (2 = 100.0%) {0.0%}
3  ... 

Histogram: Cookie.TimeOpsBlockedDueToGlobalOp recorded 2 samples, mean = 2.0 (flags = 0x41)
0  -O                                                                        (1 = 50.0%)
1  ... 
4  -O                                                                        (1 = 50.0%) {50.0%}
5  ... 

Histogram: Cookie.Type2 recorded 10 samples, mean = 12.0 (flags = 0x41)
0   ... 
4   --O                                                                       (2 = 20.0%) {0.0%}
5   ... 
14  --------O                                                                 (8 = 80.0%) {20.0%}
15  ... 

Histogram: Crypto.TPMDuration.MessageSigningECDSA recorded 1 samples, mean = 77.0 (flags = 0x41)
0   ... 
66  -O                                                                        (1 = 100.0%) {0.0%}
84  ... 

Histogram: Crypto.TPMDuration.NewKeyCreationECDSA recorded 1 samples, mean = 448.0 (flags = 0x41)
0    ... 
356  -O                                                                        (1 = 100.0%) {0.0%}
452  ... 

Histogram: Crypto.TPMDuration.Virtual.MessageSigningECDSA recorded 1 samples, mean = 0.0 (flags = 0x41)
0  -O                                                                        (1 = 100.0%)
1  ... 

Histogram: Crypto.TPMDuration.Virtual.NewKeyCreationECDSA recorded 1 samples, mean = 31.0 (flags = 0x41)
0   ... 
25  -O                                                                        (1 = 100.0%) {0.0%}
32  ... 

Histogram: Crypto.TPMDuration.Virtual.WrappedKeyCreationECDSA recorded 1 samples, mean = 2.0 (flags = 0x41)
0  ... 
2  -O                                                                        (1 = 100.0%) {0.0%}
3  ... 

Histogram: Crypto.TPMDuration.WrappedKeyCreationECDSA recorded 1 samples, mean = 61.0 (flags = 0x41)
0   ... 
52  -O                                                                        (1 = 100.0%) {0.0%}
66  ... 

Histogram: Crypto.TPMOperation.MessageSigningECDSA recorded 1 samples, mean = 1.0 (flags = 0x41)
0  O                                                                         (0 = 0.0%)
1  -O                                                                        (1 = 100.0%) {0.0%}
2  O                                                                         (0 = 0.0%) {100.0%}

Histogram: Crypto.TPMOperation.MessageVerifyECDSA recorded 1 samples, mean = 1.0 (flags = 0x41)
0  O                                                                         (0 = 0.0%)
1  -O                                                                        (1 = 100.0%) {0.0%}
2  O                                                                         (0 = 0.0%) {100.0%}

Histogram: Crypto.TPMOperation.NewKeyCreationECDSA recorded 1 samples, mean = 1.0 (flags = 0x41)
0  O                                                                         (0 = 0.0%)
1  -O                                                                        (1 = 100.0%) {0.0%}
2  O                                                                         (0 = 0.0%) {100.0%}

Histogram: Crypto.TPMOperation.Virtual.MessageSigningECDSA recorded 1 samples, mean = 1.0 (flags = 0x41)
0  O                                                                         (0 = 0.0%)
1  -O                                                                        (1 = 100.0%) {0.0%}
2  O                                                                         (0 = 0.0%) {100.0%}

Histogram: Crypto.TPMOperation.Virtual.MessageVerifyECDSA recorded 1 samples, mean = 1.0 (flags = 0x41)
0  O                                                                         (0 = 0.0%)
1  -O                                                                        (1 = 100.0%) {0.0%}
2  O                                                                         (0 = 0.0%) {100.0%}

Histogram: Crypto.TPMOperation.Virtual.NewKeyCreationECDSA recorded 1 samples, mean = 1.0 (flags = 0x41)
0  O                                                                         (0 = 0.0%)
1  -O                                                                        (1 = 100.0%) {0.0%}
2  O                                                                         (0 = 0.0%) {100.0%}

Histogram: Crypto.TPMOperation.Virtual.WrappedKeyCreationECDSA recorded 1 samples, mean = 1.0 (flags = 0x41)
0  O                                                                         (0 = 0.0%)
1  -O                                                                        (1 = 100.0%) {0.0%}
2  O                                                                         (0 = 0.0%) {100.0%}

Histogram: Crypto.TPMOperation.WrappedKeyCreationECDSA recorded 1 samples, mean = 1.0 (flags = 0x41)
0  O                                                                         (0 = 0.0%)
1  -O                                                                        (1 = 100.0%) {0.0%}
2  O                                                                         (0 = 0.0%) {100.0%}

Histogram: Crypto.TPMSupport2 recorded 1 samples, mean = 2.0 (flags = 0x41)
0  ... 
2  -O                                                                        (1 = 100.0%) {0.0%}
3  O                                                                         (0 = 0.0%) {100.0%}

Histogram: Crypto.TPMSupportType recorded 1 samples, mean = 3.0 (flags = 0x41)
0  ... 
3  -O                                                                        (1 = 100.0%) {0.0%}
4  O                                                                         (0 = 0.0%) {100.0%}

Histogram: Crypto.VirtualKeySupport recorded 1 samples, mean = 2.0 (flags = 0x41)
0  ... 
2  -O                                                                        (1 = 100.0%) {0.0%}
3  O                                                                         (0 = 0.0%) {100.0%}

Histogram: DOMStorage.CommitMeasuredDelay recorded 4 samples, mean = 3481.0 (flags = 0x41)
0     ... 
7     -O                                                                        (1 = 25.0%) {0.0%}
8     ... 
3681  -O                                                                        (1 = 25.0%) {25.0%}
4249  O                                                                         (0 = 0.0%) {50.0%}
4904  --O                                                                       (2 = 50.0%) {50.0%}
5660  ... 

Histogram: DOMStorage.CommitSizeBytes recorded 2 samples, mean = 460.5 (flags = 0x41)
0    ... 
419  -O                                                                        (1 = 50.0%) {0.0%}
472  -O                                                                        (1 = 50.0%) {50.0%}
532  ... 

Histogram: DataUse.BytesReceived3.Delegate recorded 156 samples, mean = 1880.5 (flags = 0x41)
0      ... 
64     -O                                                                        (1 = 0.6%) {0.0%}
83     ... 
297    -O                                                                        (1 = 0.6%) {0.6%}
383    -O                                                                        (2 = 1.3%) {1.3%}
494    -O                                                                        (2 = 1.3%) {2.6%}
637    -O                                                                        (1 = 0.6%) {3.8%}
821    -O                                                                        (1 = 0.6%) {4.5%}
1059   ------------------------------------------------------------------------O (141 = 90.4%) {5.1%}
1366   -O                                                                        (1 = 0.6%) {95.5%}
1761   ... 
2928   --O                                                                       (4 = 2.6%) {96.2%}
3776   ... 
17362  -O                                                                        (1 = 0.6%) {98.7%}
22388  ... 
79817  -O                                                                        (1 = 0.6%) {99.4%}
102923 ... 

Histogram: DataUse.BytesSent3.Delegate recorded 156 samples, mean = 1168.9 (flags = 0x41)
0      ... 
21     -O                                                                        (1 = 0.6%) {0.0%}
28     ... 
196    -O                                                                        (1 = 0.6%) {0.6%}
258    -O                                                                        (1 = 0.6%) {1.3%}
340    -O                                                                        (1 = 0.6%) {1.9%}
448    -O                                                                        (2 = 1.3%) {2.6%}
590    -O                                                                        (2 = 1.3%) {3.8%}
777    --O                                                                       (3 = 1.9%) {5.1%}
1023   ------------------------------------------------------------------------O (144 = 92.3%) {7.1%}
1347   ... 
16063  -O                                                                        (1 = 0.6%) {99.4%}
21156  ... 

Histogram: DefaultBrowser.State recorded 1 samples, mean = 0.0 (flags = 0x41)
0  -O                                                                        (1 = 100.0%)
1  ... 

Histogram: DiskCache.0.Error recorded 1 samples, mean = 0.0 (flags = 0x41)
0  -O                                                                        (1 = 100.0%)
1  ... 

Histogram: DiskCache.0.TotalIOTimeRead recorded 134 samples, mean = 4.5 (flags = 0x41)
0    -------------------------------O                                          (31 = 23.1%)
1    ------------------------------------O                                     (36 = 26.9%) {23.1%}
2    ------------------------O                                                 (24 = 17.9%) {50.0%}
3    ---------O                                                                (9 = 6.7%) {67.9%}
4    -----------O                                                              (11 = 8.2%) {74.6%}
5    ------O                                                                   (6 = 4.5%) {82.8%}
6    -O                                                                        (1 = 0.7%) {87.3%}
7    ----O                                                                     (4 = 3.0%) {88.1%}
8    ----O                                                                     (4 = 3.0%) {91.0%}
10   ------O                                                                   (6 = 4.5%) {94.0%}
12   ... 
135  --O                                                                       (2 = 1.5%) {98.5%}
160  ... 

Histogram: DiskCache.0.TotalIOTimeWrite recorded 28 samples, mean = 0.0 (flags = 0x41)
0  ----------------------------O                                             (28 = 100.0%)
1  ... 

Histogram: Download.Database.IsAvailable recorded 1 samples, mean = 1.0 (flags = 0x41)
0  O                                                                         (0 = 0.0%)
1  -O                                                                        (1 = 100.0%) {0.0%}
2  O                                                                         (0 = 0.0%) {100.0%}

Histogram: Download.Service.Db.Operation.Success recorded 1 samples, mean = 0.0 (flags = 0x41)
0  -O                                                                        (1 = 100.0%)
1  ... 

Histogram: Download.Service.Db.Records recorded 1 samples, mean = 0.0 (flags = 0x41)
0  -O                                                                        (1 = 100.0%)
1  ... 

Histogram: Download.Service.Db.Records.Active recorded 1 samples, mean = 0.0 (flags = 0x41)
0  -O                                                                        (1 = 100.0%)
1  ... 

Histogram: Download.Service.Db.Records.Available recorded 1 samples, mean = 0.0 (flags = 0x41)
0  -O                                                                        (1 = 100.0%)
1  ... 

Histogram: Download.Service.Db.Records.Complete recorded 1 samples, mean = 0.0 (flags = 0x41)
0  -O                                                                        (1 = 100.0%)
1  ... 

Histogram: Download.Service.Db.Records.New recorded 1 samples, mean = 0.0 (flags = 0x41)
0  -O                                                                        (1 = 100.0%)
1  ... 

Histogram: Download.Service.Db.Records.Paused recorded 1 samples, mean = 0.0 (flags = 0x41)
0  -O                                                                        (1 = 100.0%)
1  ... 

Histogram: Download.Service.Files.CleanUp.External recorded 3 samples, mean = 0.0 (flags = 0x41)
0  ---O                                                                      (3 = 100.0%)
1  ... 

Histogram: Download.Service.Files.CleanUp.External.Orphaned recorded 1 samples, mean = 0.0 (flags = 0x41)
0  -O                                                                        (1 = 100.0%)
1  ... 

Histogram: Download.Service.Files.CleanUp.External.Timeout recorded 1 samples, mean = 0.0 (flags = 0x41)
0  -O                                                                        (1 = 100.0%)
1  ... 

Histogram: Download.Service.Files.CleanUp.External.Unknown recorded 1 samples, mean = 0.0 (flags = 0x41)
0  -O                                                                        (1 = 100.0%)
1  ... 

Histogram: Download.Service.Files.CleanUp.Failure recorded 3 samples, mean = 0.0 (flags = 0x41)
0  ---O                                                                      (3 = 100.0%)
1  ... 

Histogram: Download.Service.Files.CleanUp.Failure.Orphaned recorded 1 samples, mean = 0.0 (flags = 0x41)
0  -O                                                                        (1 = 100.0%)
1  ... 

Histogram: Download.Service.Files.CleanUp.Failure.Timeout recorded 1 samples, mean = 0.0 (flags = 0x41)
0  -O                                                                        (1 = 100.0%)
1  ... 

Histogram: Download.Service.Files.CleanUp.Failure.Unknown recorded 1 samples, mean = 0.0 (flags = 0x41)
0  -O                                                                        (1 = 100.0%)
1  ... 

Histogram: Download.Service.Files.CleanUp.Success recorded 3 samples, mean = 0.0 (flags = 0x41)
0  ---O                                                                      (3 = 100.0%)
1  ... 

Histogram: Download.Service.Files.CleanUp.Success.Orphaned recorded 1 samples, mean = 0.0 (flags = 0x41)
0  -O                                                                        (1 = 100.0%)
1  ... 

Histogram: Download.Service.Files.CleanUp.Success.Timeout recorded 1 samples, mean = 0.0 (flags = 0x41)
0  -O                                                                        (1 = 100.0%)
1  ... 

Histogram: Download.Service.Files.CleanUp.Success.Unknown recorded 1 samples, mean = 0.0 (flags = 0x41)
0  -O                                                                        (1 = 100.0%)
1  ... 

Histogram: Download.Service.StartUpStatus.Initialization recorded 1 samples, mean = 0.0 (flags = 0x41)
0  -O                                                                        (1 = 100.0%)
1  ... 

Histogram: Enterprise.TimeToFirstPolicyLoad.Profile.Unmanaged recorded 1 samples, mean = 0.0 (flags = 0x41)
0  -O                                                                        (1 = 100.0%)
1  ... 

Histogram: EnterpriseCheck.AzureADJoinStatusCheckTime recorded 1 samples, mean = 17.0 (flags = 0x41)
0   ... 
17  -O                                                                        (1 = 100.0%) {0.0%}
20  ... 

Histogram: Event.GestureCreated recorded 1 samples, mean = 12.0 (flags = 0x41)
0   ... 
12  -O                                                                        (1 = 100.0%) {0.0%}
13  ... 

Histogram: Extension.Toolbar.BrowserActionsCount2 recorded 1 samples, mean = 0.0 (flags = 0x41)
0  -O                                                                        (1 = 100.0%)
1  ... 

Histogram: ExtensionToolbarModel.BrowserActionsCount recorded 1 samples, mean = 0.0 (flags = 0x41)
0  -O                                                                        (1 = 100.0%)
1  ... 

Histogram: Extensions.AppLocation2 recorded 1 samples, mean = 5.0 (flags = 0x41)
0  ... 
5  -O                                                                        (1 = 100.0%) {0.0%}
6  ... 

Histogram: Extensions.CorruptExtensionTotalDisables recorded 1 samples, mean = 0.0 (flags = 0x41)
0  -O                                                                        (1 = 100.0%)
1  ... 

Histogram: Extensions.CorruptExtensionTotalDisables2 recorded 1 samples, mean = 0.0 (flags = 0x41)
0  -O                                                                        (1 = 100.0%)
1  ... 

Histogram: Extensions.Database.Open.State recorded 1 samples, mean = 0.0 (flags = 0x41)
0  -O                                                                        (1 = 100.0%)
1  ... 

Histogram: Extensions.DeveloperModeEnabled recorded 2 samples, mean = 0.0 (flags = 0x41)
0  --O                                                                       (2 = 100.0%)
1  ... 

Histogram: Extensions.DidCreateScriptContext_Unspecified recorded 1 samples, mean = 0.0 (flags = 0x41)
0  -O                                                                        (1 = 100.0%)
1  ... 

Histogram: Extensions.DidCreateScriptContext_WebPage recorded 3 samples, mean = 0.0 (flags = 0x41)
0  ---O                                                                      (3 = 100.0%)
1  ... 

Histogram: Extensions.Disabled recorded 1 samples, mean = 0.0 (flags = 0x41)
0  -O                                                                        (1 = 100.0%)
1  ... 

Histogram: Extensions.Disabled2 recorded 1 samples, mean = 0.0 (flags = 0x41)
0  -O                                                                        (1 = 100.0%)
1  ... 

Histogram: Extensions.DisabledForPermissions recorded 1 samples, mean = 0.0 (flags = 0x41)
0  -O                                                                        (1 = 100.0%)
1  ... 

Histogram: Extensions.DisabledForPermissions2 recorded 1 samples, mean = 0.0 (flags = 0x41)
0  -O                                                                        (1 = 100.0%)
1  ... 

Histogram: Extensions.EventlessEventPages2 recorded 1 samples, mean = 0.0 (flags = 0x41)
0  -O                                                                        (1 = 100.0%)
1  ... 

Histogram: Extensions.ExtensionLocation recorded 1 samples, mean = 5.0 (flags = 0x41)
0  ... 
5  -O                                                                        (1 = 100.0%) {0.0%}
6  ... 

Histogram: Extensions.ExtensionLocation2 recorded 1 samples, mean = 5.0 (flags = 0x41)
0  ... 
5  -O                                                                        (1 = 100.0%) {0.0%}
6  ... 

Histogram: Extensions.ExtensionsWithPageActions recorded 1 samples, mean = 0.0 (flags = 0x41)
0  -O                                                                        (1 = 100.0%)
1  ... 

Histogram: Extensions.HomepageOverrides recorded 1 samples, mean = 0.0 (flags = 0x41)
0  -O                                                                        (1 = 100.0%)
1  ... 

Histogram: Extensions.HomepageOverrides2 recorded 1 samples, mean = 0.0 (flags = 0x41)
0  -O                                                                        (1 = 100.0%)
1  ... 

Histogram: Extensions.InjectEnd_ScriptCount recorded 3 samples, mean = 0.0 (flags = 0x41)
0  ---O                                                                      (3 = 100.0%)
1  ... 

Histogram: Extensions.InjectIdle_ScriptCount recorded 3 samples, mean = 0.0 (flags = 0x41)
0  ---O                                                                      (3 = 100.0%)
1  ... 

Histogram: Extensions.InjectStart_CssCount recorded 5 samples, mean = 0.0 (flags = 0x41)
0  -----O                                                                    (5 = 100.0%)
1  ... 

Histogram: Extensions.InjectStart_ScriptCount recorded 5 samples, mean = 0.0 (flags = 0x41)
0  -----O                                                                    (5 = 100.0%)
1  ... 

Histogram: Extensions.LoadAll recorded 1 samples, mean = 2.0 (flags = 0x41)
0  ... 
2  -O                                                                        (1 = 100.0%) {0.0%}
3  ... 

Histogram: Extensions.LoadAll2 recorded 1 samples, mean = 2.0 (flags = 0x41)
0  ... 
2  -O                                                                        (1 = 100.0%) {0.0%}
3  ... 

Histogram: Extensions.LoadAllComponentTime recorded 1 samples, mean = 0.0 (flags = 0x41)
0  -O                                                                        (1 = 100.0%)
1  ... 

Histogram: Extensions.LoadAllComponentTime.User recorded 1 samples, mean = 0.0 (flags = 0x41)
0  -O                                                                        (1 = 100.0%)
1  ... 

Histogram: Extensions.LoadAllTime2 recorded 1 samples, mean = 0.0 (flags = 0x41)
0  -O                                                                        (1 = 100.0%)
1  ... 

Histogram: Extensions.LoadAllTime2.User recorded 1 samples, mean = 0.0 (flags = 0x41)
0  -O                                                                        (1 = 100.0%)
1  ... 

Histogram: Extensions.LoadApp recorded 1 samples, mean = 0.0 (flags = 0x41)
0  -O                                                                        (1 = 100.0%)
1  ... 

Histogram: Extensions.LoadApp2 recorded 1 samples, mean = 0.0 (flags = 0x41)
0  -O                                                                        (1 = 100.0%)
1  ... 

Histogram: Extensions.LoadAppExternal recorded 1 samples, mean = 0.0 (flags = 0x41)
0  -O                                                                        (1 = 100.0%)
1  ... 

Histogram: Extensions.LoadAppExternal2 recorded 1 samples, mean = 0.0 (flags = 0x41)
0  -O                                                                        (1 = 100.0%)
1  ... 

Histogram: Extensions.LoadAppUser recorded 1 samples, mean = 0.0 (flags = 0x41)
0  -O                                                                        (1 = 100.0%)
1  ... 

Histogram: Extensions.LoadAppUser2 recorded 1 samples, mean = 0.0 (flags = 0x41)
0  -O                                                                        (1 = 100.0%)
1  ... 

Histogram: Extensions.LoadBrowserAction recorded 1 samples, mean = 0.0 (flags = 0x41)
0  -O                                                                        (1 = 100.0%)
1  ... 

Histogram: Extensions.LoadBrowserAction2 recorded 1 samples, mean = 0.0 (flags = 0x41)
0  -O                                                                        (1 = 100.0%)
1  ... 

Histogram: Extensions.LoadExtension recorded 1 samples, mean = 0.0 (flags = 0x41)
0  -O                                                                        (1 = 100.0%)
1  ... 

Histogram: Extensions.LoadExtension2 recorded 1 samples, mean = 0.0 (flags = 0x41)
0  -O                                                                        (1 = 100.0%)
1  ... 

Histogram: Extensions.LoadExtensionExternal recorded 1 samples, mean = 0.0 (flags = 0x41)
0  -O                                                                        (1 = 100.0%)
1  ... 

Histogram: Extensions.LoadExtensionExternal2 recorded 1 samples, mean = 0.0 (flags = 0x41)
0  -O                                                                        (1 = 100.0%)
1  ... 

Histogram: Extensions.LoadExtensionUser2 recorded 1 samples, mean = 0.0 (flags = 0x41)
0  -O                                                                        (1 = 100.0%)
1  ... 

Histogram: Extensions.LoadHostedApp recorded 1 samples, mean = 0.0 (flags = 0x41)
0  -O                                                                        (1 = 100.0%)
1  ... 

Histogram: Extensions.LoadHostedApp2 recorded 1 samples, mean = 0.0 (flags = 0x41)
0  -O                                                                        (1 = 100.0%)
1  ... 

Histogram: Extensions.LoadNoExtensionAction recorded 1 samples, mean = 0.0 (flags = 0x41)
0  -O                                                                        (1 = 100.0%)
1  ... 

Histogram: Extensions.LoadNoExtensionAction2 recorded 1 samples, mean = 0.0 (flags = 0x41)
0  -O                                                                        (1 = 100.0%)
1  ... 

Histogram: Extensions.LoadOffStoreItems recorded 1 samples, mean = 0.0 (flags = 0x41)
0  -O                                                                        (1 = 100.0%)
1  ... 

Histogram: Extensions.LoadOffStoreItems2 recorded 1 samples, mean = 0.0 (flags = 0x41)
0  -O                                                                        (1 = 100.0%)
1  ... 

Histogram: Extensions.LoadPackagedApp recorded 1 samples, mean = 0.0 (flags = 0x41)
0  -O                                                                        (1 = 100.0%)
1  ... 

Histogram: Extensions.LoadPackagedApp2 recorded 1 samples, mean = 0.0 (flags = 0x41)
0  -O                                                                        (1 = 100.0%)
1  ... 

Histogram: Extensions.LoadPlatformApp recorded 1 samples, mean = 0.0 (flags = 0x41)
0  -O                                                                        (1 = 100.0%)
1  ... 

Histogram: Extensions.LoadPlatformApp2 recorded 1 samples, mean = 0.0 (flags = 0x41)
0  -O                                                                        (1 = 100.0%)
1  ... 

Histogram: Extensions.LoadTheme recorded 1 samples, mean = 0.0 (flags = 0x41)
0  -O                                                                        (1 = 100.0%)
1  ... 

Histogram: Extensions.LoadTheme2 recorded 1 samples, mean = 0.0 (flags = 0x41)
0  -O                                                                        (1 = 100.0%)
1  ... 

Histogram: Extensions.LoadUserScript recorded 1 samples, mean = 0.0 (flags = 0x41)
0  -O                                                                        (1 = 100.0%)
1  ... 

Histogram: Extensions.LoadUserScript2 recorded 1 samples, mean = 0.0 (flags = 0x41)
0  -O                                                                        (1 = 100.0%)
1  ... 

Histogram: Extensions.Management_Refresh recorded 1 samples, mean = 0.0 (flags = 0x41)
0  -O                                                                        (1 = 100.0%)
1  ... 

Histogram: Extensions.ManifestVersion2Count.Component recorded 1 samples, mean = 1.0 (flags = 0x41)
0  O                                                                         (0 = 0.0%)
1  -O                                                                        (1 = 100.0%) {0.0%}
2  ... 

Histogram: Extensions.ManifestVersion2Count.External recorded 1 samples, mean = 0.0 (flags = 0x41)
0  -O                                                                        (1 = 100.0%)
1  ... 

Histogram: Extensions.ManifestVersion2Count.Internal recorded 1 samples, mean = 0.0 (flags = 0x41)
0  -O                                                                        (1 = 100.0%)
1  ... 

Histogram: Extensions.ManifestVersion2Count.Policy recorded 1 samples, mean = 0.0 (flags = 0x41)
0  -O                                                                        (1 = 100.0%)
1  ... 

Histogram: Extensions.ManifestVersion2Count.Unpacked recorded 1 samples, mean = 0.0 (flags = 0x41)
0  -O                                                                        (1 = 100.0%)
1  ... 

Histogram: Extensions.ManifestVersion3Count.Component recorded 1 samples, mean = 0.0 (flags = 0x41)
0  -O                                                                        (1 = 100.0%)
1  ... 

Histogram: Extensions.ManifestVersion3Count.External recorded 1 samples, mean = 0.0 (flags = 0x41)
0  -O                                                                        (1 = 100.0%)
1  ... 

Histogram: Extensions.ManifestVersion3Count.Internal recorded 1 samples, mean = 0.0 (flags = 0x41)
0  -O                                                                        (1 = 100.0%)
1  ... 

Histogram: Extensions.ManifestVersion3Count.Policy recorded 1 samples, mean = 0.0 (flags = 0x41)
0  -O                                                                        (1 = 100.0%)
1  ... 

Histogram: Extensions.ManifestVersion3Count.Unpacked recorded 1 samples, mean = 0.0 (flags = 0x41)
0  -O                                                                        (1 = 100.0%)
1  ... 

Histogram: Extensions.ManifestVersionByLocation.Component recorded 1 samples, mean = 2.0 (flags = 0x41)
0  ... 
2  -O                                                                        (1 = 100.0%) {0.0%}
3  ... 

Histogram: Extensions.ManifestVersionPopulationSplit.Component recorded 1 samples, mean = 1.0 (flags = 0x41)
0  O                                                                         (0 = 0.0%)
1  -O                                                                        (1 = 100.0%) {0.0%}
2  ... 

Histogram: Extensions.ManifestVersionPopulationSplit.External recorded 1 samples, mean = 0.0 (flags = 0x41)
0  -O                                                                        (1 = 100.0%)
1  ... 

Histogram: Extensions.ManifestVersionPopulationSplit.Internal recorded 1 samples, mean = 0.0 (flags = 0x41)
0  -O                                                                        (1 = 100.0%)
1  ... 

Histogram: Extensions.ManifestVersionPopulationSplit.InternalAndExternal recorded 1 samples, mean = 0.0 (flags = 0x41)
0  -O                                                                        (1 = 100.0%)
1  ... 

Histogram: Extensions.ManifestVersionPopulationSplit.Unpacked recorded 1 samples, mean = 0.0 (flags = 0x41)
0  -O                                                                        (1 = 100.0%)
1  ... 

Histogram: Extensions.NewTabPageOverrides recorded 1 samples, mean = 0.0 (flags = 0x41)
0  -O                                                                        (1 = 100.0%)
1  ... 

Histogram: Extensions.NewTabPageOverrides2 recorded 1 samples, mean = 0.0 (flags = 0x41)
0  -O                                                                        (1 = 100.0%)
1  ... 

Histogram: Extensions.NonWebStoreNewTabPageOverrides recorded 1 samples, mean = 0.0 (flags = 0x41)
0  -O                                                                        (1 = 100.0%)
1  ... 

Histogram: Extensions.NonWebStoreNewTabPageOverrides2 recorded 1 samples, mean = 0.0 (flags = 0x41)
0  -O                                                                        (1 = 100.0%)
1  ... 

Histogram: Extensions.NonWebstoreLocation recorded 2 samples, mean = 5.0 (flags = 0x41)
0  ... 
5  --O                                                                       (2 = 100.0%) {0.0%}
6  ... 

Histogram: Extensions.NonWebstoreLocation2 recorded 2 samples, mean = 5.0 (flags = 0x41)
0  ... 
5  --O                                                                       (2 = 100.0%) {0.0%}
6  ... 

Histogram: Extensions.NonWebstoreLocationWithDeveloperModeOff.Enabled3 recorded 2 samples, mean = 5.0 (flags = 0x41)
0  ... 
5  --O                                                                       (2 = 100.0%) {0.0%}
6  ... 

Histogram: Extensions.NotAllowlistedDisabled recorded 1 samples, mean = 0.0 (flags = 0x41)
0  -O                                                                        (1 = 100.0%)
1  ... 

Histogram: Extensions.NotAllowlistedDisabled2 recorded 1 samples, mean = 0.0 (flags = 0x41)
0  -O                                                                        (1 = 100.0%)
1  ... 

Histogram: Extensions.NotAllowlistedEnabled recorded 1 samples, mean = 0.0 (flags = 0x41)
0  -O                                                                        (1 = 100.0%)
1  ... 

Histogram: Extensions.NotAllowlistedEnabled2 recorded 1 samples, mean = 0.0 (flags = 0x41)
0  -O                                                                        (1 = 100.0%)
1  ... 

Histogram: Extensions.ProcessManagerStartupHostsTime2 recorded 1 samples, mean = 0.0 (flags = 0x41)
0  -O                                                                        (1 = 100.0%)
1  ... 

Histogram: Extensions.SearchEngineOverrides recorded 1 samples, mean = 0.0 (flags = 0x41)
0  -O                                                                        (1 = 100.0%)
1  ... 

Histogram: Extensions.SearchEngineOverrides2 recorded 1 samples, mean = 0.0 (flags = 0x41)
0  -O                                                                        (1 = 100.0%)
1  ... 

Histogram: Extensions.StartupPagesOverrides recorded 1 samples, mean = 0.0 (flags = 0x41)
0  -O                                                                        (1 = 100.0%)
1  ... 

Histogram: Extensions.StartupPagesOverrides2 recorded 1 samples, mean = 0.0 (flags = 0x41)
0  -O                                                                        (1 = 100.0%)
1  ... 

Histogram: Extensions.WebRequestBlockingCount recorded 1 samples, mean = 0.0 (flags = 0x41)
0  -O                                                                        (1 = 100.0%)
1  ... 

Histogram: Extensions.WebRequestBlockingCount2 recorded 1 samples, mean = 0.0 (flags = 0x41)
0  -O                                                                        (1 = 100.0%)
1  ... 

Histogram: Extensions.WebRequestCount recorded 1 samples, mean = 0.0 (flags = 0x41)
0  -O                                                                        (1 = 100.0%)
1  ... 

Histogram: Extensions.WebRequestCount2 recorded 1 samples, mean = 0.0 (flags = 0x41)
0  -O                                                                        (1 = 100.0%)
1  ... 

Histogram: FetchKeepAlive.Renderer.Total.ReceivedResponse recorded 1 samples, mean = 1.0 (flags = 0x41)
0  O                                                                         (0 = 0.0%)
1  -O                                                                        (1 = 100.0%) {0.0%}
2  O                                                                         (0 = 0.0%) {100.0%}

Histogram: FetchKeepAlive.Renderer.Total.Started recorded 1 samples, mean = 1.0 (flags = 0x41)
0  O                                                                         (0 = 0.0%)
1  -O                                                                        (1 = 100.0%) {0.0%}
2  O                                                                         (0 = 0.0%) {100.0%}

Histogram: FetchKeepAlive.Requests2.Network recorded 2 samples, mean = 0.5 (flags = 0x41)
0  -O                                                                        (1 = 50.0%)
1  -O                                                                        (1 = 50.0%) {50.0%}
2  O                                                                         (0 = 0.0%) {100.0%}

Histogram: FetchKeepAlive.Requests2.SentToService.Renderer recorded 1 samples, mean = 2.0 (flags = 0x41)
0  ... 
2  -O                                                                        (1 = 100.0%) {0.0%}
3  ... 

Histogram: FetchKeepAlive.Requests2.Started.IsContextDetached.Renderer recorded 1 samples, mean = 0.0 (flags = 0x41)
0  -O                                                                        (1 = 100.0%)
1  ... 

Histogram: FetchKeepAlive.Requests2.Started.Renderer recorded 1 samples, mean = 1.0 (flags = 0x41)
0  O                                                                         (0 = 0.0%)
1  -O                                                                        (1 = 100.0%) {0.0%}
2  ... 

Histogram: FetchKeepAlive.Requests2.Succeeded.IsContextDetached.Renderer recorded 1 samples, mean = 0.0 (flags = 0x41)
0  -O                                                                        (1 = 100.0%)
1  ... 

Histogram: FetchKeepAlive.Requests2.Succeeded.Renderer recorded 1 samples, mean = 1.0 (flags = 0x41)
0  O                                                                         (0 = 0.0%)
1  -O                                                                        (1 = 100.0%) {0.0%}
2  ... 

Histogram: FetchKeepAlive.Requests2.Total.Renderer recorded 1 samples, mean = 1.0 (flags = 0x41)
0  O                                                                         (0 = 0.0%)
1  -O                                                                        (1 = 100.0%) {0.0%}
2  ... 

Histogram: FirstPartySets.Database.InitStatus recorded 1 samples, mean = 1.0 (flags = 0x41)
0  O                                                                         (0 = 0.0%)
1  -O                                                                        (1 = 100.0%) {0.0%}
2  ... 

Histogram: FirstPartySets.Database.TransactionFailed recorded 7 samples, mean = 0.0 (flags = 0x41)
0  -------O                                                                  (7 = 100.0%)
1  ... 

Histogram: FirstPartySets.Initialization.ClearSiteDataOutcome recorded 1 samples, mean = 1.0 (flags = 0x41)
0  O                                                                         (0 = 0.0%)
1  -O                                                                        (1 = 100.0%) {0.0%}
2  O                                                                         (0 = 0.0%) {100.0%}

Histogram: FirstPartySets.Initialization.SitesToClear.Count recorded 1 samples, mean = 0.0 (flags = 0x41)
0  -O                                                                        (1 = 100.0%)
1  ... 

Histogram: GPU.ANGLE.D3DShaderBlobSizeKB recorded 4 samples, mean = 0.5 (flags = 0x41)
0  ----O                                                                     (4 = 100.0%)
1000... 

Histogram: GPU.ANGLE.D3DShaderCompilationTimeUs recorded 4 samples, mean = 2233.5 (flags = 0x41)
0     ... 
1347  -O                                                                        (1 = 25.0%) {0.0%}
1774  -O                                                                        (1 = 25.0%) {25.0%}
2336  --O                                                                       (2 = 50.0%) {50.0%}
3077  ... 

Histogram: GPU.BlocklistFeatureTestResults.Accelerated2dCanvas recorded 1 samples, mean = 0.0 (flags = 0x41)
0  -O                                                                        (1 = 100.0%)
1  ... 

Histogram: GPU.BlocklistFeatureTestResults.GpuCompositing recorded 1 samples, mean = 0.0 (flags = 0x41)
0  -O                                                                        (1 = 100.0%)
1  ... 

Histogram: GPU.BlocklistFeatureTestResults.GpuRasterization recorded 1 samples, mean = 0.0 (flags = 0x41)
0  -O                                                                        (1 = 100.0%)
1  ... 

Histogram: GPU.BlocklistFeatureTestResults.Webgl recorded 1 samples, mean = 0.0 (flags = 0x41)
0  -O                                                                        (1 = 100.0%)
1  ... 

Histogram: GPU.BlocklistFeatureTestResults.Webgl2 recorded 1 samples, mean = 0.0 (flags = 0x41)
0  -O                                                                        (1 = 100.0%)
1  ... 

Histogram: GPU.BlocklistFeatureTestResults.Webgpu recorded 1 samples, mean = 2.0 (flags = 0x41)
0  ... 
2  -O                                                                        (1 = 100.0%) {0.0%}
3  ... 

Histogram: GPU.BlocklistTestResultsPerEntry recorded 1 samples, mean = 0.0 (flags = 0x41)
0  -O                                                                        (1 = 100.0%)
1  ... 

Histogram: GPU.CanvasOopRaster.OopRasterAndGpuAcceleration recorded 1 samples, mean = 0.0 (flags = 0x41)
0  -O                                                                        (1 = 100.0%)
1  ... 

Histogram: GPU.CompositingMode recorded 77 samples, mean = 1.0 (flags = 0x41)
0  O                                                                         (0 = 0.0%)
1  ------------------------------------------------------------------------O (77 = 100.0%) {0.0%}
2  ... 

Histogram: GPU.D3D12FeatureLevel recorded 1 samples, mean = 2.0 (flags = 0x41)
0  ... 
2  -O                                                                        (1 = 100.0%) {0.0%}
3  ... 

Histogram: GPU.D3D12HighestShaderModel2 recorded 1 samples, mean = 9.0 (flags = 0x41)
0  ... 
9  -O                                                                        (1 = 100.0%) {0.0%}
10 O                                                                         (0 = 0.0%) {100.0%}

Histogram: GPU.DriverBugTestResultsPerEntry recorded 8 samples (flags = 0x41)
0    -O                                                                        (1 = 12.5%)
17   -O                                                                        (1 = 12.5%)
165  -O                                                                        (1 = 12.5%)
206  -O                                                                        (1 = 12.5%)
256  -O                                                                        (1 = 12.5%)
315  -O                                                                        (1 = 12.5%)
426  -O                                                                        (1 = 12.5%)
430  -O                                                                        (1 = 12.5%)

Histogram: GPU.EstablishGpuChannelSyncTime recorded 2 samples, mean = 298.0 (flags = 0x41)
0    ... 
268  -O                                                                        (1 = 50.0%) {0.0%}
318  -O                                                                        (1 = 50.0%) {50.0%}
378  ... 

Histogram: GPU.EstablishGpuChannelSyncTime.FirstRun recorded 2 samples, mean = 297.5 (flags = 0x41)
0    ... 
268  -O                                                                        (1 = 50.0%) {0.0%}
318  -O                                                                        (1 = 50.0%) {50.0%}
378  ... 

Histogram: GPU.GPUProcessLaunchTime recorded 2 samples, mean = 2861.5 (flags = 0x41)
0     ... 
318   -O                                                                        (1 = 50.0%) {0.0%}
378   ... 
5017  -O                                                                        (1 = 50.0%) {50.0%}
5961  ... 

Histogram: GPU.GPUProcessTerminationStatus2 recorded 1 samples, mean = 4.0 (flags = 0x41)
0  ... 
4  -O                                                                        (1 = 100.0%) {0.0%}
5  ... 

Histogram: GPU.HardwareAccelerationModeEnabled recorded 1 samples, mean = 1.0 (flags = 0x41)
0  O                                                                         (0 = 0.0%)
1  -O                                                                        (1 = 100.0%) {0.0%}
2  O                                                                         (0 = 0.0%) {100.0%}

Histogram: GPU.ProcessLifetimeEvents.HardwareAccelerated recorded 1 samples, mean = 0.0 (flags = 0x41)
0  -O                                                                        (1 = 100.0%)
1  ... 

Histogram: GPU.RasterDecoder.TimeToFlush recorded 1 samples, mean = 328.0 (flags = 0x41)
0    ... 
320  -O                                                                        (1 = 100.0%) {0.0%}
364  ... 

Histogram: GPU.SharedImage.BackingType recorded 4 samples, mean = 7.0 (flags = 0x41)
0   ... 
2   --O                                                                       (2 = 50.0%) {0.0%}
3   ... 
12  --O                                                                       (2 = 50.0%) {50.0%}
13  ... 

Histogram: GPU.SharedImage.ContentConsumed recorded 10 samples, mean = 0.4 (flags = 0x41)
0  ------O                                                                   (6 = 60.0%)
1  ----O                                                                     (4 = 40.0%) {60.0%}
2  O                                                                         (0 = 0.0%) {100.0%}

Histogram: GPU.SkiaBackendType recorded 1 samples, mean = 2.0 (flags = 0x41)
0  ... 
2  -O                                                                        (1 = 100.0%) {0.0%}
3  ... 

Histogram: GPU.SupportsDX12 recorded 1 samples, mean = 1.0 (flags = 0x41)
0  O                                                                         (0 = 0.0%)
1  -O                                                                        (1 = 100.0%) {0.0%}
2  O                                                                         (0 = 0.0%) {100.0%}

Histogram: GPU.WatchdogThread.Event recorded 1 samples, mean = 0.0 (flags = 0x41)
0  -O                                                                        (1 = 100.0%)
1  ... 

Histogram: GPU.WatchdogThread.Event.main recorded 1 samples, mean = 0.0 (flags = 0x41)
0  -O                                                                        (1 = 100.0%)
1  ... 

Histogram: GPU.WatchdogThread.Timeout recorded 1160 samples, mean = 0.0 (flags = 0x41)
0  ------------------------------------------------------------------------O (1160 = 100.0%)
1  ... 

Histogram: GPU.WatchdogThread.Timeout.Normal recorded 1160 samples, mean = 0.0 (flags = 0x41)
0  ------------------------------------------------------------------------O (1160 = 100.0%)
1  ... 

Histogram: GPU.WatchdogThread.Timeout.Normal.main recorded 1160 samples, mean = 0.0 (flags = 0x41)
0  ------------------------------------------------------------------------O (1160 = 100.0%)
1  ... 

Histogram: GPU.WatchdogThread.Timeout.main recorded 1160 samples, mean = 0.0 (flags = 0x41)
0  ------------------------------------------------------------------------O (1160 = 100.0%)
1  ... 

Histogram: Gaia.AuthFetcher.ListAccounts.NetErrorCodes recorded 1 samples (flags = 0x41)
0  -O                                                                        (1 = 100.0%)

Histogram: Gpu.FenceHandle.CloneCountsPerSubmit recorded 5 samples, mean = 0.0 (flags = 0x41)
0  -----O                                                                    (5 = 100.0%)
1  ... 

Histogram: Gpu.GrCompileShaderUs recorded 4 samples, mean = 323.8 (flags = 0x41)
0    ... 
149  -O                                                                        (1 = 25.0%) {0.0%}
196  O                                                                         (0 = 0.0%) {25.0%}
258  --O                                                                       (2 = 50.0%) {25.0%}
340  O                                                                         (0 = 0.0%) {75.0%}
448  -O                                                                        (1 = 25.0%) {75.0%}
590  ... 

Histogram: Gpu.GrLinkProgramUs recorded 2 samples, mean = 2872.0 (flags = 0x41)
0     ... 
2336  -O                                                                        (1 = 50.0%) {0.0%}
3077  -O                                                                        (1 = 50.0%) {50.0%}
4053  ... 

Histogram: Gpu.PassthroughProgramCacheLoadHitInCache recorded 2 samples, mean = 0.0 (flags = 0x41)
0  --O                                                                       (2 = 100.0%)
1  ... 

Histogram: Gpu.Rasterization.Raster.MSAASampleCountLog2 recorded 1 samples, mean = 0.0 (flags = 0x41)
0  -O                                                                        (1 = 100.0%)
1  ... 

Histogram: HangWatcher.IsThreadHung.BrowserProcess.IOThread.Normal recorded 2323 samples, mean = 0.0 (flags = 0x41)
0  ------------------------------------------------------------------------O (2323 = 100.0%)
1  ... 

Histogram: HangWatcher.IsThreadHung.BrowserProcess.UIThread.Normal recorded 2323 samples, mean = 0.0 (flags = 0x41)
0  ------------------------------------------------------------------------O (2323 = 100.0%)
1  ... 

Histogram: HangWatcher.IsThreadHung.RendererProcess.IOThread recorded 2320 samples, mean = 0.0 (flags = 0x41)
0  ------------------------------------------------------------------------O (2320 = 100.0%)
1  ... 

Histogram: HangWatcher.IsThreadHung.RendererProcess.IOThread.BestEffort recorded 2318 samples, mean = 0.0 (flags = 0x41)
0  ------------------------------------------------------------------------O (2318 = 100.0%)
1  ... 

Histogram: HangWatcher.IsThreadHung.RendererProcess.MainThread recorded 2320 samples, mean = 0.0 (flags = 0x41)
0  ------------------------------------------------------------------------O (2320 = 100.0%)
1  ... 

Histogram: HangWatcher.IsThreadHung.RendererProcess.MainThread.BestEffort recorded 2318 samples, mean = 0.0 (flags = 0x41)
0  ------------------------------------------------------------------------O (2318 = 100.0%)
1  ... 

Histogram: HangWatcher.IsThreadHung.UtilityProcess.IOThread recorded 4642 samples, mean = 0.0 (flags = 0x41)
0  ------------------------------------------------------------------------O (4642 = 100.0%)
1  ... 

Histogram: HangWatcher.IsThreadHung.UtilityProcess.MainThread recorded 4642 samples, mean = 0.0 (flags = 0x41)
0  ------------------------------------------------------------------------O (4642 = 100.0%)
1  ... 

Histogram: HangWatcher.SleepDrift.BrowserProcess recorded 11606 samples, mean = 6.4 (flags = 0x41)
0    ------------------------------------------------------------------------O (2361 = 20.3%)
1    -------------------------O                                                (817 = 7.0%) {20.3%}
2    ------------------O                                                       (591 = 5.1%) {27.4%}
3    ------------------O                                                       (596 = 5.1%) {32.5%}
4    -------------------O                                                      (629 = 5.4%) {37.6%}
5    ------------------O                                                       (577 = 5.0%) {43.0%}
6    ------------------O                                                       (577 = 5.0%) {48.0%}
7    ------------------O                                                       (592 = 5.1%) {53.0%}
8    ------------------------------------O                                     (1177 = 10.1%) {58.1%}
10   ---------------------------------------O                                  (1272 = 11.0%) {68.2%}
12   -------------------------------------O                                    (1207 = 10.4%) {79.2%}
14   ----------------------------------O                                       (1119 = 9.6%) {89.6%}
17   --O                                                                       (51 = 0.4%) {99.2%}
20   -O                                                                        (28 = 0.2%) {99.7%}
24   O                                                                         (7 = 0.1%) {99.9%}
29   ... 
40   O                                                                         (1 = 0.0%) {100.0%}
48   ... 
81   O                                                                         (1 = 0.0%) {100.0%}
96   ... 
160  O                                                                         (1 = 0.0%) {100.0%}
190  O                                                                         (1 = 0.0%) {100.0%}
226  ... 
752  O                                                                         (1 = 0.0%) {100.0%}
894  ... 

Histogram: Hardware.Display.Count.OnStartup recorded 1 samples, mean = 2.0 (flags = 0x41)
0  ... 
2  -O                                                                        (1 = 100.0%) {0.0%}
3  ... 

Histogram: Hardware.Display.SupportsHDR recorded 2 samples, mean = 0.0 (flags = 0x41)
0  --O                                                                       (2 = 100.0%)
1  ... 

Histogram: HeapProfiling.InProcess.Enabled recorded 1 samples, mean = 0.0 (flags = 0x41)
0  -O                                                                        (1 = 100.0%)
1  ... 

Histogram: HeapProfiling.InProcess.Enabled.Browser recorded 1 samples, mean = 0.0 (flags = 0x41)
0  -O                                                                        (1 = 100.0%)
1  ... 

Histogram: Histogram.TooManyBuckets.1000 recorded 4 samples (flags = 0x41)
-2140283801 --O                                                                       (2 = 50.0%)
1721222685  --O                                                                       (2 = 50.0%)

Histogram: History.Backend.TransactionCommitSuccess recorded 2 samples, mean = 1.0 (flags = 0x41)
0  O                                                                         (0 = 0.0%)
1  --O                                                                       (2 = 100.0%) {0.0%}
2  O                                                                         (0 = 0.0%) {100.0%}

Histogram: History.ClearBrowsingData.TaskQueueAtShutdown recorded 1 samples, mean = 0.0 (flags = 0x41)
0  -O                                                                        (1 = 100.0%)
1  ... 

Histogram: History.Clusters.ContextClusterer.VisitProcessingLatency.CleanUpTimer recorded 38 samples, mean = 0.0 (flags = 0x41)
0  --------------------------------------O                                   (38 = 100.0%)
1  ... 

Histogram: History.Clusters.ContextClusterer.VisitProcessingLatency.UrlVisited recorded 4 samples, mean = 0.0 (flags = 0x41)
0  ----O                                                                     (4 = 100.0%)
1  ... 

Histogram: History.Clusters.JourneysEligibleAndEnabledAtSessionStart recorded 1 samples, mean = 1.0 (flags = 0x41)
0  O                                                                         (0 = 0.0%)
1  -O                                                                        (1 = 100.0%) {0.0%}
2  O                                                                         (0 = 0.0%) {100.0%}

Histogram: History.Clusters.KeywordCache.LoadCachesFromPrefs.Latency recorded 1 samples, mean = 0.0 (flags = 0x41)
0  -O                                                                        (1 = 100.0%)
1  ... 

Histogram: History.InMemoryDBItemCount recorded 1 samples, mean = 2.0 (flags = 0x41)
0  ... 
2  -O                                                                        (1 = 100.0%) {0.0%}
3  ... 

Histogram: History.TopSites.QueryFromHistoryTime recorded 1 samples, mean = 326.0 (flags = 0x41)
0    ... 
318  -O                                                                        (1 = 100.0%) {0.0%}
378  ... 

Histogram: History.VisitedLinks.HashTableLengthOnReaderInit recorded 3 samples, mean = 16381.0 (flags = 0x41)
0      ... 
14319  ---O                                                                      (3 = 100.0%) {0.0%}
19866  ... 

Histogram: History.VisitedLinks.HashTableSizeOnTableCreate recorded 2 samples, mean = 0.0 (flags = 0x41)
0  --O                                                                       (2 = 100.0%)
1  ... 

Histogram: History.VisitedLinks.HashTableUsageOnLinkAdded recorded 4 samples, mean = 3.8 (flags = 0x41)
0  -O                                                                        (1 = 25.0%)
1  ... 
4  ---O                                                                      (3 = 75.0%) {25.0%}
6  ... 

Histogram: History.VisitedLinks.TryToAddFingerprint recorded 5 samples, mean = 0.8 (flags = 0x41)
0  -O                                                                        (1 = 20.0%)
1  ----O                                                                     (4 = 80.0%) {20.0%}
2  ... 

Histogram: History.VisitedLinks.VisitLoggedFromMainFrame recorded 3 samples, mean = 1.0 (flags = 0x41)
0  O                                                                         (0 = 0.0%)
1  ---O                                                                      (3 = 100.0%) {0.0%}
2  O                                                                         (0 = 0.0%) {100.0%}

Histogram: History.VisitedLinks.VisitLoggedFromTransition recorded 3 samples, mean = 1.7 (flags = 0x41)
0  O                                                                         (0 = 0.0%)
1  -O                                                                        (1 = 33.3%) {0.0%}
2  --O                                                                       (2 = 66.7%) {33.3%}
3  ... 

Histogram: HttpCache.AccessToDone2 recorded 49 samples, mean = 81.2 (flags = 0x41)
0    O                                                                         (0 = 0.0%)
1    ---O                                                                      (3 = 6.1%) {0.0%}
2    -------O                                                                  (7 = 14.3%) {6.1%}
3    --O                                                                       (2 = 4.1%) {20.4%}
4    -O                                                                        (1 = 2.0%) {24.5%}
5    ----O                                                                     (4 = 8.2%) {26.5%}
6    ... 
8    --O                                                                       (2 = 4.1%) {34.7%}
9    ---O                                                                      (3 = 6.1%) {38.8%}
10   ---O                                                                      (3 = 6.1%) {44.9%}
11   -O                                                                        (1 = 2.0%) {51.0%}
12   ----O                                                                     (4 = 8.2%) {53.1%}
13   O                                                                         (0 = 0.0%) {61.2%}
14   -O                                                                        (1 = 2.0%) {61.2%}
15   O                                                                         (0 = 0.0%) {63.3%}
16   ---O                                                                      (3 = 6.1%) {63.3%}
18   O                                                                         (0 = 0.0%) {69.4%}
20   -O                                                                        (1 = 2.0%) {69.4%}
22   O                                                                         (0 = 0.0%) {71.4%}
24   -O                                                                        (1 = 2.0%) {71.4%}
26   -O                                                                        (1 = 2.0%) {73.5%}
28   --O                                                                       (2 = 4.1%) {75.5%}
31   ... 
49   -O                                                                        (1 = 2.0%) {79.6%}
54   ... 
85   -O                                                                        (1 = 2.0%) {81.6%}
93   ... 
123  -O                                                                        (1 = 2.0%) {83.7%}
135  -O                                                                        (1 = 2.0%) {85.7%}
148  ... 
194  -O                                                                        (1 = 2.0%) {87.8%}
212  -O                                                                        (1 = 2.0%) {89.8%}
232  ... 
364  -O                                                                        (1 = 2.0%) {91.8%}
398  ... 
684  --O                                                                       (2 = 4.1%) {93.9%}
748  ... 
979  -O                                                                        (1 = 2.0%) {98.0%}
1071 ... 

Histogram: HttpCache.AccessToDone2.SentRequest recorded 11 samples, mean = 321.3 (flags = 0x41)
0    ... 
24   -O                                                                        (1 = 9.1%) {0.0%}
26   O                                                                         (0 = 0.0%) {9.1%}
28   -O                                                                        (1 = 9.1%) {9.1%}
31   ... 
49   -O                                                                        (1 = 9.1%) {18.2%}
54   ... 
85   -O                                                                        (1 = 9.1%) {27.3%}
93   ... 
135  -O                                                                        (1 = 9.1%) {36.4%}
148  ... 
194  -O                                                                        (1 = 9.1%) {45.5%}
212  -O                                                                        (1 = 9.1%) {54.5%}
232  ... 
364  -O                                                                        (1 = 9.1%) {63.6%}
398  ... 
684  --O                                                                       (2 = 18.2%) {72.7%}
748  ... 
979  -O                                                                        (1 = 9.1%) {90.9%}
1071 ... 

Histogram: HttpCache.AccessToDone2.Used recorded 38 samples, mean = 11.7 (flags = 0x41)
0    O                                                                         (0 = 0.0%)
1    ---O                                                                      (3 = 7.9%) {0.0%}
2    -------O                                                                  (7 = 18.4%) {7.9%}
3    --O                                                                       (2 = 5.3%) {26.3%}
4    -O                                                                        (1 = 2.6%) {31.6%}
5    ----O                                                                     (4 = 10.5%) {34.2%}
6    ... 
8    --O                                                                       (2 = 5.3%) {44.7%}
9    ---O                                                                      (3 = 7.9%) {50.0%}
10   ---O                                                                      (3 = 7.9%) {57.9%}
11   -O                                                                        (1 = 2.6%) {65.8%}
12   ----O                                                                     (4 = 10.5%) {68.4%}
13   O                                                                         (0 = 0.0%) {78.9%}
14   -O                                                                        (1 = 2.6%) {78.9%}
15   ... 
17   ---O                                                                      (3 = 7.9%) {81.6%}
18   ... 
20   -O                                                                        (1 = 2.6%) {89.5%}
21   ... 
27   --O                                                                       (2 = 5.3%) {92.1%}
29   ... 
125  -O                                                                        (1 = 2.6%) {97.4%}
133  ... 

Histogram: HttpCache.AddTransactionToEntry recorded 49 samples, mean = 0.0 (flags = 0x41)
0  -------------------------------------------------O                        (49 = 100.0%)
1  ... 

Histogram: HttpCache.BeforeSend recorded 11 samples, mean = 26.8 (flags = 0x41)
0    -------O                                                                  (7 = 63.6%)
1    --O                                                                       (2 = 18.2%) {63.6%}
2    ... 
135  --O                                                                       (2 = 18.2%) {81.8%}
160  ... 

Histogram: HttpCache.BeforeSend.CantConditionalize recorded 3 samples, mean = 49.0 (flags = 0x41)
0    -O                                                                        (1 = 33.3%)
1    -O                                                                        (1 = 33.3%) {33.3%}
2    ... 
135  -O                                                                        (1 = 33.3%) {66.7%}
160  ... 

Histogram: HttpCache.BeforeSend.NotCached recorded 5 samples, mean = 0.2 (flags = 0x41)
0  ----O                                                                     (4 = 80.0%)
1  -O                                                                        (1 = 20.0%) {80.0%}
2  ... 

Histogram: HttpCache.BeforeSend.Updated recorded 1 samples, mean = 0.0 (flags = 0x41)
0  -O                                                                        (1 = 100.0%)
1  ... 

Histogram: HttpCache.BeforeSend.Validated recorded 2 samples, mean = 73.5 (flags = 0x41)
0    -O                                                                        (1 = 50.0%)
1    ... 
135  -O                                                                        (1 = 50.0%) {50.0%}
160  ... 

Histogram: HttpCache.CreateDiskEntry recorded 5 samples, mean = 0.2 (flags = 0x41)
0  ----O                                                                     (4 = 80.0%)
1  -O                                                                        (1 = 20.0%) {80.0%}
2  ... 

Histogram: HttpCache.HardReset recorded 1 samples, mean = 0.0 (flags = 0x40)
0  -O                                                                        (1 = 100.0%)
1  ... 

Histogram: HttpCache.IsNoStore recorded 49 samples, mean = 0.1 (flags = 0x41)
0  --------------------------------------------O                             (44 = 89.8%)
1  -----O                                                                    (5 = 10.2%) {89.8%}
2  O                                                                         (0 = 0.0%) {100.0%}

Histogram: HttpCache.IsNoStore.MainFrameHTML recorded 1 samples, mean = 1.0 (flags = 0x41)
0  O                                                                         (0 = 0.0%)
1  -O                                                                        (1 = 100.0%) {0.0%}
2  O                                                                         (0 = 0.0%) {100.0%}

Histogram: HttpCache.MaxFileSizeOnInit recorded 1 samples, mean = 40960.0 (flags = 0x41)
0      ... 
37526  -O                                                                        (1 = 100.0%) {0.0%}
42713  ... 

Histogram: HttpCache.OpenDiskEntry recorded 44 samples, mean = 0.0 (flags = 0x41)
0  -------------------------------------------O                              (43 = 97.7%)
1  -O                                                                        (1 = 2.3%) {97.7%}
2  ... 

Histogram: HttpCache.Pattern recorded 49 samples, mean = 3.2 (flags = 0x41)
0  ... 
2  -----O                                                                    (5 = 10.2%) {0.0%}
3  --------------------------------------O                                   (38 = 77.6%) {10.2%}
4  --O                                                                       (2 = 4.1%) {87.8%}
5  -O                                                                        (1 = 2.0%) {91.8%}
6  ---O                                                                      (3 = 6.1%) {93.9%}
7  O                                                                         (0 = 0.0%) {100.0%}

Histogram: HttpCache.Pattern.CSS recorded 7 samples, mean = 3.1 (flags = 0x41)
0  ... 
3  ------O                                                                   (6 = 85.7%) {0.0%}
4  -O                                                                        (1 = 14.3%) {85.7%}
5  ... 

Histogram: HttpCache.Pattern.CSSThirdParty recorded 7 samples, mean = 3.1 (flags = 0x41)
0  ... 
3  ------O                                                                   (6 = 85.7%) {0.0%}
4  -O                                                                        (1 = 14.3%) {85.7%}
5  ... 

Histogram: HttpCache.Pattern.Font recorded 5 samples, mean = 3.0 (flags = 0x41)
0  ... 
3  -----O                                                                    (5 = 100.0%) {0.0%}
4  ... 

Histogram: HttpCache.Pattern.FontThirdParty recorded 5 samples, mean = 3.0 (flags = 0x41)
0  ... 
3  -----O                                                                    (5 = 100.0%) {0.0%}
4  ... 

Histogram: HttpCache.Pattern.Image recorded 1 samples, mean = 2.0 (flags = 0x41)
0  ... 
2  -O                                                                        (1 = 100.0%) {0.0%}
3  ... 

Histogram: HttpCache.Pattern.JavaScript recorded 27 samples, mean = 3.1 (flags = 0x41)
0  ... 
3  --------------------------O                                               (26 = 96.3%) {0.0%}
4  O                                                                         (0 = 0.0%) {96.3%}
5  -O                                                                        (1 = 3.7%) {96.3%}
6  ... 

Histogram: HttpCache.Pattern.JavaScriptThirdParty recorded 26 samples, mean = 3.1 (flags = 0x41)
0  ... 
3  -------------------------O                                                (25 = 96.2%) {0.0%}
4  O                                                                         (0 = 0.0%) {96.2%}
5  -O                                                                        (1 = 3.8%) {96.2%}
6  ... 

Histogram: HttpCache.Pattern.MainFrameHTML recorded 1 samples, mean = 2.0 (flags = 0x41)
0  ... 
2  -O                                                                        (1 = 100.0%) {0.0%}
3  ... 

Histogram: HttpCache.Pattern.NonTinyImage recorded 1 samples, mean = 2.0 (flags = 0x41)
0  ... 
2  -O                                                                        (1 = 100.0%) {0.0%}
3  ... 

Histogram: HttpCache.TotalDiskCacheTimePerTransaction.Read recorded 6 samples, mean = 49.0 (flags = 0x41)
0    ---O                                                                      (3 = 50.0%)
1    -O                                                                        (1 = 16.7%) {50.0%}
2    ... 
135  --O                                                                       (2 = 33.3%) {66.7%}
160  ... 

Histogram: HttpCache.TotalDiskCacheTimePerTransaction.Write recorded 6 samples, mean = 0.2 (flags = 0x41)
0  -----O                                                                    (5 = 83.3%)
1  -O                                                                        (1 = 16.7%) {83.3%}
2  ... 

Histogram: ImageDecoder.Png.UiGfxIntoSkBitmap recorded 1 samples, mean = 72.0 (flags = 0x41)
0   ... 
65  -O                                                                        (1 = 100.0%) {0.0%}
86  ... 

Histogram: ImportantFile.FileReplaceRetryCount recorded 152 samples, mean = 0.0 (flags = 0x41)
0  ------------------------------------------------------------------------O (152 = 100.0%)
1  ... 

Histogram: ImportantFile.SerializationDuration recorded 141 samples, mean = 0.0 (flags = 0x41)
0  ------------------------------------------------------------------------O (141 = 100.0%)
1  ... 

Histogram: ImportantFile.SerializationDuration.Local_State recorded 4 samples, mean = 0.0 (flags = 0x41)
0  ----O                                                                     (4 = 100.0%)
1  ... 

Histogram: ImportantFile.SerializationDuration.Preferences recorded 3 samples, mean = 0.0 (flags = 0x41)
0  ---O                                                                      (3 = 100.0%)
1  ... 

Histogram: ImportantFile.SerializationDuration.TransportSecurityPersister recorded 1 samples, mean = 0.0 (flags = 0x41)
0  -O                                                                        (1 = 100.0%)
1  ... 

Histogram: ImportantFile.WriteDuration recorded 141 samples, mean = 76.1 (flags = 0x41)
0     ... 
14    ----------------------------------------------------------------O         (64 = 45.4%) {0.0%}
17    ----------------------------------------O                                 (40 = 28.4%) {45.4%}
20    -----------O                                                              (11 = 7.8%) {73.8%}
24    ---O                                                                      (3 = 2.1%) {81.6%}
29    ----O                                                                     (4 = 2.8%) {83.7%}
34    -----O                                                                    (5 = 3.5%) {86.5%}
40    ----O                                                                     (4 = 2.8%) {90.1%}
48    ... 
68    --O                                                                       (2 = 1.4%) {92.9%}
81    ... 
226   -O                                                                        (1 = 0.7%) {94.3%}
268   -O                                                                        (1 = 0.7%) {95.0%}
318   O                                                                         (0 = 0.0%) {95.7%}
378   -O                                                                        (1 = 0.7%) {95.7%}
449   O                                                                         (0 = 0.0%) {96.5%}
533   -O                                                                        (1 = 0.7%) {96.5%}
633   ... 
894   --O                                                                       (2 = 1.4%) {97.2%}
1062  -O                                                                        (1 = 0.7%) {98.6%}
1262  ... 
2990  -O                                                                        (1 = 0.7%) {99.3%}
3553  ... 

Histogram: ImportantFile.WriteDuration.Local_State recorded 4 samples, mean = 93.8 (flags = 0x41)
0    ... 
12   -O                                                                        (1 = 25.0%) {0.0%}
14   -O                                                                        (1 = 25.0%) {25.0%}
17   ... 
24   -O                                                                        (1 = 25.0%) {50.0%}
29   ... 
318  -O                                                                        (1 = 25.0%) {75.0%}
378  ... 

Histogram: ImportantFile.WriteDuration.Preferences recorded 3 samples, mean = 122.7 (flags = 0x41)
0    ... 
14   -O                                                                        (1 = 33.3%) {0.0%}
17   ... 
29   -O                                                                        (1 = 33.3%) {33.3%}
34   ... 
318  -O                                                                        (1 = 33.3%) {66.7%}
378  ... 

Histogram: ImportantFile.WriteDuration.SCTAuditing recorded 2 samples, mean = 23.5 (flags = 0x41)
0   ... 
12  -O                                                                        (1 = 50.0%) {0.0%}
14  ... 
34  -O                                                                        (1 = 50.0%) {50.0%}
40  ... 

Histogram: ImportantFile.WriteDuration.TransportSecurityPersister recorded 1 samples, mean = 134.0 (flags = 0x41)
0    ... 
114  -O                                                                        (1 = 100.0%) {0.0%}
135  ... 

Histogram: ImportantFile.WriteDuration.TrustedVault recorded 1 samples, mean = 16.0 (flags = 0x41)
0   ... 
14  -O                                                                        (1 = 100.0%) {0.0%}
17  ... 

Histogram: InProductHelp.Config.ParsingEvent recorded 68 samples, mean = 6.4 (flags = 0x41)
0   -----------------------------O                                            (29 = 42.6%)
1   O                                                                         (0 = 0.0%) {42.6%}
2   ---------O                                                                (9 = 13.2%) {42.6%}
3   ... 
14  ------------------------------O                                           (30 = 44.1%) {55.9%}
15  ... 

Histogram: InProductHelp.Db.Init.AvailabilityStore recorded 1 samples, mean = 1.0 (flags = 0x41)
0  O                                                                         (0 = 0.0%)
1  -O                                                                        (1 = 100.0%) {0.0%}
2  O                                                                         (0 = 0.0%) {100.0%}

Histogram: InProductHelp.Db.Init.EventStore recorded 1 samples, mean = 1.0 (flags = 0x41)
0  O                                                                         (0 = 0.0%)
1  -O                                                                        (1 = 100.0%) {0.0%}
2  O                                                                         (0 = 0.0%) {100.0%}

Histogram: InProductHelp.Db.Load.AvailabilityStore recorded 1 samples, mean = 1.0 (flags = 0x41)
0  O                                                                         (0 = 0.0%)
1  -O                                                                        (1 = 100.0%) {0.0%}
2  O                                                                         (0 = 0.0%) {100.0%}

Histogram: InProductHelp.Db.Load.EventStore recorded 1 samples, mean = 1.0 (flags = 0x41)
0  O                                                                         (0 = 0.0%)
1  -O                                                                        (1 = 100.0%) {0.0%}
2  O                                                                         (0 = 0.0%) {100.0%}

Histogram: InProductHelp.Db.TotalEvents recorded 1 samples, mean = 0.0 (flags = 0x41)
0  -O                                                                        (1 = 100.0%)
1  ... 

Histogram: InProductHelp.Db.Update.AvailabilityStore recorded 1 samples, mean = 1.0 (flags = 0x41)
0  O                                                                         (0 = 0.0%)
1  -O                                                                        (1 = 100.0%) {0.0%}
2  O                                                                         (0 = 0.0%) {100.0%}

Histogram: IndexedDB.ContextShutdownDuration recorded 1 samples, mean = 1.0 (flags = 0x41)
0  O                                                                         (0 = 0.0%)
1  -O                                                                        (1 = 100.0%) {0.0%}
2  ... 

Histogram: Input.Digitizer.MaxTouchPointsSupportedBySystemAtStartup recorded 1 samples, mean = 0.0 (flags = 0x41)
0  -O                                                                        (1 = 100.0%)
1  ... 

Histogram: Input.PointerTypePrimary recorded 1 samples, mean = 2.0 (flags = 0x41)
0  ... 
2  -O                                                                        (1 = 100.0%) {0.0%}
3  O                                                                         (0 = 0.0%) {100.0%}

Histogram: Input.PointerTypesAll recorded 1 samples, mean = 2.0 (flags = 0x41)
0  ... 
2  -O                                                                        (1 = 100.0%) {0.0%}
3  ... 

Histogram: LanguageDetection.TFLiteModel.WasModelRequestDeferred recorded 2 samples, mean = 1.0 (flags = 0x41)
0  O                                                                         (0 = 0.0%)
1  --O                                                                       (2 = 100.0%) {0.0%}
2  O                                                                         (0 = 0.0%) {100.0%}

Histogram: LanguageUsage.AcceptLanguage recorded 1 samples (flags = 0x41)
25966  -O                                                                        (1 = 100.0%)

Histogram: LanguageUsage.AcceptLanguage.Count recorded 1 samples, mean = 1.0 (flags = 0x41)
0  O                                                                         (0 = 0.0%)
1  -O                                                                        (1 = 100.0%) {0.0%}
2  ... 

Histogram: LanguageUsage.AcceptLanguageAndContentLanguageUsage recorded 1 samples, mean = 0.0 (flags = 0x41)
0  -O                                                                        (1 = 100.0%)
1  ... 

Histogram: LanguageUsage.AcceptLanguageAndXmlHtmlLangUsage recorded 1 samples, mean = 7.0 (flags = 0x41)
0  ... 
7  -O                                                                        (1 = 100.0%) {0.0%}
8  O                                                                         (0 = 0.0%) {100.0%}

Histogram: LevelDB.ApproximateMemTableMemoryUse.BudgetManager recorded 0 samples (flags = 0x41)
0 ... 

Histogram: LevelDB.ApproximateMemTableMemoryUse.CartDatabase recorded 0 samples (flags = 0x41)
0 ... 

Histogram: LevelDB.ApproximateMemTableMemoryUse.ClientCertificatesDatabase recorded 0 samples (flags = 0x41)
0 ... 

Histogram: LevelDB.ApproximateMemTableMemoryUse.CommerceParcelTrackingDatabase recorded 0 samples (flags = 0x41)
0 ... 

Histogram: LevelDB.ApproximateMemTableMemoryUse.CommerceSubscriptionDatabase recorded 0 samples (flags = 0x41)
0 ... 

Histogram: LevelDB.ApproximateMemTableMemoryUse.CouponDatabase recorded 0 samples (flags = 0x41)
0 ... 

Histogram: LevelDB.ApproximateMemTableMemoryUse.DiscountsDatabase recorded 0 samples (flags = 0x41)
0 ... 

Histogram: LevelDB.ApproximateMemTableMemoryUse.DownloadDB recorded 0 samples (flags = 0x41)
0 ... 

Histogram: LevelDB.ApproximateMemTableMemoryUse.DownloadService recorded 0 samples (flags = 0x41)
0 ... 

Histogram: LevelDB.ApproximateMemTableMemoryUse.FeatureEngagementTrackerAvailabilityStore recorded 0 samples (flags = 0x41)
0 ... 

Histogram: LevelDB.ApproximateMemTableMemoryUse.FeatureEngagementTrackerEventStore recorded 0 samples (flags = 0x41)
0 ... 

Histogram: LevelDB.ApproximateMemTableMemoryUse.Metadata recorded 1 samples, mean = 4104.0 (flags = 0x41)
0  O                                                                         (0 = 0.0%)
1  -O                                                                        (1 = 100.0%) {0.0%}
270601... 

Histogram: LevelDB.ApproximateMemTableMemoryUse.PersistentOriginTrials recorded 0 samples (flags = 0x41)
0 ... 

Histogram: LevelDB.ApproximateMemTableMemoryUse.PreviewsHintCacheStore recorded 0 samples (flags = 0x41)
0 ... 

Histogram: LevelDB.ApproximateMemTableMemoryUse.SegmentInfoDatabase recorded 0 samples (flags = 0x41)
0 ... 

Histogram: LevelDB.ApproximateMemTableMemoryUse.SharedProtoDB recorded 1 samples, mean = 229824.0 (flags = 0x41)
0  O                                                                         (0 = 0.0%)
1  -O                                                                        (1 = 100.0%) {0.0%}
270601... 

Histogram: LevelDB.ApproximateMemTableMemoryUse.SignalDatabase recorded 0 samples (flags = 0x41)
0 ... 

Histogram: LevelDB.ApproximateMemTableMemoryUse.SignalStorageConfigDatabase recorded 0 samples (flags = 0x41)
0 ... 

Histogram: LevelDB.ApproximateMemTableMemoryUse.StrikeService recorded 0 samples (flags = 0x41)
0 ... 

Histogram: LevelDBEnv.DeleteTableBackupFile recorded 0 samples (flags = 0x41)
0 ... 

Histogram: LevelDBEnv.SyncResult recorded 41 samples, mean = 0.0 (flags = 0x41)
0  -----------------------------------------O                                (41 = 100.0%)
1  ... 

Histogram: LevelDBWrapper.CommitDelay recorded 2 samples, mean = 5000.0 (flags = 0x41)
0     ... 
4516  --O                                                                       (2 = 100.0%) {0.0%}
6118  ... 

Histogram: LoadingPredictor.PreconnectCount recorded 1 samples, mean = 1.0 (flags = 0x41)
0  O                                                                         (0 = 0.0%)
1  -O                                                                        (1 = 100.0%) {0.0%}
2  ... 

Histogram: LoadingPredictor.PreconnectHitsPercentage recorded 1 samples, mean = 100.0 (flags = 0x41)
0    ... 
100  -O                                                                        (1 = 100.0%) {0.0%}
101  O                                                                         (0 = 0.0%) {100.0%}

Histogram: LoadingPredictor.PreconnectLearningCount.Navigation recorded 1 samples, mean = 3.0 (flags = 0x41)
0  ... 
3  -O                                                                        (1 = 100.0%) {0.0%}
4  ... 

Histogram: LoadingPredictor.PreconnectLearningPrecision.Navigation recorded 1 samples, mean = 100.0 (flags = 0x41)
0    ... 
100  -O                                                                        (1 = 100.0%) {0.0%}

Histogram: LoadingPredictor.PreconnectLearningRecall.Navigation recorded 1 samples, mean = 100.0 (flags = 0x41)
0    ... 
100  -O                                                                        (1 = 100.0%) {0.0%}

Histogram: LoadingPredictor.PreconnectLearningRedirectStatus.Navigation recorded 1 samples, mean = 2.0 (flags = 0x41)
0  ... 
2  -O                                                                        (1 = 100.0%) {0.0%}
3  ... 

Histogram: LoadingPredictor.PredictorDatabaseFileSize recorded 1 samples, mean = 44.0 (flags = 0x41)
0   ... 
37  -O                                                                        (1 = 100.0%) {0.0%}
49  ... 

Histogram: LoadingPredictor.PreresolveCount recorded 1 samples, mean = 1.0 (flags = 0x41)
0  O                                                                         (0 = 0.0%)
1  -O                                                                        (1 = 100.0%) {0.0%}
2  ... 

Histogram: LoadingPredictor.PreresolveHitsPercentage recorded 1 samples, mean = 100.0 (flags = 0x41)
0    ... 
100  -O                                                                        (1 = 100.0%) {0.0%}
101  O                                                                         (0 = 0.0%) {100.0%}

Histogram: LocalStorage.MojoSizeInKB recorded 1 samples, mean = 0.0 (flags = 0x41)
0  -O                                                                        (1 = 100.0%)
1  ... 

Histogram: LocalStorage.MojoTimeToPrime recorded 1 samples, mean = 0.0 (flags = 0x41)
0  -O                                                                        (1 = 100.0%)
1  ... 

Histogram: LocalStorage.MojoTimeToPrimeForUnder100KB recorded 1 samples, mean = 0.0 (flags = 0x41)
0  -O                                                                        (1 = 100.0%)
1  ... 

Histogram: LocalStorage.RendererAreaCacheHit recorded 2 samples, mean = 1.0 (flags = 0x41)
0  -O                                                                        (1 = 50.0%)
1  O                                                                         (0 = 0.0%) {50.0%}
2  -O                                                                        (1 = 50.0%) {50.0%}
3  O                                                                         (0 = 0.0%) {100.0%}

Histogram: LocalStorageContext.ShutDown.MaybeDroppedChanges recorded 1 samples, mean = 0.0 (flags = 0x40)
0  -O                                                                        (1 = 100.0%)
1  ... 

Histogram: MPArch.ChildProcessLaunchFirst recorded 1 samples, mean = 14.0 (flags = 0x41)
0   ... 
14  -O                                                                        (1 = 100.0%) {0.0%}
17  ... 

Histogram: MPArch.ChildProcessLaunchSubsequent recorded 9 samples, mean = 5.2 (flags = 0x41)
0  ... 
4  ----O                                                                     (4 = 44.4%) {0.0%}
5  --O                                                                       (2 = 22.2%) {44.4%}
6  -O                                                                        (1 = 11.1%) {66.7%}
7  -O                                                                        (1 = 11.1%) {77.8%}
8  -O                                                                        (1 = 11.1%) {88.9%}
10 ... 

Histogram: ManagedUsers.BlockedIframeCount recorded 1 samples, mean = 0.0 (flags = 0x41)
0  -O                                                                        (1 = 100.0%)
1  ... 

Histogram: Manifest.HasProperty.description recorded 1 samples, mean = 0.0 (flags = 0x41)
0  -O                                                                        (1 = 100.0%)
1  ... 

Histogram: Manifest.HasProperty.display recorded 1 samples, mean = 1.0 (flags = 0x41)
0  O                                                                         (0 = 0.0%)
1  -O                                                                        (1 = 100.0%) {0.0%}
2  O                                                                         (0 = 0.0%) {100.0%}

Histogram: Manifest.HasProperty.gcm_sender_id recorded 1 samples, mean = 0.0 (flags = 0x41)
0  -O                                                                        (1 = 100.0%)
1  ... 

Histogram: Manifest.HasProperty.icons recorded 1 samples, mean = 1.0 (flags = 0x41)
0  O                                                                         (0 = 0.0%)
1  -O                                                                        (1 = 100.0%) {0.0%}
2  O                                                                         (0 = 0.0%) {100.0%}

Histogram: Manifest.HasProperty.name recorded 1 samples, mean = 1.0 (flags = 0x41)
0  O                                                                         (0 = 0.0%)
1  -O                                                                        (1 = 100.0%) {0.0%}
2  O                                                                         (0 = 0.0%) {100.0%}

Histogram: Manifest.HasProperty.orientation recorded 1 samples, mean = 0.0 (flags = 0x41)
0  -O                                                                        (1 = 100.0%)
1  ... 

Histogram: Manifest.HasProperty.protocol_handlers recorded 1 samples, mean = 0.0 (flags = 0x41)
0  -O                                                                        (1 = 100.0%)
1  ... 

Histogram: Manifest.HasProperty.screenshots recorded 1 samples, mean = 0.0 (flags = 0x41)
0  -O                                                                        (1 = 100.0%)
1  ... 

Histogram: Manifest.HasProperty.share_target recorded 1 samples, mean = 0.0 (flags = 0x41)
0  -O                                                                        (1 = 100.0%)
1  ... 

Histogram: Manifest.HasProperty.short_name recorded 1 samples, mean = 1.0 (flags = 0x41)
0  O                                                                         (0 = 0.0%)
1  -O                                                                        (1 = 100.0%) {0.0%}
2  O                                                                         (0 = 0.0%) {100.0%}

Histogram: Manifest.HasProperty.start_url recorded 1 samples, mean = 1.0 (flags = 0x41)
0  O                                                                         (0 = 0.0%)
1  -O                                                                        (1 = 100.0%) {0.0%}
2  O                                                                         (0 = 0.0%) {100.0%}

Histogram: Manifest.ParseIdResult recorded 1 samples, mean = 1.0 (flags = 0x41)
0  O                                                                         (0 = 0.0%)
1  -O                                                                        (1 = 100.0%) {0.0%}
2  ... 

Histogram: Media.GPU.VideoDecoderType recorded 1 samples, mean = 11.0 (flags = 0x41)
0   ... 
11  -O                                                                        (1 = 100.0%) {0.0%}
12  ... 

Histogram: Media.MediaHistory.DatabaseExists recorded 1 samples, mean = 0.0 (flags = 0x41)
0  -O                                                                        (1 = 100.0%)
1  ... 

Histogram: MediaRouter.Cast.Channel.ConnectResult recorded 2 samples, mean = 0.5 (flags = 0x41)
0  -O                                                                        (1 = 50.0%)
1  -O                                                                        (1 = 50.0%) {50.0%}
2  O                                                                         (0 = 0.0%) {100.0%}

Histogram: MediaRouter.Cast.Channel.Error recorded 5 samples, mean = 1.6 (flags = 0x41)
0  -O                                                                        (1 = 20.0%)
1  O                                                                         (0 = 0.0%) {20.0%}
2  ----O                                                                     (4 = 80.0%) {20.0%}
3  ... 

Histogram: MediaRouter.Cast.DeviceNameLength recorded 1 samples, mean = 11.0 (flags = 0x41)
0   ... 
11  -O                                                                        (1 = 100.0%) {0.0%}
12  ... 

Histogram: MediaRouter.Cast.Discovery.ConnectedDevicesCount recorded 2 samples, mean = 0.5 (flags = 0x41)
0  -O                                                                        (1 = 50.0%)
1  -O                                                                        (1 = 50.0%) {50.0%}
2  ... 

Histogram: MediaRouter.Cast.Discovery.KnownDevicesCount recorded 2 samples, mean = 0.5 (flags = 0x41)
0  -O                                                                        (1 = 50.0%)
1  -O                                                                        (1 = 50.0%) {50.0%}
2  ... 

Histogram: MediaRouter.Cast.Discovery.SinkSource recorded 1 samples, mean = 1.0 (flags = 0x41)
0  O                                                                         (0 = 0.0%)
1  -O                                                                        (1 = 100.0%) {0.0%}
2  ... 

Histogram: MediaRouter.Cast.Mdns.Channel.Open_Failure recorded 4 samples, mean = 2461.8 (flags = 0x41)
0     ... 
2117  --O                                                                       (2 = 50.0%) {0.0%}
2516  --O                                                                       (2 = 50.0%) {50.0%}
2990  ... 

Histogram: MediaRouter.Cast.Mdns.Channel.Open_Success recorded 1 samples, mean = 916.0 (flags = 0x41)
0    ... 
894  -O                                                                        (1 = 100.0%) {0.0%}
1062 ... 

Histogram: MediaRouter.Dial.AvailableDevicesCount recorded 1 samples, mean = 0.0 (flags = 0x41)
0  -O                                                                        (1 = 100.0%)
1  ... 

Histogram: MediaRouter.Dial.DeviceDescriptionParsingResult recorded 1 samples, mean = 0.0 (flags = 0x41)
0  -O                                                                        (1 = 100.0%)
1  ... 

Histogram: MediaRouter.Dial.KnownDevicesCount recorded 1 samples, mean = 0.0 (flags = 0x41)
0  -O                                                                        (1 = 100.0%)
1  ... 

Histogram: Memory.Discardable.FreelistSize.Foreground recorded 4 samples, mean = 0.0 (flags = 0x41)
0  ----O                                                                     (4 = 100.0%)
1  ... 

Histogram: Memory.Discardable.Size.Foreground recorded 4 samples, mean = 0.0 (flags = 0x41)
0  ----O                                                                     (4 = 100.0%)
1  ... 

Histogram: Memory.Discardable.VirtualSize.Foreground recorded 4 samples, mean = 0.0 (flags = 0x41)
0  ----O                                                                     (4 = 100.0%)
1  ... 

Histogram: Memory.Experimental.AvailableMemoryMB recorded 193 samples, mean = 17146.5 (flags = 0x41)
0      ... 
15988  ------------------------------------------------------------------------O (178 = 92.2%) {0.0%}
17653  ------O                                                                   (15 = 7.8%) {92.2%}
19492  ... 

Histogram: Memory.Experimental.AvailableMemoryPercent recorded 193 samples, mean = 52.1 (flags = 0x41)
0   ... 
51  -----------------------------------------O                                (60 = 31.1%) {0.0%}
52  ------------------------------------------------------------------------O (105 = 54.4%) {31.1%}
53  --------O                                                                 (12 = 6.2%) {85.5%}
54  --O                                                                       (3 = 1.6%) {91.7%}
55  ---O                                                                      (5 = 2.6%) {93.3%}
56  O                                                                         (0 = 0.0%) {95.9%}
57  ---O                                                                      (5 = 2.6%) {95.9%}
58  --O                                                                       (3 = 1.6%) {98.4%}
59  ... 

Histogram: Memory.Experimental.Renderer.HighestPrivateMemoryFootprint.0to2min recorded 1 samples, mean = 95.0 (flags = 0x41)
0   ... 
95  -O                                                                        (1 = 100.0%) {0.0%}
107 ... 

Histogram: Memory.Experimental.Renderer.HighestPrivateMemoryFootprint.2to4min recorded 1 samples, mean = 67.0 (flags = 0x41)
0   ... 
67  -O                                                                        (1 = 100.0%) {0.0%}
75  ... 

Histogram: Memory.Experimental.Renderer.HighestPrivateMemoryFootprint.4to8min recorded 1 samples, mean = 67.0 (flags = 0x41)
0   ... 
67  -O                                                                        (1 = 100.0%) {0.0%}
75  ... 

Histogram: Memory.Experimental.Renderer.HighestPrivateMemoryFootprint.8to16min recorded 1 samples, mean = 67.0 (flags = 0x41)
0   ... 
67  -O                                                                        (1 = 100.0%) {0.0%}
75  ... 

Histogram: Memory.GPU.PeakMemoryAllocationSource2.PageLoad.SharedContextState recorded 1 samples, mean = 0.0 (flags = 0x41)
0  -O                                                                        (1 = 100.0%)
1  ... 

Histogram: Memory.GPU.PeakMemoryAllocationSource2.PageLoad.Skia recorded 1 samples, mean = 0.0 (flags = 0x41)
0  -O                                                                        (1 = 100.0%)
1  ... 

Histogram: Memory.GPU.PeakMemoryUsage2.PageLoad recorded 1 samples, mean = 0.0 (flags = 0x41)
0  -O                                                                        (1 = 100.0%)
1  ... 

Histogram: Memory.ParkableString.Compression.Latency recorded 19 samples, mean = 11477.6 (flags = 0x41)
0       ---O                                                                      (3 = 15.8%)
500     ... 
584     -O                                                                        (1 = 5.3%) {15.8%}
631     ... 
929     -O                                                                        (1 = 5.3%) {21.1%}
1004    O                                                                         (0 = 0.0%) {26.3%}
1085    -O                                                                        (1 = 5.3%) {26.3%}
1173    -O                                                                        (1 = 5.3%) {31.6%}
1268    ... 
1480    -O                                                                        (1 = 5.3%) {36.8%}
1599    O                                                                         (0 = 0.0%) {42.1%}
1728    -O                                                                        (1 = 5.3%) {42.1%}
1867    O                                                                         (0 = 0.0%) {47.4%}
2018    -O                                                                        (1 = 5.3%) {47.4%}
2181    -O                                                                        (1 = 5.3%) {52.6%}
2357    -O                                                                        (1 = 5.3%) {57.9%}
2547    ... 
2974    -O                                                                        (1 = 5.3%) {63.2%}
3214    ... 
6460    -O                                                                        (1 = 5.3%) {68.4%}
6981    ... 
12016   -O                                                                        (1 = 5.3%) {73.7%}
12985   ... 
15164   -O                                                                        (1 = 5.3%) {78.9%}
16387   --O                                                                       (2 = 10.5%) {84.2%}
17709   ... 
123142  -O                                                                        (1 = 5.3%) {94.7%}
133075  ... 

Histogram: Memory.ParkableString.Compression.SizeKb recorded 19 samples, mean = 613.7 (flags = 0x41)
0     ... 
14    -O                                                                        (1 = 5.3%) {0.0%}
16    ... 
20    -O                                                                        (1 = 5.3%) {5.3%}
23    ... 
29    --O                                                                       (2 = 10.5%) {10.5%}
33    ... 
60    -O                                                                        (1 = 5.3%) {21.1%}
67    ... 
84    --O                                                                       (2 = 10.5%) {26.3%}
95    O                                                                         (0 = 0.0%) {36.8%}
107   -O                                                                        (1 = 5.3%) {36.8%}
120   O                                                                         (0 = 0.0%) {42.1%}
135   --O                                                                       (2 = 10.5%) {42.1%}
152   O                                                                         (0 = 0.0%) {52.6%}
171   --O                                                                       (2 = 10.5%) {52.6%}
192   O                                                                         (0 = 0.0%) {63.2%}
216   -O                                                                        (1 = 5.3%) {63.2%}
243   ... 
307   -O                                                                        (1 = 5.3%) {68.4%}
345   ... 
623   -O                                                                        (1 = 5.3%) {73.7%}
701   -O                                                                        (1 = 5.3%) {78.9%}
789   --O                                                                       (2 = 10.5%) {84.2%}
888   O                                                                         (0 = 0.0%) {94.7%}
1000  -O                                                                        (1 = 5.3%) {94.7%}

Histogram: Memory.ParkableString.Decompression.Latency recorded 3 samples, mean = 985.0 (flags = 0x41)
0     --O                                                                       (2 = 66.7%)
500   ... 
2547  -O                                                                        (1 = 33.3%) {66.7%}
2752  ... 

Histogram: Memory.ParkableString.Decompression.ThroughputMBps recorded 3 samples, mean = 312.3 (flags = 0x41)
0    ... 
60   -O                                                                        (1 = 33.3%) {0.0%}
67   ... 
345  -O                                                                        (1 = 33.3%) {33.3%}
388  ... 
492  -O                                                                        (1 = 33.3%) {66.7%}
554  ... 

Histogram: Memory.ParkableString.DiskReadTime.5min recorded 1 samples, mean = 0.0 (flags = 0x41)
0  -O                                                                        (1 = 100.0%)
1  ... 

Histogram: Memory.ParkableString.DiskWriteTime.5min recorded 1 samples, mean = 14.0 (flags = 0x41)
0   ... 
14  -O                                                                        (1 = 100.0%) {0.0%}
17  ... 

Histogram: Memory.ParkableString.OnDiskSizeKb.5min recorded 1 samples, mean = 2126.0 (flags = 0x41)
0     ... 
1757  -O                                                                        (1 = 100.0%) {0.0%}
2199  ... 

Histogram: Memory.ParkableString.Read.Latency recorded 3 samples, mean = 40.7 (flags = 0x41)
0  ---O                                                                      (3 = 100.0%)
500... 

Histogram: Memory.ParkableString.TotalParkingThreadTime.5min recorded 1 samples, mean = 176.0 (flags = 0x41)
0    ... 
160  -O                                                                        (1 = 100.0%) {0.0%}
190  ... 

Histogram: Memory.ParkableString.TotalUnparkingTime.5min recorded 1 samples, mean = 0.0 (flags = 0x41)
0  -O                                                                        (1 = 100.0%)
1  ... 

Histogram: Memory.PartitionAlloc.MemoryReclaim recorded 23124 samples, mean = 181.4 (flags = 0x41)
0     ... 
37    ----------------------------------------O                                 (2800 = 12.1%) {0.0%}
49    ------------------------------------O                                     (2539 = 11.0%) {12.1%}
65    ------------------------------------------------------------------------O (5052 = 21.8%) {23.1%}
86    ------------O                                                             (858 = 3.7%) {44.9%}
113   ---O                                                                      (214 = 0.9%) {48.6%}
149   ------------------------------------------------------------O             (4185 = 18.1%) {49.6%}
196   -------------------O                                                      (1351 = 5.8%) {67.7%}
258   -------------O                                                            (913 = 3.9%) {73.5%}
340   ---------------------------------------------------------------O          (4447 = 19.2%) {77.5%}
448   --------O                                                                 (591 = 2.6%) {96.7%}
590   -O                                                                        (83 = 0.4%) {99.2%}
777   O                                                                         (30 = 0.1%) {99.6%}
1023  O                                                                         (34 = 0.1%) {99.7%}
1347  O                                                                         (10 = 0.0%) {99.9%}
1774  O                                                                         (10 = 0.0%) {99.9%}
2336  O                                                                         (4 = 0.0%) {100.0%}
3077  O                                                                         (2 = 0.0%) {100.0%}
4053  O                                                                         (0 = 0.0%) {100.0%}
5338  O                                                                         (1 = 0.0%) {100.0%}
7031  ... 

Histogram: Memory.PartitionAlloc.PartitionRoot.ExtrasSize recorded 1 samples, mean = 4.0 (flags = 0x41)
0  ... 
4  -O                                                                        (1 = 100.0%) {0.0%}
5  ... 

Histogram: Memory.PartitionAlloc.PeriodicPurge recorded 2369 samples, mean = 17.3 (flags = 0x41)
0     ... 
2     -O                                                                        (6 = 0.3%) {0.0%}
3     ---O                                                                      (23 = 1.0%) {0.3%}
4     --------O                                                                 (69 = 2.9%) {1.2%}
5     --------------O                                                           (130 = 5.5%) {4.1%}
7     -------------------O                                                      (172 = 7.3%) {9.6%}
9     -------------------------------------------------------O                  (500 = 21.1%) {16.9%}
12    --------------------------------------------O                             (405 = 17.1%) {38.0%}
16    ------------------------------------------------------------------------O (660 = 27.9%) {55.1%}
21    ------------------------O                                                 (220 = 9.3%) {82.9%}
28    --------------O                                                           (126 = 5.3%) {92.2%}
37    ---O                                                                      (27 = 1.1%) {97.6%}
49    -O                                                                        (12 = 0.5%) {98.7%}
65    -O                                                                        (8 = 0.3%) {99.2%}
86    O                                                                         (4 = 0.2%) {99.5%}
113   O                                                                         (1 = 0.0%) {99.7%}
149   O                                                                         (1 = 0.0%) {99.7%}
196   ... 
340   O                                                                         (1 = 0.0%) {99.8%}
448   O                                                                         (1 = 0.0%) {99.8%}
590   O                                                                         (1 = 0.0%) {99.9%}
777   O                                                                         (1 = 0.0%) {99.9%}
1023  ... 
1774  O                                                                         (1 = 0.0%) {100.0%}
2336  ... 

Histogram: Memory.PressureLevel2 recorded 23232 samples, mean = 0.0 (flags = 0x41)
0  ------------------------------------------------------------------------O (23232 = 100.0%)
1  ... 

Histogram: Mojo.Channel.WriteReceiveMessageProcessType recorded 31 samples, mean = 5.8 (flags = 0x41)
0  ----------O                                                               (10 = 32.3%)
1  ... 
6  ---O                                                                      (3 = 9.7%) {32.3%}
7  ... 
9  ------------------O                                                       (18 = 58.1%) {41.9%}
10 ... 

Histogram: NQE.ContentObserver.NetworkQualityMeaningfullyChanged recorded 5 samples, mean = 0.4 (flags = 0x40)
0  ---O                                                                      (3 = 60.0%)
1  --O                                                                       (2 = 40.0%) {60.0%}
2  O                                                                         (0 = 0.0%) {100.0%}

Histogram: NQE.RTT.Error.Absolute recorded 6 samples, mean = 23.5 (flags = 0x41)
0   O                                                                         (0 = 0.0%)
1   -O                                                                        (1 = 16.7%) {0.0%}
2   ... 
12  -O                                                                        (1 = 16.7%) {16.7%}
14  ... 
20  -O                                                                        (1 = 16.7%) {33.3%}
24  O                                                                         (0 = 0.0%) {50.0%}
29  -O                                                                        (1 = 16.7%) {50.0%}
34  -O                                                                        (1 = 16.7%) {66.7%}
40  -O                                                                        (1 = 16.7%) {83.3%}
48  ... 

Histogram: NQE.RTT.Error.IsZero recorded 6 samples, mean = 0.0 (flags = 0x41)
0  ------O                                                                   (6 = 100.0%)
1  ... 

Histogram: NQE.RTT.Error.Negative recorded 5 samples, mean = 28.0 (flags = 0x41)
0   ... 
12  -O                                                                        (1 = 20.0%) {0.0%}
14  ... 
20  -O                                                                        (1 = 20.0%) {20.0%}
24  O                                                                         (0 = 0.0%) {40.0%}
29  -O                                                                        (1 = 20.0%) {40.0%}
34  -O                                                                        (1 = 20.0%) {60.0%}
40  -O                                                                        (1 = 20.0%) {80.0%}
48  ... 

Histogram: NQE.RTT.Error.Positive recorded 1 samples, mean = 1.0 (flags = 0x41)
0  O                                                                         (0 = 0.0%)
1  -O                                                                        (1 = 100.0%) {0.0%}
2  ... 

Histogram: NQE.RTT.ObservationBufferLifeTime2.All recorded 49 samples, mean = 22116276.0 (flags = 0x41)
0        ... 
3600000  -------------------------------------------------O                        (49 = 100.0%) {0.0%}

Histogram: NQE.RTT.ObservationBufferLifeTime2.EndToEnd recorded 24 samples, mean = 22130288.0 (flags = 0x41)
0        ... 
3600000  ------------------------O                                                 (24 = 100.0%) {0.0%}

Histogram: NQE.RTT.ObservationBufferLifeTime2.Transport recorded 25 samples, mean = 22102824.0 (flags = 0x41)
0        ... 
3600000  -------------------------O                                                (25 = 100.0%) {0.0%}

Histogram: NQE.RenderThreadNotified recorded 7 samples, mean = 1.0 (flags = 0x40)
0  O                                                                         (0 = 0.0%)
1  -------O                                                                  (7 = 100.0%) {0.0%}
2  O                                                                         (0 = 0.0%) {100.0%}

Histogram: Navigation.BeginNavigationImpl.MainFrame recorded 2 samples, mean = 0.0 (flags = 0x41)
0  --O                                                                       (2 = 100.0%)
1  ... 

Histogram: Navigation.BrowserInitiatedSessionHistoryCount recorded 1 samples, mean = 0.0 (flags = 0x41)
0  -O                                                                        (1 = 100.0%)
1  ... 

Histogram: Navigation.CommitRenderFrame recorded 1 samples, mean = 9.0 (flags = 0x41)
0  ... 
8  -O                                                                        (1 = 100.0%) {0.0%}
10 ... 

Histogram: Navigation.CommitToCompositorCreation recorded 1 samples, mean = 343.0 (flags = 0x41)
0    ... 
288  -O                                                                        (1 = 100.0%) {0.0%}
375  ... 

Histogram: Navigation.CompositorRequestedBeforeCommit2 recorded 1 samples, mean = 0.0 (flags = 0x41)
0  -O                                                                        (1 = 100.0%)
1  ... 

Histogram: Navigation.CompositorRequestedBeforeSwapRFH2 recorded 1 samples, mean = 0.0 (flags = 0x41)
0  -O                                                                        (1 = 100.0%)
1  ... 

Histogram: Navigation.CreateSpeculativeRFH recorded 1 samples, mean = 2.0 (flags = 0x41)
0  ... 
2  -O                                                                        (1 = 100.0%) {0.0%}
3  ... 

Histogram: Navigation.DidCommitSameDocumentNavigation.Duration recorded 1 samples, mean = 0.0 (flags = 0x41)
0  -O                                                                        (1 = 100.0%)
1  ... 

Histogram: Navigation.DidStartLoading.MainFrame recorded 3 samples, mean = 0.0 (flags = 0x41)
0  ---O                                                                      (3 = 100.0%)
1  ... 

Histogram: Navigation.DidStartLoading.Subframe recorded 2 samples, mean = 0.0 (flags = 0x41)
0  --O                                                                       (2 = 100.0%)
1  ... 

Histogram: Navigation.EarlyRenderFrameHostSwapType recorded 6 samples, mean = 0.0 (flags = 0x41)
0  ------O                                                                   (6 = 100.0%)
1  ... 

Histogram: Navigation.EngagementTime.HTTPS recorded 1 samples, mean = 23226796.0 (flags = 0x41)
0        ... 
3600000  -O                                                                        (1 = 100.0%) {0.0%}

Histogram: Navigation.GetFrameHostForNavigation recorded 4 samples, mean = 2.0 (flags = 0x41)
0  --O                                                                       (2 = 50.0%)
1  O                                                                         (0 = 0.0%) {50.0%}
2  -O                                                                        (1 = 25.0%) {50.0%}
3  ... 
6  -O                                                                        (1 = 25.0%) {75.0%}
7  ... 

Histogram: Navigation.GetFrameHostForNavigationTime.InDidCreateNavigationRequest.IsHTTPOrHTTPS recorded 3 samples, mean = 2235.0 (flags = 0x41)
0     ... 
76    --O                                                                       (2 = 66.7%) {0.0%}
105   ... 
5362  -O                                                                        (1 = 33.3%) {66.7%}
7439  ... 

Histogram: Navigation.IsGuest recorded 1 samples, mean = 0.0 (flags = 0x41)
0  -O                                                                        (1 = 100.0%)
1  ... 

Histogram: Navigation.IsLockedProcess recorded 1 samples, mean = 1.0 (flags = 0x41)
0  O                                                                         (0 = 0.0%)
1  -O                                                                        (1 = 100.0%) {0.0%}
2  O                                                                         (0 = 0.0%) {100.0%}

Histogram: Navigation.IsLockedProcess.HTTPOrHTTPS recorded 1 samples, mean = 1.0 (flags = 0x41)
0  O                                                                         (0 = 0.0%)
1  -O                                                                        (1 = 100.0%) {0.0%}
2  O                                                                         (0 = 0.0%) {100.0%}

Histogram: Navigation.IsProcessBackgrounded.OnCommit recorded 1 samples, mean = 0.0 (flags = 0x41)
0  -O                                                                        (1 = 100.0%)
1  ... 

Histogram: Navigation.IsProcessBackgrounded.OnDOMContentLoaded recorded 1 samples, mean = 0.0 (flags = 0x41)
0  -O                                                                        (1 = 100.0%)
1  ... 

Histogram: Navigation.IsSameBrowsingInstance recorded 1 samples, mean = 0.0 (flags = 0x41)
0  -O                                                                        (1 = 100.0%)
1  ... 

Histogram: Navigation.IsSameSiteInstance recorded 1 samples, mean = 0.0 (flags = 0x41)
0  -O                                                                        (1 = 100.0%)
1  ... 

Histogram: Navigation.IsSameSiteInstance.MainFrame recorded 1 samples, mean = 0.0 (flags = 0x41)
0  -O                                                                        (1 = 100.0%)
1  ... 

Histogram: Navigation.LoaderCreateToRequestStart.MainFrame recorded 1 samples, mean = 0.0 (flags = 0x41)
0  -O                                                                        (1 = 100.0%)
1  ... 

Histogram: Navigation.MainFrame.FrameCount recorded 1 samples, mean = 2.0 (flags = 0x41)
0  ... 
2  -O                                                                        (1 = 100.0%) {0.0%}
3  ... 

Histogram: Navigation.MainFrame.MaxFrameCount recorded 3 samples, mean = 2.0 (flags = 0x41)
0  O                                                                         (0 = 0.0%)
1  -O                                                                        (1 = 33.3%) {0.0%}
2  -O                                                                        (1 = 33.3%) {33.3%}
3  -O                                                                        (1 = 33.3%) {66.7%}
4  ... 

Histogram: Navigation.MainFrame.NewNavigation.IgnoreRestore.IsHTTPOrHTTPS.BeginNavigationToLoaderStart.Time2 recorded 1 samples, mean = 1.0 (flags = 0x41)
0  O                                                                         (0 = 0.0%)
1  -O                                                                        (1 = 100.0%) {0.0%}
2  ... 

Histogram: Navigation.MainFrame.NewNavigation.IgnoreRestore.IsHTTPOrHTTPS.FetchStart.Time2 recorded 1 samples, mean = 0.0 (flags = 0x41)
0  -O                                                                        (1 = 100.0%)
1  ... 

Histogram: Navigation.MainFrame.NewNavigation.IgnoreRestore.IsHTTPOrHTTPS.LoaderStartToFetchStart.Time2 recorded 1 samples, mean = 570.0 (flags = 0x41)
0    ... 
533  -O                                                                        (1 = 100.0%) {0.0%}
633  ... 

Histogram: Navigation.MainFrame.NewNavigation.IgnoreRestore.IsHTTPOrHTTPS.LoaderStartToReceiveResponse.Time2 recorded 1 samples, mean = 1151.0 (flags = 0x41)
0     ... 
1062  -O                                                                        (1 = 100.0%) {0.0%}
1262  ... 

Histogram: Navigation.MainFrame.NewNavigation.IgnoreRestore.IsHTTPOrHTTPS.NavigationStartToBeginNavigation.Time2 recorded 1 samples, mean = 5090.0 (flags = 0x41)
0     ... 
5017  -O                                                                        (1 = 100.0%) {0.0%}
5961  ... 

Histogram: Navigation.MainFrame.NewNavigation.IgnoreRestore.IsHTTPOrHTTPS.ReceiveHeaders.Time2 recorded 1 samples, mean = 342.0 (flags = 0x41)
0    ... 
318  -O                                                                        (1 = 100.0%) {0.0%}
378  ... 

Histogram: Navigation.MainFrame.NewNavigation.IgnoreRestore.IsHTTPOrHTTPS.ReceiveHeadersToReceiveResponse.Time2 recorded 1 samples, mean = 237.0 (flags = 0x41)
0    ... 
226  -O                                                                        (1 = 100.0%) {0.0%}
268  ... 

Histogram: Navigation.MainFrame.NewNavigation.IgnoreRestore.IsHTTPOrHTTPS.ReceiveResponseToCommitNavigation.Time2 recorded 1 samples, mean = 4.0 (flags = 0x41)
0  ... 
4  -O                                                                        (1 = 100.0%) {0.0%}
5  ... 

Histogram: Navigation.MainFrame.RendererInitiated.InitiatorFramePresentAtStart recorded 1 samples, mean = 0.0 (flags = 0x41)
0  -O                                                                        (1 = 100.0%)
1  ... 

Histogram: Navigation.MainFrame.SiteEngagementLevel recorded 1 samples, mean = 3.0 (flags = 0x41)
0  ... 
3  -O                                                                        (1 = 100.0%) {0.0%}
4  ... 

Histogram: Navigation.MainFrame.ThirdPartyCookieBlockingEnabled recorded 2 samples, mean = 0.0 (flags = 0x41)
0  --O                                                                       (2 = 100.0%)
1  ... 

Histogram: Navigation.MainFrameHasRTLDomain2 recorded 2 samples, mean = 0.0 (flags = 0x41)
0  --O                                                                       (2 = 100.0%)
1  ... 

Histogram: Navigation.MainFrameHasRTLDomainDifferentPage2 recorded 1 samples, mean = 0.0 (flags = 0x41)
0  -O                                                                        (1 = 100.0%)
1  ... 

Histogram: Navigation.MainFrameProfileType2 recorded 2 samples, mean = 0.0 (flags = 0x41)
0  --O                                                                       (2 = 100.0%)
1  ... 

Histogram: Navigation.MainFrameScheme2 recorded 2 samples, mean = 2.0 (flags = 0x41)
0  ... 
2  --O                                                                       (2 = 100.0%) {0.0%}
3  ... 

Histogram: Navigation.MainFrameSchemeDifferentPage2 recorded 1 samples, mean = 2.0 (flags = 0x41)
0  ... 
2  -O                                                                        (1 = 100.0%) {0.0%}
3  ... 

Histogram: Navigation.OnBeforeUnloadOverheadTime recorded 2 samples, mean = 2550.0 (flags = 0x41)
0     ... 
10    -O                                                                        (1 = 50.0%) {0.0%}
12    ... 
5017  -O                                                                        (1 = 50.0%) {50.0%}
5961  ... 

Histogram: Navigation.OnBeforeUnloadTotalTime recorded 2 samples, mean = 0.0 (flags = 0x41)
0  --O                                                                       (2 = 100.0%)
1  ... 

Histogram: Navigation.OriginAgentCluster.Result recorded 1 samples, mean = 9.0 (flags = 0x41)
0  ... 
9  -O                                                                        (1 = 100.0%) {0.0%}
10 O                                                                         (0 = 0.0%) {100.0%}

Histogram: Navigation.PendingCommit.DidBlockGetFrameHostForNavigation.Regular recorded 1 samples, mean = 0.0 (flags = 0x41)
0  -O                                                                        (1 = 100.0%)
1  ... 

Histogram: Navigation.PendingCommit.Duration.Regular recorded 1 samples, mean = 11.0 (flags = 0x41)
0   ... 
10  -O                                                                        (1 = 100.0%) {0.0%}
12  ... 

Histogram: Navigation.Preconnect.PreresolveJobQueueLength recorded 16 samples, mean = 0.5 (flags = 0x41)
0  --------O                                                                 (8 = 50.0%)
1  --------O                                                                 (8 = 50.0%) {50.0%}
2  ... 

Histogram: Navigation.Preconnect.PreresolveJobQueueingTime recorded 8 samples, mean = 0.0 (flags = 0x41)
0  --------O                                                                 (8 = 100.0%)
1  ... 

Histogram: Navigation.Preconnect.ProxyLookupCallbackQueueingTime recorded 8 samples, mean = 225.8 (flags = 0x41)
0    --O                                                                       (2 = 25.0%)
1    ... 
268  ---O                                                                      (3 = 37.5%) {25.0%}
318  ---O                                                                      (3 = 37.5%) {62.5%}
378  ... 

Histogram: Navigation.Preconnect.ProxyLookupLatency recorded 8 samples, mean = 888.8 (flags = 0x41)
0     --O                                                                       (2 = 25.0%)
1     ... 
268   --O                                                                       (2 = 25.0%) {25.0%}
318   ---O                                                                      (3 = 37.5%) {50.0%}
378   ... 
5017  -O                                                                        (1 = 12.5%) {87.5%}
5961  ... 

Histogram: Navigation.Preconnect.ResolveHostCallbackQueueingTime recorded 8 samples, mean = 237.8 (flags = 0x41)
0    O                                                                         (0 = 0.0%)
1    --O                                                                       (2 = 25.0%) {0.0%}
2    ... 
226  -O                                                                        (1 = 12.5%) {25.0%}
268  -O                                                                        (1 = 12.5%) {37.5%}
318  ----O                                                                     (4 = 50.0%) {50.0%}
378  ... 

Histogram: Navigation.Preconnect.ResolveHostLatency recorded 8 samples, mean = 244.4 (flags = 0x41)
0    O                                                                         (0 = 0.0%)
1    -O                                                                        (1 = 12.5%) {0.0%}
2    -O                                                                        (1 = 12.5%) {12.5%}
3    ... 
268  -O                                                                        (1 = 12.5%) {25.0%}
318  -----O                                                                    (5 = 62.5%) {37.5%}
378  ... 

Histogram: Navigation.ProcessNavigationThrottlesTime.WillStartRequest.MainFrame recorded 2 samples, mean = 0.0 (flags = 0x41)
0  --O                                                                       (2 = 100.0%)
1  ... 

Histogram: Navigation.QueueTime.OnReceiveRedirect.MainFrame recorded 1 samples, mean = 0.0 (flags = 0x41)
0  -O                                                                        (1 = 100.0%)
1  ... 

Histogram: Navigation.QueueTime.OnReceiveResponse.MainFrame recorded 1 samples, mean = 236.0 (flags = 0x41)
0    ... 
226  -O                                                                        (1 = 100.0%) {0.0%}
268  ... 

Histogram: Navigation.ReadyToCommitUntilCommit2 recorded 1 samples, mean = 11.0 (flags = 0x41)
0   ... 
10  -O                                                                        (1 = 100.0%) {0.0%}
13  ... 

Histogram: Navigation.ReadyToCommitUntilCommit2.ForegroundProcessPriority recorded 1 samples, mean = 11.0 (flags = 0x41)
0   ... 
10  -O                                                                        (1 = 100.0%) {0.0%}
13  ... 

Histogram: Navigation.ReadyToCommitUntilCommit2.NewNavigation recorded 1 samples, mean = 11.0 (flags = 0x41)
0   ... 
10  -O                                                                        (1 = 100.0%) {0.0%}
13  ... 

Histogram: Navigation.RegisterNavigationThrottlesTime.MainFrame recorded 2 samples, mean = 0.0 (flags = 0x41)
0  --O                                                                       (2 = 100.0%)
1  ... 

Histogram: Navigation.RenderFrameDelete recorded 1 samples, mean = 0.0 (flags = 0x41)
0  -O                                                                        (1 = 100.0%)
1  ... 

Histogram: Navigation.RenderFrameHostConstructor recorded 4 samples, mean = 0.0 (flags = 0x41)
0  ----O                                                                     (4 = 100.0%)
1  ... 

Histogram: Navigation.RenderFrameHostDestructor recorded 4 samples, mean = 0.5 (flags = 0x41)
0  --O                                                                       (2 = 50.0%)
1  --O                                                                       (2 = 50.0%) {50.0%}
2  ... 

Histogram: Navigation.RenderViewHostConstructor recorded 2 samples, mean = 0.0 (flags = 0x41)
0  --O                                                                       (2 = 100.0%)
1  ... 

Histogram: Navigation.RenderViewHostDestructor recorded 2 samples, mean = 0.0 (flags = 0x41)
0  --O                                                                       (2 = 100.0%)
1  ... 

Histogram: Navigation.RenderWidgetHostConstructor recorded 2 samples, mean = 0.0 (flags = 0x41)
0  --O                                                                       (2 = 100.0%)
1  ... 

Histogram: Navigation.RenderWidgetHostDestructor recorded 2 samples, mean = 0.0 (flags = 0x41)
0  --O                                                                       (2 = 100.0%)
1  ... 

Histogram: Navigation.RendererCommitDelay.MainFrame recorded 1 samples, mean = 6.0 (flags = 0x41)
0  ... 
6  -O                                                                        (1 = 100.0%) {0.0%}
7  ... 

Histogram: Navigation.RendererCommitQueueTime.MainFrame recorded 1 samples, mean = 5.0 (flags = 0x41)
0  ... 
5  -O                                                                        (1 = 100.0%) {0.0%}
6  ... 

Histogram: Navigation.RendererDidNavigateTime.MainFrame recorded 1 samples, mean = 0.0 (flags = 0x41)
0  -O                                                                        (1 = 100.0%)
1  ... 

Histogram: Navigation.RendererDidNavigateTime.Subframe recorded 2 samples, mean = 0.0 (flags = 0x41)
0  --O                                                                       (2 = 100.0%)
1  ... 

Histogram: Navigation.RequiresDedicatedProcess recorded 1 samples, mean = 1.0 (flags = 0x41)
0  O                                                                         (0 = 0.0%)
1  -O                                                                        (1 = 100.0%) {0.0%}
2  O                                                                         (0 = 0.0%) {100.0%}

Histogram: Navigation.RequiresDedicatedProcess.HTTPOrHTTPS recorded 1 samples, mean = 1.0 (flags = 0x41)
0  O                                                                         (0 = 0.0%)
1  -O                                                                        (1 = 100.0%) {0.0%}
2  O                                                                         (0 = 0.0%) {100.0%}

Histogram: Navigation.SameDocumentNavigationWithScreenshot recorded 1 samples, mean = 0.0 (flags = 0x41)
0  -O                                                                        (1 = 100.0%)
1  ... 

Histogram: Navigation.SendCommitNavigationTime.MainFrame recorded 1 samples, mean = 0.0 (flags = 0x41)
0  -O                                                                        (1 = 100.0%)
1  ... 

Histogram: Navigation.StartToCommit recorded 3 samples, mean = 2085.7 (flags = 0x41)
0     --O                                                                       (2 = 66.7%)
1     ... 
4955  -O                                                                        (1 = 33.3%) {66.7%}
6296  ... 

Histogram: Navigation.StartToCommit.CrossProcess recorded 1 samples, mean = 6257.0 (flags = 0x41)
0     ... 
4955  -O                                                                        (1 = 100.0%) {0.0%}
6296  ... 

Histogram: Navigation.StartToCommit.CrossProcess.ForegroundProcessPriority recorded 1 samples, mean = 6257.0 (flags = 0x41)
0     ... 
4955  -O                                                                        (1 = 100.0%) {0.0%}
6296  ... 

Histogram: Navigation.StartToCommit.CrossProcess.MainFrame recorded 1 samples, mean = 6257.0 (flags = 0x41)
0     ... 
4955  -O                                                                        (1 = 100.0%) {0.0%}
6296  ... 

Histogram: Navigation.StartToCommit.CrossProcess.MainFrame.ForegroundProcessPriority recorded 1 samples, mean = 6257.0 (flags = 0x41)
0     ... 
4955  -O                                                                        (1 = 100.0%) {0.0%}
6296  ... 

Histogram: Navigation.StartToCommit.CrossProcess.MainFrame.NewNavigation recorded 1 samples, mean = 6257.0 (flags = 0x41)
0     ... 
4955  -O                                                                        (1 = 100.0%) {0.0%}
6296  ... 

Histogram: Navigation.StartToCommit.CrossProcess.NewNavigation recorded 1 samples, mean = 6257.0 (flags = 0x41)
0     ... 
4955  -O                                                                        (1 = 100.0%) {0.0%}
6296  ... 

Histogram: Navigation.StartToCommit.ForegroundProcessPriority recorded 3 samples, mean = 2085.7 (flags = 0x41)
0     --O                                                                       (2 = 66.7%)
1     ... 
4955  -O                                                                        (1 = 33.3%) {66.7%}
6296  ... 

Histogram: Navigation.StartToCommit.MainFrame recorded 1 samples, mean = 6257.0 (flags = 0x41)
0     ... 
4955  -O                                                                        (1 = 100.0%) {0.0%}
6296  ... 

Histogram: Navigation.StartToCommit.MainFrame.ForegroundProcessPriority recorded 1 samples, mean = 6257.0 (flags = 0x41)
0     ... 
4955  -O                                                                        (1 = 100.0%) {0.0%}
6296  ... 

Histogram: Navigation.StartToCommit.MainFrame.NewNavigation recorded 1 samples, mean = 6257.0 (flags = 0x41)
0     ... 
4955  -O                                                                        (1 = 100.0%) {0.0%}
6296  ... 

Histogram: Navigation.StartToCommit.NewNavigation recorded 3 samples, mean = 2085.7 (flags = 0x41)
0     --O                                                                       (2 = 66.7%)
1     ... 
4955  -O                                                                        (1 = 33.3%) {66.7%}
6296  ... 

Histogram: Navigation.StartToCommit.SameProcess recorded 2 samples, mean = 0.0 (flags = 0x41)
0  --O                                                                       (2 = 100.0%)
1  ... 

Histogram: Navigation.StartToCommit.SameProcess.ForegroundProcessPriority recorded 2 samples, mean = 0.0 (flags = 0x41)
0  --O                                                                       (2 = 100.0%)
1  ... 

Histogram: Navigation.StartToCommit.SameProcess.NewNavigation recorded 2 samples, mean = 0.0 (flags = 0x41)
0  --O                                                                       (2 = 100.0%)
1  ... 

Histogram: Navigation.StartToCommit.SameProcess.Subframe recorded 2 samples, mean = 0.0 (flags = 0x41)
0  --O                                                                       (2 = 100.0%)
1  ... 

Histogram: Navigation.StartToCommit.SameProcess.Subframe.ForegroundProcessPriority recorded 2 samples, mean = 0.0 (flags = 0x41)
0  --O                                                                       (2 = 100.0%)
1  ... 

Histogram: Navigation.StartToCommit.SameProcess.Subframe.NewNavigation recorded 2 samples, mean = 0.0 (flags = 0x41)
0  --O                                                                       (2 = 100.0%)
1  ... 

Histogram: Navigation.StartToCommit.Subframe recorded 2 samples, mean = 0.0 (flags = 0x41)
0  --O                                                                       (2 = 100.0%)
1  ... 

Histogram: Navigation.StartToCommit.Subframe.ForegroundProcessPriority recorded 2 samples, mean = 0.0 (flags = 0x41)
0  --O                                                                       (2 = 100.0%)
1  ... 

Histogram: Navigation.StartToCommit.Subframe.NewNavigation recorded 2 samples, mean = 0.0 (flags = 0x41)
0  --O                                                                       (2 = 100.0%)
1  ... 

Histogram: Navigation.SuddenTerminationDisabler.AllOrigins recorded 1 samples, mean = 13.0 (flags = 0x41)
0   ... 
13  -O                                                                        (1 = 100.0%) {0.0%}
14  ... 

Histogram: Navigation.SuddenTerminationDisabler.SameOrigin recorded 1 samples, mean = 13.0 (flags = 0x41)
0   ... 
13  -O                                                                        (1 = 100.0%) {0.0%}
14  ... 

Histogram: Navigation.SwapRFHToCompositorCreation recorded 1 samples, mean = 334.0 (flags = 0x41)
0    ... 
288  -O                                                                        (1 = 100.0%) {0.0%}
375  ... 

Histogram: Navigation.ThrottleCount recorded 2 samples, mean = 20.0 (flags = 0x41)
0   ... 
20  --O                                                                       (2 = 100.0%) {0.0%}
21  ... 

Histogram: Navigation.ThrottleEventDurationTime.WillProcessResponse recorded 1 samples, mean = 0.0 (flags = 0x41)
0  -O                                                                        (1 = 100.0%)
1  ... 

Histogram: Navigation.ThrottleEventDurationTime.WillRedirectRequest recorded 1 samples, mean = 0.0 (flags = 0x41)
0  -O                                                                        (1 = 100.0%)
1  ... 

Histogram: Navigation.ThrottleEventDurationTime.WillStartRequest recorded 2 samples, mean = 0.0 (flags = 0x41)
0  --O                                                                       (2 = 100.0%)
1  ... 

Histogram: Navigation.ThrottleEventExecutionTime.WillProcessResponse recorded 1 samples, mean = 0.0 (flags = 0x41)
0  -O                                                                        (1 = 100.0%)
1  ... 

Histogram: Navigation.ThrottleEventExecutionTime.WillRedirectRequest recorded 1 samples, mean = 0.0 (flags = 0x41)
0  -O                                                                        (1 = 100.0%)
1  ... 

Histogram: Navigation.ThrottleEventExecutionTime.WillStartRequest recorded 2 samples, mean = 0.0 (flags = 0x41)
0  --O                                                                       (2 = 100.0%)
1  ... 

Histogram: Navigation.ThrottleExecutionTime.WillProcessResponse recorded 20 samples, mean = 0.0 (flags = 0x41)
0  --------------------O                                                     (20 = 100.0%)
1  ... 

Histogram: Navigation.ThrottleExecutionTime.WillRedirectRequest recorded 20 samples, mean = 0.0 (flags = 0x41)
0  --------------------O                                                     (20 = 100.0%)
1  ... 

Histogram: Navigation.ThrottleExecutionTime.WillStartRequest recorded 40 samples, mean = 0.0 (flags = 0x41)
0  ----------------------------------------O                                 (40 = 100.0%)
1  ... 

Histogram: Navigation.ThrottleTotalDeferCount recorded 5 samples, mean = 0.0 (flags = 0x41)
0  -----O                                                                    (5 = 100.0%)
1  ... 

Histogram: Navigation.ThrottleTotalDeferCount.Request recorded 5 samples, mean = 0.0 (flags = 0x41)
0  -----O                                                                    (5 = 100.0%)
1  ... 

Histogram: Navigation.ThrottleTotalDeferTime recorded 5 samples, mean = 0.0 (flags = 0x41)
0  -----O                                                                    (5 = 100.0%)
1  ... 

Histogram: Navigation.ThrottleTotalDeferTime.Request recorded 5 samples, mean = 0.0 (flags = 0x41)
0  -----O                                                                    (5 = 100.0%)
1  ... 

Histogram: Navigation.Throttles.PolicyBlocklist.DeferDurationTime recorded 2 samples, mean = 0.0 (flags = 0x41)
0  --O                                                                       (2 = 100.0%)
1  ... 

Histogram: Navigation.Throttles.PolicyBlocklist.RequestThrottleAction recorded 2 samples, mean = 2.5 (flags = 0x41)
0  O                                                                         (0 = 0.0%)
1  -O                                                                        (1 = 50.0%) {0.0%}
2  ... 
4  -O                                                                        (1 = 50.0%) {50.0%}
5  ... 

Histogram: Navigation.Throttles.PolicyBlocklist.RequestToResponseTime recorded 1 samples, mean = 0.0 (flags = 0x41)
0  -O                                                                        (1 = 100.0%)
1  ... 

Histogram: Navigation.TimeToReadyToCommit2 recorded 1 samples, mean = 6246.0 (flags = 0x41)
0     ... 
4955  -O                                                                        (1 = 100.0%) {0.0%}
6296  ... 

Histogram: Navigation.TimeToReadyToCommit2.CrossProcess recorded 1 samples, mean = 6246.0 (flags = 0x41)
0     ... 
4955  -O                                                                        (1 = 100.0%) {0.0%}
6296  ... 

Histogram: Navigation.TimeToReadyToCommit2.CrossProcess.NewNavigation recorded 1 samples, mean = 6246.0 (flags = 0x41)
0     ... 
4955  -O                                                                        (1 = 100.0%) {0.0%}
6296  ... 

Histogram: Navigation.TimeToReadyToCommit2.MainFrame recorded 1 samples, mean = 6246.0 (flags = 0x41)
0     ... 
4955  -O                                                                        (1 = 100.0%) {0.0%}
6296  ... 

Histogram: Navigation.TimeToReadyToCommit2.MainFrame.NewNavigation recorded 1 samples, mean = 6246.0 (flags = 0x41)
0     ... 
4955  -O                                                                        (1 = 100.0%) {0.0%}
6296  ... 

Histogram: Navigation.TimeToReadyToCommit2.NewNavigation recorded 1 samples, mean = 6246.0 (flags = 0x41)
0     ... 
4955  -O                                                                        (1 = 100.0%) {0.0%}
6296  ... 

Histogram: Navigation.Unload recorded 1 samples, mean = 0.0 (flags = 0x41)
0  -O                                                                        (1 = 100.0%)
1  ... 

Histogram: Navigation.UserAgentStringType recorded 4 samples, mean = 1.0 (flags = 0x41)
0  O                                                                         (0 = 0.0%)
1  ----O                                                                     (4 = 100.0%) {0.0%}
2  ... 

Histogram: Navigation.WillStartRequestToLoaderStart.MainFrame recorded 2 samples, mean = 0.0 (flags = 0x41)
0  --O                                                                       (2 = 100.0%)
1  ... 

Histogram: NavigationPredictor.SearchEnginePreconnector.IsBrowserAppLikelyInForeground recorded 386 samples, mean = 0.0 (flags = 0x41)
0  ------------------------------------------------------------------------O (383 = 99.2%)
1  -O                                                                        (3 = 0.8%) {99.2%}
2  O                                                                         (0 = 0.0%) {100.0%}

Histogram: NavigationSuggestion.GetDomainInfoDelayBeforeAllowingNavigation recorded 1 samples, mean = 0.0 (flags = 0x41)
0  -O                                                                        (1 = 100.0%)
1  ... 

Histogram: NavigationSuggestion.IsLookalikeUrlDelayBeforeAllowingNavigation recorded 1 samples, mean = 0.0 (flags = 0x41)
0  -O                                                                        (1 = 100.0%)
1  ... 

Histogram: NavigationSuggestion.PerformChecksDelayBeforeAllowingNavigation recorded 1 samples, mean = 0.0 (flags = 0x41)
0  -O                                                                        (1 = 100.0%)
1  ... 

Histogram: Net.AlternateProtocolUsage recorded 156 samples, mean = 1.2 (flags = 0x41)
0  ---O                                                                      (6 = 3.8%)
1  ------------------------------------------------------------------------O (144 = 92.3%) {3.8%}
2  ... 
7  ---O                                                                      (6 = 3.8%) {96.2%}
8  O                                                                         (0 = 0.0%) {100.0%}

Histogram: Net.AlternateProtocolUsageGoogle recorded 142 samples, mean = 1.0 (flags = 0x41)
0  O                                                                         (0 = 0.0%)
1  ------------------------------------------------------------------------O (142 = 100.0%) {0.0%}
2  ... 

Histogram: Net.AlternativeServiceTypeForRequest recorded 166 samples, mean = 0.9 (flags = 0x41)
0  -------O                                                                  (14 = 8.4%)
1  ------------------------------------------------------------------------O (152 = 91.6%) {8.4%}
2  ... 

Histogram: Net.CertVerifier.PathBuilderIterationCount recorded 21 samples, mean = 2.0 (flags = 0x41)
0  ... 
2  --------------------O                                                     (20 = 95.2%) {0.0%}
3  -O                                                                        (1 = 4.8%) {95.2%}
4  ... 

Histogram: Net.CertVerifier_First_Job_Latency recorded 1 samples, mean = 216.0 (flags = 0x41)
0    ... 
211  -O                                                                        (1 = 100.0%) {0.0%}
239  ... 

Histogram: Net.CertVerifier_Job_Latency recorded 21 samples, mean = 462.9 (flags = 0x41)
0    ... 
12   -O                                                                        (1 = 4.8%) {0.0%}
14   ... 
88   -O                                                                        (1 = 4.8%) {4.8%}
100  O                                                                         (0 = 0.0%) {9.5%}
113  -O                                                                        (1 = 4.8%) {9.5%}
128  ... 
186  -O                                                                        (1 = 4.8%) {14.3%}
211  -O                                                                        (1 = 4.8%) {19.0%}
239  -O                                                                        (1 = 4.8%) {23.8%}
271  --O                                                                       (2 = 9.5%) {28.6%}
307  -O                                                                        (1 = 4.8%) {38.1%}
348  ... 
572  -----------O                                                              (11 = 52.4%) {42.9%}
648  ... 
831  -O                                                                        (1 = 4.8%) {95.2%}
941  ... 

Histogram: Net.Certificate.TrustAnchor.Request recorded 155 samples (flags = 0x41)
210  --O                                                                       (4 = 2.6%)
483  ------------------------------------------------------------------------O (142 = 91.6%)
486  ----O                                                                     (8 = 5.2%)
535  -O                                                                        (1 = 0.6%)

Histogram: Net.Certificate.TrustAnchor.Verify recorded 21 samples (flags = 0x41)
210  --O                                                                       (2 = 9.5%)
483  ----------------O                                                         (16 = 76.2%)
486  --O                                                                       (2 = 9.5%)
535  -O                                                                        (1 = 4.8%)

Histogram: Net.ConnectionInfo.MainFrame recorded 1 samples, mean = 40.0 (flags = 0x41)
0   ... 
40  -O                                                                        (1 = 100.0%) {0.0%}
41  ... 

Histogram: Net.ConnectionInfo.SubResource recorded 10 samples, mean = 25.3 (flags = 0x41)
0   O                                                                         (0 = 0.0%)
1   -O                                                                        (1 = 10.0%) {0.0%}
2   ... 
4   ---O                                                                      (3 = 30.0%) {10.0%}
5   ... 
40  ------O                                                                   (6 = 60.0%) {40.0%}
41  ... 

Histogram: Net.ContentEncodingType recorded 191 samples, mean = 0.2 (flags = 0x41)
0  ------------------------------------------------------------------------O (154 = 80.6%)
1  ----------------O                                                         (34 = 17.8%) {80.6%}
2  -O                                                                        (3 = 1.6%) {98.4%}
3  ... 

Histogram: Net.Cors.AccessCheckResult recorded 9 samples, mean = 0.0 (flags = 0x41)
0  ---------O                                                                (9 = 100.0%)
1  ... 

Histogram: Net.CountOfQuicServerInfos recorded 1 samples, mean = 0.0 (flags = 0x41)
0  -O                                                                        (1 = 100.0%)
1  ... 

Histogram: Net.DNS.DnsConfig.DnsClientCapability recorded 187 samples, mean = 1.0 (flags = 0x41)
0  O                                                                         (0 = 0.0%)
1  ------------------------------------------------------------------------O (187 = 100.0%) {0.0%}
2  ... 

Histogram: Net.DNS.DnsConfig.SecureDnsMode recorded 1 samples, mean = 4.0 (flags = 0x41)
0  ... 
4  -O                                                                        (1 = 100.0%) {0.0%}
5  ... 

Histogram: Net.DNS.DnsConfig.Windows.Compatibility recorded 34 samples, mean = 0.0 (flags = 0x41)
0  ----------------------------------O                                       (34 = 100.0%)
1  ... 

Histogram: Net.DNS.DnsConfig.Windows.ReadSystemSettings0 recorded 21 samples, mean = 0.0 (flags = 0x41)
0  ---------------------O                                                    (21 = 100.0%)
1  ... 

Histogram: Net.DNS.DnsHosts.Count recorded 1 samples, mean = 0.0 (flags = 0x41)
0  -O                                                                        (1 = 100.0%)
1  ... 

Histogram: Net.DNS.DnsHosts.EstimateMemoryUsage recorded 1 samples, mean = 0.0 (flags = 0x41)
0  -O                                                                        (1 = 100.0%)
1000... 

Histogram: Net.DNS.DnsHosts.FileSize recorded 1 samples, mean = 824.0 (flags = 0x41)
0    ... 
737  -O                                                                        (1 = 100.0%) {0.0%}
1065 ... 

Histogram: Net.DNS.DnsTask.SuccessTime recorded 128 samples, mean = 23.7 (flags = 0x41)
0   ... 
16  --O                                                                       (2 = 1.6%) {0.0%}
18  -------------------O                                                      (19 = 14.8%) {1.6%}
21  --------------------------------------------O                             (44 = 34.4%) {16.4%}
24  ----------------------------------------O                                 (40 = 31.2%) {50.8%}
28  -----------------------O                                                  (23 = 18.0%) {82.0%}
32  ... 

Histogram: Net.DNS.DnsTask.SvcbHttpsTransactionError recorded 86 samples, mean = 0.0 (flags = 0x41)
0  ------------------------------------------------------------------------O (86 = 100.0%)
1  ... 

Histogram: Net.DNS.DnsTransaction.AttemptType recorded 256 samples, mean = 0.0 (flags = 0x41)
0  ------------------------------------------------------------------------O (256 = 100.0%)
1  ... 

Histogram: Net.DNS.DnsTransaction.Insecure.Other.SuccessTime recorded 214 samples, mean = 21.1 (flags = 0x41)
0   ... 
13  ---------O                                                                (12 = 5.6%) {0.0%}
16  ---------------------------------------------O                            (62 = 29.0%) {5.6%}
20  ------------------------------------------------------------------------O (99 = 46.3%) {34.6%}
25  ------------------------------O                                           (41 = 19.2%) {80.8%}
32  ... 

Histogram: Net.DNS.H3SupportedGoogleHost.TaskTypeMetadataAvailability2 recorded 1 samples, mean = 2.0 (flags = 0x41)
0  ... 
2  -O                                                                        (1 = 100.0%) {0.0%}
3  ... 

Histogram: Net.DNS.HTTPSSVC.RecordHttps.Insecure.ExpectNoerror.DnsRcode recorded 128 samples, mean = 2.0 (flags = 0x41)
0  -----------------------------------O                                      (42 = 32.8%)
1  ... 
3  ------------------------------------------------------------------------O (86 = 67.2%) {32.8%}
4  ... 

Histogram: Net.DNS.HTTPSSVC.RecordHttps.Insecure.ExpectNoerror.Parsable recorded 2 samples, mean = 1.0 (flags = 0x41)
0  O                                                                         (0 = 0.0%)
1  --O                                                                       (2 = 100.0%) {0.0%}
2  O                                                                         (0 = 0.0%) {100.0%}

Histogram: Net.DNS.HTTPSSVC.RecordHttps.Insecure.ExpectNoerror.ResolveTimeAddress recorded 128 samples, mean = 20.1 (flags = 0x41)
0   ... 
13  ------------O                                                             (12 = 9.4%) {0.0%}
16  -----------------------------------------------O                          (47 = 36.7%) {9.4%}
20  -----------------------------------------------------O                    (53 = 41.4%) {46.1%}
25  ----------------O                                                         (16 = 12.5%) {87.5%}
32  ... 

Histogram: Net.DNS.HTTPSSVC.RecordHttps.Insecure.ExpectNoerror.ResolveTimeExperimental recorded 128 samples, mean = 23.5 (flags = 0x41)
0   ... 
16  ---------------O                                                          (15 = 11.7%) {0.0%}
20  ----------------------------------------------------------------O         (64 = 50.0%) {11.7%}
25  -------------------------------------------------O                        (49 = 38.3%) {61.7%}
32  ... 

Histogram: Net.DNS.HTTPSSVC.RecordHttps.Insecure.ExpectNoerror.ResolveTimeRatio recorded 128 samples, mean = 11.3 (flags = 0x41)
0   ... 
7   -O                                                                        (1 = 0.8%) {0.0%}
8   O                                                                         (0 = 0.0%) {0.8%}
9   --------------------------O                                               (26 = 20.3%) {0.8%}
10  ---------------------O                                                    (21 = 16.4%) {21.1%}
11  -------O                                                                  (7 = 5.5%) {37.5%}
12  ----------------------------------------O                                 (40 = 31.2%) {43.0%}
13  --------------------------O                                               (26 = 20.3%) {74.2%}
14  ------O                                                                   (6 = 4.7%) {94.5%}
15  -O                                                                        (1 = 0.8%) {99.2%}
16  ... 

Histogram: Net.DNS.JobQueueTime.PerTransaction recorded 256 samples, mean = 0.0 (flags = 0x41)
0  ------------------------------------------------------------------------O (256 = 100.0%)
1  ... 

Histogram: Net.DNS.JobQueueTime.Success recorded 128 samples, mean = 0.0 (flags = 0x41)
0  ------------------------------------------------------------------------O (128 = 100.0%)
1  ... 

Histogram: Net.DNS.Request.TotalTime recorded 571 samples, mean = 5.3 (flags = 0x41)
0   ------------------------------------------------------------------------O (444 = 77.8%)
10  ... 
15  O                                                                         (2 = 0.4%) {77.8%}
18  -----O                                                                    (32 = 5.6%) {78.1%}
22  ----------O                                                               (64 = 11.2%) {83.7%}
27  -----O                                                                    (29 = 5.1%) {94.9%}
33  ... 

Histogram: Net.DNS.Request.TotalTimeAsync recorded 136 samples, mean = 22.2 (flags = 0x41)
0   ---------O                                                                (9 = 6.6%)
10  ... 
15  --O                                                                       (2 = 1.5%) {6.6%}
18  --------------------------------O                                         (32 = 23.5%) {8.1%}
22  ----------------------------------------------------------------O         (64 = 47.1%) {31.6%}
27  -----------------------------O                                            (29 = 21.3%) {78.7%}
33  ... 

Histogram: Net.DNS.ResolveCategory recorded 137 samples, mean = 0.1 (flags = 0x41)
0  ------------------------------------------------------------------------O (127 = 92.7%)
1  -----O                                                                    (9 = 6.6%) {92.7%}
2  -O                                                                        (1 = 0.7%) {99.3%}
3  ... 

Histogram: Net.DNS.ResolveError.Fast recorded 9 samples (flags = 0x41)
105  ---------O                                                                (9 = 100.0%)

Histogram: Net.DNS.ResolveFailureTime recorded 9 samples, mean = 0.2 (flags = 0x41)
0  -------O                                                                  (7 = 77.8%)
1  --O                                                                       (2 = 22.2%) {77.8%}
2  ... 

Histogram: Net.DNS.ResolveSuccessTime recorded 127 samples, mean = 23.8 (flags = 0x41)
0   ... 
16  --O                                                                       (2 = 1.6%) {0.0%}
18  -------------------O                                                      (19 = 15.0%) {1.6%}
21  -------------------------------------------O                              (43 = 33.9%) {16.5%}
24  ----------------------------------------O                                 (40 = 31.5%) {50.4%}
28  -----------------------O                                                  (23 = 18.1%) {81.9%}
32  ... 

Histogram: Net.DNS.SystemTask.FailureTime recorded 9 samples, mean = 0.2 (flags = 0x41)
0  -------O                                                                  (7 = 77.8%)
1  --O                                                                       (2 = 22.2%) {77.8%}
2  ... 

Histogram: Net.DNS.UpgradeConfig.HasPublicInsecureNameserver recorded 1 samples, mean = 1.0 (flags = 0x41)
0  O                                                                         (0 = 0.0%)
1  -O                                                                        (1 = 100.0%) {0.0%}
2  O                                                                         (0 = 0.0%) {100.0%}

Histogram: Net.DNS.UpgradeConfig.Ineligible.DohSpecified recorded 1 samples, mean = 0.0 (flags = 0x41)
0  -O                                                                        (1 = 100.0%)
1  ... 

Histogram: Net.DNS.UpgradeConfig.Ineligible.UnhandledOptions recorded 1 samples, mean = 0.0 (flags = 0x41)
0  -O                                                                        (1 = 100.0%)
1  ... 

Histogram: Net.DNS.UpgradeConfig.InsecureUpgradeSucceeded recorded 1 samples, mean = 0.0 (flags = 0x41)
0  -O                                                                        (1 = 100.0%)
1  ... 

Histogram: Net.DNS_Resolution_And_TCP_Connection_Latency2 recorded 23 samples, mean = 28.7 (flags = 0x41)
0   ... 
12  --O                                                                       (2 = 8.7%) {0.0%}
14  -O                                                                        (1 = 4.3%) {8.7%}
16  O                                                                         (0 = 0.0%) {13.0%}
18  -O                                                                        (1 = 4.3%) {13.0%}
20  ... 
26  -----O                                                                    (5 = 21.7%) {17.4%}
29  ---------O                                                                (9 = 39.1%) {39.1%}
33  ---O                                                                      (3 = 13.0%) {78.3%}
37  O                                                                         (0 = 0.0%) {91.3%}
42  -O                                                                        (1 = 4.3%) {91.3%}
48  -O                                                                        (1 = 4.3%) {95.7%}
54  ... 

Histogram: Net.ErrorCodesForMainFrame4 recorded 2 samples (flags = 0x41)
0  -O                                                                        (1 = 50.0%)
3  -O                                                                        (1 = 50.0%)

Histogram: Net.ErrorCodesForSubresources3 recorded 47 samples (flags = 0x41)
0  -----------------------------------------------O                          (47 = 100.0%)

Histogram: Net.HttpJob.BytesReceived2 recorded 156 samples, mean = 1880.5 (flags = 0x41)
0      ... 
56     -O                                                                        (1 = 0.6%) {0.0%}
80     ... 
340    --O                                                                       (3 = 1.9%) {0.6%}
488    --O                                                                       (3 = 1.9%) {2.6%}
700    -O                                                                        (1 = 0.6%) {4.5%}
1004   ------------------------------------------------------------------------O (141 = 90.4%) {5.1%}
1440   -O                                                                        (1 = 0.6%) {95.5%}
2065   O                                                                         (0 = 0.0%) {96.2%}
2961   --O                                                                       (4 = 2.6%) {96.2%}
4246   ... 
17959  -O                                                                        (1 = 0.6%) {98.7%}
25755  ... 
75961  -O                                                                        (1 = 0.6%) {99.4%}
108935 ... 

Histogram: Net.HttpJob.BytesSent2 recorded 156 samples, mean = 1168.9 (flags = 0x41)
0      ... 
19     O                                                                         (1 = 0.6%) {0.0%}
27     ... 
165    O                                                                         (1 = 0.6%) {0.6%}
237    O                                                                         (1 = 0.6%) {1.3%}
340    -O                                                                        (3 = 1.9%) {1.9%}
488    -O                                                                        (2 = 1.3%) {3.8%}
700    -O                                                                        (2 = 1.3%) {5.1%}
1004   ------------------------------------------------------------------------O (145 = 92.9%) {6.4%}
1440   ... 
12523  O                                                                         (1 = 0.6%) {99.4%}
17959  ... 

Histogram: Net.HttpJob.MainJobWaitTimeWithoutAvailableSpdySession recorded 147 samples, mean = 55.6 (flags = 0x41)
0    ... 
20   -O                                                                        (1 = 0.7%) {0.0%}
24   O                                                                         (0 = 0.0%) {0.7%}
29   -O                                                                        (1 = 0.7%) {0.7%}
34   O                                                                         (0 = 0.0%) {1.4%}
40   -----------------------O                                                  (30 = 20.4%) {1.4%}
48   ------------------------------------------------------------------------O (93 = 63.3%) {21.8%}
57   ---------------O                                                          (19 = 12.9%) {85.0%}
68   ... 
268  --O                                                                       (3 = 2.0%) {98.0%}
318  ... 

Histogram: Net.HttpJob.PrefilterBytesRead recorded 194 samples, mean = 13494.1 (flags = 0x41)
0       ---O                                                                      (5 = 2.6%)
1       ... 
13      -O                                                                        (1 = 0.5%) {2.6%}
19      -O                                                                        (1 = 0.5%) {3.1%}
27      O                                                                         (0 = 0.0%) {3.6%}
39      -O                                                                        (1 = 0.5%) {3.6%}
56      -O                                                                        (1 = 0.5%) {4.1%}
80      -O                                                                        (1 = 0.5%) {4.6%}
115     O                                                                         (0 = 0.0%) {5.2%}
165     -O                                                                        (1 = 0.5%) {5.2%}
237     O                                                                         (0 = 0.0%) {5.7%}
340     -O                                                                        (1 = 0.5%) {5.7%}
488     --O                                                                       (4 = 2.1%) {6.2%}
700     -O                                                                        (2 = 1.0%) {8.2%}
1004    ------------------------------------------------------------------------O (144 = 74.2%) {9.3%}
1440    -O                                                                        (1 = 0.5%) {83.5%}
2065    --O                                                                       (3 = 1.5%) {84.0%}
2961    -O                                                                        (1 = 0.5%) {85.6%}
4246    -O                                                                        (1 = 0.5%) {86.1%}
6089    -O                                                                        (2 = 1.0%) {86.6%}
8732    --O                                                                       (3 = 1.5%) {87.6%}
12523   -O                                                                        (2 = 1.0%) {89.2%}
17959   --O                                                                       (3 = 1.5%) {90.2%}
25755   --O                                                                       (3 = 1.5%) {91.8%}
36935   --O                                                                       (4 = 2.1%) {93.3%}
52968   O                                                                         (0 = 0.0%) {95.4%}
75961   ---O                                                                      (5 = 2.6%) {95.4%}
108935  -O                                                                        (2 = 1.0%) {97.9%}
156223  -O                                                                        (1 = 0.5%) {99.0%}
224038  ... 
947607  -O                                                                        (1 = 0.5%) {99.5%}
1358954 ... 

Histogram: Net.HttpJob.PrefilterBytesRead.Cache recorded 40 samples, mean = 58648.6 (flags = 0x41)
0       -O                                                                        (1 = 2.5%)
1       ... 
165     -O                                                                        (1 = 2.5%) {2.5%}
237     O                                                                         (0 = 0.0%) {5.0%}
340     -O                                                                        (1 = 2.5%) {5.0%}
488     ----O                                                                     (4 = 10.0%) {7.5%}
700     --O                                                                       (2 = 5.0%) {17.5%}
1004    --O                                                                       (2 = 5.0%) {22.5%}
1440    -O                                                                        (1 = 2.5%) {27.5%}
2065    --O                                                                       (2 = 5.0%) {30.0%}
2961    -O                                                                        (1 = 2.5%) {35.0%}
4246    -O                                                                        (1 = 2.5%) {37.5%}
6089    --O                                                                       (2 = 5.0%) {40.0%}
8732    ---O                                                                      (3 = 7.5%) {45.0%}
12523   -O                                                                        (1 = 2.5%) {52.5%}
17959   ---O                                                                      (3 = 7.5%) {55.0%}
25755   ---O                                                                      (3 = 7.5%) {62.5%}
36935   ----O                                                                     (4 = 10.0%) {70.0%}
52968   O                                                                         (0 = 0.0%) {80.0%}
75961   ----O                                                                     (4 = 10.0%) {80.0%}
108935  --O                                                                       (2 = 5.0%) {90.0%}
156223  -O                                                                        (1 = 2.5%) {95.0%}
224038  ... 
947607  -O                                                                        (1 = 2.5%) {97.5%}
1358954 ... 

Histogram: Net.HttpJob.PrefilterBytesRead.Net recorded 154 samples, mean = 1765.7 (flags = 0x41)
0      --O                                                                       (4 = 2.6%)
1      ... 
13     -O                                                                        (1 = 0.6%) {2.6%}
19     -O                                                                        (1 = 0.6%) {3.2%}
27     O                                                                         (0 = 0.0%) {3.9%}
39     -O                                                                        (1 = 0.6%) {3.9%}
56     -O                                                                        (1 = 0.6%) {4.5%}
80     -O                                                                        (1 = 0.6%) {5.2%}
115    ... 
1004   ------------------------------------------------------------------------O (142 = 92.2%) {5.8%}
1440   O                                                                         (0 = 0.0%) {98.1%}
2065   -O                                                                        (1 = 0.6%) {98.1%}
2961   ... 
12523  -O                                                                        (1 = 0.6%) {98.7%}
17959  ... 
75961  -O                                                                        (1 = 0.6%) {99.4%}
108935 ... 

Histogram: Net.HttpJob.ProxyTypeSuccess recorded 156 samples, mean = 1.0 (flags = 0x41)
0  O                                                                         (0 = 0.0%)
1  ------------------------------------------------------------------------O (156 = 100.0%) {0.0%}
2  ... 

Histogram: Net.HttpJob.TotalTime recorded 194 samples, mean = 377.1 (flags = 0x41)
0     O                                                                         (0 = 0.0%)
1     ----O                                                                     (4 = 2.1%) {0.0%}
2     ------O                                                                   (6 = 3.1%) {2.1%}
3     --O                                                                       (2 = 1.0%) {5.2%}
4     -O                                                                        (1 = 0.5%) {6.2%}
5     ----O                                                                     (4 = 2.1%) {6.7%}
6     ... 
8     -----O                                                                    (5 = 2.6%) {8.8%}
10    -----O                                                                    (5 = 2.6%) {11.3%}
12    ---O                                                                      (3 = 1.5%) {13.9%}
14    -O                                                                        (1 = 0.5%) {15.5%}
17    ----O                                                                     (4 = 2.1%) {16.0%}
20    -O                                                                        (1 = 0.5%) {18.0%}
24    ---O                                                                      (3 = 1.5%) {18.6%}
29    O                                                                         (0 = 0.0%) {20.1%}
34    -O                                                                        (1 = 0.5%) {20.1%}
40    O                                                                         (0 = 0.0%) {20.6%}
48    --O                                                                       (2 = 1.0%) {20.6%}
57    ... 
81    -O                                                                        (1 = 0.5%) {21.6%}
96    -O                                                                        (1 = 0.5%) {22.2%}
114   -O                                                                        (1 = 0.5%) {22.7%}
135   -O                                                                        (1 = 0.5%) {23.2%}
160   O                                                                         (0 = 0.0%) {23.7%}
190   --O                                                                       (2 = 1.0%) {23.7%}
226   O                                                                         (0 = 0.0%) {24.7%}
268   --------O                                                                 (8 = 4.1%) {24.7%}
318   -----------------------------------O                                      (35 = 18.0%) {28.9%}
378   -----------------------------O                                            (29 = 14.9%) {46.9%}
449   --------------------------------------O                                   (38 = 19.6%) {61.9%}
533   ---------------------O                                                    (21 = 10.8%) {81.4%}
633   --O                                                                       (2 = 1.0%) {92.3%}
752   --O                                                                       (2 = 1.0%) {93.3%}
894   --------O                                                                 (8 = 4.1%) {94.3%}
1062  ---O                                                                      (3 = 1.5%) {98.5%}
1262  ... 

Histogram: Net.HttpJob.TotalTime.Secure.Quic recorded 142 samples, mean = 486.1 (flags = 0x41)
0     ... 
280   ----------------------------------O                                       (34 = 23.9%) {0.0%}
356   ---------------------------------------O                                  (39 = 27.5%) {23.9%}
452   -----------------------------------------------O                          (47 = 33.1%) {51.4%}
574   ----------O                                                               (10 = 7.0%) {84.5%}
729   --O                                                                       (2 = 1.4%) {91.5%}
926   ---------O                                                                (9 = 6.3%) {93.0%}
1177  -O                                                                        (1 = 0.7%) {99.3%}
1496  ... 

Histogram: Net.HttpJob.TotalTimeCached recorded 40 samples, mean = 33.8 (flags = 0x41)
0    O                                                                         (0 = 0.0%)
1    ----O                                                                     (4 = 10.0%) {0.0%}
2    ------O                                                                   (6 = 15.0%) {10.0%}
3    --O                                                                       (2 = 5.0%) {25.0%}
4    -O                                                                        (1 = 2.5%) {30.0%}
5    ----O                                                                     (4 = 10.0%) {32.5%}
6    ... 
8    -----O                                                                    (5 = 12.5%) {42.5%}
10   -----O                                                                    (5 = 12.5%) {55.0%}
12   ---O                                                                      (3 = 7.5%) {67.5%}
14   -O                                                                        (1 = 2.5%) {75.0%}
17   ---O                                                                      (3 = 7.5%) {77.5%}
20   -O                                                                        (1 = 2.5%) {85.0%}
24   --O                                                                       (2 = 5.0%) {87.5%}
29   ... 
114  -O                                                                        (1 = 2.5%) {92.5%}
135  ... 
190  -O                                                                        (1 = 2.5%) {95.0%}
226  ... 
633  -O                                                                        (1 = 2.5%) {97.5%}
752  ... 

Histogram: Net.HttpJob.TotalTimeNotCached recorded 154 samples, mean = 466.3 (flags = 0x41)
0     ... 
17    -O                                                                        (1 = 0.6%) {0.0%}
20    O                                                                         (0 = 0.0%) {0.6%}
24    -O                                                                        (1 = 0.6%) {0.6%}
29    O                                                                         (0 = 0.0%) {1.3%}
34    -O                                                                        (1 = 0.6%) {1.3%}
40    O                                                                         (0 = 0.0%) {1.9%}
48    --O                                                                       (2 = 1.3%) {1.9%}
57    ... 
81    -O                                                                        (1 = 0.6%) {3.2%}
96    -O                                                                        (1 = 0.6%) {3.9%}
114   O                                                                         (0 = 0.0%) {4.5%}
135   -O                                                                        (1 = 0.6%) {4.5%}
160   O                                                                         (0 = 0.0%) {5.2%}
190   -O                                                                        (1 = 0.6%) {5.2%}
226   O                                                                         (0 = 0.0%) {5.8%}
268   --------O                                                                 (8 = 5.2%) {5.8%}
318   -----------------------------------O                                      (35 = 22.7%) {11.0%}
378   -----------------------------O                                            (29 = 18.8%) {33.8%}
449   --------------------------------------O                                   (38 = 24.7%) {52.6%}
533   ---------------------O                                                    (21 = 13.6%) {77.3%}
633   -O                                                                        (1 = 0.6%) {90.9%}
752   --O                                                                       (2 = 1.3%) {91.6%}
894   --------O                                                                 (8 = 5.2%) {92.9%}
1062  ---O                                                                      (3 = 1.9%) {98.1%}
1262  ... 

Histogram: Net.HttpJob.TotalTimeNotCached.Secure.Quic recorded 142 samples, mean = 486.1 (flags = 0x41)
0     ... 
280   ----------------------------------O                                       (34 = 23.9%) {0.0%}
356   ---------------------------------------O                                  (39 = 27.5%) {23.9%}
452   -----------------------------------------------O                          (47 = 33.1%) {51.4%}
574   ----------O                                                               (10 = 7.0%) {84.5%}
729   --O                                                                       (2 = 1.4%) {91.5%}
926   ---------O                                                                (9 = 6.3%) {93.0%}
1177  -O                                                                        (1 = 0.7%) {99.3%}
1496  ... 

Histogram: Net.HttpJob.TotalTimeSuccess recorded 194 samples, mean = 377.1 (flags = 0x41)
0     O                                                                         (0 = 0.0%)
1     ----O                                                                     (4 = 2.1%) {0.0%}
2     ------O                                                                   (6 = 3.1%) {2.1%}
3     --O                                                                       (2 = 1.0%) {5.2%}
4     -O                                                                        (1 = 0.5%) {6.2%}
5     ----O                                                                     (4 = 2.1%) {6.7%}
6     ... 
8     -----O                                                                    (5 = 2.6%) {8.8%}
10    -----O                                                                    (5 = 2.6%) {11.3%}
12    ---O                                                                      (3 = 1.5%) {13.9%}
14    -O                                                                        (1 = 0.5%) {15.5%}
17    ----O                                                                     (4 = 2.1%) {16.0%}
20    -O                                                                        (1 = 0.5%) {18.0%}
24    ---O                                                                      (3 = 1.5%) {18.6%}
29    O                                                                         (0 = 0.0%) {20.1%}
34    -O                                                                        (1 = 0.5%) {20.1%}
40    O                                                                         (0 = 0.0%) {20.6%}
48    --O                                                                       (2 = 1.0%) {20.6%}
57    ... 
81    -O                                                                        (1 = 0.5%) {21.6%}
96    -O                                                                        (1 = 0.5%) {22.2%}
114   -O                                                                        (1 = 0.5%) {22.7%}
135   -O                                                                        (1 = 0.5%) {23.2%}
160   O                                                                         (0 = 0.0%) {23.7%}
190   --O                                                                       (2 = 1.0%) {23.7%}
226   O                                                                         (0 = 0.0%) {24.7%}
268   --------O                                                                 (8 = 4.1%) {24.7%}
318   -----------------------------------O                                      (35 = 18.0%) {28.9%}
378   -----------------------------O                                            (29 = 14.9%) {46.9%}
449   --------------------------------------O                                   (38 = 19.6%) {61.9%}
533   ---------------------O                                                    (21 = 10.8%) {81.4%}
633   --O                                                                       (2 = 1.0%) {92.3%}
752   --O                                                                       (2 = 1.0%) {93.3%}
894   --------O                                                                 (8 = 4.1%) {94.3%}
1062  ---O                                                                      (3 = 1.5%) {98.5%}
1262  ... 

Histogram: Net.HttpJob.TotalTimeSuccess.Priority1 recorded 144 samples, mean = 480.4 (flags = 0x41)
0     ... 
48    -O                                                                        (1 = 0.7%) {0.0%}
57    ... 
96    -O                                                                        (1 = 0.7%) {0.7%}
114   ... 
268   --------O                                                                 (8 = 5.6%) {1.4%}
318   ----------------------------------O                                       (34 = 23.6%) {6.9%}
378   -----------------------------O                                            (29 = 20.1%) {30.6%}
449   --------------------------------------O                                   (38 = 26.4%) {50.7%}
533   ---------------------O                                                    (21 = 14.6%) {77.1%}
633   O                                                                         (0 = 0.0%) {91.7%}
752   --O                                                                       (2 = 1.4%) {91.7%}
894   -------O                                                                  (7 = 4.9%) {93.1%}
1062  ---O                                                                      (3 = 2.1%) {97.9%}
1262  ... 

Histogram: Net.HttpJob.TotalTimeSuccess.Priority2 recorded 30 samples, mean = 48.5 (flags = 0x41)
0    O                                                                         (0 = 0.0%)
1    -O                                                                        (1 = 3.3%) {0.0%}
2    ----O                                                                     (4 = 13.3%) {3.3%}
3    --O                                                                       (2 = 6.7%) {16.7%}
4    -O                                                                        (1 = 3.3%) {23.3%}
5    ---O                                                                      (3 = 10.0%) {26.7%}
6    ... 
8    ----O                                                                     (4 = 13.3%) {36.7%}
10   --O                                                                       (2 = 6.7%) {50.0%}
12   --O                                                                       (2 = 6.7%) {56.7%}
14   O                                                                         (0 = 0.0%) {63.3%}
17   ----O                                                                     (4 = 13.3%) {63.3%}
20   -O                                                                        (1 = 3.3%) {76.7%}
24   ---O                                                                      (3 = 10.0%) {80.0%}
29   ... 
114  -O                                                                        (1 = 3.3%) {90.0%}
135  ... 
318  -O                                                                        (1 = 3.3%) {93.3%}
378  ... 
633  -O                                                                        (1 = 3.3%) {96.7%}
752  ... 

Histogram: Net.HttpJob.TotalTimeSuccess.Priority3 recorded 1 samples, mean = 224.0 (flags = 0x41)
0    ... 
190  -O                                                                        (1 = 100.0%) {0.0%}
226  ... 

Histogram: Net.HttpJob.TotalTimeSuccess.Priority4 recorded 6 samples, mean = 232.8 (flags = 0x41)
0    ... 
8    -O                                                                        (1 = 16.7%) {0.0%}
10   ... 
34   -O                                                                        (1 = 16.7%) {16.7%}
40   O                                                                         (0 = 0.0%) {33.3%}
48   -O                                                                        (1 = 16.7%) {33.3%}
57   ... 
81   -O                                                                        (1 = 16.7%) {50.0%}
96   ... 
190  -O                                                                        (1 = 16.7%) {66.7%}
226  ... 
894  -O                                                                        (1 = 16.7%) {83.3%}
1062 ... 

Histogram: Net.HttpJob.TotalTimeSuccess.Priority5 recorded 13 samples, mean = 69.4 (flags = 0x41)
0    O                                                                         (0 = 0.0%)
1    ---O                                                                      (3 = 23.1%) {0.0%}
2    --O                                                                       (2 = 15.4%) {23.1%}
3    ... 
5    -O                                                                        (1 = 7.7%) {38.5%}
6    ... 
10   ---O                                                                      (3 = 23.1%) {46.2%}
12   -O                                                                        (1 = 7.7%) {69.2%}
14   -O                                                                        (1 = 7.7%) {76.9%}
17   ... 
135  -O                                                                        (1 = 7.7%) {84.6%}
160  ... 
633  -O                                                                        (1 = 7.7%) {92.3%}
752  ... 

Histogram: Net.HttpRequestSSLUpgradeDecision recorded 2 samples, mean = 5.0 (flags = 0x41)
0  ... 
5  --O                                                                       (2 = 100.0%) {0.0%}
6  O                                                                         (0 = 0.0%) {100.0%}

Histogram: Net.HttpRequestStsState recorded 2 samples, mean = 2.0 (flags = 0x41)
0  ... 
2  --O                                                                       (2 = 100.0%) {0.0%}
3  ... 

Histogram: Net.HttpResponseCode recorded 982 samples, mean = 229.9 (flags = 0x41)
0    ... 
200  ------------------------------------------------------------------------O (832 = 84.7%) {0.0%}
201  ... 
204  O                                                                         (2 = 0.2%) {84.7%}
205  ... 
302  O                                                                         (4 = 0.4%) {84.9%}
303  O                                                                         (0 = 0.0%) {85.3%}
304  O                                                                         (2 = 0.2%) {85.3%}
305  ... 
308  O                                                                         (1 = 0.1%) {85.5%}
309  ... 
403  ------------O                                                             (141 = 14.4%) {85.6%}
404  ... 

Histogram: Net.HttpTimeToFirstByte recorded 194 samples, mean = 375.1 (flags = 0x41)
0     --------------------------------------O                                   (38 = 19.6%)
10    ... 
18    -O                                                                        (1 = 0.5%) {19.6%}
22    O                                                                         (0 = 0.0%) {20.1%}
27    -O                                                                        (1 = 0.5%) {20.1%}
33    -O                                                                        (1 = 0.5%) {20.6%}
41    O                                                                         (0 = 0.0%) {21.1%}
50    ---O                                                                      (3 = 1.5%) {21.1%}
61    O                                                                         (0 = 0.0%) {22.7%}
75    -O                                                                        (1 = 0.5%) {22.7%}
92    ... 
139   -O                                                                        (1 = 0.5%) {23.2%}
171   -O                                                                        (1 = 0.5%) {23.7%}
210   -O                                                                        (1 = 0.5%) {24.2%}
258   -------O                                                                  (7 = 3.6%) {24.7%}
317   -------------------------------------O                                    (37 = 19.1%) {28.4%}
389   -----------------------------------------O                                (41 = 21.1%) {47.4%}
477   ---------------------------------------O                                  (39 = 20.1%) {68.6%}
585   ---------O                                                                (9 = 4.6%) {88.7%}
718   --O                                                                       (2 = 1.0%) {93.3%}
881   ---------O                                                                (9 = 4.6%) {94.3%}
1081  --O                                                                       (2 = 1.0%) {99.0%}
1326  ... 

Histogram: Net.NetworkChangeNotifier.NewConnectionCost recorded 2 samples, mean = 1.0 (flags = 0x41)
0  O                                                                         (0 = 0.0%)
1  --O                                                                       (2 = 100.0%) {0.0%}
2  ... 

Histogram: Net.NumQuicSessionsAtShutdown recorded 3 samples, mean = 0.0 (flags = 0x41)
0  ---O                                                                      (3 = 100.0%)
1  ... 

Histogram: Net.OnTransferSizeUpdated.Experimental.OverridenBy recorded 209 samples, mean = 4.9 (flags = 0x41)
0   O                                                                         (0 = 0.0%)
1   ------------------------------------------------------------------------O (165 = 78.9%) {0.0%}
2   ... 
11  ---------O                                                                (20 = 9.6%) {78.9%}
12  -O                                                                        (2 = 1.0%) {88.5%}
13  ... 
26  -O                                                                        (2 = 1.0%) {89.5%}
27  O                                                                         (0 = 0.0%) {90.4%}
28  ---------O                                                                (20 = 9.6%) {90.4%}
29  ... 

Histogram: Net.QuicActiveSessions recorded 145 samples, mean = 0.1 (flags = 0x41)
0  ------------------------------------------------------------------------O (141 = 97.2%)
1  -O                                                                        (1 = 0.7%) {97.2%}
2  -O                                                                        (1 = 0.7%) {97.9%}
3  -O                                                                        (1 = 0.7%) {98.6%}
4  -O                                                                        (1 = 0.7%) {99.3%}
5  ... 

Histogram: Net.QuicChromiumClientStream.HandleOnCloseConnectionError recorded 150 samples (flags = 0x41)
0  ------------------------------------------------------------------------O (150 = 100.0%)

Histogram: Net.QuicChromiumClientStream.HandleOnCloseNetError recorded 150 samples (flags = 0x41)
100  ------------------------------------------------------------------------O (150 = 100.0%)

Histogram: Net.QuicChromiumClientStream.HandleOnCloseStreamError recorded 150 samples (flags = 0x41)
0  ------------------------------------------------------------------------O (150 = 100.0%)

Histogram: Net.QuicChromiumClientStream.HeaderDecodingDelay recorded 150 samples, mean = 0.0 (flags = 0x41)
0  ------------------------------------------------------------------------O (150 = 100.0%)
1  ... 

Histogram: Net.QuicChromiumClientStream.HeaderDecodingDelayGoogle recorded 142 samples, mean = 0.0 (flags = 0x41)
0  ------------------------------------------------------------------------O (142 = 100.0%)
1  ... 

Histogram: Net.QuicConnection.WritePacketStatus recorded 1649 samples, mean = 0.0 (flags = 0x41)
0  ------------------------------------------------------------------------O (1649 = 100.0%)
1  ... 

Histogram: Net.QuicCryptoClientConfig.PopulatedFromCanonicalConfig recorded 5 samples, mean = 0.0 (flags = 0x41)
0  -----O                                                                    (5 = 100.0%)
1  ... 

Histogram: Net.QuicDroppedPacketReason recorded 113 samples, mean = 6.0 (flags = 0x41)
0  ... 
6  ------------------------------------------------------------------------O (113 = 100.0%) {0.0%}
7  O                                                                         (0 = 0.0%) {100.0%}

Histogram: Net.QuicHandshakeState recorded 435 samples, mean = 1.0 (flags = 0x41)
0  ------------------------------------------------------------------------O (145 = 33.3%)
1  ------------------------------------------------------------------------O (145 = 33.3%) {33.3%}
2  ------------------------------------------------------------------------O (145 = 33.3%) {66.7%}
3  ... 

Histogram: Net.QuicHttpStream.ProcessResponseHeaderSuccess recorded 150 samples, mean = 1.0 (flags = 0x41)
0  O                                                                         (0 = 0.0%)
1  ------------------------------------------------------------------------O (150 = 100.0%) {0.0%}
2  O                                                                         (0 = 0.0%) {100.0%}

Histogram: Net.QuicSession.AbortedPendingStreamRequests recorded 145 samples, mean = 0.0 (flags = 0x41)
0  ------------------------------------------------------------------------O (145 = 100.0%)
1  ... 

Histogram: Net.QuicSession.AcceptChForOrigin recorded 150 samples, mean = 0.0 (flags = 0x41)
0  ------------------------------------------------------------------------O (148 = 98.7%)
1  -O                                                                        (2 = 1.3%) {98.7%}
2  O                                                                         (0 = 0.0%) {100.0%}

Histogram: Net.QuicSession.AcceptChFrameReceivedViaAlps recorded 142 samples, mean = 1.0 (flags = 0x41)
0  O                                                                         (0 = 0.0%)
1  ------------------------------------------------------------------------O (142 = 100.0%) {0.0%}
2  ... 

Histogram: Net.QuicSession.AsyncRead recorded 2154 samples, mean = 0.7 (flags = 0x41)
0  -------------------------O                                                (552 = 25.6%)
1  ------------------------------------------------------------------------O (1602 = 74.4%) {25.6%}
2  O                                                                         (0 = 0.0%) {100.0%}

Histogram: Net.QuicSession.BlockedFrames.Received recorded 145 samples, mean = 0.0 (flags = 0x41)
0  ------------------------------------------------------------------------O (145 = 100.0%)
1  ... 

Histogram: Net.QuicSession.BlockedFrames.Sent recorded 145 samples, mean = 0.0 (flags = 0x41)
0  ------------------------------------------------------------------------O (145 = 100.0%)
1  ... 

Histogram: Net.QuicSession.CertVerificationResult recorded 145 samples (flags = 0x41)
0  ------------------------------------------------------------------------O (145 = 100.0%)

Histogram: Net.QuicSession.ClientSideMtu recorded 145 samples (flags = 0x41)
1250  ------------------------------------------------------------------------O (145 = 100.0%)

Histogram: Net.QuicSession.CloseAllSessionsError recorded 3 samples (flags = 0x41)
3  ---O                                                                      (3 = 100.0%)

Histogram: Net.QuicSession.ClosedDuringInitializeSession recorded 145 samples, mean = 0.0 (flags = 0x41)
0  ------------------------------------------------------------------------O (145 = 100.0%)
1  ... 

Histogram: Net.QuicSession.CoalesceStreamFrameStatus recorded 1449 samples, mean = 0.4 (flags = 0x41)
0  ------------------------------------------------------------------------O (878 = 60.6%)
1  -----------------------------------------------O                          (571 = 39.4%) {60.6%}
2  O                                                                         (0 = 0.0%) {100.0%}

Histogram: Net.QuicSession.ConnectRandomPortForHTTPS recorded 145 samples, mean = 0.0 (flags = 0x41)
0  ------------------------------------------------------------------------O (145 = 100.0%)
1  ... 

Histogram: Net.QuicSession.ConnectionClose.NumOpenStreams.TimedOut recorded 145 samples, mean = 0.0 (flags = 0x41)
0  ------------------------------------------------------------------------O (145 = 100.0%)
1  ... 

Histogram: Net.QuicSession.ConnectionCloseErrorCodeClient recorded 145 samples (flags = 0x41)
25  ------------------------------------------------------------------------O (145 = 100.0%)

Histogram: Net.QuicSession.ConnectionCloseErrorCodeClient.HandshakeConfirmed recorded 145 samples (flags = 0x41)
25  ------------------------------------------------------------------------O (145 = 100.0%)

Histogram: Net.QuicSession.ConnectionCloseErrorCodeClientGoogle recorded 142 samples (flags = 0x41)
25  ------------------------------------------------------------------------O (142 = 100.0%)

Histogram: Net.QuicSession.ConnectionCloseErrorCodeClientGoogle.HandshakeConfirmed recorded 142 samples (flags = 0x41)
25  ------------------------------------------------------------------------O (142 = 100.0%)

Histogram: Net.QuicSession.ConnectionDuration recorded 145 samples, mean = 29516.3 (flags = 0x41)
0      ... 
27425  ------------------------------------------------------------------------O (144 = 99.3%) {0.0%}
31655  O                                                                         (0 = 0.0%) {99.3%}
36538  -O                                                                        (1 = 0.7%) {99.3%}
42174  ... 

Histogram: Net.QuicSession.ConnectionFlowControlBlocked recorded 165 samples, mean = 1.0 (flags = 0x41)
0  O                                                                         (0 = 0.0%)
1  ------------------------------------------------------------------------O (165 = 100.0%) {0.0%}
2  O                                                                         (0 = 0.0%) {100.0%}

Histogram: Net.QuicSession.ConnectionIpPooled recorded 145 samples, mean = 0.0 (flags = 0x41)
0  ------------------------------------------------------------------------O (145 = 100.0%)
1  ... 

Histogram: Net.QuicSession.ConnectionTypeFromSelf recorded 145 samples, mean = 1.0 (flags = 0x41)
0  O                                                                         (0 = 0.0%)
1  ------------------------------------------------------------------------O (145 = 100.0%) {0.0%}
2  O                                                                         (0 = 0.0%) {100.0%}

Histogram: Net.QuicSession.CryptoRetransmitCount.HandshakeConfirmed recorded 145 samples, mean = 0.6 (flags = 0x41)
0   ------------------------------------------------------------------------O (131 = 90.3%)
1   --O                                                                       (3 = 2.1%) {90.3%}
2   ... 
4   -O                                                                        (1 = 0.7%) {92.4%}
5   O                                                                         (0 = 0.0%) {93.1%}
6   -O                                                                        (1 = 0.7%) {93.1%}
7   -O                                                                        (1 = 0.7%) {93.8%}
8   -O                                                                        (2 = 1.4%) {94.5%}
9   --O                                                                       (4 = 2.8%) {95.9%}
10  -O                                                                        (2 = 1.4%) {98.6%}
11  ... 

Histogram: Net.QuicSession.DuplicatePacketsReceived recorded 145 samples, mean = 0.0 (flags = 0x41)
0  ------------------------------------------------------------------------O (145 = 100.0%)
1  ... 

Histogram: Net.QuicSession.EcnMarksObserved recorded 145 samples, mean = 1.0 (flags = 0x41)
0  O                                                                         (0 = 0.0%)
1  ------------------------------------------------------------------------O (145 = 100.0%) {0.0%}
2  ... 

Histogram: Net.QuicSession.EncryptionEstablishedTime recorded 145 samples, mean = 52.8 (flags = 0x41)
0    ------------------------------------------------------------------------O (128 = 88.3%)
1    ... 
12   -O                                                                        (1 = 0.7%) {88.3%}
14   ... 
20   -O                                                                        (1 = 0.7%) {89.0%}
24   -O                                                                        (1 = 0.7%) {89.7%}
29   ... 
226  -O                                                                        (1 = 0.7%) {90.3%}
268  -O                                                                        (2 = 1.4%) {91.0%}
318  -O                                                                        (1 = 0.7%) {92.4%}
378  ... 
633  ------O                                                                   (10 = 6.9%) {93.1%}
752  ... 

Histogram: Net.QuicSession.FinchConfigIsValid recorded 3 samples, mean = 1.0 (flags = 0x41)
0  O                                                                         (0 = 0.0%)
1  ---O                                                                      (3 = 100.0%) {0.0%}
2  O                                                                         (0 = 0.0%) {100.0%}

Histogram: Net.QuicSession.FindMatchingIpSessionResult recorded 291 samples, mean = 2.0 (flags = 0x41)
0  ... 
2  ------------------------------------------------------------------------O (291 = 100.0%) {0.0%}
3  O                                                                         (0 = 0.0%) {100.0%}

Histogram: Net.QuicSession.FindMatchingIpSessionResultGoogle recorded 284 samples, mean = 2.0 (flags = 0x41)
0  ... 
2  ------------------------------------------------------------------------O (284 = 100.0%) {0.0%}
3  O                                                                         (0 = 0.0%) {100.0%}

Histogram: Net.QuicSession.HandshakeConfirmedTime recorded 145 samples, mean = 90.2 (flags = 0x41)
0    ... 
20   -O                                                                        (1 = 0.7%) {0.0%}
24   -O                                                                        (1 = 0.7%) {0.7%}
29   O                                                                         (0 = 0.0%) {1.4%}
34   ------------O                                                             (18 = 12.4%) {1.4%}
40   ------------------------------------------------------------------------O (108 = 74.5%) {13.8%}
48   --O                                                                       (3 = 2.1%) {88.3%}
57   ... 
226  -O                                                                        (1 = 0.7%) {90.3%}
268  -O                                                                        (2 = 1.4%) {91.0%}
318  -O                                                                        (1 = 0.7%) {92.4%}
378  ... 
633  -------O                                                                  (10 = 6.9%) {93.1%}
752  ... 

Histogram: Net.QuicSession.HeaderCompressionRatioQpackReceived recorded 150 samples, mean = 8.4 (flags = 0x41)
0   O                                                                         (0 = 0.0%)
1   -O                                                                        (1 = 0.7%) {0.0%}
2   ... 
5   ------------------------------------------------------------------------O (141 = 94.0%) {0.7%}
6   ... 
63  -O                                                                        (1 = 0.7%) {94.7%}
64  ... 
68  -O                                                                        (1 = 0.7%) {95.3%}
69  --O                                                                       (3 = 2.0%) {96.0%}
70  -O                                                                        (2 = 1.3%) {98.0%}
71  ... 
74  -O                                                                        (1 = 0.7%) {99.3%}
75  ... 

Histogram: Net.QuicSession.HeaderCompressionRatioQpackSent recorded 150 samples, mean = 69.2 (flags = 0x41)
0   ... 
63  -O                                                                        (1 = 0.7%) {0.0%}
64  ... 
69  ------------------------------------------------------------------------O (141 = 94.0%) {0.7%}
70  -O                                                                        (1 = 0.7%) {94.7%}
71  O                                                                         (0 = 0.0%) {95.3%}
72  -O                                                                        (2 = 1.3%) {95.3%}
73  O                                                                         (0 = 0.0%) {96.7%}
74  -O                                                                        (2 = 1.3%) {96.7%}
75  -O                                                                        (1 = 0.7%) {98.0%}
76  -O                                                                        (2 = 1.3%) {98.7%}
77  ... 

Histogram: Net.QuicSession.HostResolution.HandshakeConfirmedTime recorded 145 samples, mean = 90.4 (flags = 0x41)
0    ... 
20   -O                                                                        (1 = 0.7%) {0.0%}
24   -O                                                                        (1 = 0.7%) {0.7%}
29   O                                                                         (0 = 0.0%) {1.4%}
34   -----------O                                                              (16 = 11.0%) {1.4%}
40   ------------------------------------------------------------------------O (107 = 73.8%) {12.4%}
48   ----O                                                                     (6 = 4.1%) {86.2%}
57   ... 
226  -O                                                                        (1 = 0.7%) {90.3%}
268  -O                                                                        (2 = 1.4%) {91.0%}
318  -O                                                                        (1 = 0.7%) {92.4%}
378  ... 
633  -------O                                                                  (10 = 6.9%) {93.1%}
752  ... 

Histogram: Net.QuicSession.IncorrectConnectionIDsReceived recorded 145 samples, mean = 0.0 (flags = 0x41)
0  ------------------------------------------------------------------------O (145 = 100.0%)
1  ... 

Histogram: Net.QuicSession.InitialRttEsitmateSource recorded 145 samples, mean = 1.0 (flags = 0x41)
0  O                                                                         (0 = 0.0%)
1  ------------------------------------------------------------------------O (145 = 100.0%) {0.0%}
2  ... 

Histogram: Net.QuicSession.KeyUpdate.PerConnection2 recorded 145 samples, mean = 0.0 (flags = 0x41)
0  ------------------------------------------------------------------------O (145 = 100.0%)
1  ... 

Histogram: Net.QuicSession.KeyUpdate.PotentialPeerKeyUpdateAttemptCount recorded 145 samples, mean = 0.0 (flags = 0x41)
0  ------------------------------------------------------------------------O (145 = 100.0%)
1  ... 

Histogram: Net.QuicSession.MaxConsecutiveRtoWithForwardProgress recorded 145 samples, mean = 0.1 (flags = 0x41)
0  ------------------------------------------------------------------------O (131 = 90.3%)
1  -------O                                                                  (13 = 9.0%) {90.3%}
2  -O                                                                        (1 = 0.7%) {99.3%}
3  ... 

Histogram: Net.QuicSession.MinRTT recorded 145 samples, mean = 27.9 (flags = 0x41)
0   ... 
10  ---O                                                                      (3 = 2.1%) {0.0%}
12  ... 
24  ------------------------------------------------------------------------O (85 = 58.6%) {2.1%}
29  -----------------------------------------------O                          (55 = 37.9%) {60.7%}
34  --O                                                                       (2 = 1.4%) {98.6%}
40  ... 

Histogram: Net.QuicSession.MtuProbesSent recorded 145 samples, mean = 0.0 (flags = 0x41)
0  ------------------------------------------------------------------------O (145 = 100.0%)
1  ... 

Histogram: Net.QuicSession.NumDefaultPathDegrading recorded 145 samples, mean = 0.0 (flags = 0x41)
0  ------------------------------------------------------------------------O (145 = 100.0%)
1  ... 

Histogram: Net.QuicSession.NumMigrations recorded 145 samples, mean = 0.0 (flags = 0x41)
0  ------------------------------------------------------------------------O (145 = 100.0%)
1  ... 

Histogram: Net.QuicSession.NumOpenStreams recorded 150 samples, mean = 1.0 (flags = 0x41)
0  O                                                                         (0 = 0.0%)
1  ------------------------------------------------------------------------O (150 = 100.0%) {0.0%}
2  ... 

Histogram: Net.QuicSession.NumPingsSent recorded 145 samples, mean = 0.6 (flags = 0x41)
0  ------------------------------------------------------------------------O (131 = 90.3%)
1  --O                                                                       (3 = 2.1%) {90.3%}
2  O                                                                         (0 = 0.0%) {92.4%}
3  -O                                                                        (1 = 0.7%) {92.4%}
4  O                                                                         (0 = 0.0%) {93.1%}
5  -O                                                                        (1 = 0.7%) {93.1%}
6  O                                                                         (0 = 0.0%) {93.8%}
7  -O                                                                        (1 = 0.7%) {93.8%}
8  ---O                                                                      (6 = 4.1%) {94.5%}
9  -O                                                                        (2 = 1.4%) {98.6%}
10 ... 

Histogram: Net.QuicSession.NumQueuedPacketsBeforeWrite recorded 2048 samples, mean = 0.0 (flags = 0x41)
0  ------------------------------------------------------------------------O (2048 = 100.0%)
1  ... 

Histogram: Net.QuicSession.NumTotalStreams recorded 145 samples, mean = 1.0 (flags = 0x41)
0  O                                                                         (0 = 0.0%)
1  ------------------------------------------------------------------------O (144 = 99.3%) {0.0%}
2  ... 
5  -O                                                                        (1 = 0.7%) {99.3%}
7  ... 

Histogram: Net.QuicSession.OutOfOrderGapReceived recorded 13 samples, mean = 14.7 (flags = 0x41)
0   O                                                                         (0 = 0.0%)
1   --O                                                                       (2 = 15.4%) {0.0%}
2   ... 
12  --O                                                                       (2 = 15.4%) {15.4%}
16  --------O                                                                 (8 = 61.5%) {30.8%}
21  -O                                                                        (1 = 7.7%) {92.3%}
28  ... 

Histogram: Net.QuicSession.OutOfOrderLargePacketsReceived recorded 145 samples, mean = 0.0 (flags = 0x41)
0  ------------------------------------------------------------------------O (141 = 97.2%)
1  --O                                                                       (4 = 2.8%) {97.2%}
2  ... 

Histogram: Net.QuicSession.OutOfOrderPacketsReceived recorded 145 samples, mean = 0.1 (flags = 0x41)
0  ------------------------------------------------------------------------O (132 = 91.0%)
1  -------O                                                                  (13 = 9.0%) {91.0%}
2  ... 

Histogram: Net.QuicSession.PacketGapReceived recorded 62 samples, mean = 2.4 (flags = 0x41)
0  O                                                                         (0 = 0.0%)
1  ----------------------O                                                   (22 = 35.5%) {0.0%}
2  --O                                                                       (2 = 3.2%) {35.5%}
3  ---------------------------O                                              (27 = 43.5%) {38.7%}
4  -----------O                                                              (11 = 17.7%) {82.3%}
5  ... 

Histogram: Net.QuicSession.PacketGapReceivedNearPing recorded 83 samples, mean = 2.5 (flags = 0x41)
0  O                                                                         (0 = 0.0%)
1  -------------------------------------------O                              (43 = 51.8%) {0.0%}
2  --O                                                                       (2 = 2.4%) {51.8%}
3  O                                                                         (0 = 0.0%) {54.2%}
4  ---------------------------O                                              (27 = 32.5%) {54.2%}
5  -----------O                                                              (11 = 13.3%) {86.7%}
7  ... 

Histogram: Net.QuicSession.PacketLossRate_CONNECTION_ETHERNET recorded 12 samples, mean = 98.8 (flags = 0x41)
0    -O                                                                        (1 = 8.3%)
1    ... 
10   -O                                                                        (1 = 8.3%) {8.3%}
11   ... 
88   -O                                                                        (1 = 8.3%) {16.7%}
95   -O                                                                        (1 = 8.3%) {25.0%}
102  -O                                                                        (1 = 8.3%) {33.3%}
110  --O                                                                       (2 = 16.7%) {41.7%}
118  -O                                                                        (1 = 8.3%) {58.3%}
127  ----O                                                                     (4 = 33.3%) {66.7%}
136  ... 

Histogram: Net.QuicSession.PacketWriteTime.Synchronous recorded 1632 samples, mean = 0.0 (flags = 0x41)
0  ------------------------------------------------------------------------O (1632 = 100.0%)
1  ... 

Histogram: Net.QuicSession.PacketsBeforeEcnTransition recorded 145 samples, mean = 0.0 (flags = 0x41)
0  ------------------------------------------------------------------------O (145 = 100.0%)
1  ... 

Histogram: Net.QuicSession.PreferAesGcm recorded 1 samples, mean = 1.0 (flags = 0x41)
0  O                                                                         (0 = 0.0%)
1  -O                                                                        (1 = 100.0%) {0.0%}
2  O                                                                         (0 = 0.0%) {100.0%}

Histogram: Net.QuicSession.Qpack.HeaderListCountWhenBlockedStreamLimited recorded 8 samples, mean = 2.9 (flags = 0x41)
0  O                                                                         (0 = 0.0%)
1  ---O                                                                      (3 = 37.5%) {0.0%}
2  -O                                                                        (1 = 12.5%) {37.5%}
3  -O                                                                        (1 = 12.5%) {50.0%}
4  -O                                                                        (1 = 12.5%) {62.5%}
5  -O                                                                        (1 = 12.5%) {75.0%}
6  -O                                                                        (1 = 12.5%) {87.5%}
7  ... 

Histogram: Net.QuicSession.Qpack.HeaderListCountWhenInsertionNotBlocked recorded 150 samples, mean = 1.1 (flags = 0x41)
0  O                                                                         (0 = 0.0%)
1  ------------------------------------------------------------------------O (145 = 96.7%) {0.0%}
2  O                                                                         (1 = 0.7%) {96.7%}
3  O                                                                         (1 = 0.7%) {97.3%}
4  O                                                                         (1 = 0.7%) {98.0%}
5  O                                                                         (1 = 0.7%) {98.7%}
6  O                                                                         (1 = 0.7%) {99.3%}
7  ... 

Histogram: Net.QuicSession.Qpack.HeaderListCountWhenNotBlockedStreamLimited recorded 142 samples, mean = 1.0 (flags = 0x41)
0  O                                                                         (0 = 0.0%)
1  ------------------------------------------------------------------------O (142 = 100.0%) {0.0%}
2  ... 

Histogram: Net.QuicSession.QuicVersion recorded 145 samples (flags = 0x41)
80  ------------------------------------------------------------------------O (145 = 100.0%)

Histogram: Net.QuicSession.ReceivedSettings.BlockedStreams recorded 142 samples, mean = 100.0 (flags = 0x41)
0   ... 
95  ------------------------------------------------------------------------O (142 = 100.0%) {0.0%}
107 ... 

Histogram: Net.QuicSession.ReceivedSettings.CountPlusOne recorded 145 samples, mean = 6.9 (flags = 0x41)
0  ... 
3  --O                                                                       (3 = 2.1%) {0.0%}
4  ... 
7  ------------------------------------------------------------------------O (142 = 97.9%) {2.1%}
8  ... 

Histogram: Net.QuicSession.ReceivedSettings.MaxHeaderListSize2 recorded 145 samples, mean = 66891.9 (flags = 0x41)
0       ... 
63662   ------------------------------------------------------------------------O (142 = 97.9%) {0.0%}
83848   O                                                                         (0 = 0.0%) {97.9%}
110434  --O                                                                       (3 = 2.1%) {97.9%}
145450  ... 

Histogram: Net.QuicSession.ReceivedSettings.MaxTableCapacity2 recorded 142 samples, mean = 65536.0 (flags = 0x41)
0      ... 
63662  ------------------------------------------------------------------------O (142 = 100.0%) {0.0%}
83848  ... 

Histogram: Net.QuicSession.ReceivedSettings.ReservedCountPlusOne recorded 145 samples, mean = 2.0 (flags = 0x41)
0  ... 
2  ------------------------------------------------------------------------O (145 = 100.0%) {0.0%}
3  ... 

Histogram: Net.QuicSession.RstStreamErrorCodeServer recorded 3 samples (flags = 0x41)
20  ---O                                                                      (3 = 100.0%)

Histogram: Net.QuicSession.SendPacketSize.0RTT recorded 140 samples, mean = 79.3 (flags = 0x41)
0   ... 
68  ---------------O                                                          (24 = 17.1%) {0.0%}
77  ------------------------------------------------------------------------O (116 = 82.9%) {17.1%}
87  ... 

Histogram: Net.QuicSession.SendPacketSize.ForwardSecure recorded 844 samples, mean = 313.9 (flags = 0x41)
0     ... 
28    ------------------------------------------------------------------------O (257 = 30.5%) {0.0%}
32    ----------O                                                               (36 = 4.3%) {30.5%}
36    -----------------------------------------------O                          (167 = 19.8%) {34.7%}
41    ------------------O                                                       (66 = 7.8%) {54.5%}
47    -O                                                                        (5 = 0.6%) {62.3%}
53    ... 
68    -O                                                                        (2 = 0.2%) {62.9%}
77    -O                                                                        (3 = 0.4%) {63.2%}
87    ... 
128   O                                                                         (1 = 0.1%) {63.5%}
145   ... 
276   ----------------------------------------O                                 (141 = 16.7%) {63.6%}
314   ... 
406   O                                                                         (1 = 0.1%) {80.3%}
461   O                                                                         (1 = 0.1%) {80.5%}
524   ... 
676   O                                                                         (1 = 0.1%) {80.6%}
768   O                                                                         (1 = 0.1%) {80.7%}
872   O                                                                         (1 = 0.1%) {80.8%}
991   O                                                                         (1 = 0.1%) {80.9%}
1126  ---------------------------------------------O                            (160 = 19.0%) {81.0%}
1279  ... 

Histogram: Net.QuicSession.SendPacketSize.Handshake recorded 170 samples, mean = 86.2 (flags = 0x41)
0   ... 
36  ----O                                                                     (7 = 4.1%) {0.0%}
41  -------O                                                                  (13 = 7.6%) {4.1%}
47  ---O                                                                      (5 = 2.9%) {11.8%}
53  ... 
77  --O                                                                       (4 = 2.4%) {14.7%}
87  ------------------------------------------------------------------------O (140 = 82.4%) {17.1%}
99  -O                                                                        (1 = 0.6%) {99.4%}
113 ... 

Histogram: Net.QuicSession.SendPacketSize.Initial recorded 495 samples, mean = 779.7 (flags = 0x41)
0     ... 
41    O                                                                         (1 = 0.2%) {0.0%}
47    -O                                                                        (3 = 0.6%) {0.2%}
53    ... 
99    -----------------------O                                                  (93 = 18.8%) {0.8%}
113   ------O                                                                   (25 = 5.1%) {19.6%}
128   --O                                                                       (9 = 1.8%) {24.6%}
145   ----------O                                                               (38 = 7.7%) {26.5%}
165   ----O                                                                     (17 = 3.4%) {34.1%}
188   ----O                                                                     (14 = 2.8%) {37.6%}
214   -O                                                                        (5 = 1.0%) {40.4%}
243   ... 
524   -O                                                                        (2 = 0.4%) {41.4%}
595   -O                                                                        (3 = 0.6%) {41.8%}
676   ... 
1126  ------------------------------------------------------------------------O (285 = 57.6%) {42.4%}
1279  ... 

Histogram: Net.QuicSession.ServerSideMtu recorded 145 samples (flags = 0x41)
1200  --O                                                                       (3 = 2.1%)
1250  ------------------------------------------------------------------------O (142 = 97.9%)

Histogram: Net.QuicSession.SmoothedRTT recorded 145 samples, mean = 33.4 (flags = 0x41)
0   ... 
14  -O                                                                        (1 = 0.7%) {0.0%}
17  --O                                                                       (2 = 1.4%) {0.7%}
20  O                                                                         (0 = 0.0%) {2.1%}
24  ----O                                                                     (4 = 2.8%) {2.1%}
29  --------------------------------------------------------------------O     (68 = 46.9%) {4.8%}
34  ------------------------------------------------------------------O       (66 = 45.5%) {51.7%}
40  ----O                                                                     (4 = 2.8%) {97.2%}
48  ... 

Histogram: Net.QuicSession.StopSendingErrorCodeClient recorded 3 samples (flags = 0x41)
20  ---O                                                                      (3 = 100.0%)

Histogram: Net.QuicSession.StreamFlowControlBlocked recorded 165 samples, mean = 1.0 (flags = 0x41)
0  O                                                                         (0 = 0.0%)
1  ------------------------------------------------------------------------O (165 = 100.0%) {0.0%}
2  O                                                                         (0 = 0.0%) {100.0%}

Histogram: Net.QuicSession.StreamFrameDuplicatedShortConnection recorded 145 samples, mean = 0.0 (flags = 0x41)
0  ------------------------------------------------------------------------O (145 = 100.0%)
1  ... 

Histogram: Net.QuicSession.TimeFromResolveHostToConfirmConnection recorded 145 samples, mean = 73.5 (flags = 0x41)
0    -------------------O                                                      (19 = 13.1%)
1    ... 
17   --------O                                                                 (8 = 5.5%) {13.1%}
20   ----------------------------------------O                                 (40 = 27.6%) {18.6%}
24   -------------------------------------------O                              (43 = 29.7%) {46.2%}
29   ---------------------O                                                    (21 = 14.5%) {75.9%}
34   ... 
226  -O                                                                        (1 = 0.7%) {90.3%}
268  O                                                                         (0 = 0.0%) {91.0%}
318  ---O                                                                      (3 = 2.1%) {91.0%}
378  ... 
633  ----------O                                                               (10 = 6.9%) {93.1%}
752  ... 

Histogram: Net.QuicSession.TooManyOpenStreams recorded 150 samples, mean = 0.0 (flags = 0x41)
0  ------------------------------------------------------------------------O (150 = 100.0%)
1  ... 

Histogram: Net.QuicSession.TooSmallInitialSentPacket recorded 210 samples, mean = 1055.4 (flags = 0x41)
0     ... 
505   -O                                                                        (1 = 0.5%) {0.0%}
571   --O                                                                       (3 = 1.4%) {0.5%}
646   -O                                                                        (1 = 0.5%) {1.9%}
731   ... 
936   -----------------------------------------O                                (74 = 35.2%) {2.4%}
1060  ------------------------------------------------------------------------O (131 = 62.4%) {37.6%}
1200  O                                                                         (0 = 0.0%) {100.0%}

Histogram: Net.QuicSession.UndecryptablePacketsReceived recorded 145 samples, mean = 0.8 (flags = 0x41)
0  ------------------------------------------------------------------------O (132 = 91.0%)
1  ... 
3  -O                                                                        (2 = 1.4%) {91.0%}
4  ... 
7  -O                                                                        (2 = 1.4%) {92.4%}
9  -----O                                                                    (9 = 6.2%) {93.8%}
12 ... 

Histogram: Net.QuicSession.UndecryptablePacketsReceivedWithDecrypter recorded 145 samples, mean = 0.0 (flags = 0x41)
0  ------------------------------------------------------------------------O (145 = 100.0%)
1  ... 

Histogram: Net.QuicSession.ValidConnectionTime recorded 128 samples, mean = 0.0 (flags = 0x41)
0  ------------------------------------------------------------------------O (127 = 99.2%)
1  -O                                                                        (1 = 0.8%) {99.2%}
2  ... 

Histogram: Net.QuicSession.VerifyProofTime recorded 145 samples, mean = 51.7 (flags = 0x41)
0    ------------------------------------------------------------------------O (130 = 89.7%)
1    ... 
12   -O                                                                        (1 = 0.7%) {89.7%}
14   ... 
190  -O                                                                        (1 = 0.7%) {90.3%}
226  O                                                                         (0 = 0.0%) {91.0%}
268  -O                                                                        (2 = 1.4%) {91.0%}
318  -O                                                                        (1 = 0.7%) {92.4%}
378  ... 
633  ------O                                                                   (10 = 6.9%) {93.1%}
752  ... 

Histogram: Net.QuicSession.ZeroRttReason recorded 145 samples, mean = 2.1 (flags = 0x41)
0  ... 
2  ------------------------------------------------------------------------O (140 = 96.6%) {0.0%}
3  ... 
5  ---O                                                                      (5 = 3.4%) {96.6%}
6  ... 

Histogram: Net.QuicSession.ZeroRttReasonGoogle recorded 142 samples, mean = 2.0 (flags = 0x41)
0  ... 
2  ------------------------------------------------------------------------O (140 = 98.6%) {0.0%}
3  ... 
5  -O                                                                        (2 = 1.4%) {98.6%}
6  ... 

Histogram: Net.QuicSession.ZeroRttReasonNonGoogle recorded 3 samples, mean = 5.0 (flags = 0x41)
0  ... 
5  ---O                                                                      (3 = 100.0%) {0.0%}
6  ... 

Histogram: Net.QuicSession.ZeroRttState recorded 145 samples, mean = 0.1 (flags = 0x41)
0  ------------------------------------------------------------------------O (140 = 96.6%)
1  O                                                                         (0 = 0.0%) {96.6%}
2  ---O                                                                      (5 = 3.4%) {96.6%}
3  O                                                                         (0 = 0.0%) {100.0%}

Histogram: Net.RestrictedCookieManager.SiteForCookiesOK recorded 2 samples, mean = 1.0 (flags = 0x41)
0  O                                                                         (0 = 0.0%)
1  --O                                                                       (2 = 100.0%) {0.0%}
2  O                                                                         (0 = 0.0%) {100.0%}

Histogram: Net.RestrictedCookieManager.TopFrameOriginOK recorded 2 samples, mean = 1.0 (flags = 0x41)
0  O                                                                         (0 = 0.0%)
1  --O                                                                       (2 = 100.0%) {0.0%}
2  O                                                                         (0 = 0.0%) {100.0%}

Histogram: Net.SSLHandshakeDetails recorded 23 samples, mean = 6.5 (flags = 0x41)
0  ... 
6  ------------O                                                             (12 = 52.2%) {0.0%}
7  -----------O                                                              (11 = 47.8%) {52.2%}
8  ... 

Histogram: Net.SSLNegotiatedAlpnProtocol recorded 23 samples, mean = 1.9 (flags = 0x41)
0  -O                                                                        (1 = 4.3%)
1  -O                                                                        (1 = 4.3%) {4.3%}
2  ---------------------O                                                    (21 = 91.3%) {8.7%}
3  ... 

Histogram: Net.SSLRenegotiationInfoSupported recorded 23 samples, mean = 1.0 (flags = 0x41)
0  O                                                                         (0 = 0.0%)
1  -----------------------O                                                  (23 = 100.0%) {0.0%}
2  O                                                                         (0 = 0.0%) {100.0%}

Histogram: Net.SSLSignatureAlgorithm recorded 23 samples (flags = 0x41)
1027  -------------------O                                                      (19 = 82.6%)
2052  ----O                                                                     (4 = 17.4%)

Histogram: Net.SSLVersion recorded 22 samples, mean = 6.0 (flags = 0x41)
0  ... 
6  ----------------------O                                                   (22 = 100.0%) {0.0%}
7  ... 

Histogram: Net.SSL_CipherSuite recorded 22 samples (flags = 0x41)
4865  ----------O                                                               (10 = 45.5%)
4866  ------------O                                                             (12 = 54.5%)

Histogram: Net.SSL_Connection_Error recorded 22 samples (flags = 0x41)
0  ----------------------O                                                   (22 = 100.0%)

Histogram: Net.SSL_Connection_Latency_2 recorded 22 samples, mean = 400.8 (flags = 0x41)
0    ... 
34   -O                                                                        (1 = 4.5%) {0.0%}
38   -O                                                                        (1 = 4.5%) {4.5%}
42   O                                                                         (0 = 0.0%) {9.1%}
46   -O                                                                        (1 = 4.5%) {9.1%}
51   ... 
122  -O                                                                        (1 = 4.5%) {13.6%}
135  ... 
164  -O                                                                        (1 = 4.5%) {18.2%}
181  ... 
221  ---O                                                                      (3 = 13.6%) {22.7%}
244  -O                                                                        (1 = 4.5%) {36.4%}
269  -O                                                                        (1 = 4.5%) {40.9%}
297  ... 
535  ----------O                                                               (10 = 45.5%) {45.5%}
590  -O                                                                        (1 = 4.5%) {90.9%}
651  ... 
964  -O                                                                        (1 = 4.5%) {95.5%}
1064 ... 

Histogram: Net.SSL_KeyExchange.ECDHE recorded 22 samples (flags = 0x41)
29     -------------------O                                                      (19 = 86.4%)
25497  ---O                                                                      (3 = 13.6%)

Histogram: Net.SharedDictionaryStorageOnDisk.IsMetadataReadyOnFirstUse recorded 1 samples, mean = 1.0 (flags = 0x41)
0  O                                                                         (0 = 0.0%)
1  -O                                                                        (1 = 100.0%) {0.0%}
2  O                                                                         (0 = 0.0%) {100.0%}

Histogram: Net.SharedDictionaryStorageOnDisk.MetadataReadTime.Empty recorded 1 samples, mean = 0.0 (flags = 0x41)
0  -O                                                                        (1 = 100.0%)
1  ... 

Histogram: Net.SharedDictionaryStore.DeleteExpiredDictionaries.Error recorded 2 samples, mean = 0.0 (flags = 0x41)
0  --O                                                                       (2 = 100.0%)
1  ... 

Histogram: Net.SharedDictionaryStore.GetDictionaries.Error recorded 1 samples, mean = 0.0 (flags = 0x41)
0  -O                                                                        (1 = 100.0%)
1  ... 

Histogram: Net.SharedDictionaryStore.ProcessEviction.Error recorded 1 samples, mean = 0.0 (flags = 0x41)
0  -O                                                                        (1 = 100.0%)
1  ... 

Histogram: Net.SpdyHeadersCompressionPercentage recorded 4 samples, mean = 48.5 (flags = 0x41)
0   ... 
34  -O                                                                        (1 = 25.0%) {0.0%}
35  ... 
40  -O                                                                        (1 = 25.0%) {25.0%}
41  -O                                                                        (1 = 25.0%) {50.0%}
42  ... 
79  -O                                                                        (1 = 25.0%) {75.0%}
80  ... 

Histogram: Net.SpdyResponseCode recorded 4 samples (flags = 0x41)
200  -O                                                                        (1 = 25.0%)
204  -O                                                                        (1 = 25.0%)
302  -O                                                                        (1 = 25.0%)
304  -O                                                                        (1 = 25.0%)

Histogram: Net.SpdySession.AcceptChForOrigin recorded 4 samples, mean = 0.0 (flags = 0x41)
0  ----O                                                                     (4 = 100.0%)
1  ... 

Histogram: Net.SpdySession.ClosedOnError recorded 3 samples (flags = 0x41)
0  ---O                                                                      (3 = 100.0%)

Histogram: Net.SpdySession.CreateStreamWithSocketConnected recorded 4 samples, mean = 1.0 (flags = 0x41)
0  O                                                                         (0 = 0.0%)
1  ----O                                                                     (4 = 100.0%) {0.0%}
2  O                                                                         (0 = 0.0%) {100.0%}

Histogram: Net.SpdySession.GoAwayReceived recorded 3 samples (flags = 0x41)
0  ---O                                                                      (3 = 100.0%)

Histogram: Net.SpdySession.OnSettings.ActiveStreamCount2 recorded 3 samples, mean = 1.0 (flags = 0x41)
0  O                                                                         (0 = 0.0%)
1  ---O                                                                      (3 = 100.0%) {0.0%}
2  ... 

Histogram: Net.SpdySession.OnSettings.CreatedAndActiveStreamCount2 recorded 3 samples, mean = 1.0 (flags = 0x41)
0  O                                                                         (0 = 0.0%)
1  ---O                                                                      (3 = 100.0%) {0.0%}
2  ... 

Histogram: Net.SpdySession.OnSettings.CreatedStreamCount2 recorded 3 samples, mean = 0.0 (flags = 0x41)
0  ---O                                                                      (3 = 100.0%)
1  ... 

Histogram: Net.SpdySession.OnSettings.PendingStreamCount2 recorded 3 samples, mean = 0.0 (flags = 0x41)
0  ---O                                                                      (3 = 100.0%)
1  ... 

Histogram: Net.SpdySession.ServerSupportsWebSocket recorded 3 samples, mean = 0.0 (flags = 0x41)
0  ---O                                                                      (3 = 100.0%)
1  ... 

Histogram: Net.SpdySessionGet recorded 5 samples, mean = 2.2 (flags = 0x41)
0  O                                                                         (0 = 0.0%)
1  --O                                                                       (2 = 40.0%) {0.0%}
2  O                                                                         (0 = 0.0%) {40.0%}
3  ---O                                                                      (3 = 60.0%) {40.0%}
4  O                                                                         (0 = 0.0%) {100.0%}

Histogram: Net.SpdyStreamsAbandonedPerSession recorded 3 samples, mean = 0.0 (flags = 0x41)
0  ---O                                                                      (3 = 100.0%)
1  ... 

Histogram: Net.SpdyStreamsPerSession recorded 3 samples, mean = 1.3 (flags = 0x41)
0  O                                                                         (0 = 0.0%)
1  --O                                                                       (2 = 66.7%) {0.0%}
2  -O                                                                        (1 = 33.3%) {66.7%}
3  ... 

Histogram: Net.TCP_Connection_Latency recorded 23 samples, mean = 28.7 (flags = 0x41)
0   ... 
12  --O                                                                       (2 = 8.7%) {0.0%}
14  -O                                                                        (1 = 4.3%) {8.7%}
16  O                                                                         (0 = 0.0%) {13.0%}
18  -O                                                                        (1 = 4.3%) {13.0%}
20  ... 
26  -----O                                                                    (5 = 21.7%) {17.4%}
29  ---------O                                                                (9 = 39.1%) {39.1%}
33  ---O                                                                      (3 = 13.0%) {78.3%}
37  O                                                                         (0 = 0.0%) {91.3%}
42  -O                                                                        (1 = 4.3%) {91.3%}
48  -O                                                                        (1 = 4.3%) {95.7%}
54  ... 

Histogram: Net.TcpConnectAttempt.Latency.Error recorded 4 samples, mean = 2195.0 (flags = 0x41)
0     ... 
1996  ----O                                                                     (4 = 100.0%) {0.0%}
2449  ... 

Histogram: Net.TcpConnectAttempt.Latency.Success recorded 24 samples, mean = 27.4 (flags = 0x41)
0   -O                                                                        (1 = 4.2%)
10  O                                                                         (0 = 0.0%) {4.2%}
12  ---O                                                                      (3 = 12.5%) {4.2%}
15  O                                                                         (0 = 0.0%) {16.7%}
18  -O                                                                        (1 = 4.2%) {16.7%}
22  -O                                                                        (1 = 4.2%) {20.8%}
27  -------------O                                                            (13 = 54.2%) {25.0%}
33  ---O                                                                      (3 = 12.5%) {79.2%}
41  --O                                                                       (2 = 8.3%) {91.7%}
50  ... 

Histogram: Net.UDPSocketWinClose recorded 751 samples, mean = 0.0 (flags = 0x41)
0  ------------------------------------------------------------------------O (751 = 100.0%)
1  ... 

Histogram: Net.URLLoaderThrottle.OnReceiveResponseTime recorded 48 samples, mean = 0.1 (flags = 0x41)
0  ----------------------------------------------O                           (46 = 95.8%)
1  -O                                                                        (1 = 2.1%) {95.8%}
2  ... 
4  -O                                                                        (1 = 2.1%) {97.9%}
5  ... 

Histogram: Net.URLLoaderThrottleExecutionTime.BeforeWillProcessResponse recorded 242 samples, mean = 0.0 (flags = 0x41)
0  ------------------------------------------------------------------------O (242 = 100.0%)
1  ... 

Histogram: Net.URLLoaderThrottleExecutionTime.WillProcessResponse recorded 242 samples, mean = 0.0 (flags = 0x41)
0  ------------------------------------------------------------------------O (242 = 100.0%)
1  ... 

Histogram: Net.URLLoaderThrottleExecutionTime.WillRedirectRequest recorded 21 samples, mean = 0.0 (flags = 0x41)
0  ---------------------O                                                    (21 = 100.0%)
1  ... 

Histogram: Net.URLLoaderThrottleExecutionTime.WillStartRequest recorded 242 samples, mean = 0.0 (flags = 0x41)
0  ------------------------------------------------------------------------O (242 = 100.0%)
1  ... 

Histogram: Net.URLRequest.ReferrerHasInformativePath.CrossOrigin recorded 186 samples, mean = 0.0 (flags = 0x41)
0  ------------------------------------------------------------------------O (186 = 100.0%)
1  ... 

Histogram: Net.URLRequest.ReferrerHasInformativePath.SameOrigin recorded 8 samples, mean = 1.0 (flags = 0x41)
0  O                                                                         (0 = 0.0%)
1  --------O                                                                 (8 = 100.0%) {0.0%}
2  O                                                                         (0 = 0.0%) {100.0%}

Histogram: Net.URLRequest.ReferrerPolicyForRequest.CrossOrigin recorded 186 samples, mean = 2.5 (flags = 0x41)
0  O                                                                         (0 = 0.0%)
1  ----------------------O                                                   (43 = 23.1%) {0.0%}
2  O                                                                         (0 = 0.0%) {23.1%}
3  ------------------------------------------------------------------------O (143 = 76.9%) {23.1%}
4  ... 

Histogram: Net.URLRequest.ReferrerPolicyForRequest.SameOrigin recorded 8 samples, mean = 1.0 (flags = 0x41)
0  O                                                                         (0 = 0.0%)
1  --------O                                                                 (8 = 100.0%) {0.0%}
2  ... 

Histogram: Network.Mdns.Googlecast recorded 110 samples, mean = 1.0 (flags = 0x41)
0  --O                                                                       (3 = 2.7%)
1  ------------------------------------------------------------------------O (107 = 97.3%) {2.7%}
2  O                                                                         (0 = 0.0%) {100.0%}

Histogram: NetworkService.DeletedOldCacheData recorded 1 samples, mean = 0.0 (flags = 0x41)
0  -O                                                                        (1 = 100.0%)
1  ... 

Histogram: NetworkService.GrantSandboxResult recorded 3 samples, mean = 9.0 (flags = 0x41)
0   ... 
7   -O                                                                        (1 = 33.3%) {0.0%}
8   ... 
10  --O                                                                       (2 = 66.7%) {33.3%}
11  ... 

Histogram: NetworkService.NetworkLoaderCompletionTime2.DiskCache recorded 39 samples, mean = 35.8 (flags = 0x41)
0    ... 
2    ----O                                                                     (4 = 10.3%) {0.0%}
3    ---O                                                                      (3 = 7.7%) {10.3%}
4    ----O                                                                     (4 = 10.3%) {17.9%}
5    -O                                                                        (1 = 2.6%) {28.2%}
6    ----O                                                                     (4 = 10.3%) {30.8%}
7    O                                                                         (0 = 0.0%) {41.0%}
8    -O                                                                        (1 = 2.6%) {41.0%}
10   -------O                                                                  (7 = 17.9%) {43.6%}
12   ---O                                                                      (3 = 7.7%) {61.5%}
14   ---O                                                                      (3 = 7.7%) {69.2%}
17   ---O                                                                      (3 = 7.7%) {76.9%}
20   -O                                                                        (1 = 2.6%) {84.6%}
24   -O                                                                        (1 = 2.6%) {87.2%}
29   -O                                                                        (1 = 2.6%) {89.7%}
34   ... 
114  -O                                                                        (1 = 2.6%) {92.3%}
135  ... 
190  -O                                                                        (1 = 2.6%) {94.9%}
226  ... 
633  -O                                                                        (1 = 2.6%) {97.4%}
752  ... 

Histogram: NetworkService.NetworkLoaderCompletionTime2.Network recorded 152 samples, mean = 470.4 (flags = 0x41)
0     ... 
24    -O                                                                        (1 = 0.7%) {0.0%}
29    O                                                                         (0 = 0.0%) {0.7%}
34    -O                                                                        (1 = 0.7%) {0.7%}
40    O                                                                         (0 = 0.0%) {1.3%}
48    --O                                                                       (2 = 1.3%) {1.3%}
57    ... 
81    -O                                                                        (1 = 0.7%) {2.6%}
96    -O                                                                        (1 = 0.7%) {3.3%}
114   O                                                                         (0 = 0.0%) {3.9%}
135   -O                                                                        (1 = 0.7%) {3.9%}
160   O                                                                         (0 = 0.0%) {4.6%}
190   -O                                                                        (1 = 0.7%) {4.6%}
226   O                                                                         (0 = 0.0%) {5.3%}
268   -------O                                                                  (7 = 4.6%) {5.3%}
318   ----------------------------------O                                       (34 = 22.4%) {9.9%}
378   ------------------------------O                                           (30 = 19.7%) {32.2%}
449   --------------------------------------O                                   (38 = 25.0%) {52.0%}
533   ---------------------O                                                    (21 = 13.8%) {77.0%}
633   -O                                                                        (1 = 0.7%) {90.8%}
752   --O                                                                       (2 = 1.3%) {91.4%}
894   --------O                                                                 (8 = 5.3%) {92.8%}
1062  ---O                                                                      (3 = 2.0%) {98.0%}
1262  ... 

Histogram: NetworkService.TimeToGrantCacheAccess recorded 1 samples, mean = 25.0 (flags = 0x41)
0   ... 
24  -O                                                                        (1 = 100.0%) {0.0%}
29  ... 

Histogram: NetworkService.TimeToGrantDataAccess recorded 2 samples, mean = 7.0 (flags = 0x41)
0  ... 
6  -O                                                                        (1 = 50.0%) {0.0%}
7  O                                                                         (0 = 0.0%) {50.0%}
8  -O                                                                        (1 = 50.0%) {50.0%}
10 ... 

Histogram: NetworkService.TimeToGrantSharedDictionaryAccess recorded 1 samples, mean = 7.0 (flags = 0x41)
0  ... 
7  -O                                                                        (1 = 100.0%) {0.0%}
8  ... 

Histogram: NetworkedProfile.Check recorded 1 samples, mean = 4.0 (flags = 0x41)
0  ... 
4  -O                                                                        (1 = 100.0%) {0.0%}
5  ... 

Histogram: NewTabPage.MostVisited.DeciScore.0.Local recorded 1 samples, mean = 453.0 (flags = 0x41)
0    ... 
448  -O                                                                        (1 = 100.0%) {0.0%}
590  ... 

Histogram: NewTabPage.MostVisited.DeciScore.1.Local recorded 1 samples, mean = 453.0 (flags = 0x41)
0    ... 
448  -O                                                                        (1 = 100.0%) {0.0%}
590  ... 

Histogram: Notifications.UsingSystemNotificationCenter recorded 1 samples, mean = 0.0 (flags = 0x41)
0  -O                                                                        (1 = 100.0%)
1  ... 

Histogram: Notifications.Windows.GetDisplayedStatus recorded 1 samples, mean = 0.0 (flags = 0x41)
0  -O                                                                        (1 = 100.0%)
1  ... 

Histogram: Notifications.Windows.GetSettingStatusStartup recorded 1 samples, mean = 1.0 (flags = 0x41)
0  O                                                                         (0 = 0.0%)
1  -O                                                                        (1 = 100.0%) {0.0%}
2  O                                                                         (0 = 0.0%) {100.0%}

Histogram: Notifications.Windows.HistoryStatus recorded 1 samples, mean = 0.0 (flags = 0x41)
0  -O                                                                        (1 = 100.0%)
1  ... 

Histogram: Notifications.Windows.SetReadyCallbackStatus2 recorded 1 samples, mean = 3.0 (flags = 0x41)
0  ... 
3  -O                                                                        (1 = 100.0%) {0.0%}
4  ... 

Histogram: Notifications.Windows.StartMenuShortcutStatus recorded 1 samples, mean = 2.0 (flags = 0x41)
0  ... 
2  -O                                                                        (1 = 100.0%) {0.0%}
3  ... 

Histogram: OSCrypt.AppBoundEncryption.SupportLevel recorded 1 samples, mean = 4.0 (flags = 0x41)
0  ... 
4  -O                                                                        (1 = 100.0%) {0.0%}
5  ... 

Histogram: OSCrypt.AppBoundProvider.KeyRetrieval.Status recorded 1 samples, mean = 1.0 (flags = 0x41)
0  O                                                                         (0 = 0.0%)
1  -O                                                                        (1 = 100.0%) {0.0%}
2  ... 

Histogram: OSCrypt.AsyncInitialization.Result recorded 1 samples, mean = 1.0 (flags = 0x41)
0  O                                                                         (0 = 0.0%)
1  -O                                                                        (1 = 100.0%) {0.0%}
2  O                                                                         (0 = 0.0%) {100.0%}

Histogram: OSCrypt.AsyncInitialization.Time recorded 1 samples, mean = 0.0 (flags = 0x41)
0  -O                                                                        (1 = 100.0%)
1  ... 

Histogram: OSCrypt.DPAPIProvider.Status recorded 1 samples, mean = 0.0 (flags = 0x41)
0  -O                                                                        (1 = 100.0%)
1  ... 

Histogram: OSCrypt.Win.Decrypt.Result recorded 1 samples, mean = 1.0 (flags = 0x41)
0  O                                                                         (0 = 0.0%)
1  -O                                                                        (1 = 100.0%) {0.0%}
2  O                                                                         (0 = 0.0%) {100.0%}

Histogram: OSCrypt.Win.Decrypt.Time recorded 1 samples, mean = 0.0 (flags = 0x41)
0  -O                                                                        (1 = 100.0%)
1  ... 

Histogram: Omnibox.TemplateUrl.RlzPresent recorded 397 samples, mean = 0.0 (flags = 0x41)
0  ------------------------------------------------------------------------O (397 = 100.0%)
1  ... 

Histogram: Omnibox.TemplateUrl.SearchClientPresent recorded 397 samples, mean = 0.0 (flags = 0x41)
0  ------------------------------------------------------------------------O (397 = 100.0%)
1  ... 

Histogram: OptimizationGuide.ApplyDecision.AboutThisSite recorded 1 samples, mean = 8.0 (flags = 0x41)
0  ... 
8  -O                                                                        (1 = 100.0%) {0.0%}
9  ... 

Histogram: OptimizationGuide.ApplyDecision.HistoryClusters recorded 4 samples, mean = 8.0 (flags = 0x41)
0  ... 
8  ----O                                                                     (4 = 100.0%) {0.0%}
9  ... 

Histogram: OptimizationGuide.ApplyDecision.PageEntities recorded 4 samples, mean = 8.0 (flags = 0x41)
0  ... 
8  ----O                                                                     (4 = 100.0%) {0.0%}
9  ... 

Histogram: OptimizationGuide.ApplyDecision.PriceInsights recorded 2 samples, mean = 10.0 (flags = 0x41)
0   ... 
8   -O                                                                        (1 = 50.0%) {0.0%}
9   ... 
12  -O                                                                        (1 = 50.0%) {50.0%}
13  O                                                                         (0 = 0.0%) {100.0%}

Histogram: OptimizationGuide.ApplyDecision.PriceTracking recorded 2 samples, mean = 10.0 (flags = 0x41)
0   ... 
8   -O                                                                        (1 = 50.0%) {0.0%}
9   ... 
12  -O                                                                        (1 = 50.0%) {50.0%}
13  O                                                                         (0 = 0.0%) {100.0%}

Histogram: OptimizationGuide.ApplyDecision.SalientImage recorded 4 samples, mean = 8.0 (flags = 0x41)
0  ... 
8  ----O                                                                     (4 = 100.0%) {0.0%}
9  ... 

Histogram: OptimizationGuide.ApplyDecision.V8CompileHints recorded 1 samples, mean = 8.0 (flags = 0x41)
0  ... 
8  -O                                                                        (1 = 100.0%) {0.0%}
9  ... 

Histogram: OptimizationGuide.HintCacheLevelDBStore.LoadMetadataResult recorded 1 samples, mean = 6.0 (flags = 0x41)
0  ... 
6  -O                                                                        (1 = 100.0%) {0.0%}
7  O                                                                         (0 = 0.0%) {100.0%}

Histogram: OptimizationGuide.HintCacheLevelDBStore.Status recorded 3 samples, mean = 1.0 (flags = 0x41)
0  -O                                                                        (1 = 33.3%)
1  -O                                                                        (1 = 33.3%) {33.3%}
2  -O                                                                        (1 = 33.3%) {66.7%}
3  ... 

Histogram: OptimizationGuide.HintsManager.HintCacheInitialized recorded 1 samples, mean = 1.0 (flags = 0x40)
0  O                                                                         (0 = 0.0%)
1  -O                                                                        (1 = 100.0%) {0.0%}
2  O                                                                         (0 = 0.0%) {100.0%}

Histogram: OptimizationGuide.LoadedHint.Result recorded 4 samples, mean = 0.0 (flags = 0x40)
0  ----O                                                                     (4 = 100.0%)
1  ... 

Histogram: OptimizationGuide.ModelExecution.FeatureCurrentlyEnabledResult.Compose recorded 1 samples, mean = 1.0 (flags = 0x41)
0  O                                                                         (0 = 0.0%)
1  -O                                                                        (1 = 100.0%) {0.0%}
2  ... 

Histogram: OptimizationGuide.ModelExecution.FeatureCurrentlyEnabledResult.HistorySearch recorded 2 samples, mean = 3.0 (flags = 0x41)
0  ... 
3  --O                                                                       (2 = 100.0%) {0.0%}
4  ... 

Histogram: OptimizationGuide.ModelExecution.FeatureCurrentlyEnabledResult.TabOrganization recorded 1 samples, mean = 3.0 (flags = 0x41)
0  ... 
3  -O                                                                        (1 = 100.0%) {0.0%}
4  ... 

Histogram: OptimizationGuide.ModelExecution.FeatureCurrentlyEnabledResult.WallpaperSearch recorded 1 samples, mean = 1.0 (flags = 0x41)
0  O                                                                         (0 = 0.0%)
1  -O                                                                        (1 = 100.0%) {0.0%}
2  ... 

Histogram: OptimizationGuide.ModelExecution.FeatureEnabledAtStartup.Compose recorded 1 samples, mean = 0.0 (flags = 0x41)
0  -O                                                                        (1 = 100.0%)
1  ... 

Histogram: OptimizationGuide.ModelExecution.FeatureEnabledAtStartup.HistorySearch recorded 1 samples, mean = 0.0 (flags = 0x41)
0  -O                                                                        (1 = 100.0%)
1  ... 

Histogram: OptimizationGuide.ModelExecution.FeatureEnabledAtStartup.TabOrganization recorded 1 samples, mean = 0.0 (flags = 0x41)
0  -O                                                                        (1 = 100.0%)
1  ... 

Histogram: OptimizationGuide.ModelExecution.FeatureEnabledAtStartup.WallpaperSearch recorded 1 samples, mean = 0.0 (flags = 0x41)
0  -O                                                                        (1 = 100.0%)
1  ... 

Histogram: OptimizationGuide.ModelExecution.OnDeviceModelInstallCriteria.AtRegistration.All recorded 1 samples, mean = 0.0 (flags = 0x41)
0  -O                                                                        (1 = 100.0%)
1  ... 

Histogram: OptimizationGuide.ModelExecution.OnDeviceModelInstallCriteria.AtRegistration.DeviceCapability recorded 1 samples, mean = 0.0 (flags = 0x41)
0  -O                                                                        (1 = 100.0%)
1  ... 

Histogram: OptimizationGuide.ModelExecution.OnDeviceModelInstallCriteria.AtRegistration.DiskSpace recorded 1 samples, mean = 1.0 (flags = 0x41)
0  O                                                                         (0 = 0.0%)
1  -O                                                                        (1 = 100.0%) {0.0%}
2  O                                                                         (0 = 0.0%) {100.0%}

Histogram: OptimizationGuide.ModelExecution.OnDeviceModelInstallCriteria.AtRegistration.EnabledByEnterprisePolicy recorded 1 samples, mean = 1.0 (flags = 0x41)
0  O                                                                         (0 = 0.0%)
1  -O                                                                        (1 = 100.0%) {0.0%}
2  O                                                                         (0 = 0.0%) {100.0%}

Histogram: OptimizationGuide.ModelExecution.OnDeviceModelInstallCriteria.AtRegistration.EnabledByFeature recorded 1 samples, mean = 0.0 (flags = 0x41)
0  -O                                                                        (1 = 100.0%)
1  ... 

Histogram: OptimizationGuide.ModelExecution.OnDeviceModelInstallCriteria.AtRegistration.FeatureUse recorded 1 samples, mean = 0.0 (flags = 0x41)
0  -O                                                                        (1 = 100.0%)
1  ... 

Histogram: OptimizationGuide.ModelExecutor.ExecutionStatus.PageVisibility recorded 4 samples, mean = 3.0 (flags = 0x41)
0  ... 
3  ----O                                                                     (4 = 100.0%) {0.0%}
4  ... 

Histogram: OptimizationGuide.ModelExecutor.ModelAvailableToLoad.PageVisibility recorded 4 samples, mean = 0.0 (flags = 0x41)
0  ----O                                                                     (4 = 100.0%)
1  ... 

Histogram: OptimizationGuide.ModelExecutor.TaskExecutionLatency.PageVisibility recorded 4 samples, mean = 333.0 (flags = 0x41)
0    ... 
280  ----O                                                                     (4 = 100.0%) {0.0%}
356  ... 

Histogram: OptimizationGuide.ModelExecutor.TaskSchedulingLatency.PageVisibility recorded 4 samples, mean = 1.0 (flags = 0x41)
0  O                                                                         (0 = 0.0%)
1  ----O                                                                     (4 = 100.0%) {0.0%}
2  ... 

Histogram: OptimizationGuide.ModelHandler.HandlerCreated.GeolocationPermissions recorded 1 samples, mean = 1.0 (flags = 0x41)
0  O                                                                         (0 = 0.0%)
1  -O                                                                        (1 = 100.0%) {0.0%}
2  O                                                                         (0 = 0.0%) {100.0%}

Histogram: OptimizationGuide.ModelHandler.HandlerCreated.NewTabPageHistoryClustersModuleRanking recorded 1 samples, mean = 1.0 (flags = 0x41)
0  O                                                                         (0 = 0.0%)
1  -O                                                                        (1 = 100.0%) {0.0%}
2  O                                                                         (0 = 0.0%) {100.0%}

Histogram: OptimizationGuide.ModelHandler.HandlerCreated.NotificationPermissions recorded 1 samples, mean = 1.0 (flags = 0x41)
0  O                                                                         (0 = 0.0%)
1  -O                                                                        (1 = 100.0%) {0.0%}
2  O                                                                         (0 = 0.0%) {100.0%}

Histogram: OptimizationGuide.ModelHandler.HandlerCreated.OmniboxUrlScoring recorded 1 samples, mean = 1.0 (flags = 0x41)
0  O                                                                         (0 = 0.0%)
1  -O                                                                        (1 = 100.0%) {0.0%}
2  O                                                                         (0 = 0.0%) {100.0%}

Histogram: OptimizationGuide.ModelHandler.HandlerCreated.PageTopicsV2 recorded 1 samples, mean = 1.0 (flags = 0x41)
0  O                                                                         (0 = 0.0%)
1  -O                                                                        (1 = 100.0%) {0.0%}
2  O                                                                         (0 = 0.0%) {100.0%}

Histogram: OptimizationGuide.ModelHandler.HandlerCreated.PageVisibility recorded 1 samples, mean = 1.0 (flags = 0x41)
0  O                                                                         (0 = 0.0%)
1  -O                                                                        (1 = 100.0%) {0.0%}
2  O                                                                         (0 = 0.0%) {100.0%}

Histogram: OptimizationGuide.ModelHandler.HandlerCreated.SegmentationChromeLowUserEngagement recorded 1 samples, mean = 1.0 (flags = 0x41)
0  O                                                                         (0 = 0.0%)
1  -O                                                                        (1 = 100.0%) {0.0%}
2  O                                                                         (0 = 0.0%) {100.0%}

Histogram: OptimizationGuide.ModelHandler.HandlerCreated.SegmentationComposePromotion recorded 1 samples, mean = 1.0 (flags = 0x41)
0  O                                                                         (0 = 0.0%)
1  -O                                                                        (1 = 100.0%) {0.0%}
2  O                                                                         (0 = 0.0%) {100.0%}

Histogram: OptimizationGuide.ModelHandler.HandlerCreated.SegmentationDeviceSwitcher recorded 1 samples, mean = 1.0 (flags = 0x41)
0  O                                                                         (0 = 0.0%)
1  -O                                                                        (1 = 100.0%) {0.0%}
2  O                                                                         (0 = 0.0%) {100.0%}

Histogram: OptimizationGuide.ModelHandler.HandlerCreated.SegmentationSearchUser recorded 1 samples, mean = 1.0 (flags = 0x41)
0  O                                                                         (0 = 0.0%)
1  -O                                                                        (1 = 100.0%) {0.0%}
2  O                                                                         (0 = 0.0%) {100.0%}

Histogram: OptimizationGuide.ModelHandler.HandlerCreated.SegmentationShoppingUser recorded 1 samples, mean = 1.0 (flags = 0x41)
0  O                                                                         (0 = 0.0%)
1  -O                                                                        (1 = 100.0%) {0.0%}
2  O                                                                         (0 = 0.0%) {100.0%}

Histogram: OptimizationGuide.ModelHandler.HandlerCreated.URLVisitResumptionRanker recorded 1 samples, mean = 1.0 (flags = 0x41)
0  O                                                                         (0 = 0.0%)
1  -O                                                                        (1 = 100.0%) {0.0%}
2  O                                                                         (0 = 0.0%) {100.0%}

Histogram: OptimizationGuide.ModelHandler.HandlerCreated.WebAppInstallationPromo recorded 1 samples, mean = 1.0 (flags = 0x41)
0  O                                                                         (0 = 0.0%)
1  -O                                                                        (1 = 100.0%) {0.0%}
2  O                                                                         (0 = 0.0%) {100.0%}

Histogram: OptimizationGuide.PageContentAnnotations.AnnotateVisitResultCached recorded 4 samples, mean = 0.0 (flags = 0x41)
0  ----O                                                                     (4 = 100.0%)
1  ... 

Histogram: OptimizationGuide.PageContentAnnotations.BatchRequestedSize.ContentVisibility recorded 1 samples, mean = 4.0 (flags = 0x41)
0  ... 
4  -O                                                                        (1 = 100.0%) {0.0%}
5  ... 

Histogram: OptimizationGuide.PageContentAnnotations.BatchSuccess.ContentVisibility recorded 1 samples, mean = 0.0 (flags = 0x41)
0  -O                                                                        (1 = 100.0%)
1  ... 

Histogram: OptimizationGuide.PageContentAnnotations.JobExecutionTime.ContentVisibility recorded 1 samples, mean = 333.0 (flags = 0x41)
0    ... 
280  -O                                                                        (1 = 100.0%) {0.0%}
356  ... 

Histogram: OptimizationGuide.PageContentAnnotations.JobScheduleTime.ContentVisibility recorded 1 samples, mean = 0.0 (flags = 0x41)
0  -O                                                                        (1 = 100.0%)
1  ... 

Histogram: OptimizationGuide.PageContentAnnotationsService.ContentAnnotated recorded 4 samples, mean = 0.0 (flags = 0x41)
0  ----O                                                                     (4 = 100.0%)
1  ... 

Histogram: OptimizationGuide.PredictionManager.DownloadServiceAvailabilityBlockedFetch recorded 141 samples, mean = 0.0 (flags = 0x41)
0  ------------------------------------------------------------------------O (141 = 100.0%)
1  ... 

Histogram: OptimizationGuide.PredictionManager.FirstModelFetchSinceServiceInit recorded 1 samples, mean = 10158.0 (flags = 0x41)
0     ... 
8000  -O                                                                        (1 = 100.0%) {0.0%}
10165 ... 

Histogram: OptimizationGuide.PredictionManager.ModelAvailableAtRegistration.ClientSidePhishing recorded 1 samples, mean = 0.0 (flags = 0x41)
0  -O                                                                        (1 = 100.0%)
1  ... 

Histogram: OptimizationGuide.PredictionManager.ModelAvailableAtRegistration.GeolocationPermissions recorded 1 samples, mean = 0.0 (flags = 0x41)
0  -O                                                                        (1 = 100.0%)
1  ... 

Histogram: OptimizationGuide.PredictionManager.ModelAvailableAtRegistration.LanguageDetection recorded 2 samples, mean = 0.0 (flags = 0x41)
0  --O                                                                       (2 = 100.0%)
1  ... 

Histogram: OptimizationGuide.PredictionManager.ModelAvailableAtRegistration.NewTabPageHistoryClustersModuleRanking recorded 1 samples, mean = 0.0 (flags = 0x41)
0  -O                                                                        (1 = 100.0%)
1  ... 

Histogram: OptimizationGuide.PredictionManager.ModelAvailableAtRegistration.NotificationPermissions recorded 1 samples, mean = 0.0 (flags = 0x41)
0  -O                                                                        (1 = 100.0%)
1  ... 

Histogram: OptimizationGuide.PredictionManager.ModelAvailableAtRegistration.OmniboxUrlScoring recorded 1 samples, mean = 0.0 (flags = 0x41)
0  -O                                                                        (1 = 100.0%)
1  ... 

Histogram: OptimizationGuide.PredictionManager.ModelAvailableAtRegistration.PageTopicsV2 recorded 1 samples, mean = 0.0 (flags = 0x41)
0  -O                                                                        (1 = 100.0%)
1  ... 

Histogram: OptimizationGuide.PredictionManager.ModelAvailableAtRegistration.PageVisibility recorded 1 samples, mean = 0.0 (flags = 0x41)
0  -O                                                                        (1 = 100.0%)
1  ... 

Histogram: OptimizationGuide.PredictionManager.ModelAvailableAtRegistration.SegmentationChromeLowUserEngagement recorded 1 samples, mean = 0.0 (flags = 0x41)
0  -O                                                                        (1 = 100.0%)
1  ... 

Histogram: OptimizationGuide.PredictionManager.ModelAvailableAtRegistration.SegmentationComposePromotion recorded 1 samples, mean = 0.0 (flags = 0x41)
0  -O                                                                        (1 = 100.0%)
1  ... 

Histogram: OptimizationGuide.PredictionManager.ModelAvailableAtRegistration.SegmentationDeviceSwitcher recorded 1 samples, mean = 0.0 (flags = 0x41)
0  -O                                                                        (1 = 100.0%)
1  ... 

Histogram: OptimizationGuide.PredictionManager.ModelAvailableAtRegistration.SegmentationSearchUser recorded 1 samples, mean = 0.0 (flags = 0x41)
0  -O                                                                        (1 = 100.0%)
1  ... 

Histogram: OptimizationGuide.PredictionManager.ModelAvailableAtRegistration.SegmentationShoppingUser recorded 1 samples, mean = 0.0 (flags = 0x41)
0  -O                                                                        (1 = 100.0%)
1  ... 

Histogram: OptimizationGuide.PredictionManager.ModelAvailableAtRegistration.TextSafety recorded 1 samples, mean = 0.0 (flags = 0x41)
0  -O                                                                        (1 = 100.0%)
1  ... 

Histogram: OptimizationGuide.PredictionManager.ModelAvailableAtRegistration.URLVisitResumptionRanker recorded 1 samples, mean = 0.0 (flags = 0x41)
0  -O                                                                        (1 = 100.0%)
1  ... 

Histogram: OptimizationGuide.PredictionManager.ModelAvailableAtRegistration.VisualSearchClassification recorded 1 samples, mean = 0.0 (flags = 0x41)
0  -O                                                                        (1 = 100.0%)
1  ... 

Histogram: OptimizationGuide.PredictionManager.ModelAvailableAtRegistration.WebAppInstallationPromo recorded 1 samples, mean = 0.0 (flags = 0x41)
0  -O                                                                        (1 = 100.0%)
1  ... 

Histogram: OptimizationGuide.PredictionManager.ModelDeliveryEvents.ClientSidePhishing recorded 282 samples, mean = 5.5 (flags = 0x41)
0  ... 
3  ------------------------------------------------------------------------O (141 = 50.0%) {0.0%}
4  ... 
8  ------------------------------------------------------------------------O (141 = 50.0%) {50.0%}
9  ... 

Histogram: OptimizationGuide.PredictionManager.ModelDeliveryEvents.GeolocationPermissions recorded 282 samples, mean = 5.5 (flags = 0x41)
0  ... 
3  ------------------------------------------------------------------------O (141 = 50.0%) {0.0%}
4  ... 
8  ------------------------------------------------------------------------O (141 = 50.0%) {50.0%}
9  ... 

Histogram: OptimizationGuide.PredictionManager.ModelDeliveryEvents.LanguageDetection recorded 282 samples, mean = 5.5 (flags = 0x41)
0  ... 
3  ------------------------------------------------------------------------O (141 = 50.0%) {0.0%}
4  ... 
8  ------------------------------------------------------------------------O (141 = 50.0%) {50.0%}
9  ... 

Histogram: OptimizationGuide.PredictionManager.ModelDeliveryEvents.NewTabPageHistoryClustersModuleRanking recorded 282 samples, mean = 5.5 (flags = 0x41)
0  ... 
3  ------------------------------------------------------------------------O (141 = 50.0%) {0.0%}
4  ... 
8  ------------------------------------------------------------------------O (141 = 50.0%) {50.0%}
9  ... 

Histogram: OptimizationGuide.PredictionManager.ModelDeliveryEvents.NotificationPermissions recorded 282 samples, mean = 5.5 (flags = 0x41)
0  ... 
3  ------------------------------------------------------------------------O (141 = 50.0%) {0.0%}
4  ... 
8  ------------------------------------------------------------------------O (141 = 50.0%) {50.0%}
9  ... 

Histogram: OptimizationGuide.PredictionManager.ModelDeliveryEvents.OmniboxUrlScoring recorded 282 samples, mean = 5.5 (flags = 0x41)
0  ... 
3  ------------------------------------------------------------------------O (141 = 50.0%) {0.0%}
4  ... 
8  ------------------------------------------------------------------------O (141 = 50.0%) {50.0%}
9  ... 

Histogram: OptimizationGuide.PredictionManager.ModelDeliveryEvents.PageTopicsV2 recorded 282 samples, mean = 5.5 (flags = 0x41)
0  ... 
3  ------------------------------------------------------------------------O (141 = 50.0%) {0.0%}
4  ... 
8  ------------------------------------------------------------------------O (141 = 50.0%) {50.0%}
9  ... 

Histogram: OptimizationGuide.PredictionManager.ModelDeliveryEvents.PageVisibility recorded 282 samples, mean = 5.5 (flags = 0x41)
0  ... 
3  ------------------------------------------------------------------------O (141 = 50.0%) {0.0%}
4  ... 
8  ------------------------------------------------------------------------O (141 = 50.0%) {50.0%}
9  ... 

Histogram: OptimizationGuide.PredictionManager.ModelDeliveryEvents.SegmentationChromeLowUserEngagement recorded 282 samples, mean = 5.5 (flags = 0x41)
0  ... 
3  ------------------------------------------------------------------------O (141 = 50.0%) {0.0%}
4  ... 
8  ------------------------------------------------------------------------O (141 = 50.0%) {50.0%}
9  ... 

Histogram: OptimizationGuide.PredictionManager.ModelDeliveryEvents.SegmentationComposePromotion recorded 282 samples, mean = 5.5 (flags = 0x41)
0  ... 
3  ------------------------------------------------------------------------O (141 = 50.0%) {0.0%}
4  ... 
8  ------------------------------------------------------------------------O (141 = 50.0%) {50.0%}
9  ... 

Histogram: OptimizationGuide.PredictionManager.ModelDeliveryEvents.SegmentationDeviceSwitcher recorded 282 samples, mean = 5.5 (flags = 0x41)
0  ... 
3  ------------------------------------------------------------------------O (141 = 50.0%) {0.0%}
4  ... 
8  ------------------------------------------------------------------------O (141 = 50.0%) {50.0%}
9  ... 

Histogram: OptimizationGuide.PredictionManager.ModelDeliveryEvents.SegmentationSearchUser recorded 282 samples, mean = 5.5 (flags = 0x41)
0  ... 
3  ------------------------------------------------------------------------O (141 = 50.0%) {0.0%}
4  ... 
8  ------------------------------------------------------------------------O (141 = 50.0%) {50.0%}
9  ... 

Histogram: OptimizationGuide.PredictionManager.ModelDeliveryEvents.SegmentationShoppingUser recorded 282 samples, mean = 5.5 (flags = 0x41)
0  ... 
3  ------------------------------------------------------------------------O (141 = 50.0%) {0.0%}
4  ... 
8  ------------------------------------------------------------------------O (141 = 50.0%) {50.0%}
9  ... 

Histogram: OptimizationGuide.PredictionManager.ModelDeliveryEvents.TextSafety recorded 282 samples, mean = 5.5 (flags = 0x41)
0  ... 
3  ------------------------------------------------------------------------O (141 = 50.0%) {0.0%}
4  ... 
8  ------------------------------------------------------------------------O (141 = 50.0%) {50.0%}
9  ... 

Histogram: OptimizationGuide.PredictionManager.ModelDeliveryEvents.URLVisitResumptionRanker recorded 282 samples, mean = 5.5 (flags = 0x41)
0  ... 
3  ------------------------------------------------------------------------O (141 = 50.0%) {0.0%}
4  ... 
8  ------------------------------------------------------------------------O (141 = 50.0%) {50.0%}
9  ... 

Histogram: OptimizationGuide.PredictionManager.ModelDeliveryEvents.VisualSearchClassification recorded 282 samples, mean = 5.5 (flags = 0x41)
0  ... 
3  ------------------------------------------------------------------------O (141 = 50.0%) {0.0%}
4  ... 
8  ------------------------------------------------------------------------O (141 = 50.0%) {50.0%}
9  ... 

Histogram: OptimizationGuide.PredictionManager.ModelDeliveryEvents.WebAppInstallationPromo recorded 282 samples, mean = 5.5 (flags = 0x41)
0  ... 
3  ------------------------------------------------------------------------O (141 = 50.0%) {0.0%}
4  ... 
8  ------------------------------------------------------------------------O (141 = 50.0%) {50.0%}
9  ... 

Histogram: OptimizationGuide.PredictionManager.RegistrationTimeSinceServiceInit.ClientSidePhishing recorded 1 samples, mean = 0.0 (flags = 0x41)
0  -O                                                                        (1 = 100.0%)
1  ... 

Histogram: OptimizationGuide.PredictionManager.RegistrationTimeSinceServiceInit.GeolocationPermissions recorded 1 samples, mean = 0.0 (flags = 0x41)
0  -O                                                                        (1 = 100.0%)
1  ... 

Histogram: OptimizationGuide.PredictionManager.RegistrationTimeSinceServiceInit.LanguageDetection recorded 2 samples, mean = 7.0 (flags = 0x41)
0   -O                                                                        (1 = 50.0%)
1   ... 
13  -O                                                                        (1 = 50.0%) {50.0%}
16  ... 

Histogram: OptimizationGuide.PredictionManager.RegistrationTimeSinceServiceInit.NewTabPageHistoryClustersModuleRanking recorded 1 samples, mean = 0.0 (flags = 0x41)
0  -O                                                                        (1 = 100.0%)
1  ... 

Histogram: OptimizationGuide.PredictionManager.RegistrationTimeSinceServiceInit.NotificationPermissions recorded 1 samples, mean = 0.0 (flags = 0x41)
0  -O                                                                        (1 = 100.0%)
1  ... 

Histogram: OptimizationGuide.PredictionManager.RegistrationTimeSinceServiceInit.OmniboxUrlScoring recorded 1 samples, mean = 0.0 (flags = 0x41)
0  -O                                                                        (1 = 100.0%)
1  ... 

Histogram: OptimizationGuide.PredictionManager.RegistrationTimeSinceServiceInit.PageTopicsV2 recorded 1 samples, mean = 0.0 (flags = 0x41)
0  -O                                                                        (1 = 100.0%)
1  ... 

Histogram: OptimizationGuide.PredictionManager.RegistrationTimeSinceServiceInit.PageVisibility recorded 1 samples, mean = 0.0 (flags = 0x41)
0  -O                                                                        (1 = 100.0%)
1  ... 

Histogram: OptimizationGuide.PredictionManager.RegistrationTimeSinceServiceInit.SegmentationChromeLowUserEngagement recorded 1 samples, mean = 5898.0 (flags = 0x41)
0     ... 
4955  -O                                                                        (1 = 100.0%) {0.0%}
6296  ... 

Histogram: OptimizationGuide.PredictionManager.RegistrationTimeSinceServiceInit.SegmentationComposePromotion recorded 1 samples, mean = 5898.0 (flags = 0x41)
0     ... 
4955  -O                                                                        (1 = 100.0%) {0.0%}
6296  ... 

Histogram: OptimizationGuide.PredictionManager.RegistrationTimeSinceServiceInit.SegmentationDeviceSwitcher recorded 1 samples, mean = 5898.0 (flags = 0x41)
0     ... 
4955  -O                                                                        (1 = 100.0%) {0.0%}
6296  ... 

Histogram: OptimizationGuide.PredictionManager.RegistrationTimeSinceServiceInit.SegmentationSearchUser recorded 1 samples, mean = 5898.0 (flags = 0x41)
0     ... 
4955  -O                                                                        (1 = 100.0%) {0.0%}
6296  ... 

Histogram: OptimizationGuide.PredictionManager.RegistrationTimeSinceServiceInit.SegmentationShoppingUser recorded 1 samples, mean = 5898.0 (flags = 0x41)
0     ... 
4955  -O                                                                        (1 = 100.0%) {0.0%}
6296  ... 

Histogram: OptimizationGuide.PredictionManager.RegistrationTimeSinceServiceInit.TextSafety recorded 1 samples, mean = 0.0 (flags = 0x41)
0  -O                                                                        (1 = 100.0%)
1  ... 

Histogram: OptimizationGuide.PredictionManager.RegistrationTimeSinceServiceInit.URLVisitResumptionRanker recorded 1 samples, mean = 5898.0 (flags = 0x41)
0     ... 
4955  -O                                                                        (1 = 100.0%) {0.0%}
6296  ... 

Histogram: OptimizationGuide.PredictionManager.RegistrationTimeSinceServiceInit.VisualSearchClassification recorded 1 samples, mean = 0.0 (flags = 0x41)
0  -O                                                                        (1 = 100.0%)
1  ... 

Histogram: OptimizationGuide.PredictionManager.RegistrationTimeSinceServiceInit.WebAppInstallationPromo recorded 1 samples, mean = 5898.0 (flags = 0x41)
0     ... 
4955  -O                                                                        (1 = 100.0%) {0.0%}
6296  ... 

Histogram: OptimizationGuide.PredictionManager.StoreInitialized recorded 1 samples, mean = 1.0 (flags = 0x40)
0  O                                                                         (0 = 0.0%)
1  -O                                                                        (1 = 100.0%) {0.0%}
2  O                                                                         (0 = 0.0%) {100.0%}

Histogram: OptimizationGuide.PredictionManager.SupportedModelEngineVersion recorded 141 samples, mean = 18.0 (flags = 0x40)
0   ... 
18  ------------------------------------------------------------------------O (141 = 100.0%) {0.0%}
19  ... 

Histogram: OptimizationGuide.PredictionModelFetcher.GetModelsResponse.NetErrorCode recorded 141 samples (flags = 0x41)
379  ------------------------------------------------------------------------O (141 = 100.0%)

Histogram: OptimizationGuide.PredictionModelFetcher.GetModelsResponse.NetErrorCode.ClientSidePhishing recorded 141 samples (flags = 0x41)
379  ------------------------------------------------------------------------O (141 = 100.0%)

Histogram: OptimizationGuide.PredictionModelFetcher.GetModelsResponse.NetErrorCode.GeolocationPermissions recorded 141 samples (flags = 0x41)
379  ------------------------------------------------------------------------O (141 = 100.0%)

Histogram: OptimizationGuide.PredictionModelFetcher.GetModelsResponse.NetErrorCode.LanguageDetection recorded 141 samples (flags = 0x41)
379  ------------------------------------------------------------------------O (141 = 100.0%)

Histogram: OptimizationGuide.PredictionModelFetcher.GetModelsResponse.NetErrorCode.NewTabPageHistoryClustersModuleRanking recorded 141 samples (flags = 0x41)
379  ------------------------------------------------------------------------O (141 = 100.0%)

Histogram: OptimizationGuide.PredictionModelFetcher.GetModelsResponse.NetErrorCode.NotificationPermissions recorded 141 samples (flags = 0x41)
379  ------------------------------------------------------------------------O (141 = 100.0%)

Histogram: OptimizationGuide.PredictionModelFetcher.GetModelsResponse.NetErrorCode.OmniboxUrlScoring recorded 141 samples (flags = 0x41)
379  ------------------------------------------------------------------------O (141 = 100.0%)

Histogram: OptimizationGuide.PredictionModelFetcher.GetModelsResponse.NetErrorCode.PageTopicsV2 recorded 141 samples (flags = 0x41)
379  ------------------------------------------------------------------------O (141 = 100.0%)

Histogram: OptimizationGuide.PredictionModelFetcher.GetModelsResponse.NetErrorCode.PageVisibility recorded 141 samples (flags = 0x41)
379  ------------------------------------------------------------------------O (141 = 100.0%)

Histogram: OptimizationGuide.PredictionModelFetcher.GetModelsResponse.NetErrorCode.SegmentationChromeLowUserEngagement recorded 141 samples (flags = 0x41)
379  ------------------------------------------------------------------------O (141 = 100.0%)

Histogram: OptimizationGuide.PredictionModelFetcher.GetModelsResponse.NetErrorCode.SegmentationComposePromotion recorded 141 samples (flags = 0x41)
379  ------------------------------------------------------------------------O (141 = 100.0%)

Histogram: OptimizationGuide.PredictionModelFetcher.GetModelsResponse.NetErrorCode.SegmentationDeviceSwitcher recorded 141 samples (flags = 0x41)
379  ------------------------------------------------------------------------O (141 = 100.0%)

Histogram: OptimizationGuide.PredictionModelFetcher.GetModelsResponse.NetErrorCode.SegmentationSearchUser recorded 141 samples (flags = 0x41)
379  ------------------------------------------------------------------------O (141 = 100.0%)

Histogram: OptimizationGuide.PredictionModelFetcher.GetModelsResponse.NetErrorCode.SegmentationShoppingUser recorded 141 samples (flags = 0x41)
379  ------------------------------------------------------------------------O (141 = 100.0%)

Histogram: OptimizationGuide.PredictionModelFetcher.GetModelsResponse.NetErrorCode.TextSafety recorded 141 samples (flags = 0x41)
379  ------------------------------------------------------------------------O (141 = 100.0%)

Histogram: OptimizationGuide.PredictionModelFetcher.GetModelsResponse.NetErrorCode.URLVisitResumptionRanker recorded 141 samples (flags = 0x41)
379  ------------------------------------------------------------------------O (141 = 100.0%)

Histogram: OptimizationGuide.PredictionModelFetcher.GetModelsResponse.NetErrorCode.VisualSearchClassification recorded 141 samples (flags = 0x41)
379  ------------------------------------------------------------------------O (141 = 100.0%)

Histogram: OptimizationGuide.PredictionModelFetcher.GetModelsResponse.NetErrorCode.WebAppInstallationPromo recorded 141 samples (flags = 0x41)
379  ------------------------------------------------------------------------O (141 = 100.0%)

Histogram: OptimizationGuide.PredictionModelFetcher.GetModelsResponse.Status recorded 141 samples, mean = 403.0 (flags = 0x41)
0    ... 
403  ------------------------------------------------------------------------O (141 = 100.0%) {0.0%}
404  ... 

Histogram: OptimizationGuide.PredictionModelFetcher.GetModelsResponse.Status.ClientSidePhishing recorded 141 samples, mean = 403.0 (flags = 0x41)
0    ... 
403  ------------------------------------------------------------------------O (141 = 100.0%) {0.0%}
404  ... 

Histogram: OptimizationGuide.PredictionModelFetcher.GetModelsResponse.Status.GeolocationPermissions recorded 141 samples, mean = 403.0 (flags = 0x41)
0    ... 
403  ------------------------------------------------------------------------O (141 = 100.0%) {0.0%}
404  ... 

Histogram: OptimizationGuide.PredictionModelFetcher.GetModelsResponse.Status.LanguageDetection recorded 141 samples, mean = 403.0 (flags = 0x41)
0    ... 
403  ------------------------------------------------------------------------O (141 = 100.0%) {0.0%}
404  ... 

Histogram: OptimizationGuide.PredictionModelFetcher.GetModelsResponse.Status.NewTabPageHistoryClustersModuleRanking recorded 141 samples, mean = 403.0 (flags = 0x41)
0    ... 
403  ------------------------------------------------------------------------O (141 = 100.0%) {0.0%}
404  ... 

Histogram: OptimizationGuide.PredictionModelFetcher.GetModelsResponse.Status.NotificationPermissions recorded 141 samples, mean = 403.0 (flags = 0x41)
0    ... 
403  ------------------------------------------------------------------------O (141 = 100.0%) {0.0%}
404  ... 

Histogram: OptimizationGuide.PredictionModelFetcher.GetModelsResponse.Status.OmniboxUrlScoring recorded 141 samples, mean = 403.0 (flags = 0x41)
0    ... 
403  ------------------------------------------------------------------------O (141 = 100.0%) {0.0%}
404  ... 

Histogram: OptimizationGuide.PredictionModelFetcher.GetModelsResponse.Status.PageTopicsV2 recorded 141 samples, mean = 403.0 (flags = 0x41)
0    ... 
403  ------------------------------------------------------------------------O (141 = 100.0%) {0.0%}
404  ... 

Histogram: OptimizationGuide.PredictionModelFetcher.GetModelsResponse.Status.PageVisibility recorded 141 samples, mean = 403.0 (flags = 0x41)
0    ... 
403  ------------------------------------------------------------------------O (141 = 100.0%) {0.0%}
404  ... 

Histogram: OptimizationGuide.PredictionModelFetcher.GetModelsResponse.Status.SegmentationChromeLowUserEngagement recorded 141 samples, mean = 403.0 (flags = 0x41)
0    ... 
403  ------------------------------------------------------------------------O (141 = 100.0%) {0.0%}
404  ... 

Histogram: OptimizationGuide.PredictionModelFetcher.GetModelsResponse.Status.SegmentationComposePromotion recorded 141 samples, mean = 403.0 (flags = 0x41)
0    ... 
403  ------------------------------------------------------------------------O (141 = 100.0%) {0.0%}
404  ... 

Histogram: OptimizationGuide.PredictionModelFetcher.GetModelsResponse.Status.SegmentationDeviceSwitcher recorded 141 samples, mean = 403.0 (flags = 0x41)
0    ... 
403  ------------------------------------------------------------------------O (141 = 100.0%) {0.0%}
404  ... 

Histogram: OptimizationGuide.PredictionModelFetcher.GetModelsResponse.Status.SegmentationSearchUser recorded 141 samples, mean = 403.0 (flags = 0x41)
0    ... 
403  ------------------------------------------------------------------------O (141 = 100.0%) {0.0%}
404  ... 

Histogram: OptimizationGuide.PredictionModelFetcher.GetModelsResponse.Status.SegmentationShoppingUser recorded 141 samples, mean = 403.0 (flags = 0x41)
0    ... 
403  ------------------------------------------------------------------------O (141 = 100.0%) {0.0%}
404  ... 

Histogram: OptimizationGuide.PredictionModelFetcher.GetModelsResponse.Status.TextSafety recorded 141 samples, mean = 403.0 (flags = 0x41)
0    ... 
403  ------------------------------------------------------------------------O (141 = 100.0%) {0.0%}
404  ... 

Histogram: OptimizationGuide.PredictionModelFetcher.GetModelsResponse.Status.URLVisitResumptionRanker recorded 141 samples, mean = 403.0 (flags = 0x41)
0    ... 
403  ------------------------------------------------------------------------O (141 = 100.0%) {0.0%}
404  ... 

Histogram: OptimizationGuide.PredictionModelFetcher.GetModelsResponse.Status.VisualSearchClassification recorded 141 samples, mean = 403.0 (flags = 0x41)
0    ... 
403  ------------------------------------------------------------------------O (141 = 100.0%) {0.0%}
404  ... 

Histogram: OptimizationGuide.PredictionModelFetcher.GetModelsResponse.Status.WebAppInstallationPromo recorded 141 samples, mean = 403.0 (flags = 0x41)
0    ... 
403  ------------------------------------------------------------------------O (141 = 100.0%) {0.0%}
404  ... 

Histogram: OptimizationGuide.ProcessingComponentAtShutdown recorded 1 samples, mean = 0.0 (flags = 0x41)
0  -O                                                                        (1 = 100.0%)
1  ... 

Histogram: OptimizationGuide.RemoteFetchingEnabled recorded 1 samples, mean = 0.0 (flags = 0x41)
0  -O                                                                        (1 = 100.0%)
1  ... 

Histogram: OriginTrials.PersistentOriginTrial.LevelDbInitSuccess recorded 1 samples, mean = 1.0 (flags = 0x41)
0  O                                                                         (0 = 0.0%)
1  -O                                                                        (1 = 100.0%) {0.0%}
2  O                                                                         (0 = 0.0%) {100.0%}

Histogram: OriginTrials.PersistentOriginTrial.LevelDbLoadSize recorded 1 samples, mean = 0.0 (flags = 0x41)
0  -O                                                                        (1 = 100.0%)
1  ... 

Histogram: OriginTrials.PersistentOriginTrial.LevelDbLoadSuccess recorded 1 samples, mean = 1.0 (flags = 0x41)
0  O                                                                         (0 = 0.0%)
1  -O                                                                        (1 = 100.0%) {0.0%}
2  O                                                                         (0 = 0.0%) {100.0%}

Histogram: OriginTrials.PersistentOriginTrial.LevelDbLoadTime recorded 1 samples, mean = 5613.0 (flags = 0x41)
0     ... 
5017  -O                                                                        (1 = 100.0%) {0.0%}
5961  ... 

Histogram: OriginTrials.PersistentOriginTrial.OriginLookupsBeforeDbLoad recorded 1 samples, mean = 0.0 (flags = 0x41)
0  -O                                                                        (1 = 100.0%)
1  ... 

Histogram: OriginTrials.PersistentOriginTrial.OriginsAddedBeforeDbLoad recorded 1 samples, mean = 0.0 (flags = 0x41)
0  -O                                                                        (1 = 100.0%)
1  ... 

Histogram: PageActionController.ExtensionsWithPageActions recorded 1 samples, mean = 0.0 (flags = 0x41)
0  -O                                                                        (1 = 100.0%)
1  ... 

Histogram: PageContentAnnotations.AnnotateVisit.AnnotationRequestQueued recorded 4 samples, mean = 1.0 (flags = 0x40)
0  O                                                                         (0 = 0.0%)
1  ----O                                                                     (4 = 100.0%) {0.0%}
2  O                                                                         (0 = 0.0%) {100.0%}

Histogram: PageContentAnnotations.AnnotateVisit.AnnotationRequested recorded 4 samples, mean = 1.0 (flags = 0x40)
0  O                                                                         (0 = 0.0%)
1  ----O                                                                     (4 = 100.0%) {0.0%}
2  O                                                                         (0 = 0.0%) {100.0%}

Histogram: PageContentAnnotations.AnnotateVisit.BatchAnnotationStarted recorded 1 samples, mean = 1.0 (flags = 0x40)
0  O                                                                         (0 = 0.0%)
1  -O                                                                        (1 = 100.0%) {0.0%}
2  O                                                                         (0 = 0.0%) {100.0%}

Histogram: PageLoad.Clients.Ads.AllPages.NonAdNetworkBytes recorded 1 samples, mean = 130.0 (flags = 0x41)
0    ... 
108  -O                                                                        (1 = 100.0%) {0.0%}
141  ... 

Histogram: PageLoad.Clients.Ads.AllPages.PercentNetworkBytesAds recorded 1 samples, mean = 0.0 (flags = 0x41)
0  -O                                                                        (1 = 100.0%)
1  ... 

Histogram: PageLoad.Clients.Ads.AllPages.PercentTotalBytesAds recorded 1 samples, mean = 0.0 (flags = 0x41)
0  -O                                                                        (1 = 100.0%)
1  ... 

Histogram: PageLoad.Clients.Ads.AverageViewportAdDensity recorded 1 samples, mean = 0.0 (flags = 0x41)
0  -O                                                                        (1 = 100.0%)
1  ... 

Histogram: PageLoad.Clients.Ads.FrameCounts.AdFrames.Total recorded 1 samples, mean = 0.0 (flags = 0x41)
0  -O                                                                        (1 = 100.0%)
1  ... 

Histogram: PageLoad.Clients.Ads.NonVisible.FrameCounts.AdFrames.Total recorded 1 samples, mean = 0.0 (flags = 0x41)
0  -O                                                                        (1 = 100.0%)
1  ... 

Histogram: PageLoad.Clients.Ads.Visible.FrameCounts.AdFrames.Total recorded 1 samples, mean = 0.0 (flags = 0x41)
0  -O                                                                        (1 = 100.0%)
1  ... 

Histogram: PageLoad.Clients.CrossOrigin.LayoutInstability.CumulativeShiftScore recorded 1 samples, mean = 0.0 (flags = 0x41)
0  -O                                                                        (1 = 100.0%)
1  ... 

Histogram: PageLoad.Clients.CrossOrigin.LayoutInstability.CumulativeShiftScore.MainFrame recorded 1 samples, mean = 0.0 (flags = 0x41)
0  -O                                                                        (1 = 100.0%)
1  ... 

Histogram: PageLoad.Clients.Leakage2.AbandonReasonAt.LoaderStart recorded 1 samples, mean = 10.0 (flags = 0x41)
0   ... 
10  -O                                                                        (1 = 100.0%) {0.0%}
11  ... 

Histogram: PageLoad.Clients.Leakage2.LastMilestoneBeforeAbandon.NewReloadNavigation recorded 1 samples, mean = 1.0 (flags = 0x41)
0  O                                                                         (0 = 0.0%)
1  -O                                                                        (1 = 100.0%) {0.0%}
2  ... 

Histogram: PageLoad.Clients.Leakage2.LoaderStartToAbandon.NewReloadNavigation recorded 1 samples, mean = 5279.0 (flags = 0x41)
0     ... 
4780  -O                                                                        (1 = 100.0%) {0.0%}
5349  ... 

Histogram: PageLoad.Clients.Leakage2.NavigationStart recorded 2 samples, mean = 5783.0 (flags = 0x41)
0     ... 
4780  -O                                                                        (1 = 50.0%) {0.0%}
5349  O                                                                         (0 = 0.0%) {50.0%}
5985  -O                                                                        (1 = 50.0%) {50.0%}
6697  ... 

Histogram: PageLoad.Clients.Leakage2.NavigationStartToCommitReceived recorded 1 samples, mean = 6253.0 (flags = 0x41)
0     ... 
5985  -O                                                                        (1 = 100.0%) {0.0%}
6697  ... 

Histogram: PageLoad.Clients.Leakage2.NavigationStartToCommitSent recorded 1 samples, mean = 6247.0 (flags = 0x41)
0     ... 
5985  -O                                                                        (1 = 100.0%) {0.0%}
6697  ... 

Histogram: PageLoad.Clients.Leakage2.NavigationStartToDOMContentLoaded recorded 1 samples, mean = 7392.0 (flags = 0x41)
0     ... 
6697  -O                                                                        (1 = 100.0%) {0.0%}
7494  ... 

Histogram: PageLoad.Clients.Leakage2.NavigationStartToDidCommit recorded 1 samples, mean = 6257.0 (flags = 0x41)
0     ... 
5985  -O                                                                        (1 = 100.0%) {0.0%}
6697  ... 

Histogram: PageLoad.Clients.Leakage2.NavigationStartToFirstRedirectResponseLoaderCallback recorded 1 samples, mean = 5665.0 (flags = 0x41)
0     ... 
5349  -O                                                                        (1 = 100.0%) {0.0%}
5985  ... 

Histogram: PageLoad.Clients.Leakage2.NavigationStartToFirstRedirectResponseStart recorded 1 samples, mean = 5664.0 (flags = 0x41)
0     ... 
5349  -O                                                                        (1 = 100.0%) {0.0%}
5985  ... 

Histogram: PageLoad.Clients.Leakage2.NavigationStartToFirstRedirectedRequestStart recorded 1 samples, mean = 5662.0 (flags = 0x41)
0     ... 
5349  -O                                                                        (1 = 100.0%) {0.0%}
5985  ... 

Histogram: PageLoad.Clients.Leakage2.NavigationStartToLoadStarted recorded 1 samples, mean = 8621.0 (flags = 0x41)
0     ... 
8385  -O                                                                        (1 = 100.0%) {0.0%}
9382  ... 

Histogram: PageLoad.Clients.Leakage2.NavigationStartToLoaderStart recorded 2 samples, mean = 2560.0 (flags = 0x41)
0     ... 
27    -O                                                                        (1 = 50.0%) {0.0%}
30    ... 
4780  -O                                                                        (1 = 50.0%) {50.0%}
5349  ... 

Histogram: PageLoad.Clients.Leakage2.NavigationStartToNonRedirectResponseLoaderCallback recorded 1 samples, mean = 6243.0 (flags = 0x41)
0     ... 
5985  -O                                                                        (1 = 100.0%) {0.0%}
6697  ... 

Histogram: PageLoad.Clients.Leakage2.NavigationStartToNonRedirectResponseStart recorded 1 samples, mean = 6005.0 (flags = 0x41)
0     ... 
5985  -O                                                                        (1 = 100.0%) {0.0%}
6697  ... 

Histogram: PageLoad.Clients.Leakage2.NavigationStartToNonRedirectedRequestStart recorded 1 samples, mean = 5860.0 (flags = 0x41)
0     ... 
5349  -O                                                                        (1 = 100.0%) {0.0%}
5985  ... 

Histogram: PageLoad.Clients.Leakage2.NavigationStartToParseStart recorded 1 samples, mean = 6258.0 (flags = 0x41)
0     ... 
5985  -O                                                                        (1 = 100.0%) {0.0%}
6697  ... 

Histogram: PageLoad.Clients.Leakage2.RendererProcessCreatedBeforeNav recorded 1 samples, mean = 1.0 (flags = 0x41)
0  O                                                                         (0 = 0.0%)
1  -O                                                                        (1 = 100.0%) {0.0%}
2  O                                                                         (0 = 0.0%) {100.0%}

Histogram: PageLoad.Clients.LinkPreview.Usage recorded 1 samples, mean = 0.0 (flags = 0x41)
0  -O                                                                        (1 = 100.0%)
1  ... 

Histogram: PageLoad.Clients.MultiTabLoading.WithTabCount_0.DocumentTiming.NavigationToDOMContentLoadedEventFired recorded 1 samples, mean = 7392.0 (flags = 0x41)
0     ... 
6697  -O                                                                        (1 = 100.0%) {0.0%}
7494  ... 

Histogram: PageLoad.Clients.MultiTabLoading.WithTabCount_0.DocumentTiming.NavigationToLoadEventFired recorded 1 samples, mean = 8621.0 (flags = 0x41)
0     ... 
8385  -O                                                                        (1 = 100.0%) {0.0%}
9382  ... 

Histogram: PageLoad.Clients.MultiTabLoading.With_0_OtherLoading.DocumentTiming.NavigationToDOMContentLoadedEventFired recorded 1 samples, mean = 7392.0 (flags = 0x41)
0     ... 
6697  -O                                                                        (1 = 100.0%) {0.0%}
7494  ... 

Histogram: PageLoad.Clients.MultiTabLoading.With_0_OtherLoading.DocumentTiming.NavigationToLoadEventFired recorded 1 samples, mean = 8621.0 (flags = 0x41)
0     ... 
8385  -O                                                                        (1 = 100.0%) {0.0%}
9382  ... 

Histogram: PageLoad.Clients.PerformanceManager.LoadedIdleWithoutLCP recorded 1 samples, mean = 11591.0 (flags = 0x41)
0      ... 
10165  -O                                                                        (1 = 100.0%) {0.0%}
12916  ... 

Histogram: PageLoad.Clients.PerformanceManager.LoadedIdleWithoutLCP.Foreground recorded 1 samples, mean = 11591.0 (flags = 0x41)
0      ... 
10165  -O                                                                        (1 = 100.0%) {0.0%}
12916  ... 

Histogram: PageLoad.Clients.Protocol.QUIC.DocumentTiming.NavigationToDOMContentLoadedEventFired recorded 1 samples, mean = 7392.0 (flags = 0x41)
0     ... 
6697  -O                                                                        (1 = 100.0%) {0.0%}
7494  ... 

Histogram: PageLoad.Clients.Protocol.QUIC.DocumentTiming.NavigationToLoadEventFired recorded 1 samples, mean = 8621.0 (flags = 0x41)
0     ... 
8385  -O                                                                        (1 = 100.0%) {0.0%}
9382  ... 

Histogram: PageLoad.Clients.Protocol.QUIC.ParseTiming.NavigationToParseStart recorded 1 samples, mean = 6258.0 (flags = 0x41)
0     ... 
5985  -O                                                                        (1 = 100.0%) {0.0%}
6697  ... 

Histogram: PageLoad.Clients.Scheme.HTTPS.ParseTiming.NavigationToParseStart recorded 1 samples, mean = 6258.0 (flags = 0x41)
0     ... 
5985  -O                                                                        (1 = 100.0%) {0.0%}
6697  ... 

Histogram: PageLoad.Clients.SubresourceLoading.DaysSinceLastVisitToOrigin recorded 1 samples, mean = 0.0 (flags = 0x40)
0  -O                                                                        (1 = 100.0%)
1  ... 

Histogram: PageLoad.Clients.SubresourceLoading.HasPreviousVisitToOrigin recorded 1 samples, mean = 1.0 (flags = 0x40)
0  O                                                                         (0 = 0.0%)
1  -O                                                                        (1 = 100.0%) {0.0%}
2  O                                                                         (0 = 0.0%) {100.0%}

Histogram: PageLoad.Clients.TPCD.CookieAccess.ThirdPartyCookieAllowMechanism3 recorded 1 samples, mean = 2.0 (flags = 0x41)
0  ... 
2  -O                                                                        (1 = 100.0%) {0.0%}
3  ... 

Histogram: PageLoad.Clients.TPCD.ThirdPartyCookieAccessBlockedByExperiment2 recorded 1 samples, mean = 0.0 (flags = 0x41)
0  -O                                                                        (1 = 100.0%)
1  ... 

Histogram: PageLoad.Clients.ThirdParty.Origins.CookieRead2 recorded 1 samples, mean = 0.0 (flags = 0x41)
0  -O                                                                        (1 = 100.0%)
1  ... 

Histogram: PageLoad.Cpu.TotalUsage recorded 1 samples, mean = 1586.0 (flags = 0x41)
0     ... 
1553  -O                                                                        (1 = 100.0%) {0.0%}
1738  ... 

Histogram: PageLoad.Cpu.TotalUsageForegrounded recorded 1 samples, mean = 1586.0 (flags = 0x41)
0     ... 
1553  -O                                                                        (1 = 100.0%) {0.0%}
1738  ... 

Histogram: PageLoad.DocumentTiming.NavigationToDOMContentLoadedEventFired recorded 1 samples, mean = 7392.0 (flags = 0x41)
0     ... 
6697  -O                                                                        (1 = 100.0%) {0.0%}
7494  ... 

Histogram: PageLoad.DocumentTiming.NavigationToLoadEventFired recorded 1 samples, mean = 8621.0 (flags = 0x41)
0     ... 
8385  -O                                                                        (1 = 100.0%) {0.0%}
9382  ... 

Histogram: PageLoad.Experimental.NavigationTiming.FinalLoaderCallbackToNavigationCommitSent recorded 1 samples, mean = 3.0 (flags = 0x41)
0  -O                                                                        (1 = 100.0%)
10 ... 

Histogram: PageLoad.Experimental.NavigationTiming.FinalRequestStartToFinalResponseStart recorded 1 samples, mean = 144.0 (flags = 0x41)
0    ... 
131  -O                                                                        (1 = 100.0%) {0.0%}
147  ... 

Histogram: PageLoad.Experimental.NavigationTiming.FinalResponseStartToFinalLoaderCallback recorded 1 samples, mean = 238.0 (flags = 0x41)
0    ... 
230  -O                                                                        (1 = 100.0%) {0.0%}
257  ... 

Histogram: PageLoad.Experimental.NavigationTiming.FirstRequestStartToFirstResponseStart recorded 1 samples, mean = 1.0 (flags = 0x41)
0  -O                                                                        (1 = 100.0%)
10 ... 

Histogram: PageLoad.Experimental.NavigationTiming.FirstResponseStartToFirstLoaderCallback recorded 1 samples, mean = 0.0 (flags = 0x41)
0  -O                                                                        (1 = 100.0%)
10 ... 

Histogram: PageLoad.Experimental.NavigationTiming.NavigationStartToFinalLoaderCallback recorded 1 samples, mean = 6243.0 (flags = 0x41)
0     ... 
5985  -O                                                                        (1 = 100.0%) {0.0%}
6697  ... 

Histogram: PageLoad.Experimental.NavigationTiming.NavigationStartToFinalRequestStart recorded 1 samples, mean = 5860.0 (flags = 0x41)
0     ... 
5349  -O                                                                        (1 = 100.0%) {0.0%}
5985  ... 

Histogram: PageLoad.Experimental.NavigationTiming.NavigationStartToFinalResponseStart recorded 1 samples, mean = 6005.0 (flags = 0x41)
0     ... 
5985  -O                                                                        (1 = 100.0%) {0.0%}
6697  ... 

Histogram: PageLoad.Experimental.NavigationTiming.NavigationStartToFirstLoaderCallback recorded 1 samples, mean = 5665.0 (flags = 0x41)
0     ... 
5349  -O                                                                        (1 = 100.0%) {0.0%}
5985  ... 

Histogram: PageLoad.Experimental.NavigationTiming.NavigationStartToFirstRequestStart recorded 1 samples, mean = 5662.0 (flags = 0x41)
0     ... 
5349  -O                                                                        (1 = 100.0%) {0.0%}
5985  ... 

Histogram: PageLoad.Experimental.NavigationTiming.NavigationStartToFirstResponseStart recorded 1 samples, mean = 5664.0 (flags = 0x41)
0     ... 
5349  -O                                                                        (1 = 100.0%) {0.0%}
5985  ... 

Histogram: PageLoad.Experimental.NavigationTiming.NavigationStartToNavigationCommitSent recorded 1 samples, mean = 6247.0 (flags = 0x41)
0     ... 
5985  -O                                                                        (1 = 100.0%) {0.0%}
6697  ... 

Histogram: PageLoad.Experimental.PageTiming.CachedResourceLoadTime.font recorded 5 samples, mean = 4.0 (flags = 0x41)
0  ... 
4  -----O                                                                    (5 = 100.0%) {0.0%}
5  ... 

Histogram: PageLoad.Experimental.PageTiming.CachedResourceLoadTime.manifest recorded 1 samples, mean = 223.0 (flags = 0x41)
0    ... 
220  -O                                                                        (1 = 100.0%) {0.0%}
280  ... 

Histogram: PageLoad.Experimental.PageTiming.CachedResourceLoadTime.script recorded 26 samples, mean = 3.0 (flags = 0x41)
0  -O                                                                        (1 = 3.8%)
1  O                                                                         (0 = 0.0%) {3.8%}
2  ---O                                                                      (3 = 11.5%) {3.8%}
3  ------------------O                                                       (18 = 69.2%) {15.4%}
4  -O                                                                        (1 = 3.8%) {84.6%}
5  ---O                                                                      (3 = 11.5%) {88.5%}
6  ... 

Histogram: PageLoad.Experimental.PageTiming.CachedResourceLoadTime.style recorded 7 samples, mean = 100.1 (flags = 0x41)
0    O                                                                         (0 = 0.0%)
1    ----O                                                                     (4 = 57.1%) {0.0%}
2    ... 
5    --O                                                                       (2 = 28.6%) {57.1%}
6    ... 
574  -O                                                                        (1 = 14.3%) {85.7%}
729  ... 

Histogram: PageLoad.Experimental.PageTiming.CommitSentToFirstSubresourceLoadStart recorded 1 samples, mean = 13.0 (flags = 0x41)
0   ... 
13  -O                                                                        (1 = 100.0%) {0.0%}
15  ... 

Histogram: PageLoad.Experimental.PageTiming.NavigationToFirstSubresourceLoadStart recorded 1 samples, mean = 6260.0 (flags = 0x41)
0     ... 
5985  -O                                                                        (1 = 100.0%) {0.0%}
6697  ... 

Histogram: PageLoad.Experimental.PageTiming.ResourceLoadTime. recorded 6 samples, mean = 239.8 (flags = 0x41)
0    ... 
32   -O                                                                        (1 = 16.7%) {0.0%}
41   -O                                                                        (1 = 16.7%) {16.7%}
52   -O                                                                        (1 = 16.7%) {33.3%}
66   O                                                                         (0 = 0.0%) {50.0%}
84   -O                                                                        (1 = 16.7%) {50.0%}
107  ... 
173  -O                                                                        (1 = 16.7%) {66.7%}
220  ... 
926  -O                                                                        (1 = 16.7%) {83.3%}
1177 ... 

Histogram: PageLoad.Experimental.PageTiming.ResourceLoadTime.document recorded 1 samples, mean = 145.0 (flags = 0x41)
0    ... 
136  -O                                                                        (1 = 100.0%) {0.0%}
173  ... 

Histogram: PageLoad.Experimental.PageTiming.ResourceLoadTime.image recorded 1 samples, mean = 28.0 (flags = 0x41)
0   ... 
25  -O                                                                        (1 = 100.0%) {0.0%}
32  ... 

Histogram: PageLoad.Experimental.PageTiming.ResourceLoadTime.script recorded 1 samples, mean = 359.0 (flags = 0x41)
0    ... 
356  -O                                                                        (1 = 100.0%) {0.0%}
452  ... 

Histogram: PageLoad.Experimental.PageVisitFinalStatus recorded 1 samples, mean = 1.0 (flags = 0x41)
0  O                                                                         (0 = 0.0%)
1  -O                                                                        (1 = 100.0%) {0.0%}
2  ... 

Histogram: PageLoad.Experimental.PageVisitType2 recorded 1 samples, mean = 6.0 (flags = 0x41)
0  ... 
6  -O                                                                        (1 = 100.0%) {0.0%}
7  ... 

Histogram: PageLoad.Experimental.PaintTiming.FirstEligibleToPaintToFirstPaint recorded 1 samples, mean = 617.0 (flags = 0x41)
0    ... 
565  -O                                                                        (1 = 100.0%) {0.0%}
632  ... 

Histogram: PageLoad.Experimental.TotalForegroundDuration recorded 1 samples, mean = 23231888.0 (flags = 0x41)
0        ... 
3600000  -O                                                                        (1 = 100.0%) {0.0%}

Histogram: PageLoad.Experimental.TotalForegroundDuration.AllVisit recorded 1 samples, mean = 23231888.0 (flags = 0x41)
0        ... 
3600000  -O                                                                        (1 = 100.0%) {0.0%}

Histogram: PageLoad.Experimental.TotalForegroundDuration.IndependentUIVisit recorded 1 samples, mean = 23231888.0 (flags = 0x41)
0        ... 
3600000  -O                                                                        (1 = 100.0%) {0.0%}

Histogram: PageLoad.Expermental.SoftNavigations.Count recorded 1 samples, mean = 0.0 (flags = 0x41)
0  -O                                                                        (1 = 100.0%)
1  ... 

Histogram: PageLoad.Internal.PageLoadTimingStatus recorded 14 samples, mean = 0.0 (flags = 0x41)
0  --------------O                                                           (14 = 100.0%)
1  ... 

Histogram: PageLoad.Internal.PageLoadTimingStatus.AtTimingCallbackDispatch recorded 3 samples, mean = 0.0 (flags = 0x41)
0  ---O                                                                      (3 = 100.0%)
1  ... 

Histogram: PageLoad.Internal.PageType recorded 2 samples, mean = 0.0 (flags = 0x41)
0  --O                                                                       (2 = 100.0%)
1  ... 

Histogram: PageLoad.Internal.SuppressedEventsBeforeMissingFirstPaint recorded 1 samples, mean = 0.0 (flags = 0x41)
0  -O                                                                        (1 = 100.0%)
1  ... 

Histogram: PageLoad.Internal.SuppressedEventsCountBeforePaint3 recorded 1 samples, mean = 0.0 (flags = 0x41)
0  -O                                                                        (1 = 100.0%)
1  ... 

Histogram: PageLoad.Internal.SuppressedEventsTimingBeforePaint3 recorded 1 samples, mean = 0.0 (flags = 0x41)
0  -O                                                                        (1 = 100.0%)
1  ... 

Histogram: PageLoad.Internal.SuppressedInteractionsCountBeforePaint3 recorded 1 samples, mean = 0.0 (flags = 0x41)
0  -O                                                                        (1 = 100.0%)
1  ... 

Histogram: PageLoad.LayoutInstability.CumulativeShiftScore recorded 1 samples, mean = 0.0 (flags = 0x41)
0  -O                                                                        (1 = 100.0%)
1  ... 

Histogram: PageLoad.LayoutInstability.CumulativeShiftScore.MainFrame recorded 1 samples, mean = 0.0 (flags = 0x41)
0  -O                                                                        (1 = 100.0%)
1  ... 

Histogram: PageLoad.LayoutInstability.MaxCumulativeShiftScore.SessionWindow.Gap1000ms.Max5000ms recorded 1 samples, mean = 0.0 (flags = 0x41)
0  -O                                                                        (1 = 100.0%)
1  ... 

Histogram: PageLoad.LayoutInstability.MaxCumulativeShiftScore.SessionWindow.Gap1000ms.Max5000ms2 recorded 1 samples, mean = 0.0 (flags = 0x41)
0  -O                                                                        (1 = 100.0%)
1  ... 

Histogram: PageLoad.PageTiming.ForegroundDuration recorded 1 samples, mean = 23231888.0 (flags = 0x41)
0        ... 
3600000  -O                                                                        (1 = 100.0%) {0.0%}

Histogram: PageLoad.PageTiming.ForegroundDuration.AfterPaint recorded 1 samples, mean = 23223924.0 (flags = 0x41)
0        ... 
3600000  -O                                                                        (1 = 100.0%) {0.0%}

Histogram: PageLoad.PageTiming.ForegroundDuration.NoCommit recorded 1 samples, mean = 217.0 (flags = 0x41)
0    ... 
203  -O                                                                        (1 = 100.0%) {0.0%}
231  ... 

Histogram: PageLoad.PageTiming.ForegroundDuration.WithPaint recorded 1 samples, mean = 23231888.0 (flags = 0x41)
0        ... 
3600000  -O                                                                        (1 = 100.0%) {0.0%}

Histogram: PageLoad.PaintTiming.NavigationToFirstPaint recorded 1 samples, mean = 7962.0 (flags = 0x41)
0     ... 
7494  -O                                                                        (1 = 100.0%) {0.0%}
8385  ... 

Histogram: PageLoad.ParseTiming.NavigationToParseStart recorded 1 samples, mean = 6258.0 (flags = 0x41)
0     ... 
5985  -O                                                                        (1 = 100.0%) {0.0%}
6697  ... 

Histogram: PageLoad.ParseTiming.NavigationToParseStart.LoadType.NewNavigation recorded 1 samples, mean = 6258.0 (flags = 0x41)
0     ... 
5985  -O                                                                        (1 = 100.0%) {0.0%}
6697  ... 

Histogram: PageLoad.ParseTiming.ParseBlockedOnScriptExecution recorded 1 samples, mean = 4.0 (flags = 0x41)
0  -O                                                                        (1 = 100.0%)
10 ... 

Histogram: PageLoad.ParseTiming.ParseBlockedOnScriptExecutionFromDocumentWrite recorded 1 samples, mean = 0.0 (flags = 0x41)
0  -O                                                                        (1 = 100.0%)
10 ... 

Histogram: PageLoad.ParseTiming.ParseBlockedOnScriptLoad recorded 1 samples, mean = 753.0 (flags = 0x41)
0    ... 
707  -O                                                                        (1 = 100.0%) {0.0%}
791  ... 

Histogram: PaintHolding.CommitTrigger2 recorded 1 samples, mean = 3.0 (flags = 0x41)
0  ... 
3  -O                                                                        (1 = 100.0%) {0.0%}
4  ... 

Histogram: PasswordManager.AccountStore.InaccessiblePasswords3 recorded 1 samples, mean = 0.0 (flags = 0x41)
0  -O                                                                        (1 = 100.0%)
1  ... 

Histogram: PasswordManager.AccountStore.LoginDatabaseEncryptionStatus recorded 1 samples, mean = 0.0 (flags = 0x41)
0  -O                                                                        (1 = 100.0%)
1  ... 

Histogram: PasswordManager.AffiliationDatabase.DatabaseSize recorded 1 samples, mean = 52.0 (flags = 0x41)
0  -O                                                                        (1 = 100.0%)
1000... 

Histogram: PasswordManager.BubbleSuppression.AccountsInStatisticsTable2 recorded 1 samples, mean = 0.0 (flags = 0x41)
0  -O                                                                        (1 = 100.0%)
1  ... 

Histogram: PasswordManager.GetAllLogins.TimeSinceInit recorded 2 samples, mean = 30159.5 (flags = 0x41)
0      ... 
26495  --O                                                                       (2 = 100.0%) {0.0%}
33665  ... 

Histogram: PasswordManager.GetAutofillableLogins.TimeSinceInit recorded 2 samples, mean = 6467.5 (flags = 0x41)
0     ... 
6296  --O                                                                       (2 = 100.0%) {0.0%}
8000  ... 

Histogram: PasswordManager.LoginDatabaseInit2 recorded 2 samples, mean = 0.0 (flags = 0x41)
0  --O                                                                       (2 = 100.0%)
1  ... 

Histogram: PasswordManager.OnEncryptorReceived.Success recorded 2 samples, mean = 1.0 (flags = 0x41)
0  O                                                                         (0 = 0.0%)
1  --O                                                                       (2 = 100.0%) {0.0%}
2  O                                                                         (0 = 0.0%) {100.0%}

Histogram: PasswordManager.PasswordStore.InitTime recorded 2 samples, mean = 5316.0 (flags = 0x41)
0     ... 
5017  --O                                                                       (2 = 100.0%) {0.0%}
5961  ... 

Histogram: PasswordManager.PasswordStoreBackend.GetAllLoginsAsync recorded 4 samples, mean = 1.0 (flags = 0x41)
0  --O                                                                       (2 = 50.0%)
1  O                                                                         (0 = 0.0%) {50.0%}
2  --O                                                                       (2 = 50.0%) {50.0%}
3  ... 

Histogram: PasswordManager.PasswordStoreBackend.GetAllLoginsAsync.Latency recorded 2 samples, mean = 333.0 (flags = 0x41)
0    ... 
280  --O                                                                       (2 = 100.0%) {0.0%}
356  ... 

Histogram: PasswordManager.PasswordStoreBackend.GetAllLoginsAsync.Success recorded 2 samples, mean = 1.0 (flags = 0x41)
0  O                                                                         (0 = 0.0%)
1  --O                                                                       (2 = 100.0%) {0.0%}
2  O                                                                         (0 = 0.0%) {100.0%}

Histogram: PasswordManager.PasswordStoreBackend.GetAutofillableLoginsAsync recorded 4 samples, mean = 1.0 (flags = 0x41)
0  --O                                                                       (2 = 50.0%)
1  O                                                                         (0 = 0.0%) {50.0%}
2  --O                                                                       (2 = 50.0%) {50.0%}
3  ... 

Histogram: PasswordManager.PasswordStoreBackend.GetAutofillableLoginsAsync.Latency recorded 2 samples, mean = 1.0 (flags = 0x41)
0  O                                                                         (0 = 0.0%)
1  --O                                                                       (2 = 100.0%) {0.0%}
2  ... 

Histogram: PasswordManager.PasswordStoreBackend.GetAutofillableLoginsAsync.Success recorded 2 samples, mean = 1.0 (flags = 0x41)
0  O                                                                         (0 = 0.0%)
1  --O                                                                       (2 = 100.0%) {0.0%}
2  O                                                                         (0 = 0.0%) {100.0%}

Histogram: PasswordManager.PasswordStoreBuiltInBackend.GetAllLoginsAsync recorded 4 samples, mean = 1.0 (flags = 0x41)
0  --O                                                                       (2 = 50.0%)
1  O                                                                         (0 = 0.0%) {50.0%}
2  --O                                                                       (2 = 50.0%) {50.0%}
3  ... 

Histogram: PasswordManager.PasswordStoreBuiltInBackend.GetAllLoginsAsync.Latency recorded 2 samples, mean = 333.0 (flags = 0x41)
0    ... 
280  --O                                                                       (2 = 100.0%) {0.0%}
356  ... 

Histogram: PasswordManager.PasswordStoreBuiltInBackend.GetAllLoginsAsync.Success recorded 2 samples, mean = 1.0 (flags = 0x41)
0  O                                                                         (0 = 0.0%)
1  --O                                                                       (2 = 100.0%) {0.0%}
2  O                                                                         (0 = 0.0%) {100.0%}

Histogram: PasswordManager.PasswordStoreBuiltInBackend.GetAutofillableLoginsAsync recorded 4 samples, mean = 1.0 (flags = 0x41)
0  --O                                                                       (2 = 50.0%)
1  O                                                                         (0 = 0.0%) {50.0%}
2  --O                                                                       (2 = 50.0%) {50.0%}
3  ... 

Histogram: PasswordManager.PasswordStoreBuiltInBackend.GetAutofillableLoginsAsync.Latency recorded 2 samples, mean = 1.0 (flags = 0x41)
0  O                                                                         (0 = 0.0%)
1  --O                                                                       (2 = 100.0%) {0.0%}
2  ... 

Histogram: PasswordManager.PasswordStoreBuiltInBackend.GetAutofillableLoginsAsync.Success recorded 2 samples, mean = 1.0 (flags = 0x41)
0  O                                                                         (0 = 0.0%)
1  --O                                                                       (2 = 100.0%) {0.0%}
2  O                                                                         (0 = 0.0%) {100.0%}

Histogram: PasswordManager.ProfileStore.InaccessiblePasswords3 recorded 1 samples, mean = 0.0 (flags = 0x41)
0  -O                                                                        (1 = 100.0%)
1  ... 

Histogram: PasswordManager.ProfileStore.LoginDatabaseEncryptionStatus recorded 1 samples, mean = 0.0 (flags = 0x41)
0  -O                                                                        (1 = 100.0%)
1  ... 

Histogram: PasswordManager.SavedGaiaPasswordHashCount2 recorded 1 samples, mean = 0.0 (flags = 0x41)
0  -O                                                                        (1 = 100.0%)
1  ... 

Histogram: PasswordManager.SyncMetadataReadError2 recorded 2 samples, mean = 0.0 (flags = 0x41)
0  --O                                                                       (2 = 100.0%)
1  ... 

Histogram: PaymentRequest.IsCanMakePaymentAllowedByPref.Startup recorded 1 samples, mean = 1.0 (flags = 0x41)
0  O                                                                         (0 = 0.0%)
1  -O                                                                        (1 = 100.0%) {0.0%}
2  O                                                                         (0 = 0.0%) {100.0%}

Histogram: PerformanceManager.LoadingNotQuiescentPageCount.All recorded 774 samples, mean = 0.0 (flags = 0x41)
0  ------------------------------------------------------------------------O (774 = 100.0%)
1  ... 

Histogram: PerformanceManager.LoadingNotQuiescentPageCount.Hidden recorded 774 samples, mean = 0.0 (flags = 0x41)
0  ------------------------------------------------------------------------O (774 = 100.0%)
1  ... 

Histogram: PerformanceManager.LoadingNotQuiescentPageCount.MixedVisibility recorded 774 samples, mean = 0.0 (flags = 0x41)
0  ------------------------------------------------------------------------O (774 = 100.0%)
1  ... 

Histogram: PerformanceManager.LoadingNotQuiescentPageCount.Visible recorded 774 samples, mean = 0.0 (flags = 0x41)
0  ------------------------------------------------------------------------O (774 = 100.0%)
1  ... 

Histogram: PerformanceManager.QuiescentPageCount recorded 774 samples, mean = 1.0 (flags = 0x41)
0  O                                                                         (0 = 0.0%)
1  ------------------------------------------------------------------------O (774 = 100.0%) {0.0%}
2  ... 

Histogram: PerformanceManager.SiteDB.DatabaseInit recorded 1 samples, mean = 0.0 (flags = 0x41)
0  -O                                                                        (1 = 100.0%)
1  ... 

Histogram: PerformanceManager.SiteDB.OnDiskSize recorded 1 samples, mean = 3.0 (flags = 0x41)
0  -O                                                                        (1 = 100.0%)
1000... 

Histogram: PerformanceManager.SiteDB.WriteCompleted.WriteSiteDataIntoStore recorded 1 samples, mean = 1.0 (flags = 0x41)
0  O                                                                         (0 = 0.0%)
1  -O                                                                        (1 = 100.0%) {0.0%}
2  O                                                                         (0 = 0.0%) {100.0%}

Histogram: PerformanceManager.SiteDB.WriteScheduled.WriteSiteDataIntoStore recorded 1 samples, mean = 1.0 (flags = 0x41)
0  O                                                                         (0 = 0.0%)
1  -O                                                                        (1 = 100.0%) {0.0%}
2  O                                                                         (0 = 0.0%) {100.0%}

Histogram: PerformanceManager.TabRevisitTracker.TimeToClose2 recorded 1 samples, mean = 23232.0 (flags = 0x41)
0      ... 
22530  -O                                                                        (1 = 100.0%) {0.0%}
23707  ... 

Histogram: PerformanceManager.UserTuning.BatterySaverModeEnabledPercent recorded 1 samples, mean = 0.0 (flags = 0x41)
0  -O                                                                        (1 = 100.0%)
1  ... 

Histogram: PerformanceManager.UserTuning.MemorySaverModeEnabledPercent recorded 1 samples, mean = 0.0 (flags = 0x41)
0  -O                                                                        (1 = 100.0%)
1  ... 

Histogram: PerformanceMonitor.AverageCPU8.BrowserProcess recorded 193 samples, mean = 1967.6 (flags = 0x41)
0      ... 
462    ------------------------------------------------------------------------O (166 = 86.0%) {0.0%}
558    -O                                                                        (3 = 1.6%) {86.0%}
674    ... 
983    -O                                                                        (2 = 1.0%) {87.6%}
1187   ... 
1730   O                                                                         (1 = 0.5%) {88.6%}
2088   ... 
3043   O                                                                         (1 = 0.5%) {89.1%}
3673   O                                                                         (0 = 0.0%) {89.6%}
4434   -O                                                                        (2 = 1.0%) {89.6%}
5353   O                                                                         (0 = 0.0%) {90.7%}
6462   O                                                                         (1 = 0.5%) {90.7%}
7801   O                                                                         (0 = 0.0%) {91.2%}
9417   -O                                                                        (2 = 1.0%) {91.2%}
11368  --O                                                                       (4 = 2.1%) {92.2%}
13724  --O                                                                       (4 = 2.1%) {94.3%}
16567  --O                                                                       (4 = 2.1%) {96.4%}
20000  -O                                                                        (3 = 1.6%) {98.4%}

Histogram: PerformanceMonitor.AverageCPU8.GPUProcess recorded 193 samples, mean = 3.8 (flags = 0x41)
0    ... 
2    ------------------------------------------------------------------------O (128 = 66.3%) {0.0%}
3    ----------O                                                               (17 = 8.8%) {66.3%}
4    -----------O                                                              (19 = 9.8%) {75.1%}
5    -----O                                                                    (8 = 4.1%) {85.0%}
6    --O                                                                       (4 = 2.1%) {89.1%}
7    -----O                                                                    (9 = 4.7%) {91.2%}
8    ---O                                                                      (6 = 3.1%) {95.9%}
10   O                                                                         (0 = 0.0%) {99.0%}
12   -O                                                                        (1 = 0.5%) {99.0%}
15   ... 
150  -O                                                                        (1 = 0.5%) {99.5%}
181  ... 

Histogram: PerformanceMonitor.AverageCPU8.NetworkProcess recorded 193 samples, mean = 1.1 (flags = 0x41)
0   --O                                                                       (5 = 2.6%)
1   ------------------------------------------------------------------------O (170 = 88.1%) {2.6%}
2   ------O                                                                   (15 = 7.8%) {90.7%}
3   -O                                                                        (2 = 1.0%) {98.4%}
4   ... 
15  O                                                                         (1 = 0.5%) {99.5%}
18  ... 

Histogram: PerformanceMonitor.AverageCPU8.OtherProcess recorded 193 samples, mean = 0.0 (flags = 0x41)
0  ------------------------------------------------------------------------O (193 = 100.0%)
1  ... 

Histogram: PerformanceMonitor.AverageCPU8.RendererExtensionEventProcess recorded 193 samples, mean = 0.0 (flags = 0x41)
0  ------------------------------------------------------------------------O (193 = 100.0%)
1  ... 

Histogram: PerformanceMonitor.AverageCPU8.RendererExtensionPersistentProcess recorded 193 samples, mean = 0.0 (flags = 0x41)
0  ------------------------------------------------------------------------O (193 = 100.0%)
1  ... 

Histogram: PerformanceMonitor.AverageCPU8.RendererProcess recorded 193 samples, mean = 1.4 (flags = 0x41)
0    ------------------------------------------------------------------------O (192 = 99.5%)
1    ... 
263  O                                                                         (1 = 0.5%) {99.5%}
317  ... 

Histogram: PerformanceMonitor.AverageCPU8.Total recorded 193 samples, mean = 1973.7 (flags = 0x41)
0      ... 
462    ------------------------------------------------------------------------O (166 = 86.0%) {0.0%}
558    -O                                                                        (3 = 1.6%) {86.0%}
674    ... 
983    O                                                                         (1 = 0.5%) {87.6%}
1187   O                                                                         (1 = 0.5%) {88.1%}
1433   O                                                                         (0 = 0.0%) {88.6%}
1730   O                                                                         (1 = 0.5%) {88.6%}
2088   ... 
3043   O                                                                         (1 = 0.5%) {89.1%}
3673   O                                                                         (0 = 0.0%) {89.6%}
4434   -O                                                                        (2 = 1.0%) {89.6%}
5353   O                                                                         (0 = 0.0%) {90.7%}
6462   O                                                                         (1 = 0.5%) {90.7%}
7801   O                                                                         (0 = 0.0%) {91.2%}
9417   -O                                                                        (2 = 1.0%) {91.2%}
11368  --O                                                                       (4 = 2.1%) {92.2%}
13724  --O                                                                       (4 = 2.1%) {94.3%}
16567  --O                                                                       (4 = 2.1%) {96.4%}
20000  -O                                                                        (3 = 1.6%) {98.4%}

Histogram: PerformanceMonitor.AverageCPU8.Total.ZeroWindow recorded 193 samples, mean = 1973.7 (flags = 0x41)
0      ... 
462    ------------------------------------------------------------------------O (166 = 86.0%) {0.0%}
558    -O                                                                        (3 = 1.6%) {86.0%}
674    ... 
983    O                                                                         (1 = 0.5%) {87.6%}
1187   O                                                                         (1 = 0.5%) {88.1%}
1433   O                                                                         (0 = 0.0%) {88.6%}
1730   O                                                                         (1 = 0.5%) {88.6%}
2088   ... 
3043   O                                                                         (1 = 0.5%) {89.1%}
3673   O                                                                         (0 = 0.0%) {89.6%}
4434   -O                                                                        (2 = 1.0%) {89.6%}
5353   O                                                                         (0 = 0.0%) {90.7%}
6462   O                                                                         (1 = 0.5%) {90.7%}
7801   O                                                                         (0 = 0.0%) {91.2%}
9417   -O                                                                        (2 = 1.0%) {91.2%}
11368  --O                                                                       (4 = 2.1%) {92.2%}
13724  --O                                                                       (4 = 2.1%) {94.3%}
16567  --O                                                                       (4 = 2.1%) {96.4%}
20000  -O                                                                        (3 = 1.6%) {98.4%}

Histogram: PerformanceMonitor.AverageCPU8.UtilityProcess recorded 193 samples, mean = 1.9 (flags = 0x41)
0    ------------------------------------------------------------------------O (191 = 99.0%)
1    ... 
10   O                                                                         (1 = 0.5%) {99.0%}
12   ... 
317  O                                                                         (1 = 0.5%) {99.5%}
383  ... 

Histogram: PerformanceMonitor.HasPreciseCPUUsage recorded 11 samples, mean = 1.0 (flags = 0x41)
0  O                                                                         (0 = 0.0%)
1  -----------O                                                              (11 = 100.0%) {0.0%}
2  O                                                                         (0 = 0.0%) {100.0%}

Histogram: PerformanceMonitor.UsageScenario.LongInterval recorded 193 samples, mean = 13.0 (flags = 0x41)
0   ... 
13  ------------------------------------------------------------------------O (193 = 100.0%) {0.0%}
14  ... 

Histogram: Permissions.API.CreatedPermissionStatusObjects recorded 1 samples, mean = 0.0 (flags = 0x41)
0  -O                                                                        (1 = 100.0%)
1  ... 

Histogram: Permissions.Experimental.PrimaryMainNavigationFinished.AudioCapture.TopLevelHeaderPolicy recorded 1 samples, mean = 0.0 (flags = 0x41)
0  -O                                                                        (1 = 100.0%)
1  ... 

Histogram: Permissions.Experimental.PrimaryMainNavigationFinished.Geolocation.TopLevelHeaderPolicy recorded 1 samples, mean = 0.0 (flags = 0x41)
0  -O                                                                        (1 = 100.0%)
1  ... 

Histogram: Permissions.Experimental.PrimaryMainNavigationFinished.VideoCapture.TopLevelHeaderPolicy recorded 1 samples, mean = 0.0 (flags = 0x41)
0  -O                                                                        (1 = 100.0%)
1  ... 

Histogram: Permissions.QuietNotificationPrompts.RegularProfile.IsEnabledInPrefs recorded 1 samples, mean = 0.0 (flags = 0x41)
0  -O                                                                        (1 = 100.0%)
1  ... 

Histogram: Platform.IntelMaxMicroArchitecture recorded 1 samples, mean = 10.0 (flags = 0x41)
0   ... 
10  -O                                                                        (1 = 100.0%) {0.0%}
11  ... 

Histogram: Power.BatteryDischargeMode5 recorded 387 samples, mean = 4.0 (flags = 0x41)
0  ... 
4  ------------------------------------------------------------------------O (387 = 100.0%) {0.0%}
5  ... 

Histogram: Power.BatteryDischargeMode5.Initial recorded 1 samples, mean = 4.0 (flags = 0x41)
0  ... 
4  -O                                                                        (1 = 100.0%) {0.0%}
5  ... 

Histogram: Power.BatteryDischargeMode5.Periodic recorded 386 samples, mean = 4.0 (flags = 0x41)
0  ... 
4  ------------------------------------------------------------------------O (386 = 100.0%) {0.0%}
5  ... 

Histogram: Power.BatteryDischargeMode5.TenMinutes recorded 38 samples, mean = 4.0 (flags = 0x41)
0  ... 
4  --------------------------------------O                                   (38 = 100.0%) {0.0%}
5  ... 

Histogram: Power.BatteryDischargeMode5.ZeroWindow recorded 387 samples, mean = 4.0 (flags = 0x41)
0  ... 
4  ------------------------------------------------------------------------O (387 = 100.0%) {0.0%}
5  ... 

Histogram: Power.BatteryDischargeMode5.ZeroWindow.Initial recorded 1 samples, mean = 4.0 (flags = 0x41)
0  ... 
4  -O                                                                        (1 = 100.0%) {0.0%}
5  ... 

Histogram: Power.BatteryDischargeMode5.ZeroWindow.Periodic recorded 386 samples, mean = 4.0 (flags = 0x41)
0  ... 
4  ------------------------------------------------------------------------O (386 = 100.0%) {0.0%}
5  ... 

Histogram: Power.HasPreciseBatteryDischargeGranularity recorded 387 samples, mean = 0.0 (flags = 0x41)
0  ------------------------------------------------------------------------O (387 = 100.0%)
1  ... 

Histogram: Prefs.JSonStore.SetValueKey recorded 321 samples (flags = 0x41)
58852327    -O                                                                        (1 = 0.3%)
372921139   ------------------------------------------------------------------------O (141 = 43.9%)
376153846   -O                                                                        (1 = 0.3%)
852125461   -O                                                                        (2 = 0.6%)
1031488582  -O                                                                        (1 = 0.3%)
1146220280  -O                                                                        (1 = 0.3%)
1186893056  -O                                                                        (1 = 0.3%)
1923415074  --------------O                                                           (27 = 8.4%)
1927273959  -O                                                                        (1 = 0.3%)
1936820420  -O                                                                        (2 = 0.6%)
1956100443  -O                                                                        (1 = 0.3%)
2056672062  ------------------------------------------------------------------------O (141 = 43.9%)
2082524502  -O                                                                        (1 = 0.3%)

Histogram: Privacy.CookieControlsSetting.RegularProfile recorded 1 samples, mean = 2.0 (flags = 0x41)
0  ... 
2  -O                                                                        (1 = 100.0%) {0.0%}
3  O                                                                         (0 = 0.0%) {100.0%}

Histogram: Privacy.DIPS.BounceCategoryServer.Block3PC recorded 1 samples, mean = 0.0 (flags = 0x41)
0  -O                                                                        (1 = 100.0%)
1  ... 

Histogram: Privacy.DIPS.ClearedSitesCount.Block3PC recorded 6 samples, mean = 0.0 (flags = 0x41)
0  ------O                                                                   (6 = 100.0%)
1  ... 

Histogram: Privacy.DIPS.DIPSErrorCodes recorded 3 samples, mean = 2.0 (flags = 0x41)
0  --O                                                                       (2 = 66.7%)
1  ... 
6  -O                                                                        (1 = 33.3%) {66.7%}
7  ... 

Histogram: Privacy.DIPS.Database.Operation.FilterSitesWithProtectiveEventTime recorded 1 samples, mean = 0.0 (flags = 0x41)
0  -O                                                                        (1 = 100.0%)
1  ... 

Histogram: Privacy.DIPS.Database.Operation.GetSitesThatBouncedWithStateTime recorded 6 samples, mean = 0.0 (flags = 0x41)
0  ------O                                                                   (6 = 100.0%)
1  ... 

Histogram: Privacy.DIPS.Database.Operation.InitTime recorded 1 samples, mean = 7.0 (flags = 0x41)
0  ... 
7  -O                                                                        (1 = 100.0%) {0.0%}
8  ... 

Histogram: Privacy.DIPS.Database.Operation.ReadPopupTime recorded 1 samples, mean = 0.0 (flags = 0x41)
0  -O                                                                        (1 = 100.0%)
1  ... 

Histogram: Privacy.DIPS.Database.Operation.ReadTime recorded 3 samples, mean = 0.0 (flags = 0x41)
0  ---O                                                                      (3 = 100.0%)
1  ... 

Histogram: Privacy.DIPS.Database.Operation.RemoveRowsTime recorded 1 samples, mean = 136.0 (flags = 0x41)
0    ... 
135  -O                                                                        (1 = 100.0%) {0.0%}
160  ... 

Histogram: Privacy.DIPS.Database.Operation.WriteTime recorded 1 samples, mean = 231.0 (flags = 0x41)
0    ... 
226  -O                                                                        (1 = 100.0%) {0.0%}
268  ... 

Histogram: Privacy.DIPS.DatabaseEntryCount recorded 1 samples, mean = 1.0 (flags = 0x41)
0  O                                                                         (0 = 0.0%)
1  -O                                                                        (1 = 100.0%) {0.0%}
2  ... 

Histogram: Privacy.DIPS.DatabaseHealthMetricsTime recorded 1 samples, mean = 1.0 (flags = 0x41)
0  O                                                                         (0 = 0.0%)
1  -O                                                                        (1 = 100.0%) {0.0%}
2  ... 

Histogram: Privacy.DIPS.DatabaseInit recorded 1 samples, mean = 1.0 (flags = 0x41)
0  O                                                                         (0 = 0.0%)
1  -O                                                                        (1 = 100.0%) {0.0%}
2  ... 

Histogram: Privacy.DIPS.DatabaseSize recorded 1 samples, mean = 36.0 (flags = 0x41)
0  -O                                                                        (1 = 100.0%)
1000... 

Histogram: Privacy.DoNotTrackSetting2 recorded 1 samples, mean = 0.0 (flags = 0x41)
0  -O                                                                        (1 = 100.0%)
1  ... 

Histogram: Privacy.ThirdPartyCookieBlockingSetting.RegularProfile recorded 1 samples, mean = 0.0 (flags = 0x41)
0  -O                                                                        (1 = 100.0%)
1  ... 

Histogram: PrivacyBudget.Identifiability.FinchConfigValidationResult recorded 1 samples, mean = 1.0 (flags = 0x41)
0  O                                                                         (0 = 0.0%)
1  -O                                                                        (1 = 100.0%) {0.0%}
2  O                                                                         (0 = 0.0%) {100.0%}

Histogram: PrivacySandbox.NoticeRequirement.IsVariationCountryEmpty recorded 3 samples, mean = 1.0 (flags = 0x41)
0  O                                                                         (0 = 0.0%)
1  ---O                                                                      (3 = 100.0%) {0.0%}
2  O                                                                         (0 = 0.0%) {100.0%}

Histogram: PrivacySandbox.NoticeRequirement.IsVariationServiceReady recorded 3 samples, mean = 1.0 (flags = 0x41)
0  O                                                                         (0 = 0.0%)
1  ---O                                                                      (3 = 100.0%) {0.0%}
2  O                                                                         (0 = 0.0%) {100.0%}

Histogram: PrivacySandbox.TrackingProtection.OnboardingStartup.State recorded 1 samples, mean = 0.0 (flags = 0x41)
0  -O                                                                        (1 = 100.0%)
1  ... 

Histogram: PrivacySandbox.TrackingProtection.SilentOnboardingStartup.State recorded 1 samples, mean = 0.0 (flags = 0x41)
0  -O                                                                        (1 = 100.0%)
1  ... 

Histogram: Profile.AppCount recorded 1 samples, mean = 0.0 (flags = 0x41)
0  -O                                                                        (1 = 100.0%)
1  ... 

Histogram: Profile.BookmarksSize recorded 1 samples, mean = 0.0 (flags = 0x41)
0  -O                                                                        (1 = 100.0%)
1  ... 

Histogram: Profile.CookiesSize recorded 1 samples, mean = 0.0 (flags = 0x41)
0  -O                                                                        (1 = 100.0%)
1  ... 

Histogram: Profile.Destroyer.OffTheRecord recorded 1 samples, mean = 1.0 (flags = 0x41)
0  O                                                                         (0 = 0.0%)
1  -O                                                                        (1 = 100.0%) {0.0%}
2  ... 

Histogram: Profile.DidDestroyProfileBeforeShutdown recorded 1 samples, mean = 0.0 (flags = 0x41)
0  -O                                                                        (1 = 100.0%)
1  ... 

Histogram: Profile.ExtensionSize recorded 1 samples, mean = 0.0 (flags = 0x41)
0  -O                                                                        (1 = 100.0%)
1  ... 

Histogram: Profile.FaviconsSize recorded 1 samples, mean = 0.0 (flags = 0x41)
0  -O                                                                        (1 = 100.0%)
1  ... 

Histogram: Profile.HistorySize recorded 1 samples, mean = 0.0 (flags = 0x41)
0  -O                                                                        (1 = 100.0%)
1  ... 

Histogram: Profile.KeepAliveLeakAtShutdown recorded 2 samples, mean = 3.5 (flags = 0x41)
0  -O                                                                        (1 = 50.0%)
1  ... 
7  -O                                                                        (1 = 50.0%) {50.0%}
8  ... 

Histogram: Profile.LiveProfileCount recorded 12 samples, mean = 1.0 (flags = 0x41)
0  O                                                                         (0 = 0.0%)
1  ------------O                                                             (12 = 100.0%) {0.0%}
2  ... 

Histogram: Profile.TopSitesSize recorded 1 samples, mean = 0.0 (flags = 0x41)
0  -O                                                                        (1 = 100.0%)
1  ... 

Histogram: Profile.TotalHistorySize recorded 1 samples, mean = 0.0 (flags = 0x41)
0  -O                                                                        (1 = 100.0%)
1  ... 

Histogram: Profile.TotalSize recorded 1 samples, mean = 0.0 (flags = 0x41)
0  -O                                                                        (1 = 100.0%)
1  ... 

Histogram: Profile.TotalSizeRecursive recorded 1 samples, mean = 25.0 (flags = 0x41)
0   ... 
24  -O                                                                        (1 = 100.0%) {0.0%}
29  ... 

Histogram: Profile.TriggeredReset recorded 1 samples, mean = 0.0 (flags = 0x41)
0  -O                                                                        (1 = 100.0%)
1  ... 

Histogram: Profile.VisitedLinksSize recorded 1 samples, mean = 0.0 (flags = 0x41)
0  -O                                                                        (1 = 100.0%)
1  ... 

Histogram: Profile.WebDataSize recorded 1 samples, mean = 0.0 (flags = 0x41)
0  -O                                                                        (1 = 100.0%)
1  ... 

Histogram: Profile.ZombieProfileCount recorded 12 samples, mean = 0.0 (flags = 0x41)
0  ------------O                                                             (12 = 100.0%)
1  ... 

Histogram: ProfilePicker.StartupMode.CreateInitialProfile recorded 1 samples, mean = 0.0 (flags = 0x41)
0  -O                                                                        (1 = 100.0%)
1  ... 

Histogram: ProfilePicker.StartupMode.GetStartupProfile recorded 1 samples, mean = 0.0 (flags = 0x41)
0  -O                                                                        (1 = 100.0%)
1  ... 

Histogram: ProfilePicker.StartupReason.GetStartupProfile recorded 1 samples, mean = 27.0 (flags = 0x41)
0   ... 
27  -O                                                                        (1 = 100.0%) {0.0%}
28  ... 

Histogram: ProtoDB.GetErrorStatus.Metadata recorded 0 samples (flags = 0x41)
0 ... 

Histogram: ProtoDB.GetFound.Metadata recorded 18 samples, mean = 1.0 (flags = 0x41)
0  O                                                                         (0 = 0.0%)
1  ------------------O                                                       (18 = 100.0%) {0.0%}
2  O                                                                         (0 = 0.0%) {100.0%}

Histogram: ProtoDB.GetSuccess.Metadata recorded 18 samples, mean = 1.0 (flags = 0x41)
0  O                                                                         (0 = 0.0%)
1  ------------------O                                                       (18 = 100.0%) {0.0%}
2  O                                                                         (0 = 0.0%) {100.0%}

Histogram: ProtoDB.InitStatus.BudgetManager recorded 1 samples, mean = 4.0 (flags = 0x41)
0  ... 
4  -O                                                                        (1 = 100.0%) {0.0%}
5  ... 

Histogram: ProtoDB.InitStatus.CartDatabase recorded 1 samples, mean = 4.0 (flags = 0x41)
0  ... 
4  -O                                                                        (1 = 100.0%) {0.0%}
5  ... 

Histogram: ProtoDB.InitStatus.ClientCertificatesDatabase recorded 1 samples, mean = 4.0 (flags = 0x41)
0  ... 
4  -O                                                                        (1 = 100.0%) {0.0%}
5  ... 

Histogram: ProtoDB.InitStatus.CommerceParcelTrackingDatabase recorded 1 samples, mean = 4.0 (flags = 0x41)
0  ... 
4  -O                                                                        (1 = 100.0%) {0.0%}
5  ... 

Histogram: ProtoDB.InitStatus.CommerceSubscriptionDatabase recorded 1 samples, mean = 4.0 (flags = 0x41)
0  ... 
4  -O                                                                        (1 = 100.0%) {0.0%}
5  ... 

Histogram: ProtoDB.InitStatus.CouponDatabase recorded 1 samples, mean = 4.0 (flags = 0x41)
0  ... 
4  -O                                                                        (1 = 100.0%) {0.0%}
5  ... 

Histogram: ProtoDB.InitStatus.DiscountsDatabase recorded 1 samples, mean = 4.0 (flags = 0x41)
0  ... 
4  -O                                                                        (1 = 100.0%) {0.0%}
5  ... 

Histogram: ProtoDB.InitStatus.DownloadDB recorded 1 samples, mean = 4.0 (flags = 0x41)
0  ... 
4  -O                                                                        (1 = 100.0%) {0.0%}
5  ... 

Histogram: ProtoDB.InitStatus.DownloadService recorded 1 samples, mean = 4.0 (flags = 0x41)
0  ... 
4  -O                                                                        (1 = 100.0%) {0.0%}
5  ... 

Histogram: ProtoDB.InitStatus.FeatureEngagementTrackerAvailabilityStore recorded 1 samples, mean = 4.0 (flags = 0x41)
0  ... 
4  -O                                                                        (1 = 100.0%) {0.0%}
5  ... 

Histogram: ProtoDB.InitStatus.FeatureEngagementTrackerEventStore recorded 1 samples, mean = 4.0 (flags = 0x41)
0  ... 
4  -O                                                                        (1 = 100.0%) {0.0%}
5  ... 

Histogram: ProtoDB.InitStatus.Metadata recorded 1 samples, mean = 0.0 (flags = 0x41)
0  -O                                                                        (1 = 100.0%)
1  ... 

Histogram: ProtoDB.InitStatus.PersistentOriginTrials recorded 1 samples, mean = 4.0 (flags = 0x41)
0  ... 
4  -O                                                                        (1 = 100.0%) {0.0%}
5  ... 

Histogram: ProtoDB.InitStatus.PreviewsHintCacheStore recorded 1 samples, mean = 4.0 (flags = 0x41)
0  ... 
4  -O                                                                        (1 = 100.0%) {0.0%}
5  ... 

Histogram: ProtoDB.InitStatus.SegmentInfoDatabase recorded 1 samples, mean = 4.0 (flags = 0x41)
0  ... 
4  -O                                                                        (1 = 100.0%) {0.0%}
5  ... 

Histogram: ProtoDB.InitStatus.SharedDb recorded 1 samples, mean = 0.0 (flags = 0x41)
0  -O                                                                        (1 = 100.0%)
1  ... 

Histogram: ProtoDB.InitStatus.SignalDatabase recorded 1 samples, mean = 4.0 (flags = 0x41)
0  ... 
4  -O                                                                        (1 = 100.0%) {0.0%}
5  ... 

Histogram: ProtoDB.InitStatus.SignalStorageConfigDatabase recorded 1 samples, mean = 4.0 (flags = 0x41)
0  ... 
4  -O                                                                        (1 = 100.0%) {0.0%}
5  ... 

Histogram: ProtoDB.InitStatus.StrikeService recorded 1 samples, mean = 4.0 (flags = 0x41)
0  ... 
4  -O                                                                        (1 = 100.0%) {0.0%}
5  ... 

Histogram: ProtoDB.LoadEntriesSuccess.CartDatabase recorded 1 samples, mean = 1.0 (flags = 0x41)
0  O                                                                         (0 = 0.0%)
1  -O                                                                        (1 = 100.0%) {0.0%}
2  O                                                                         (0 = 0.0%) {100.0%}

Histogram: ProtoDB.LoadEntriesSuccess.CommerceSubscriptionDatabase recorded 1 samples, mean = 1.0 (flags = 0x41)
0  O                                                                         (0 = 0.0%)
1  -O                                                                        (1 = 100.0%) {0.0%}
2  O                                                                         (0 = 0.0%) {100.0%}

Histogram: ProtoDB.LoadEntriesSuccess.CouponDatabase recorded 1 samples, mean = 1.0 (flags = 0x41)
0  O                                                                         (0 = 0.0%)
1  -O                                                                        (1 = 100.0%) {0.0%}
2  O                                                                         (0 = 0.0%) {100.0%}

Histogram: ProtoDB.LoadEntriesSuccess.DownloadDB recorded 1 samples, mean = 1.0 (flags = 0x41)
0  O                                                                         (0 = 0.0%)
1  -O                                                                        (1 = 100.0%) {0.0%}
2  O                                                                         (0 = 0.0%) {100.0%}

Histogram: ProtoDB.LoadEntriesSuccess.DownloadService recorded 1 samples, mean = 1.0 (flags = 0x41)
0  O                                                                         (0 = 0.0%)
1  -O                                                                        (1 = 100.0%) {0.0%}
2  O                                                                         (0 = 0.0%) {100.0%}

Histogram: ProtoDB.LoadEntriesSuccess.FeatureEngagementTrackerAvailabilityStore recorded 1 samples, mean = 1.0 (flags = 0x41)
0  O                                                                         (0 = 0.0%)
1  -O                                                                        (1 = 100.0%) {0.0%}
2  O                                                                         (0 = 0.0%) {100.0%}

Histogram: ProtoDB.LoadEntriesSuccess.FeatureEngagementTrackerEventStore recorded 1 samples, mean = 1.0 (flags = 0x41)
0  O                                                                         (0 = 0.0%)
1  -O                                                                        (1 = 100.0%) {0.0%}
2  O                                                                         (0 = 0.0%) {100.0%}

Histogram: ProtoDB.LoadEntriesSuccess.PersistentOriginTrials recorded 1 samples, mean = 1.0 (flags = 0x41)
0  O                                                                         (0 = 0.0%)
1  -O                                                                        (1 = 100.0%) {0.0%}
2  O                                                                         (0 = 0.0%) {100.0%}

Histogram: ProtoDB.LoadEntriesSuccess.SegmentInfoDatabase recorded 1 samples, mean = 1.0 (flags = 0x41)
0  O                                                                         (0 = 0.0%)
1  -O                                                                        (1 = 100.0%) {0.0%}
2  O                                                                         (0 = 0.0%) {100.0%}

Histogram: ProtoDB.LoadEntriesSuccess.SignalStorageConfigDatabase recorded 1 samples, mean = 1.0 (flags = 0x41)
0  O                                                                         (0 = 0.0%)
1  -O                                                                        (1 = 100.0%) {0.0%}
2  O                                                                         (0 = 0.0%) {100.0%}

Histogram: ProtoDB.LoadKeysAndEntriesSuccess.PreviewsHintCacheStore recorded 2 samples, mean = 1.0 (flags = 0x41)
0  O                                                                         (0 = 0.0%)
1  --O                                                                       (2 = 100.0%) {0.0%}
2  O                                                                         (0 = 0.0%) {100.0%}

Histogram: ProtoDB.LoadKeysAndEntriesSuccess.SignalDatabase recorded 20 samples, mean = 1.0 (flags = 0x41)
0  O                                                                         (0 = 0.0%)
1  --------------------O                                                     (20 = 100.0%) {0.0%}
2  O                                                                         (0 = 0.0%) {100.0%}

Histogram: ProtoDB.LoadKeysAndEntriesSuccess.StrikeService recorded 1 samples, mean = 1.0 (flags = 0x41)
0  O                                                                         (0 = 0.0%)
1  -O                                                                        (1 = 100.0%) {0.0%}
2  O                                                                         (0 = 0.0%) {100.0%}

Histogram: ProtoDB.SharedDbInitStatus recorded 53 samples, mean = 11.4 (flags = 0x41)
0   ------------------O                                                       (18 = 34.0%)
1   ... 
11  -----------------O                                                        (17 = 32.1%) {34.0%}
12  ... 
23  -----------------O                                                        (17 = 32.1%) {66.0%}
24  ... 
27  -O                                                                        (1 = 1.9%) {98.1%}
28  ... 

Histogram: ProtoDB.UpdateErrorStatus.CartDatabase recorded 0 samples (flags = 0x41)
0 ... 

Histogram: ProtoDB.UpdateErrorStatus.CouponDatabase recorded 0 samples (flags = 0x41)
0 ... 

Histogram: ProtoDB.UpdateErrorStatus.Default recorded 0 samples (flags = 0x41)
0 ... 

Histogram: ProtoDB.UpdateErrorStatus.FeatureEngagementTrackerAvailabilityStore recorded 0 samples (flags = 0x41)
0 ... 

Histogram: ProtoDB.UpdateErrorStatus.Metadata recorded 0 samples (flags = 0x41)
0 ... 

Histogram: ProtoDB.UpdateErrorStatus.SegmentInfoDatabase recorded 0 samples (flags = 0x41)
0 ... 

Histogram: ProtoDB.UpdateErrorStatus.SignalDatabase recorded 0 samples (flags = 0x41)
0 ... 

Histogram: ProtoDB.UpdateErrorStatus.SignalStorageConfigDatabase recorded 0 samples (flags = 0x41)
0 ... 

Histogram: ProtoDB.UpdateSuccess.CartDatabase recorded 1 samples, mean = 1.0 (flags = 0x41)
0  O                                                                         (0 = 0.0%)
1  -O                                                                        (1 = 100.0%) {0.0%}
2  O                                                                         (0 = 0.0%) {100.0%}

Histogram: ProtoDB.UpdateSuccess.CouponDatabase recorded 1 samples, mean = 1.0 (flags = 0x41)
0  O                                                                         (0 = 0.0%)
1  -O                                                                        (1 = 100.0%) {0.0%}
2  O                                                                         (0 = 0.0%) {100.0%}

Histogram: ProtoDB.UpdateSuccess.Default recorded 5 samples, mean = 1.0 (flags = 0x41)
0  O                                                                         (0 = 0.0%)
1  -----O                                                                    (5 = 100.0%) {0.0%}
2  O                                                                         (0 = 0.0%) {100.0%}

Histogram: ProtoDB.UpdateSuccess.FeatureEngagementTrackerAvailabilityStore recorded 1 samples, mean = 1.0 (flags = 0x41)
0  O                                                                         (0 = 0.0%)
1  -O                                                                        (1 = 100.0%) {0.0%}
2  O                                                                         (0 = 0.0%) {100.0%}

Histogram: ProtoDB.UpdateSuccess.Metadata recorded 1 samples, mean = 1.0 (flags = 0x41)
0  O                                                                         (0 = 0.0%)
1  -O                                                                        (1 = 100.0%) {0.0%}
2  O                                                                         (0 = 0.0%) {100.0%}

Histogram: ProtoDB.UpdateSuccess.SegmentInfoDatabase recorded 11 samples, mean = 1.0 (flags = 0x41)
0  O                                                                         (0 = 0.0%)
1  -----------O                                                              (11 = 100.0%) {0.0%}
2  O                                                                         (0 = 0.0%) {100.0%}

Histogram: ProtoDB.UpdateSuccess.SignalDatabase recorded 20 samples, mean = 1.0 (flags = 0x41)
0  O                                                                         (0 = 0.0%)
1  --------------------O                                                     (20 = 100.0%) {0.0%}
2  O                                                                         (0 = 0.0%) {100.0%}

Histogram: ProtoDB.UpdateSuccess.SignalStorageConfigDatabase recorded 1 samples, mean = 1.0 (flags = 0x41)
0  O                                                                         (0 = 0.0%)
1  -O                                                                        (1 = 100.0%) {0.0%}
2  O                                                                         (0 = 0.0%) {100.0%}

Histogram: Quota.AvailableDiskSpace recorded 19 samples, mean = 769054.6 (flags = 0x41)
0       ... 
764286  -------------------O                                                      (19 = 100.0%) {0.0%}
891576  ... 

Histogram: Quota.AvailableDiskSpace2 recorded 6 samples, mean = 768983.8 (flags = 0x41)
0       ... 
764286  ------O                                                                   (6 = 100.0%) {0.0%}
891576  ... 

Histogram: Quota.EvictedBucketsPerHour recorded 6 samples, mean = 0.0 (flags = 0x41)
0  ------O                                                                   (6 = 100.0%)
1  ... 

Histogram: Quota.EvictionRoundsPerHour recorded 6 samples, mean = 2.0 (flags = 0x41)
0  ... 
2  ------O                                                                   (6 = 100.0%) {0.0%}
3  ... 

Histogram: Quota.GlobalTemporaryPoolSize recorded 13 samples, mean = 1524986.0 (flags = 0x41)
0        ... 
1415357  -------------O                                                            (13 = 100.0%) {0.0%}
1651082  ... 

Histogram: Quota.GlobalUsageOfTemporaryStorage recorded 6 samples, mean = 0.0 (flags = 0x41)
0  ------O                                                                   (6 = 100.0%)
1  ... 

Histogram: Quota.PercentDiskAvailable recorded 19 samples, mean = 40.0 (flags = 0x41)
0   ... 
40  -------------------O                                                      (19 = 100.0%) {0.0%}
41  ... 

Histogram: Quota.PercentDiskAvailable2 recorded 6 samples, mean = 40.0 (flags = 0x41)
0   ... 
40  ------O                                                                   (6 = 100.0%) {0.0%}
41  ... 

Histogram: Quota.PercentUsedForTemporaryStorage2 recorded 6 samples, mean = 0.0 (flags = 0x41)
0  ------O                                                                   (6 = 100.0%)
1  ... 

Histogram: Quota.SkippedEvictionRoundsPerHour recorded 6 samples, mean = 2.0 (flags = 0x41)
0  ... 
2  ------O                                                                   (6 = 100.0%) {0.0%}
3  ... 

Histogram: Quota.StorageKeyNonceCount recorded 6 samples, mean = 0.0 (flags = 0x41)
0  ------O                                                                   (6 = 100.0%)
1  ... 

Histogram: Quota.TotalBucketCount recorded 6 samples, mean = 0.0 (flags = 0x41)
0  ------O                                                                   (6 = 100.0%)
1  ... 

Histogram: Quota.TotalDiskSpace recorded 19 samples, mean = 1906233.0 (flags = 0x41)
0        ... 
1651082  -------------------O                                                      (19 = 100.0%) {0.0%}
1926066  ... 

Histogram: Quota.TotalDiskSpaceIsZero recorded 13 samples, mean = 0.0 (flags = 0x41)
0  -------------O                                                            (13 = 100.0%)
1  ... 

Histogram: ReadingList.Read.Count.OnModelLoaded.AccountStorage recorded 1 samples, mean = 0.0 (flags = 0x41)
0  -O                                                                        (1 = 100.0%)
1  ... 

Histogram: ReadingList.Read.Count.OnModelLoaded.LocalStorage recorded 1 samples, mean = 0.0 (flags = 0x41)
0  -O                                                                        (1 = 100.0%)
1  ... 

Histogram: ReadingList.Unread.Count.OnModelLoaded.AccountStorage recorded 1 samples, mean = 0.0 (flags = 0x41)
0  -O                                                                        (1 = 100.0%)
1  ... 

Histogram: ReadingList.Unread.Count.OnModelLoaded.LocalStorage recorded 1 samples, mean = 0.0 (flags = 0x41)
0  -O                                                                        (1 = 100.0%)
1  ... 

Histogram: Renderer.BrowserLaunchToRunLoopStart recorded 1 samples, mean = 104.0 (flags = 0x41)
0   ... 
96  -O                                                                        (1 = 100.0%) {0.0%}
114 ... 

Histogram: Renderer.Core.Timing.Performance.SwapsPerPerformanceEntryInsertion recorded 61 samples, mean = 1.7 (flags = 0x41)
0   -------------------------------------O                                    (37 = 60.7%)
1   ---------O                                                                (9 = 14.8%) {60.7%}
2   --O                                                                       (2 = 3.3%) {75.4%}
3   -O                                                                        (1 = 1.6%) {78.7%}
4   -O                                                                        (1 = 1.6%) {80.3%}
5   -O                                                                        (1 = 1.6%) {82.0%}
6   ---O                                                                      (3 = 4.9%) {83.6%}
7   ----O                                                                     (4 = 6.6%) {88.5%}
8   -O                                                                        (1 = 1.6%) {95.1%}
9   -O                                                                        (1 = 1.6%) {96.7%}
10  ... 
16  -O                                                                        (1 = 1.6%) {98.4%}
18  ... 

Histogram: Renderer.CriticalFonts.BlockingResourcesLoadTime recorded 1 samples, mean = 7283.0 (flags = 0x41)
0     ... 
7083  -O                                                                        (1 = 100.0%) {0.0%}
8416  ... 

Histogram: Renderer.CriticalFonts.CriticalFontDelay recorded 1 samples, mean = 0.0 (flags = 0x41)
0  -O                                                                        (1 = 100.0%)
1  ... 

Histogram: Renderer.CriticalFonts.PreloadedFontsLoadTime recorded 1 samples, mean = 6598.0 (flags = 0x41)
0     ... 
5961  -O                                                                        (1 = 100.0%) {0.0%}
7083  ... 

Histogram: Renderer.Font.PrimaryFont.DomContentLoaded recorded 1 samples, mean = 0.0 (flags = 0x41)
0  -O                                                                        (1 = 100.0%)
1  ... 

Histogram: Renderer.Font.PrimaryFont.DomContentLoaded.Style recorded 1 samples, mean = 0.0 (flags = 0x41)
0  -O                                                                        (1 = 100.0%)
1  ... 

Histogram: Renderer.Font.SystemFallback.DomContentLoaded recorded 1 samples, mean = 0.0 (flags = 0x41)
0  -O                                                                        (1 = 100.0%)
1  ... 

Histogram: Renderer.Layout.TextWrapBalance recorded 3 samples, mean = 0.0 (flags = 0x41)
0  ---O                                                                      (3 = 100.0%)
1  ... 

Histogram: Renderer.ProcessLifetime3 recorded 3 samples, mean = 15484640.0 (flags = 0x41)
0         ... 
1416      -O                                                                        (1 = 33.3%) {0.0%}
1590      ... 
21481176  --O                                                                       (2 = 66.7%) {33.3%}
24122891  ... 

Histogram: Renderer.ProcessLifetime3.Empty recorded 1 samples, mean = 23225636.0 (flags = 0x41)
0         ... 
21481176  -O                                                                        (1 = 100.0%) {0.0%}
24122891  ... 

Histogram: Renderer.ProcessLifetime3.MainFrame recorded 1 samples, mean = 23226792.0 (flags = 0x41)
0         ... 
21481176  -O                                                                        (1 = 100.0%) {0.0%}
24122891  ... 

Histogram: Renderer.ProcessLifetime3.Speculative recorded 1 samples, mean = 1493.0 (flags = 0x41)
0     ... 
1416  -O                                                                        (1 = 100.0%) {0.0%}
1590  ... 

Histogram: Renderer.ReduceSubresourceResponseIPC.DidNotifyBrowser recorded 47 samples, mean = 1.0 (flags = 0x41)
0  O                                                                         (0 = 0.0%)
1  -----------------------------------------------O                          (47 = 100.0%) {0.0%}
2  O                                                                         (0 = 0.0%) {100.0%}

Histogram: Renderer.RenderThreadImpl.Init recorded 1 samples, mean = 10.0 (flags = 0x41)
0   ... 
10  -O                                                                        (1 = 100.0%) {0.0%}
12  ... 

Histogram: Renderer4.GpuRasterizationEnabled recorded 1 samples, mean = 1.0 (flags = 0x41)
0  O                                                                         (0 = 0.0%)
1  -O                                                                        (1 = 100.0%) {0.0%}
2  O                                                                         (0 = 0.0%) {100.0%}

Histogram: RendererScheduler.RendererMainThreadLoad5 recorded 23231 samples, mean = 0.0 (flags = 0x41)
0   ------------------------------------------------------------------------O (23230 = 100.0%)
1   ... 
28  O                                                                         (1 = 0.0%) {100.0%}
29  ... 

Histogram: RendererScheduler.RendererMainThreadLoad5.Background recorded 23226 samples, mean = 0.0 (flags = 0x41)
0  ------------------------------------------------------------------------O (23226 = 100.0%)
1  ... 

Histogram: RendererScheduler.RendererMainThreadLoad5.Background.AfterFifthMinute recorded 22926 samples, mean = 0.0 (flags = 0x41)
0  ------------------------------------------------------------------------O (22926 = 100.0%)
1  ... 

Histogram: RendererScheduler.RendererMainThreadLoad5.Background.AfterFirstMinute recorded 23166 samples, mean = 0.0 (flags = 0x41)
0  ------------------------------------------------------------------------O (23166 = 100.0%)
1  ... 

Histogram: RendererScheduler.RendererMainThreadLoad5.Background.AfterTenthMinute recorded 22626 samples, mean = 0.0 (flags = 0x41)
0  ------------------------------------------------------------------------O (22626 = 100.0%)
1  ... 

Histogram: RendererScheduler.RendererMainThreadLoad5.Foreground recorded 6 samples, mean = 4.7 (flags = 0x41)
0   -----O                                                                    (5 = 83.3%)
1   ... 
28  -O                                                                        (1 = 16.7%) {83.3%}
29  ... 

Histogram: RendererScheduler.RendererMainThreadLoad5.Foreground.AfterFirstMinute recorded 23166 samples, mean = 0.0 (flags = 0x41)
0  ------------------------------------------------------------------------O (23166 = 100.0%)
1  ... 

Histogram: ReportingAndNEL.NumberOfLoadedNELPolicies recorded 1 samples, mean = 0.0 (flags = 0x41)
0  -O                                                                        (1 = 100.0%)
1  ... 

Histogram: ReportingAndNEL.NumberOfLoadedNELPolicies2 recorded 1 samples, mean = 0.0 (flags = 0x41)
0  -O                                                                        (1 = 100.0%)
1  ... 

Histogram: ReportingAndNEL.TimeInitializeDB recorded 1 samples, mean = 3.0 (flags = 0x41)
0  ... 
3  -O                                                                        (1 = 100.0%) {0.0%}
4  ... 

Histogram: ResourceScheduler.RequestQueuingDuration.Priority1 recorded 144 samples, mean = 0.0 (flags = 0x41)
0  ------------------------------------------------------------------------O (144 = 100.0%)
1  ... 

Histogram: ResourceScheduler.RequestQueuingDuration.Priority2 recorded 30 samples, mean = 0.0 (flags = 0x41)
0  ------------------------------O                                           (30 = 100.0%)
1  ... 

Histogram: ResourceScheduler.RequestQueuingDuration.Priority3 recorded 1 samples, mean = 0.0 (flags = 0x41)
0  -O                                                                        (1 = 100.0%)
1  ... 

Histogram: ResourceScheduler.RequestQueuingDuration.Priority4 recorded 6 samples, mean = 0.0 (flags = 0x41)
0  ------O                                                                   (6 = 100.0%)
1  ... 

Histogram: ResourceScheduler.RequestQueuingDuration.Priority5 recorded 13 samples, mean = 0.0 (flags = 0x41)
0  -------------O                                                            (13 = 100.0%)
1  ... 

Histogram: SBClientPhishing.Classifier.Event recorded 2 samples, mean = 1.0 (flags = 0x41)
0  O                                                                         (0 = 0.0%)
1  --O                                                                       (2 = 100.0%) {0.0%}
2  ... 

Histogram: SBClientPhishing.HighConfidenceAllowlistCheckDuration recorded 1 samples, mean = 2.0 (flags = 0x41)
0  ... 
2  -O                                                                        (1 = 100.0%) {0.0%}
3  ... 

Histogram: SBClientPhishing.ImageEmbedder.Event recorded 2 samples, mean = 1.0 (flags = 0x41)
0  O                                                                         (0 = 0.0%)
1  --O                                                                       (2 = 100.0%) {0.0%}
2  ... 

Histogram: SBClientPhishing.LoadReportTimesFromPrefAtServiceCreationSuccessful recorded 1 samples, mean = 1.0 (flags = 0x41)
0  O                                                                         (0 = 0.0%)
1  -O                                                                        (1 = 100.0%) {0.0%}
2  O                                                                         (0 = 0.0%) {100.0%}

Histogram: SBClientPhishing.MatchHighConfidenceAllowlist recorded 1 samples, mean = 3.0 (flags = 0x41)
0  ... 
3  -O                                                                        (1 = 100.0%) {0.0%}
4  O                                                                         (0 = 0.0%) {100.0%}

Histogram: SBClientPhishing.MatchHighConfidenceAllowlist.TriggerModel recorded 1 samples, mean = 3.0 (flags = 0x41)
0  ... 
3  -O                                                                        (1 = 100.0%) {0.0%}
4  O                                                                         (0 = 0.0%) {100.0%}

Histogram: SBClientPhishing.PreClassificationCheckResult recorded 1 samples, mean = 3.0 (flags = 0x41)
0  ... 
3  -O                                                                        (1 = 100.0%) {0.0%}
4  ... 

Histogram: SBIRS.DroppedIncident recorded 2 samples, mean = 1.0 (flags = 0x41)
0  O                                                                         (0 = 0.0%)
1  --O                                                                       (2 = 100.0%) {0.0%}
2  ... 

Histogram: SBIRS.ReceivedIncident recorded 2 samples, mean = 1.0 (flags = 0x41)
0  O                                                                         (0 = 0.0%)
1  --O                                                                       (2 = 100.0%) {0.0%}
2  ... 

Histogram: SSL.Experimental.SubresourceResponse recorded 47 samples, mean = 0.0 (flags = 0x41)
0  -----------------------------------------------O                          (47 = 100.0%)
1  ... 

Histogram: SafeBrowsing.AsyncCheck.CommittedNavigationIdsSize recorded 5 samples, mean = 1.6 (flags = 0x41)
0  -O                                                                        (1 = 20.0%)
1  -O                                                                        (1 = 20.0%) {20.0%}
2  --O                                                                       (2 = 40.0%) {40.0%}
3  -O                                                                        (1 = 20.0%) {80.0%}
4  ... 

Histogram: SafeBrowsing.BrowserThrottle.CheckerOnIOLifetime recorded 1 samples, mean = 1151.0 (flags = 0x41)
0    ... 
926  -O                                                                        (1 = 100.0%) {0.0%}
1177 ... 

Histogram: SafeBrowsing.BrowserThrottle.IntervalBetweenStartAndProcess recorded 1 samples, mean = 1151.0 (flags = 0x41)
0     ... 
1062  -O                                                                        (1 = 100.0%) {0.0%}
1262  ... 

Histogram: SafeBrowsing.BrowserThrottle.IntervalBetweenStartAndProcess.FromNetwork recorded 1 samples, mean = 1151.0 (flags = 0x41)
0     ... 
1062  -O                                                                        (1 = 100.0%) {0.0%}
1262  ... 

Histogram: SafeBrowsing.BrowserThrottle.IsCheckCompletedOnProcessResponse recorded 1 samples, mean = 1.0 (flags = 0x41)
0  O                                                                         (0 = 0.0%)
1  -O                                                                        (1 = 100.0%) {0.0%}
2  O                                                                         (0 = 0.0%) {100.0%}

Histogram: SafeBrowsing.BrowserThrottle.RequestDestination recorded 1 samples, mean = 3.0 (flags = 0x41)
0  ... 
3  -O                                                                        (1 = 100.0%) {0.0%}
4  ... 

Histogram: SafeBrowsing.BrowserThrottle.RequestDestination.Checked recorded 1 samples, mean = 3.0 (flags = 0x41)
0  ... 
3  -O                                                                        (1 = 100.0%) {0.0%}
4  ... 

Histogram: SafeBrowsing.BrowserThrottle.TotalDelay2.FromNetwork recorded 1 samples, mean = 0.0 (flags = 0x41)
0  -O                                                                        (1 = 100.0%)
1  ... 

Histogram: SafeBrowsing.BrowserThrottle.TotalDelay2.HashPrefixDatabaseCheck recorded 2 samples, mean = 0.0 (flags = 0x41)
0  --O                                                                       (2 = 100.0%)
1  ... 

Histogram: SafeBrowsing.BrowserThrottle.WillProcessResponseCount recorded 1 samples, mean = 1.0 (flags = 0x41)
0  O                                                                         (0 = 0.0%)
1  -O                                                                        (1 = 100.0%) {0.0%}
2  ... 

Histogram: SafeBrowsing.CheckBrowseUrl.HasLocalMatch recorded 2 samples, mean = 1.0 (flags = 0x41)
0  O                                                                         (0 = 0.0%)
1  --O                                                                       (2 = 100.0%) {0.0%}
2  O                                                                         (0 = 0.0%) {100.0%}

Histogram: SafeBrowsing.CheckUrl.Action recorded 2 samples, mean = 0.0 (flags = 0x41)
0  --O                                                                       (2 = 100.0%)
1  ... 

Histogram: SafeBrowsing.CheckUrl.FirstRequestThreatType2 recorded 1 samples, mean = 1.0 (flags = 0x41)
0  O                                                                         (0 = 0.0%)
1  -O                                                                        (1 = 100.0%) {0.0%}
2  ... 

Histogram: SafeBrowsing.CheckUrl.FirstRequestThreatType2.LocalPVer4 recorded 1 samples, mean = 1.0 (flags = 0x41)
0  O                                                                         (0 = 0.0%)
1  -O                                                                        (1 = 100.0%) {0.0%}
2  ... 

Histogram: SafeBrowsing.CheckUrl.FirstRequestTimedOut recorded 1 samples, mean = 0.0 (flags = 0x41)
0  -O                                                                        (1 = 100.0%)
1  ... 

Histogram: SafeBrowsing.CheckUrl.FirstRequestTimedOut.LocalPVer4 recorded 1 samples, mean = 0.0 (flags = 0x41)
0  -O                                                                        (1 = 100.0%)
1  ... 

Histogram: SafeBrowsing.CheckUrl.IsDocumentCheckPrefetch recorded 2 samples, mean = 0.0 (flags = 0x41)
0  --O                                                                       (2 = 100.0%)
1  ... 

Histogram: SafeBrowsing.CheckUrl.TimeTaken.HashDatabase recorded 2 samples, mean = 141.0 (flags = 0x41)
0    ... 
2    -O                                                                        (1 = 50.0%) {0.0%}
3    ... 
268  -O                                                                        (1 = 50.0%) {50.0%}
318  ... 

Histogram: SafeBrowsing.CheckUrl.Timeout recorded 2 samples, mean = 0.0 (flags = 0x41)
0  --O                                                                       (2 = 100.0%)
1  ... 

Histogram: SafeBrowsing.CheckUrl.UrlScheme recorded 2 samples, mean = 10.0 (flags = 0x41)
0   ... 
10  --O                                                                       (2 = 100.0%) {0.0%}
11  ... 

Histogram: SafeBrowsing.ClientSidePhishingDetection.AllowlistMatchResult recorded 1 samples, mean = 1.0 (flags = 0x41)
0  O                                                                         (0 = 0.0%)
1  -O                                                                        (1 = 100.0%) {0.0%}
2  ... 

Histogram: SafeBrowsing.FileTypeUpdate.ResourceBundleResult recorded 1 samples (flags = 0x41)
1  -O                                                                        (1 = 100.0%)

Histogram: SafeBrowsing.FileTypeUpdate.ResourceBundleVersion recorded 1 samples (flags = 0x41)
66  -O                                                                        (1 = 100.0%)

Histogram: SafeBrowsing.HPRT.Cache.FullHashCount recorded 14 samples, mean = 0.0 (flags = 0x41)
0  --------------O                                                           (14 = 100.0%)
1  ... 

Histogram: SafeBrowsing.HPRT.Cache.HashPrefixCount recorded 14 samples, mean = 0.0 (flags = 0x41)
0  --------------O                                                           (14 = 100.0%)
1  ... 

Histogram: SafeBrowsing.HPRT.Ineligible.FeatureOff recorded 1 samples, mean = 0.0 (flags = 0x41)
0  -O                                                                        (1 = 100.0%)
1  ... 

Histogram: SafeBrowsing.HPRT.Ineligible.IneligibleForLocation recorded 1 samples, mean = 0.0 (flags = 0x41)
0  -O                                                                        (1 = 100.0%)
1  ... 

Histogram: SafeBrowsing.HPRT.Ineligible.IneligibleForSessionOrLocation recorded 1 samples, mean = 1.0 (flags = 0x41)
0  O                                                                         (0 = 0.0%)
1  -O                                                                        (1 = 100.0%) {0.0%}
2  O                                                                         (0 = 0.0%) {100.0%}

Histogram: SafeBrowsing.HPRT.Ineligible.NoGoogleChromeBranding recorded 1 samples, mean = 1.0 (flags = 0x41)
0  O                                                                         (0 = 0.0%)
1  -O                                                                        (1 = 100.0%) {0.0%}
2  O                                                                         (0 = 0.0%) {100.0%}

Histogram: SafeBrowsing.HPRT.Ineligible.NotAllowedByPolicy recorded 1 samples, mean = 0.0 (flags = 0x41)
0  -O                                                                        (1 = 100.0%)
1  ... 

Histogram: SafeBrowsing.HPRT.Ineligible.NotStandardProtection recorded 1 samples, mean = 0.0 (flags = 0x41)
0  -O                                                                        (1 = 100.0%)
1  ... 

Histogram: SafeBrowsing.HPRT.Ineligible.OffTheRecord recorded 1 samples, mean = 0.0 (flags = 0x41)
0  -O                                                                        (1 = 100.0%)
1  ... 

Histogram: SafeBrowsing.HasCookieAtStartup2 recorded 1 samples, mean = 0.0 (flags = 0x41)
0  -O                                                                        (1 = 100.0%)
1  ... 

Histogram: SafeBrowsing.PageLoadToken.TokenCount recorded 14 samples, mean = 0.0 (flags = 0x41)
0  --------------O                                                           (14 = 100.0%)
1  ... 

Histogram: SafeBrowsing.Pref.Enhanced recorded 1 samples, mean = 0.0 (flags = 0x41)
0  -O                                                                        (1 = 100.0%)
1  ... 

Histogram: SafeBrowsing.Pref.Enhanced.RegularProfile recorded 1 samples, mean = 0.0 (flags = 0x41)
0  -O                                                                        (1 = 100.0%)
1  ... 

Histogram: SafeBrowsing.Pref.Extended recorded 1 samples, mean = 0.0 (flags = 0x41)
0  -O                                                                        (1 = 100.0%)
1  ... 

Histogram: SafeBrowsing.Pref.General recorded 1 samples, mean = 1.0 (flags = 0x41)
0  O                                                                         (0 = 0.0%)
1  -O                                                                        (1 = 100.0%) {0.0%}
2  O                                                                         (0 = 0.0%) {100.0%}

Histogram: SafeBrowsing.RT.CacheManager.CleanUpTime recorded 14 samples, mean = 0.0 (flags = 0x41)
0  --------------O                                                           (14 = 100.0%)
1  ... 

Histogram: SafeBrowsing.RT.CanCheckDatabase recorded 2 samples, mean = 1.0 (flags = 0x41)
0  O                                                                         (0 = 0.0%)
1  --O                                                                       (2 = 100.0%) {0.0%}
2  O                                                                         (0 = 0.0%) {100.0%}

Histogram: SafeBrowsing.RT.ConsumerVersionReason recorded 2 samples, mean = 1.0 (flags = 0x41)
0  -O                                                                        (1 = 50.0%)
1  O                                                                         (0 = 0.0%) {50.0%}
2  -O                                                                        (1 = 50.0%) {50.0%}
3  ... 

Histogram: SafeBrowsing.RendererThrottle.IsCheckCompletedOnProcessResponse recorded 47 samples, mean = 1.0 (flags = 0x41)
0  O                                                                         (0 = 0.0%)
1  -----------------------------------------------O                          (47 = 100.0%) {0.0%}
2  O                                                                         (0 = 0.0%) {100.0%}

Histogram: SafeBrowsing.RendererThrottle.RequestDestination recorded 47 samples, mean = 10.7 (flags = 0x41)
0   ------O                                                                   (6 = 12.8%)
1   ... 
5   -----O                                                                    (5 = 10.6%) {12.8%}
6   ... 
8   -O                                                                        (1 = 2.1%) {23.4%}
9   -O                                                                        (1 = 2.1%) {25.5%}
10  ... 
13  ---------------------------O                                              (27 = 57.4%) {27.7%}
14  ... 
16  -------O                                                                  (7 = 14.9%) {85.1%}
17  ... 

Histogram: SafeBrowsing.V4Database.Size recorded 1 samples, mean = 0.0 (flags = 0x41)
0  -O                                                                        (1 = 100.0%)
1  ... 

Histogram: SafeBrowsing.V4Database.Size.ChromeExtMalware recorded 1 samples, mean = 0.0 (flags = 0x41)
0  -O                                                                        (1 = 100.0%)
1  ... 

Histogram: SafeBrowsing.V4Database.Size.UrlBilling recorded 1 samples, mean = 0.0 (flags = 0x41)
0  -O                                                                        (1 = 100.0%)
1  ... 

Histogram: SafeBrowsing.V4Database.Size.UrlCsdDownloadAllowlist recorded 1 samples, mean = 0.0 (flags = 0x41)
0  -O                                                                        (1 = 100.0%)
1  ... 

Histogram: SafeBrowsing.V4Database.Size.UrlMalBin recorded 1 samples, mean = 0.0 (flags = 0x41)
0  -O                                                                        (1 = 100.0%)
1  ... 

Histogram: SafeBrowsing.V4Database.Size.UrlMalware recorded 1 samples, mean = 0.0 (flags = 0x41)
0  -O                                                                        (1 = 100.0%)
1  ... 

Histogram: SafeBrowsing.V4Database.Size.UrlSoceng recorded 1 samples, mean = 0.0 (flags = 0x41)
0  -O                                                                        (1 = 100.0%)
1  ... 

Histogram: SafeBrowsing.V4Database.Size.UrlUws recorded 1 samples, mean = 0.0 (flags = 0x41)
0  -O                                                                        (1 = 100.0%)
1  ... 

Histogram: SafeBrowsing.V4Database.SizeLinear recorded 1 samples, mean = 0.0 (flags = 0x41)
0  -O                                                                        (1 = 100.0%)
1  ... 

Histogram: SafeBrowsing.V4Database.SizeLinear.ChromeExtMalware recorded 1 samples, mean = 0.0 (flags = 0x41)
0  -O                                                                        (1 = 100.0%)
1  ... 

Histogram: SafeBrowsing.V4Database.SizeLinear.UrlMalBin recorded 1 samples, mean = 0.0 (flags = 0x41)
0  -O                                                                        (1 = 100.0%)
1  ... 

Histogram: SafeBrowsing.V4Database.SizeLinear.UrlSoceng recorded 1 samples, mean = 0.0 (flags = 0x41)
0  -O                                                                        (1 = 100.0%)
1  ... 

Histogram: SafeBrowsing.V4DatabaseInitializationTime recorded 1 samples, mean = 5328.0 (flags = 0x41)
0     ... 
5017  -O                                                                        (1 = 100.0%) {0.0%}
5961  ... 

Histogram: SafeBrowsing.V4Store.IsStoreValid recorded 7 samples, mean = 0.0 (flags = 0x41)
0  -------O                                                                  (7 = 100.0%)
1  ... 

Histogram: SafeBrowsing.V4Store.IsStoreValid.ChromeExtMalware recorded 1 samples, mean = 0.0 (flags = 0x41)
0  -O                                                                        (1 = 100.0%)
1  ... 

Histogram: SafeBrowsing.V4Store.IsStoreValid.UrlBilling recorded 1 samples, mean = 0.0 (flags = 0x41)
0  -O                                                                        (1 = 100.0%)
1  ... 

Histogram: SafeBrowsing.V4Store.IsStoreValid.UrlCsdDownloadAllowlist recorded 1 samples, mean = 0.0 (flags = 0x41)
0  -O                                                                        (1 = 100.0%)
1  ... 

Histogram: SafeBrowsing.V4Store.IsStoreValid.UrlMalBin recorded 1 samples, mean = 0.0 (flags = 0x41)
0  -O                                                                        (1 = 100.0%)
1  ... 

Histogram: SafeBrowsing.V4Store.IsStoreValid.UrlMalware recorded 1 samples, mean = 0.0 (flags = 0x41)
0  -O                                                                        (1 = 100.0%)
1  ... 

Histogram: SafeBrowsing.V4Store.IsStoreValid.UrlSoceng recorded 1 samples, mean = 0.0 (flags = 0x41)
0  -O                                                                        (1 = 100.0%)
1  ... 

Histogram: SafeBrowsing.V4Store.IsStoreValid.UrlUws recorded 1 samples, mean = 0.0 (flags = 0x41)
0  -O                                                                        (1 = 100.0%)
1  ... 

Histogram: SafeBrowsing.V4Store.ReadyOnStartup recorded 7 samples, mean = 0.0 (flags = 0x41)
0  -------O                                                                  (7 = 100.0%)
1  ... 

Histogram: SafeBrowsing.V4StoreRead.Result recorded 7 samples, mean = 2.0 (flags = 0x41)
0  ... 
2  -------O                                                                  (7 = 100.0%) {0.0%}
3  ... 

Histogram: Scheduling.MessagePumpTimeKeeper.BrowserIO recorded 0 samples (flags = 0x41)
0 ... 

Histogram: Scheduling.MessagePumpTimeKeeper.BrowserUI recorded 0 samples (flags = 0x41)
0 ... 

Histogram: Scheduling.ThreadController.ActiveIntervalDuration.Any.BrowserUI recorded 16 samples, mean = 0.0 (flags = 0x41)
0  ----------------O                                                         (16 = 100.0%)
1  ... 

Histogram: Scheduling.ThreadController.ActiveIntervalDuration.Any.Other recorded 361 samples, mean = 0.0 (flags = 0x41)
0  ------------------------------------------------------------------------O (357 = 98.9%)
1  -O                                                                        (4 = 1.1%) {98.9%}
2  ... 

Histogram: Scheduling.ThreadController.ActiveIntervalDuration.Medium.Other recorded 4 samples, mean = 1.0 (flags = 0x41)
0  O                                                                         (0 = 0.0%)
1  ----O                                                                     (4 = 100.0%) {0.0%}
2  ... 

Histogram: Scheduling.ThreadController.ActiveIntervalDuration.Short.BrowserUI recorded 16 samples, mean = 0.7 (flags = 0x41)
0  ------O                                                                   (6 = 37.5%)
1  ---------O                                                                (9 = 56.2%) {37.5%}
2  -O                                                                        (1 = 6.2%) {93.8%}
3  ... 

Histogram: Scheduling.ThreadController.ActiveIntervalDuration.Short.Other recorded 357 samples, mean = 50.9 (flags = 0x41)
0    ... 
3    --O                                                                       (2 = 0.6%) {0.0%}
4    -------------------O                                                      (19 = 5.3%) {0.6%}
5    -------------------------O                                                (25 = 7.0%) {5.9%}
6    -------------------------------------O                                    (37 = 10.4%) {12.9%}
7    ------------O                                                             (12 = 3.4%) {23.2%}
8    ----------O                                                               (10 = 2.8%) {26.6%}
9    -----------O                                                              (11 = 3.1%) {29.4%}
10   ----O                                                                     (4 = 1.1%) {32.5%}
11   -O                                                                        (1 = 0.3%) {33.6%}
12   -O                                                                        (1 = 0.3%) {33.9%}
13   ---O                                                                      (3 = 0.8%) {34.2%}
14   -O                                                                        (1 = 0.3%) {35.0%}
15   O                                                                         (0 = 0.0%) {35.3%}
16   -O                                                                        (1 = 0.3%) {35.3%}
17   ---O                                                                      (3 = 0.8%) {35.6%}
18   --O                                                                       (2 = 0.6%) {36.4%}
19   ---O                                                                      (3 = 0.8%) {37.0%}
20   --O                                                                       (2 = 0.6%) {37.8%}
21   --O                                                                       (2 = 0.6%) {38.4%}
22   --O                                                                       (2 = 0.6%) {38.9%}
23   -----O                                                                    (5 = 1.4%) {39.5%}
24   --------O                                                                 (8 = 2.2%) {40.9%}
25   -O                                                                        (1 = 0.3%) {43.1%}
26   ------O                                                                   (6 = 1.7%) {43.4%}
27   ----O                                                                     (4 = 1.1%) {45.1%}
28   ----O                                                                     (4 = 1.1%) {46.2%}
29   -----------O                                                              (11 = 3.1%) {47.3%}
31   -----O                                                                    (5 = 1.4%) {50.4%}
33   ------------O                                                             (12 = 3.4%) {51.8%}
35   ----------------O                                                         (16 = 4.5%) {55.2%}
37   -----O                                                                    (5 = 1.4%) {59.7%}
39   ---O                                                                      (3 = 0.8%) {61.1%}
41   --O                                                                       (2 = 0.6%) {61.9%}
43   -------O                                                                  (7 = 2.0%) {62.5%}
45   ----O                                                                     (4 = 1.1%) {64.4%}
47   ---O                                                                      (3 = 0.8%) {65.5%}
49   ----O                                                                     (4 = 1.1%) {66.4%}
52   ----O                                                                     (4 = 1.1%) {67.5%}
55   --------O                                                                 (8 = 2.2%) {68.6%}
58   ----------O                                                               (10 = 2.8%) {70.9%}
61   ------O                                                                   (6 = 1.7%) {73.7%}
64   --------O                                                                 (8 = 2.2%) {75.4%}
67   -------O                                                                  (7 = 2.0%) {77.6%}
70   --------O                                                                 (8 = 2.2%) {79.6%}
74   ---------O                                                                (9 = 2.5%) {81.8%}
78   -------O                                                                  (7 = 2.0%) {84.3%}
82   ----O                                                                     (4 = 1.1%) {86.3%}
86   -----O                                                                    (5 = 1.4%) {87.4%}
90   ----O                                                                     (4 = 1.1%) {88.8%}
95   -----O                                                                    (5 = 1.4%) {89.9%}
100  -O                                                                        (1 = 0.3%) {91.3%}
105  ---O                                                                      (3 = 0.8%) {91.6%}
110  --O                                                                       (2 = 0.6%) {92.4%}
116  O                                                                         (0 = 0.0%) {93.0%}
122  -O                                                                        (1 = 0.3%) {93.0%}
128  O                                                                         (0 = 0.0%) {93.3%}
135  --O                                                                       (2 = 0.6%) {93.3%}
142  ... 
165  -O                                                                        (1 = 0.3%) {93.8%}
173  O                                                                         (0 = 0.0%) {94.1%}
182  ---O                                                                      (3 = 0.8%) {94.1%}
191  --O                                                                       (2 = 0.6%) {95.0%}
201  O                                                                         (0 = 0.0%) {95.5%}
211  --O                                                                       (2 = 0.6%) {95.5%}
222  --O                                                                       (2 = 0.6%) {96.1%}
233  O                                                                         (0 = 0.0%) {96.6%}
245  --O                                                                       (2 = 0.6%) {96.6%}
258  ... 
300  --O                                                                       (2 = 0.6%) {97.2%}
315  -O                                                                        (1 = 0.3%) {97.8%}
331  O                                                                         (0 = 0.0%) {98.0%}
348  --O                                                                       (2 = 0.6%) {98.0%}
366  --O                                                                       (2 = 0.6%) {98.6%}
385  ... 
471  -O                                                                        (1 = 0.3%) {99.2%}
495  ... 
575  -O                                                                        (1 = 0.3%) {99.4%}
605  -O                                                                        (1 = 0.3%) {99.7%}
636  ... 

Histogram: Scheduling.ThreadController.ActiveIntervalOffCpuDuration.Any.BrowserUI recorded 16 samples, mean = 0.0 (flags = 0x41)
0  ----------------O                                                         (16 = 100.0%)
1  ... 

Histogram: Scheduling.ThreadController.ActiveIntervalOffCpuDuration.Any.Other recorded 361 samples, mean = 0.0 (flags = 0x41)
0  ------------------------------------------------------------------------O (361 = 100.0%)
1  ... 

Histogram: Scheduling.ThreadController.ActiveIntervalOffCpuDuration.Medium.Other recorded 4 samples, mean = 0.0 (flags = 0x41)
0  ----O                                                                     (4 = 100.0%)
1  ... 

Histogram: Scheduling.ThreadController.ActiveIntervalOffCpuDuration.Short.BrowserUI recorded 16 samples, mean = 0.5 (flags = 0x41)
0  --------O                                                                 (8 = 50.0%)
1  --------O                                                                 (8 = 50.0%) {50.0%}
2  ... 

Histogram: Scheduling.ThreadController.ActiveIntervalOffCpuDuration.Short.Other recorded 357 samples, mean = 10.1 (flags = 0x41)
0    --------------------------------O                                         (59 = 16.5%)
1    ------------------------------------------------------------------------O (133 = 37.3%) {16.5%}
2    ------------------------------------O                                     (67 = 18.8%) {53.8%}
3    -------O                                                                  (13 = 3.6%) {72.5%}
4    ----O                                                                     (8 = 2.2%) {76.2%}
5    ---O                                                                      (6 = 1.7%) {78.4%}
6    ---O                                                                      (6 = 1.7%) {80.1%}
7    --O                                                                       (3 = 0.8%) {81.8%}
8    ---O                                                                      (6 = 1.7%) {82.6%}
9    ---O                                                                      (6 = 1.7%) {84.3%}
10   --O                                                                       (3 = 0.8%) {86.0%}
11   O                                                                         (0 = 0.0%) {86.8%}
12   -O                                                                        (1 = 0.3%) {86.8%}
13   ... 
15   -O                                                                        (2 = 0.6%) {87.1%}
16   -O                                                                        (2 = 0.6%) {87.7%}
17   O                                                                         (0 = 0.0%) {88.2%}
18   --O                                                                       (3 = 0.8%) {88.2%}
19   -O                                                                        (2 = 0.6%) {89.1%}
20   ... 
22   -O                                                                        (1 = 0.3%) {89.6%}
23   -O                                                                        (2 = 0.6%) {89.9%}
24   -O                                                                        (1 = 0.3%) {90.5%}
25   O                                                                         (0 = 0.0%) {90.8%}
26   -O                                                                        (1 = 0.3%) {90.8%}
27   -O                                                                        (1 = 0.3%) {91.0%}
28   O                                                                         (0 = 0.0%) {91.3%}
29   -O                                                                        (1 = 0.3%) {91.3%}
31   --O                                                                       (3 = 0.8%) {91.6%}
33   -O                                                                        (2 = 0.6%) {92.4%}
35   --O                                                                       (4 = 1.1%) {93.0%}
37   --O                                                                       (3 = 0.8%) {94.1%}
39   -O                                                                        (2 = 0.6%) {95.0%}
41   -O                                                                        (1 = 0.3%) {95.5%}
43   -O                                                                        (2 = 0.6%) {95.8%}
45   --O                                                                       (4 = 1.1%) {96.4%}
47   ... 
55   -O                                                                        (1 = 0.3%) {97.5%}
58   ... 
95   -O                                                                        (2 = 0.6%) {97.8%}
100  ... 
122  -O                                                                        (1 = 0.3%) {98.3%}
128  O                                                                         (0 = 0.0%) {98.6%}
135  -O                                                                        (1 = 0.3%) {98.6%}
142  ... 
201  -O                                                                        (1 = 0.3%) {98.9%}
211  ... 
300  -O                                                                        (1 = 0.3%) {99.2%}
315  -O                                                                        (1 = 0.3%) {99.4%}
331  ... 
547  -O                                                                        (1 = 0.3%) {99.7%}
575  ... 

Histogram: Scheduling.ThreadController.ActiveIntervalOnCpuDuration.Any.BrowserUI recorded 16 samples, mean = 0.0 (flags = 0x41)
0  ----------------O                                                         (16 = 100.0%)
1  ... 

Histogram: Scheduling.ThreadController.ActiveIntervalOnCpuDuration.Any.Other recorded 361 samples, mean = 0.0 (flags = 0x41)
0  ------------------------------------------------------------------------O (358 = 99.2%)
1  -O                                                                        (3 = 0.8%) {99.2%}
2  ... 

Histogram: Scheduling.ThreadController.ActiveIntervalOnCpuDuration.Medium.Other recorded 4 samples, mean = 0.8 (flags = 0x41)
0  -O                                                                        (1 = 25.0%)
1  ---O                                                                      (3 = 75.0%) {25.0%}
2  ... 

Histogram: Scheduling.ThreadController.ActiveIntervalOnCpuDuration.Short.BrowserUI recorded 16 samples, mean = 0.2 (flags = 0x41)
0  --------------O                                                           (14 = 87.5%)
1  -O                                                                        (1 = 6.2%) {87.5%}
2  -O                                                                        (1 = 6.2%) {93.8%}
3  ... 

Histogram: Scheduling.ThreadController.ActiveIntervalOnCpuDuration.Short.Other recorded 357 samples, mean = 40.8 (flags = 0x41)
0    --O                                                                       (2 = 0.6%)
1    O                                                                         (0 = 0.0%) {0.6%}
2    -O                                                                        (1 = 0.3%) {0.6%}
3    --------------O                                                           (14 = 3.9%) {0.8%}
4    ------------------------O                                                 (24 = 6.7%) {4.8%}
5    -----------------------------------------O                                (41 = 11.5%) {11.5%}
6    ------------------O                                                       (18 = 5.0%) {23.0%}
7    --------------O                                                           (14 = 3.9%) {28.0%}
8    ---------O                                                                (9 = 2.5%) {31.9%}
9    --O                                                                       (2 = 0.6%) {34.5%}
10   -O                                                                        (1 = 0.3%) {35.0%}
11   -O                                                                        (1 = 0.3%) {35.3%}
12   -O                                                                        (1 = 0.3%) {35.6%}
13   -O                                                                        (1 = 0.3%) {35.9%}
14   -O                                                                        (1 = 0.3%) {36.1%}
15   ---O                                                                      (3 = 0.8%) {36.4%}
16   ----O                                                                     (4 = 1.1%) {37.3%}
17   ----O                                                                     (4 = 1.1%) {38.4%}
18   --O                                                                       (2 = 0.6%) {39.5%}
19   -O                                                                        (1 = 0.3%) {40.1%}
20   ------O                                                                   (6 = 1.7%) {40.3%}
21   --O                                                                       (2 = 0.6%) {42.0%}
22   --------O                                                                 (8 = 2.2%) {42.6%}
23   -----O                                                                    (5 = 1.4%) {44.8%}
24   -------O                                                                  (7 = 2.0%) {46.2%}
25   --O                                                                       (2 = 0.6%) {48.2%}
26   --------O                                                                 (8 = 2.2%) {48.7%}
27   ------O                                                                   (6 = 1.7%) {51.0%}
28   --------O                                                                 (8 = 2.2%) {52.7%}
29   ------------O                                                             (12 = 3.4%) {54.9%}
31   --------------O                                                           (14 = 3.9%) {58.3%}
33   ------------O                                                             (12 = 3.4%) {62.2%}
35   -------O                                                                  (7 = 2.0%) {65.5%}
37   ---------O                                                                (9 = 2.5%) {67.5%}
39   --O                                                                       (2 = 0.6%) {70.0%}
41   --O                                                                       (2 = 0.6%) {70.6%}
43   ----------O                                                               (10 = 2.8%) {71.1%}
45   ---O                                                                      (3 = 0.8%) {73.9%}
47   ----O                                                                     (4 = 1.1%) {74.8%}
49   ---O                                                                      (3 = 0.8%) {75.9%}
52   -----O                                                                    (5 = 1.4%) {76.8%}
55   ---O                                                                      (3 = 0.8%) {78.2%}
58   -------O                                                                  (7 = 2.0%) {79.0%}
61   -----O                                                                    (5 = 1.4%) {81.0%}
64   -------O                                                                  (7 = 2.0%) {82.4%}
67   ------O                                                                   (6 = 1.7%) {84.3%}
70   -------O                                                                  (7 = 2.0%) {86.0%}
74   ------O                                                                   (6 = 1.7%) {88.0%}
78   -O                                                                        (1 = 0.3%) {89.6%}
82   -----O                                                                    (5 = 1.4%) {89.9%}
86   -O                                                                        (1 = 0.3%) {91.3%}
90   ----O                                                                     (4 = 1.1%) {91.6%}
95   -----O                                                                    (5 = 1.4%) {92.7%}
100  O                                                                         (0 = 0.0%) {94.1%}
105  ---O                                                                      (3 = 0.8%) {94.1%}
110  -O                                                                        (1 = 0.3%) {95.0%}
116  ... 
149  --O                                                                       (2 = 0.6%) {95.2%}
157  ... 
182  -O                                                                        (1 = 0.3%) {95.8%}
191  --O                                                                       (2 = 0.6%) {96.1%}
201  -O                                                                        (1 = 0.3%) {96.6%}
211  ---O                                                                      (3 = 0.8%) {96.9%}
222  ... 
245  --O                                                                       (2 = 0.6%) {97.8%}
258  ... 
300  --O                                                                       (2 = 0.6%) {98.3%}
315  ... 
366  --O                                                                       (2 = 0.6%) {98.9%}
385  ... 
448  -O                                                                        (1 = 0.3%) {99.4%}
471  ... 
605  -O                                                                        (1 = 0.3%) {99.7%}
636  ... 

Histogram: Scheduling.ThreadController.ActiveIntervalOnCpuPercentage.Any.BrowserUI recorded 16 samples, mean = 50.0 (flags = 0x41)
0    --------O                                                                 (8 = 50.0%)
1    ... 
100  --------O                                                                 (8 = 50.0%) {50.0%}
101  O                                                                         (0 = 0.0%) {100.0%}

Histogram: Scheduling.ThreadController.ActiveIntervalOnCpuPercentage.Any.Other recorded 361 samples, mean = 84.6 (flags = 0x41)
0    --O                                                                       (2 = 0.6%)
1    ... 
7    -O                                                                        (1 = 0.3%) {0.6%}
8    O                                                                         (0 = 0.0%) {0.8%}
9    -O                                                                        (1 = 0.3%) {0.8%}
10   ... 
23   -O                                                                        (1 = 0.3%) {1.1%}
24   ... 
28   -O                                                                        (1 = 0.3%) {1.4%}
29   O                                                                         (0 = 0.0%) {1.7%}
30   -O                                                                        (1 = 0.3%) {1.7%}
31   ... 
35   ----O                                                                     (4 = 1.1%) {1.9%}
36   ---O                                                                      (3 = 0.8%) {3.0%}
37   O                                                                         (0 = 0.0%) {3.9%}
38   ---O                                                                      (3 = 0.8%) {3.9%}
39   -O                                                                        (1 = 0.3%) {4.7%}
40   ---O                                                                      (3 = 0.8%) {5.0%}
41   --O                                                                       (2 = 0.6%) {5.8%}
42   -O                                                                        (1 = 0.3%) {6.4%}
43   ... 
46   -O                                                                        (1 = 0.3%) {6.6%}
47   ... 
49   -O                                                                        (1 = 0.3%) {6.9%}
50   O                                                                         (0 = 0.0%) {7.2%}
51   -O                                                                        (1 = 0.3%) {7.2%}
52   -O                                                                        (1 = 0.3%) {7.5%}
53   O                                                                         (0 = 0.0%) {7.8%}
54   --O                                                                       (2 = 0.6%) {7.8%}
55   ... 
57   --O                                                                       (2 = 0.6%) {8.3%}
58   -O                                                                        (1 = 0.3%) {8.9%}
59   O                                                                         (0 = 0.0%) {9.1%}
60   ---O                                                                      (3 = 0.8%) {9.1%}
61   -O                                                                        (1 = 0.3%) {10.0%}
62   -O                                                                        (1 = 0.3%) {10.2%}
63   -O                                                                        (1 = 0.3%) {10.5%}
64   --O                                                                       (2 = 0.6%) {10.8%}
65   O                                                                         (0 = 0.0%) {11.4%}
66   -----O                                                                    (5 = 1.4%) {11.4%}
67   ---O                                                                      (3 = 0.8%) {12.7%}
68   O                                                                         (0 = 0.0%) {13.6%}
69   -O                                                                        (1 = 0.3%) {13.6%}
70   --O                                                                       (2 = 0.6%) {13.9%}
71   ------O                                                                   (6 = 1.7%) {14.4%}
72   -O                                                                        (1 = 0.3%) {16.1%}
73   ... 
75   ---------------O                                                          (15 = 4.2%) {16.3%}
76   O                                                                         (0 = 0.0%) {20.5%}
77   ------O                                                                   (6 = 1.7%) {20.5%}
78   -O                                                                        (1 = 0.3%) {22.2%}
79   O                                                                         (0 = 0.0%) {22.4%}
80   --------------------O                                                     (20 = 5.5%) {22.4%}
81   O                                                                         (0 = 0.0%) {28.0%}
82   ---O                                                                      (3 = 0.8%) {28.0%}
83   --------------------------O                                               (26 = 7.2%) {28.8%}
84   -------O                                                                  (7 = 1.9%) {36.0%}
85   -------O                                                                  (7 = 1.9%) {38.0%}
86   ---O                                                                      (3 = 0.8%) {39.9%}
87   ----------O                                                               (10 = 2.8%) {40.7%}
88   -------------O                                                            (13 = 3.6%) {43.5%}
89   -O                                                                        (1 = 0.3%) {47.1%}
90   -------O                                                                  (7 = 1.9%) {47.4%}
91   -------O                                                                  (7 = 1.9%) {49.3%}
92   --------O                                                                 (8 = 2.2%) {51.2%}
93   -----------O                                                              (11 = 3.0%) {53.5%}
94   --------------O                                                           (14 = 3.9%) {56.5%}
95   ----------O                                                               (10 = 2.8%) {60.4%}
96   --------------------O                                                     (20 = 5.5%) {63.2%}
97   ----------------------O                                                   (22 = 6.1%) {68.7%}
98   ----------------------O                                                   (22 = 6.1%) {74.8%}
99   ----------O                                                               (10 = 2.8%) {80.9%}
100  -----------------------------------------------------------O              (59 = 16.3%) {83.7%}
101  O                                                                         (0 = 0.0%) {100.0%}

Histogram: Scheduling.ThreadController.ActiveIntervalOnCpuPercentage.Medium.Other recorded 4 samples, mean = 86.2 (flags = 0x41)
0   ... 
49  -O                                                                        (1 = 25.0%) {0.0%}
50  ... 
98  -O                                                                        (1 = 25.0%) {25.0%}
99  --O                                                                       (2 = 50.0%) {50.0%}
100 ... 

Histogram: Scheduling.ThreadController.ActiveIntervalOnCpuPercentage.Short.BrowserUI recorded 16 samples, mean = 50.0 (flags = 0x41)
0    --------O                                                                 (8 = 50.0%)
1    ... 
100  --------O                                                                 (8 = 50.0%) {50.0%}
101  O                                                                         (0 = 0.0%) {100.0%}

Histogram: Scheduling.ThreadController.ActiveIntervalOnCpuPercentage.Short.Other recorded 357 samples, mean = 84.6 (flags = 0x41)
0    --O                                                                       (2 = 0.6%)
1    ... 
7    -O                                                                        (1 = 0.3%) {0.6%}
8    O                                                                         (0 = 0.0%) {0.8%}
9    -O                                                                        (1 = 0.3%) {0.8%}
10   ... 
23   -O                                                                        (1 = 0.3%) {1.1%}
24   ... 
28   -O                                                                        (1 = 0.3%) {1.4%}
29   O                                                                         (0 = 0.0%) {1.7%}
30   -O                                                                        (1 = 0.3%) {1.7%}
31   ... 
35   ----O                                                                     (4 = 1.1%) {2.0%}
36   ---O                                                                      (3 = 0.8%) {3.1%}
37   O                                                                         (0 = 0.0%) {3.9%}
38   ---O                                                                      (3 = 0.8%) {3.9%}
39   -O                                                                        (1 = 0.3%) {4.8%}
40   ---O                                                                      (3 = 0.8%) {5.0%}
41   --O                                                                       (2 = 0.6%) {5.9%}
42   -O                                                                        (1 = 0.3%) {6.4%}
43   ... 
46   -O                                                                        (1 = 0.3%) {6.7%}
47   ... 
51   -O                                                                        (1 = 0.3%) {7.0%}
52   -O                                                                        (1 = 0.3%) {7.3%}
53   O                                                                         (0 = 0.0%) {7.6%}
54   --O                                                                       (2 = 0.6%) {7.6%}
55   ... 
57   --O                                                                       (2 = 0.6%) {8.1%}
58   -O                                                                        (1 = 0.3%) {8.7%}
59   O                                                                         (0 = 0.0%) {9.0%}
60   ---O                                                                      (3 = 0.8%) {9.0%}
61   -O                                                                        (1 = 0.3%) {9.8%}
62   -O                                                                        (1 = 0.3%) {10.1%}
63   -O                                                                        (1 = 0.3%) {10.4%}
64   --O                                                                       (2 = 0.6%) {10.6%}
65   O                                                                         (0 = 0.0%) {11.2%}
66   -----O                                                                    (5 = 1.4%) {11.2%}
67   ---O                                                                      (3 = 0.8%) {12.6%}
68   O                                                                         (0 = 0.0%) {13.4%}
69   -O                                                                        (1 = 0.3%) {13.4%}
70   --O                                                                       (2 = 0.6%) {13.7%}
71   ------O                                                                   (6 = 1.7%) {14.3%}
72   -O                                                                        (1 = 0.3%) {16.0%}
73   ... 
75   ---------------O                                                          (15 = 4.2%) {16.2%}
76   O                                                                         (0 = 0.0%) {20.4%}
77   ------O                                                                   (6 = 1.7%) {20.4%}
78   -O                                                                        (1 = 0.3%) {22.1%}
79   O                                                                         (0 = 0.0%) {22.4%}
80   --------------------O                                                     (20 = 5.6%) {22.4%}
81   O                                                                         (0 = 0.0%) {28.0%}
82   ---O                                                                      (3 = 0.8%) {28.0%}
83   --------------------------O                                               (26 = 7.3%) {28.9%}
84   -------O                                                                  (7 = 2.0%) {36.1%}
85   -------O                                                                  (7 = 2.0%) {38.1%}
86   ---O                                                                      (3 = 0.8%) {40.1%}
87   ----------O                                                               (10 = 2.8%) {40.9%}
88   -------------O                                                            (13 = 3.6%) {43.7%}
89   -O                                                                        (1 = 0.3%) {47.3%}
90   -------O                                                                  (7 = 2.0%) {47.6%}
91   -------O                                                                  (7 = 2.0%) {49.6%}
92   --------O                                                                 (8 = 2.2%) {51.5%}
93   -----------O                                                              (11 = 3.1%) {53.8%}
94   --------------O                                                           (14 = 3.9%) {56.9%}
95   ----------O                                                               (10 = 2.8%) {60.8%}
96   --------------------O                                                     (20 = 5.6%) {63.6%}
97   ----------------------O                                                   (22 = 6.2%) {69.2%}
98   ---------------------O                                                    (21 = 5.9%) {75.4%}
99   --------O                                                                 (8 = 2.2%) {81.2%}
100  -----------------------------------------------------------O              (59 = 16.5%) {83.5%}
101  O                                                                         (0 = 0.0%) {100.0%}

Histogram: Scheduling.ThreadController.IdleDuration.Any.BrowserUI recorded 16 samples, mean = 0.0 (flags = 0x41)
0  ----------------O                                                         (16 = 100.0%)
1  ... 

Histogram: Scheduling.ThreadController.IdleDuration.Any.Other recorded 259 samples, mean = 888.4 (flags = 0x41)
0      ------------------------------------------------------------------------O (84 = 32.4%)
1      ---O                                                                      (4 = 1.5%) {32.4%}
2      ----O                                                                     (5 = 1.9%) {34.0%}
3      O                                                                         (0 = 0.0%) {35.9%}
4      -O                                                                        (1 = 0.4%) {35.9%}
5      -O                                                                        (1 = 0.4%) {36.3%}
6      ... 
10     -O                                                                        (1 = 0.4%) {36.7%}
12     O                                                                         (0 = 0.0%) {37.1%}
14     --O                                                                       (2 = 0.8%) {37.1%}
17     ... 
34     --O                                                                       (2 = 0.8%) {37.8%}
40     ---O                                                                      (4 = 1.5%) {38.6%}
48     --O                                                                       (2 = 0.8%) {40.2%}
57     --O                                                                       (2 = 0.8%) {40.9%}
68     ----O                                                                     (5 = 1.9%) {41.7%}
81     ---------------O                                                          (18 = 6.9%) {43.6%}
96     ---------------------O                                                    (24 = 9.3%) {50.6%}
114    -O                                                                        (1 = 0.4%) {59.8%}
135    -O                                                                        (1 = 0.4%) {60.2%}
160    ---O                                                                      (3 = 1.2%) {60.6%}
190    ---O                                                                      (3 = 1.2%) {61.8%}
226    --------------O                                                           (16 = 6.2%) {62.9%}
268    -------O                                                                  (8 = 3.1%) {69.1%}
318    ---O                                                                      (3 = 1.2%) {72.2%}
378    -O                                                                        (1 = 0.4%) {73.4%}
449    O                                                                         (0 = 0.0%) {73.7%}
533    -O                                                                        (1 = 0.4%) {73.7%}
633    ----O                                                                     (5 = 1.9%) {74.1%}
752    O                                                                         (0 = 0.0%) {76.1%}
894    ----------------------O                                                   (26 = 10.0%) {76.1%}
1062   --O                                                                       (2 = 0.8%) {86.1%}
1262   ... 
1782   ---O                                                                      (4 = 1.5%) {86.9%}
2117   O                                                                         (0 = 0.0%) {88.4%}
2516   --O                                                                       (2 = 0.8%) {88.4%}
2990   -O                                                                        (1 = 0.4%) {89.2%}
3553   --------------------O                                                     (23 = 8.9%) {89.6%}
4222   -O                                                                        (1 = 0.4%) {98.5%}
5017   ... 
10000  ---O                                                                      (3 = 1.2%) {98.8%}

Histogram: Scheduling.ThreadController.IdleDuration.Medium.Other recorded 50 samples, mean = 57.1 (flags = 0x41)
0   O                                                                         (0 = 0.0%)
1   ----O                                                                     (4 = 8.0%) {0.0%}
2   -----O                                                                    (5 = 10.0%) {8.0%}
3   O                                                                         (0 = 0.0%) {18.0%}
4   -O                                                                        (1 = 2.0%) {18.0%}
5   -O                                                                        (1 = 2.0%) {20.0%}
6   ... 
11  -O                                                                        (1 = 2.0%) {22.0%}
12  ... 
16  --O                                                                       (2 = 4.0%) {24.0%}
17  ... 
35  --O                                                                       (2 = 4.0%) {28.0%}
36  ... 
41  -O                                                                        (1 = 2.0%) {32.0%}
42  -O                                                                        (1 = 2.0%) {34.0%}
43  -O                                                                        (1 = 2.0%) {36.0%}
44  O                                                                         (0 = 0.0%) {38.0%}
45  -O                                                                        (1 = 2.0%) {38.0%}
46  ... 
49  -O                                                                        (1 = 2.0%) {40.0%}
50  ... 
52  -O                                                                        (1 = 2.0%) {42.0%}
53  ... 
58  -O                                                                        (1 = 2.0%) {44.0%}
59  ... 
66  -O                                                                        (1 = 2.0%) {46.0%}
67  ... 
69  -O                                                                        (1 = 2.0%) {48.0%}
70  ... 
76  --O                                                                       (2 = 4.0%) {50.0%}
77  -O                                                                        (1 = 2.0%) {54.0%}
78  O                                                                         (0 = 0.0%) {56.0%}
79  -O                                                                        (1 = 2.0%) {56.0%}
80  ... 
85  -O                                                                        (1 = 2.0%) {58.0%}
86  ... 
88  -O                                                                        (1 = 2.0%) {60.0%}
89  -O                                                                        (1 = 2.0%) {62.0%}
90  --O                                                                       (2 = 4.0%) {64.0%}
91  O                                                                         (0 = 0.0%) {68.0%}
92  ---O                                                                      (3 = 6.0%) {68.0%}
93  ------O                                                                   (6 = 12.0%) {74.0%}
94  ----O                                                                     (4 = 8.0%) {86.0%}
95  ... 
98  ---O                                                                      (3 = 6.0%) {94.0%}
100 O                                                                         (0 = 0.0%) {100.0%}

Histogram: Scheduling.ThreadController.IdleDuration.Short.BrowserUI recorded 16 samples, mean = 5.1 (flags = 0x41)
0   ... 
2   ---------O                                                                (9 = 56.2%) {0.0%}
3   ----O                                                                     (4 = 25.0%) {56.2%}
4   --O                                                                       (2 = 12.5%) {81.2%}
5   ... 
43  -O                                                                        (1 = 6.2%) {93.8%}
45  ... 

Histogram: Scheduling.ThreadController.IdleDuration.Short.Other recorded 84 samples, mean = 117.5 (flags = 0x41)
0    ... 
12   -O                                                                        (1 = 1.2%) {0.0%}
13   --O                                                                       (2 = 2.4%) {1.2%}
14   ---O                                                                      (3 = 3.6%) {3.6%}
15   ---------O                                                                (9 = 10.7%) {7.1%}
16   ------------------O                                                       (18 = 21.4%) {17.9%}
17   ----O                                                                     (4 = 4.8%) {39.3%}
18   ---O                                                                      (3 = 3.6%) {44.0%}
19   ... 
29   -O                                                                        (1 = 1.2%) {47.6%}
31   ... 
35   -O                                                                        (1 = 1.2%) {48.8%}
37   ... 
45   --O                                                                       (2 = 2.4%) {50.0%}
47   -O                                                                        (1 = 1.2%) {52.4%}
49   -O                                                                        (1 = 1.2%) {53.6%}
52   -O                                                                        (1 = 1.2%) {54.8%}
55   ... 
61   -O                                                                        (1 = 1.2%) {56.0%}
64   ... 
70   -O                                                                        (1 = 1.2%) {57.1%}
74   ---O                                                                      (3 = 3.6%) {58.3%}
78   -O                                                                        (1 = 1.2%) {61.9%}
82   O                                                                         (0 = 0.0%) {63.1%}
86   --O                                                                       (2 = 2.4%) {63.1%}
90   -O                                                                        (1 = 1.2%) {65.5%}
95   --O                                                                       (2 = 2.4%) {66.7%}
100  O                                                                         (0 = 0.0%) {69.0%}
105  --O                                                                       (2 = 2.4%) {69.0%}
110  -O                                                                        (1 = 1.2%) {71.4%}
116  ... 
135  -O                                                                        (1 = 1.2%) {72.6%}
142  -O                                                                        (1 = 1.2%) {73.8%}
149  ----O                                                                     (4 = 4.8%) {75.0%}
157  O                                                                         (0 = 0.0%) {79.8%}
165  --O                                                                       (2 = 2.4%) {79.8%}
173  -O                                                                        (1 = 1.2%) {82.1%}
182  --O                                                                       (2 = 2.4%) {83.3%}
191  -O                                                                        (1 = 1.2%) {85.7%}
201  ... 
233  --O                                                                       (2 = 2.4%) {86.9%}
245  -O                                                                        (1 = 1.2%) {89.3%}
258  ... 
348  -O                                                                        (1 = 1.2%) {90.5%}
366  ... 
448  -O                                                                        (1 = 1.2%) {91.7%}
471  -O                                                                        (1 = 1.2%) {92.9%}
495  ... 
605  --O                                                                       (2 = 2.4%) {94.0%}
636  ... 
739  -O                                                                        (1 = 1.2%) {96.4%}
777  O                                                                         (0 = 0.0%) {97.6%}
817  -O                                                                        (1 = 1.2%) {97.6%}
859  O                                                                         (0 = 0.0%) {98.8%}
904  -O                                                                        (1 = 1.2%) {98.8%}
951  ... 

Histogram: ScreenLocker.Locked.Duration recorded 1 samples, mean = 20097864.0 (flags = 0x41)
0        ... 
3600000  -O                                                                        (1 = 100.0%) {0.0%}

Histogram: Search.ChoiceReprompt recorded 1 samples, mean = 6.0 (flags = 0x41)
0  ... 
6  -O                                                                        (1 = 100.0%) {0.0%}
7  O                                                                         (0 = 0.0%) {100.0%}

Histogram: Search.SearchProviderOverrideStatus recorded 1 samples, mean = 0.0 (flags = 0x41)
0  -O                                                                        (1 = 100.0%)
1  ... 

Histogram: Security.DataDecoder.Json.DecodingTime recorded 1 samples, mean = 75.0 (flags = 0x41)
0   ... 
68  -O                                                                        (1 = 100.0%) {0.0%}
81  ... 

Histogram: Security.GwpAsan.Activated.Malloc.Browser recorded 1 samples, mean = 0.0 (flags = 0x41)
0  -O                                                                        (1 = 100.0%)
1  ... 

Histogram: Security.GwpAsan.Activated.PartitionAlloc.Browser recorded 1 samples, mean = 0.0 (flags = 0x41)
0  -O                                                                        (1 = 100.0%)
1  ... 

Histogram: Security.HttpsFirstMode.SettingEnabledAtStartup recorded 1 samples, mean = 0.0 (flags = 0x41)
0  -O                                                                        (1 = 100.0%)
1  ... 

Histogram: Security.JSONParser.ChromiumExtensionUsage recorded 1 samples, mean = 1.0 (flags = 0x41)
0  O                                                                         (0 = 0.0%)
1  -O                                                                        (1 = 100.0%) {0.0%}
2  ... 

Histogram: Security.JSONParser.ParsingTime recorded 18 samples, mean = 77.1 (flags = 0x41)
0    -O                                                                        (1 = 5.6%)
1    O                                                                         (0 = 0.0%) {5.6%}
2    --O                                                                       (2 = 11.1%) {5.6%}
3    -O                                                                        (1 = 5.6%) {16.7%}
4    ---O                                                                      (3 = 16.7%) {22.2%}
5    ... 
9    -O                                                                        (1 = 5.6%) {38.9%}
12   O                                                                         (0 = 0.0%) {44.4%}
16   ---O                                                                      (3 = 16.7%) {44.4%}
21   O                                                                         (0 = 0.0%) {61.1%}
28   -O                                                                        (1 = 5.6%) {61.1%}
37   --O                                                                       (2 = 11.1%) {66.7%}
49   -O                                                                        (1 = 5.6%) {77.8%}
65   -O                                                                        (1 = 5.6%) {83.3%}
86   ... 
149  -O                                                                        (1 = 5.6%) {88.9%}
196  ... 
777  -O                                                                        (1 = 5.6%) {94.4%}
1023 ... 

Histogram: Security.NavigationRequestSecurityLevel recorded 2 samples, mean = 1.0 (flags = 0x41)
0  O                                                                         (0 = 0.0%)
1  --O                                                                       (2 = 100.0%) {0.0%}
2  ... 

Histogram: Security.PageEndReason.SECURE recorded 1 samples, mean = 6.0 (flags = 0x41)
0  ... 
6  -O                                                                        (1 = 100.0%) {0.0%}
7  ... 

Histogram: Security.PageEndReason.SafetyTip_None recorded 1 samples, mean = 6.0 (flags = 0x41)
0  ... 
6  -O                                                                        (1 = 100.0%) {0.0%}
7  ... 

Histogram: Security.PrivateNetworkAccess.CheckResult recorded 190 samples, mean = 0.6 (flags = 0x41)
0   ------------------------------------------------------------------------O (145 = 76.3%)
1   -------------------O                                                      (38 = 20.0%) {76.3%}
2   ... 
12  ---O                                                                      (7 = 3.7%) {96.3%}
13  O                                                                         (0 = 0.0%) {100.0%}

Histogram: Security.PrivateNetworkAccess.PrivateIpInferrable recorded 1 samples, mean = 1.0 (flags = 0x41)
0  O                                                                         (0 = 0.0%)
1  -O                                                                        (1 = 100.0%) {0.0%}
2  O                                                                         (0 = 0.0%) {100.0%}

Histogram: Security.PrivateNetworkAccess.PrivateIpResolveMatch recorded 1 samples, mean = 1.0 (flags = 0x41)
0  O                                                                         (0 = 0.0%)
1  -O                                                                        (1 = 100.0%) {0.0%}
2  O                                                                         (0 = 0.0%) {100.0%}

Histogram: Security.SCTAuditing.NumPersistedReportsLoaded recorded 1 samples, mean = 0.0 (flags = 0x41)
0  -O                                                                        (1 = 100.0%)
1  ... 

Histogram: Security.SafetyTips.GetReputationStatusWithEngagedSitesTime recorded 1 samples, mean = 0.0 (flags = 0x41)
0  -O                                                                        (1 = 100.0%)
1  ... 

Histogram: Security.SafetyTips.ReputationCheckComplete.DidFinishNavigation recorded 1 samples, mean = 1.0 (flags = 0x41)
0  O                                                                         (0 = 0.0%)
1  -O                                                                        (1 = 100.0%) {0.0%}
2  ... 

Histogram: Security.SafetyTips.SafetyTipShown recorded 1 samples, mean = 1.0 (flags = 0x41)
0  O                                                                         (0 = 0.0%)
1  -O                                                                        (1 = 100.0%) {0.0%}
2  ... 

Histogram: Security.SafetyTips.StatusWithInitiator.Unknown recorded 1 samples, mean = 1.0 (flags = 0x41)
0  O                                                                         (0 = 0.0%)
1  -O                                                                        (1 = 100.0%) {0.0%}
2  ... 

Histogram: Security.SecurityLevel.OnCommit recorded 1 samples, mean = 3.0 (flags = 0x41)
0  ... 
3  -O                                                                        (1 = 100.0%) {0.0%}
4  ... 

Histogram: Security.SecurityLevel.OnComplete recorded 1 samples, mean = 3.0 (flags = 0x41)
0  ... 
3  -O                                                                        (1 = 100.0%) {0.0%}
4  ... 

Histogram: Security.SiteEngagement.SECURE recorded 1 samples, mean = 25.0 (flags = 0x41)
0   ... 
25  -O                                                                        (1 = 100.0%) {0.0%}
26  ... 

Histogram: Security.SiteEngagement.SafetyTip_None recorded 1 samples, mean = 25.0 (flags = 0x41)
0   ... 
25  -O                                                                        (1 = 100.0%) {0.0%}
26  ... 

Histogram: Security.TimeOnPage2.SECURE recorded 1 samples, mean = 23226796.0 (flags = 0x41)
0        ... 
3600000  -O                                                                        (1 = 100.0%) {0.0%}

Histogram: Security.TimeOnPage2.SafetyTip_None recorded 1 samples, mean = 23226796.0 (flags = 0x41)
0        ... 
3600000  -O                                                                        (1 = 100.0%) {0.0%}

Histogram: SegmentationPlatform.ChromeLowUserEngagement.PostProcessing.TopLabel.Computed recorded 1 samples (flags = 0x41)
1  -O                                                                        (1 = 100.0%)

Histogram: SegmentationPlatform.ClassificationRequest.TotalDuration.DeviceSwitcher recorded 1 samples, mean = 66188.0 (flags = 0x41)
0      ... 
10000  -O                                                                        (1 = 100.0%) {0.0%}

Histogram: SegmentationPlatform.ClassificationRequest.TotalDuration.WebAppInstallationPromo recorded 1 samples, mean = 0.0 (flags = 0x41)
0  -O                                                                        (1 = 100.0%)
1  ... 

Histogram: SegmentationPlatform.CrossDeviceUser.PostProcessing.TopLabel.Computed recorded 1 samples (flags = 0x41)
-1 -O                                                                        (1 = 100.0%)

Histogram: SegmentationPlatform.Database.StoreUkmEntry recorded 7 samples, mean = 0.0 (flags = 0x41)
0  -------O                                                                  (7 = 100.0%)
1  ... 

Histogram: SegmentationPlatform.Database.UpdateUrlForUkmSource recorded 6 samples, mean = 6.0 (flags = 0x41)
0   -----O                                                                    (5 = 83.3%)
1   ... 
34  -O                                                                        (1 = 16.7%) {83.3%}
40  ... 

Histogram: SegmentationPlatform.DefaultModelDelivery.Metadata.FeatureCount.ChromeLowUserEngagement recorded 1 samples, mean = 1.0 (flags = 0x41)
0  O                                                                         (0 = 0.0%)
1  -O                                                                        (1 = 100.0%) {0.0%}
2  ... 

Histogram: SegmentationPlatform.DefaultModelDelivery.Metadata.FeatureCount.ComposePromotion recorded 1 samples, mean = 1.0 (flags = 0x41)
0  O                                                                         (0 = 0.0%)
1  -O                                                                        (1 = 100.0%) {0.0%}
2  ... 

Histogram: SegmentationPlatform.DefaultModelDelivery.Metadata.FeatureCount.CrossDeviceUserSegment recorded 1 samples, mean = 4.0 (flags = 0x41)
0  ... 
4  -O                                                                        (1 = 100.0%) {0.0%}
5  ... 

Histogram: SegmentationPlatform.DefaultModelDelivery.Metadata.FeatureCount.DatabaseApiClients recorded 1 samples, mean = 3.0 (flags = 0x41)
0  ... 
3  -O                                                                        (1 = 100.0%) {0.0%}
4  ... 

Histogram: SegmentationPlatform.DefaultModelDelivery.Metadata.FeatureCount.DeviceSwitcher recorded 1 samples, mean = 1.0 (flags = 0x41)
0  O                                                                         (0 = 0.0%)
1  -O                                                                        (1 = 100.0%) {0.0%}
2  ... 

Histogram: SegmentationPlatform.DefaultModelDelivery.Metadata.FeatureCount.PasswordManagerUser recorded 1 samples, mean = 7.0 (flags = 0x41)
0  ... 
7  -O                                                                        (1 = 100.0%) {0.0%}
8  ... 

Histogram: SegmentationPlatform.DefaultModelDelivery.Metadata.FeatureCount.ResumeHeavyUserSegment recorded 1 samples, mean = 5.0 (flags = 0x41)
0  ... 
5  -O                                                                        (1 = 100.0%) {0.0%}
6  ... 

Histogram: SegmentationPlatform.DefaultModelDelivery.Metadata.FeatureCount.SearchUser recorded 1 samples, mean = 2.0 (flags = 0x41)
0  ... 
2  -O                                                                        (1 = 100.0%) {0.0%}
3  ... 

Histogram: SegmentationPlatform.DefaultModelDelivery.Metadata.FeatureCount.ShoppingUser recorded 1 samples, mean = 2.0 (flags = 0x41)
0  ... 
2  -O                                                                        (1 = 100.0%) {0.0%}
3  ... 

Histogram: SegmentationPlatform.DefaultModelDelivery.Metadata.FeatureCount.UrlVisitResumptionRanker recorded 1 samples, mean = 23.0 (flags = 0x41)
0   ... 
23  -O                                                                        (1 = 100.0%) {0.0%}
26  ... 

Histogram: SegmentationPlatform.DefaultModelDelivery.Metadata.Validation.Processed.ChromeLowUserEngagement recorded 1 samples, mean = 0.0 (flags = 0x41)
0  -O                                                                        (1 = 100.0%)
1  ... 

Histogram: SegmentationPlatform.DefaultModelDelivery.Metadata.Validation.Processed.ComposePromotion recorded 1 samples, mean = 0.0 (flags = 0x41)
0  -O                                                                        (1 = 100.0%)
1  ... 

Histogram: SegmentationPlatform.DefaultModelDelivery.Metadata.Validation.Processed.CrossDeviceUserSegment recorded 1 samples, mean = 0.0 (flags = 0x41)
0  -O                                                                        (1 = 100.0%)
1  ... 

Histogram: SegmentationPlatform.DefaultModelDelivery.Metadata.Validation.Processed.DatabaseApiClients recorded 1 samples, mean = 0.0 (flags = 0x41)
0  -O                                                                        (1 = 100.0%)
1  ... 

Histogram: SegmentationPlatform.DefaultModelDelivery.Metadata.Validation.Processed.DeviceSwitcher recorded 1 samples, mean = 0.0 (flags = 0x41)
0  -O                                                                        (1 = 100.0%)
1  ... 

Histogram: SegmentationPlatform.DefaultModelDelivery.Metadata.Validation.Processed.PasswordManagerUser recorded 1 samples, mean = 0.0 (flags = 0x41)
0  -O                                                                        (1 = 100.0%)
1  ... 

Histogram: SegmentationPlatform.DefaultModelDelivery.Metadata.Validation.Processed.ResumeHeavyUserSegment recorded 1 samples, mean = 0.0 (flags = 0x41)
0  -O                                                                        (1 = 100.0%)
1  ... 

Histogram: SegmentationPlatform.DefaultModelDelivery.Metadata.Validation.Processed.SearchUser recorded 1 samples, mean = 0.0 (flags = 0x41)
0  -O                                                                        (1 = 100.0%)
1  ... 

Histogram: SegmentationPlatform.DefaultModelDelivery.Metadata.Validation.Processed.ShoppingUser recorded 1 samples, mean = 0.0 (flags = 0x41)
0  -O                                                                        (1 = 100.0%)
1  ... 

Histogram: SegmentationPlatform.DefaultModelDelivery.Metadata.Validation.Processed.UrlVisitResumptionRanker recorded 1 samples, mean = 0.0 (flags = 0x41)
0  -O                                                                        (1 = 100.0%)
1  ... 

Histogram: SegmentationPlatform.DefaultModelDelivery.Received recorded 10 samples (flags = 0x41)
16    -O                                                                        (1 = 10.0%)
21    -O                                                                        (1 = 10.0%)
23    -O                                                                        (1 = 10.0%)
27    -O                                                                        (1 = 10.0%)
45    -O                                                                        (1 = 10.0%)
46    -O                                                                        (1 = 10.0%)
1001  -O                                                                        (1 = 10.0%)
1004  -O                                                                        (1 = 10.0%)
1007  -O                                                                        (1 = 10.0%)
1009  -O                                                                        (1 = 10.0%)

Histogram: SegmentationPlatform.DefaultModelDelivery.SaveResult.ChromeLowUserEngagement recorded 1 samples, mean = 1.0 (flags = 0x41)
0  O                                                                         (0 = 0.0%)
1  -O                                                                        (1 = 100.0%) {0.0%}
2  O                                                                         (0 = 0.0%) {100.0%}

Histogram: SegmentationPlatform.DefaultModelDelivery.SaveResult.ComposePromotion recorded 1 samples, mean = 1.0 (flags = 0x41)
0  O                                                                         (0 = 0.0%)
1  -O                                                                        (1 = 100.0%) {0.0%}
2  O                                                                         (0 = 0.0%) {100.0%}

Histogram: SegmentationPlatform.DefaultModelDelivery.SaveResult.CrossDeviceUserSegment recorded 1 samples, mean = 1.0 (flags = 0x41)
0  O                                                                         (0 = 0.0%)
1  -O                                                                        (1 = 100.0%) {0.0%}
2  O                                                                         (0 = 0.0%) {100.0%}

Histogram: SegmentationPlatform.DefaultModelDelivery.SaveResult.DatabaseApiClients recorded 1 samples, mean = 1.0 (flags = 0x41)
0  O                                                                         (0 = 0.0%)
1  -O                                                                        (1 = 100.0%) {0.0%}
2  O                                                                         (0 = 0.0%) {100.0%}

Histogram: SegmentationPlatform.DefaultModelDelivery.SaveResult.DeviceSwitcher recorded 1 samples, mean = 1.0 (flags = 0x41)
0  O                                                                         (0 = 0.0%)
1  -O                                                                        (1 = 100.0%) {0.0%}
2  O                                                                         (0 = 0.0%) {100.0%}

Histogram: SegmentationPlatform.DefaultModelDelivery.SaveResult.PasswordManagerUser recorded 1 samples, mean = 1.0 (flags = 0x41)
0  O                                                                         (0 = 0.0%)
1  -O                                                                        (1 = 100.0%) {0.0%}
2  O                                                                         (0 = 0.0%) {100.0%}

Histogram: SegmentationPlatform.DefaultModelDelivery.SaveResult.ResumeHeavyUserSegment recorded 1 samples, mean = 1.0 (flags = 0x41)
0  O                                                                         (0 = 0.0%)
1  -O                                                                        (1 = 100.0%) {0.0%}
2  O                                                                         (0 = 0.0%) {100.0%}

Histogram: SegmentationPlatform.DefaultModelDelivery.SaveResult.SearchUser recorded 1 samples, mean = 1.0 (flags = 0x41)
0  O                                                                         (0 = 0.0%)
1  -O                                                                        (1 = 100.0%) {0.0%}
2  O                                                                         (0 = 0.0%) {100.0%}

Histogram: SegmentationPlatform.DefaultModelDelivery.SaveResult.ShoppingUser recorded 1 samples, mean = 1.0 (flags = 0x41)
0  O                                                                         (0 = 0.0%)
1  -O                                                                        (1 = 100.0%) {0.0%}
2  O                                                                         (0 = 0.0%) {100.0%}

Histogram: SegmentationPlatform.DefaultModelDelivery.SaveResult.UrlVisitResumptionRanker recorded 1 samples, mean = 1.0 (flags = 0x41)
0  O                                                                         (0 = 0.0%)
1  -O                                                                        (1 = 100.0%) {0.0%}
2  O                                                                         (0 = 0.0%) {100.0%}

Histogram: SegmentationPlatform.DefaultModelDelivery.SegmentIdMatches.ChromeLowUserEngagement recorded 1 samples, mean = 1.0 (flags = 0x41)
0  O                                                                         (0 = 0.0%)
1  -O                                                                        (1 = 100.0%) {0.0%}
2  O                                                                         (0 = 0.0%) {100.0%}

Histogram: SegmentationPlatform.DefaultModelDelivery.SegmentIdMatches.ComposePromotion recorded 1 samples, mean = 1.0 (flags = 0x41)
0  O                                                                         (0 = 0.0%)
1  -O                                                                        (1 = 100.0%) {0.0%}
2  O                                                                         (0 = 0.0%) {100.0%}

Histogram: SegmentationPlatform.DefaultModelDelivery.SegmentIdMatches.CrossDeviceUserSegment recorded 1 samples, mean = 1.0 (flags = 0x41)
0  O                                                                         (0 = 0.0%)
1  -O                                                                        (1 = 100.0%) {0.0%}
2  O                                                                         (0 = 0.0%) {100.0%}

Histogram: SegmentationPlatform.DefaultModelDelivery.SegmentIdMatches.DatabaseApiClients recorded 1 samples, mean = 1.0 (flags = 0x41)
0  O                                                                         (0 = 0.0%)
1  -O                                                                        (1 = 100.0%) {0.0%}
2  O                                                                         (0 = 0.0%) {100.0%}

Histogram: SegmentationPlatform.DefaultModelDelivery.SegmentIdMatches.DeviceSwitcher recorded 1 samples, mean = 1.0 (flags = 0x41)
0  O                                                                         (0 = 0.0%)
1  -O                                                                        (1 = 100.0%) {0.0%}
2  O                                                                         (0 = 0.0%) {100.0%}

Histogram: SegmentationPlatform.DefaultModelDelivery.SegmentIdMatches.PasswordManagerUser recorded 1 samples, mean = 1.0 (flags = 0x41)
0  O                                                                         (0 = 0.0%)
1  -O                                                                        (1 = 100.0%) {0.0%}
2  O                                                                         (0 = 0.0%) {100.0%}

Histogram: SegmentationPlatform.DefaultModelDelivery.SegmentIdMatches.ResumeHeavyUserSegment recorded 1 samples, mean = 1.0 (flags = 0x41)
0  O                                                                         (0 = 0.0%)
1  -O                                                                        (1 = 100.0%) {0.0%}
2  O                                                                         (0 = 0.0%) {100.0%}

Histogram: SegmentationPlatform.DefaultModelDelivery.SegmentIdMatches.SearchUser recorded 1 samples, mean = 1.0 (flags = 0x41)
0  O                                                                         (0 = 0.0%)
1  -O                                                                        (1 = 100.0%) {0.0%}
2  O                                                                         (0 = 0.0%) {100.0%}

Histogram: SegmentationPlatform.DefaultModelDelivery.SegmentIdMatches.ShoppingUser recorded 1 samples, mean = 1.0 (flags = 0x41)
0  O                                                                         (0 = 0.0%)
1  -O                                                                        (1 = 100.0%) {0.0%}
2  O                                                                         (0 = 0.0%) {100.0%}

Histogram: SegmentationPlatform.DefaultModelDelivery.SegmentIdMatches.UrlVisitResumptionRanker recorded 1 samples, mean = 1.0 (flags = 0x41)
0  O                                                                         (0 = 0.0%)
1  -O                                                                        (1 = 100.0%) {0.0%}
2  O                                                                         (0 = 0.0%) {100.0%}

Histogram: SegmentationPlatform.DeviceSwitcher.PostProcessing.TopLabel.Computed recorded 1 samples (flags = 0x41)
7  -O                                                                        (1 = 100.0%)

Histogram: SegmentationPlatform.FeatureProcessing.Error.DeviceSwitcher recorded 1 samples, mean = 7.0 (flags = 0x41)
0  ... 
7  -O                                                                        (1 = 100.0%) {0.0%}
8  O                                                                         (0 = 0.0%) {100.0%}

Histogram: SegmentationPlatform.Init.CreationToInitializationLatency recorded 1 samples, mean = 5902.0 (flags = 0x41)
0     ... 
4955  -O                                                                        (1 = 100.0%) {0.0%}
6296  ... 

Histogram: SegmentationPlatform.Init.ModelUpdatedTimeDifferenceInDays.ChromeLowUserEngagement recorded 1 samples, mean = 86.0 (flags = 0x41)
0   ... 
84  -O                                                                        (1 = 100.0%) {0.0%}
95  ... 

Histogram: SegmentationPlatform.Init.ModelUpdatedTimeDifferenceInDays.ComposePromotion recorded 1 samples, mean = 86.0 (flags = 0x41)
0   ... 
84  -O                                                                        (1 = 100.0%) {0.0%}
95  ... 

Histogram: SegmentationPlatform.Init.ModelUpdatedTimeDifferenceInDays.CrossDeviceUserSegment recorded 1 samples, mean = 86.0 (flags = 0x41)
0   ... 
84  -O                                                                        (1 = 100.0%) {0.0%}
95  ... 

Histogram: SegmentationPlatform.Init.ModelUpdatedTimeDifferenceInDays.DatabaseApiClients recorded 1 samples, mean = 86.0 (flags = 0x41)
0   ... 
84  -O                                                                        (1 = 100.0%) {0.0%}
95  ... 

Histogram: SegmentationPlatform.Init.ModelUpdatedTimeDifferenceInDays.DeviceSwitcher recorded 1 samples, mean = 86.0 (flags = 0x41)
0   ... 
84  -O                                                                        (1 = 100.0%) {0.0%}
95  ... 

Histogram: SegmentationPlatform.Init.ModelUpdatedTimeDifferenceInDays.PasswordManagerUser recorded 1 samples, mean = 86.0 (flags = 0x41)
0   ... 
84  -O                                                                        (1 = 100.0%) {0.0%}
95  ... 

Histogram: SegmentationPlatform.Init.ModelUpdatedTimeDifferenceInDays.ResumeHeavyUserSegment recorded 1 samples, mean = 86.0 (flags = 0x41)
0   ... 
84  -O                                                                        (1 = 100.0%) {0.0%}
95  ... 

Histogram: SegmentationPlatform.Init.ModelUpdatedTimeDifferenceInDays.SearchUser recorded 1 samples, mean = 86.0 (flags = 0x41)
0   ... 
84  -O                                                                        (1 = 100.0%) {0.0%}
95  ... 

Histogram: SegmentationPlatform.Init.ModelUpdatedTimeDifferenceInDays.ShoppingUser recorded 1 samples, mean = 86.0 (flags = 0x41)
0   ... 
84  -O                                                                        (1 = 100.0%) {0.0%}
95  ... 

Histogram: SegmentationPlatform.Init.ModelUpdatedTimeDifferenceInDays.UrlVisitResumptionRanker recorded 1 samples, mean = 86.0 (flags = 0x41)
0   ... 
84  -O                                                                        (1 = 100.0%) {0.0%}
95  ... 

Histogram: SegmentationPlatform.Init.ProcessCreationToServiceCreationLatency recorded 1 samples, mean = 13769232.0 (flags = 0x41)
0       ... 
180000  -O                                                                        (1 = 100.0%) {0.0%}

Histogram: SegmentationPlatform.Maintenance.CleanupSignalSuccessCount recorded 1 samples, mean = 20.0 (flags = 0x41)
0   ... 
20  -O                                                                        (1 = 100.0%) {0.0%}
23  ... 

Histogram: SegmentationPlatform.Maintenance.SignalIdentifierCount recorded 1 samples, mean = 20.0 (flags = 0x41)
0   ... 
20  -O                                                                        (1 = 100.0%) {0.0%}
23  ... 

Histogram: SegmentationPlatform.ModelAvailability.ChromeLowUserEngagement recorded 1 samples, mean = 0.0 (flags = 0x41)
0  -O                                                                        (1 = 100.0%)
1  ... 

Histogram: SegmentationPlatform.ModelAvailability.ComposePromotion recorded 1 samples, mean = 0.0 (flags = 0x41)
0  -O                                                                        (1 = 100.0%)
1  ... 

Histogram: SegmentationPlatform.ModelAvailability.DeviceSwitcher recorded 1 samples, mean = 0.0 (flags = 0x41)
0  -O                                                                        (1 = 100.0%)
1  ... 

Histogram: SegmentationPlatform.ModelAvailability.SearchUser recorded 1 samples, mean = 0.0 (flags = 0x41)
0  -O                                                                        (1 = 100.0%)
1  ... 

Histogram: SegmentationPlatform.ModelAvailability.ShoppingUser recorded 1 samples, mean = 0.0 (flags = 0x41)
0  -O                                                                        (1 = 100.0%)
1  ... 

Histogram: SegmentationPlatform.ModelAvailability.UrlVisitResumptionRanker recorded 1 samples, mean = 0.0 (flags = 0x41)
0  -O                                                                        (1 = 100.0%)
1  ... 

Histogram: SegmentationPlatform.ModelAvailability.WebAppInstallationPromo recorded 1 samples, mean = 0.0 (flags = 0x41)
0  -O                                                                        (1 = 100.0%)
1  ... 

Histogram: SegmentationPlatform.ModelExecution.DefaultProvider.Status.DeviceSwitcher recorded 1 samples, mean = 0.0 (flags = 0x41)
0  -O                                                                        (1 = 100.0%)
1  ... 

Histogram: SegmentationPlatform.ModelExecution.Duration.Model.DeviceSwitcher.Success recorded 1 samples, mean = 0.0 (flags = 0x41)
0  -O                                                                        (1 = 100.0%)
1  ... 

Histogram: SegmentationPlatform.ModelExecution.Duration.Total.DeviceSwitcher.Success recorded 1 samples, mean = 60086.0 (flags = 0x41)
0      ... 
10000  -O                                                                        (1 = 100.0%) {0.0%}

Histogram: SegmentationPlatform.ModelExecution.Result.0.DeviceSwitcher recorded 1 samples, mean = 0.0 (flags = 0x41)
0  -O                                                                        (1 = 100.0%)
1  ... 

Histogram: SegmentationPlatform.ModelExecution.Result.1.DeviceSwitcher recorded 1 samples, mean = 0.0 (flags = 0x41)
0  -O                                                                        (1 = 100.0%)
1  ... 

Histogram: SegmentationPlatform.ModelExecution.Result.2.DeviceSwitcher recorded 1 samples, mean = 0.0 (flags = 0x41)
0  -O                                                                        (1 = 100.0%)
1  ... 

Histogram: SegmentationPlatform.ModelExecution.Result.3.DeviceSwitcher recorded 1 samples, mean = 0.0 (flags = 0x41)
0  -O                                                                        (1 = 100.0%)
1  ... 

Histogram: SegmentationPlatform.ModelExecution.Result.4.DeviceSwitcher recorded 1 samples, mean = 0.0 (flags = 0x41)
0  -O                                                                        (1 = 100.0%)
1  ... 

Histogram: SegmentationPlatform.ModelExecution.Result.5.DeviceSwitcher recorded 1 samples, mean = 0.0 (flags = 0x41)
0  -O                                                                        (1 = 100.0%)
1  ... 

Histogram: SegmentationPlatform.ModelExecution.Result.6.DeviceSwitcher recorded 1 samples, mean = 0.0 (flags = 0x41)
0  -O                                                                        (1 = 100.0%)
1  ... 

Histogram: SegmentationPlatform.ModelExecution.Result.7.DeviceSwitcher recorded 1 samples, mean = 100.0 (flags = 0x41)
0    ... 
100  -O                                                                        (1 = 100.0%) {0.0%}
101  O                                                                         (0 = 0.0%) {100.0%}

Histogram: SegmentationPlatform.ModelExecution.ZeroValuePercent.DeviceSwitcher recorded 1 samples, mean = 90.0 (flags = 0x41)
0   ... 
90  -O                                                                        (1 = 100.0%) {0.0%}
91  ... 

Histogram: SegmentationPlatform.PasswordManagerUser.PostProcessing.TopLabel.Computed recorded 1 samples (flags = 0x41)
0  -O                                                                        (1 = 100.0%)

Histogram: SegmentationPlatform.ResumeHeavyUser.PostProcessing.TopLabel.Computed recorded 1 samples (flags = 0x41)
0  -O                                                                        (1 = 100.0%)

Histogram: SegmentationPlatform.SearchUser.PostProcessing.TopLabel.Computed recorded 1 samples (flags = 0x41)
-1 -O                                                                        (1 = 100.0%)

Histogram: SegmentationPlatform.SegmentInfoDatabase.ProtoDBUpdateResult.ChromeLowUserEngagement recorded 1 samples, mean = 1.0 (flags = 0x41)
0  O                                                                         (0 = 0.0%)
1  -O                                                                        (1 = 100.0%) {0.0%}
2  O                                                                         (0 = 0.0%) {100.0%}

Histogram: SegmentationPlatform.SegmentInfoDatabase.ProtoDBUpdateResult.ComposePromotion recorded 1 samples, mean = 1.0 (flags = 0x41)
0  O                                                                         (0 = 0.0%)
1  -O                                                                        (1 = 100.0%) {0.0%}
2  O                                                                         (0 = 0.0%) {100.0%}

Histogram: SegmentationPlatform.SegmentInfoDatabase.ProtoDBUpdateResult.CrossDeviceUserSegment recorded 1 samples, mean = 1.0 (flags = 0x41)
0  O                                                                         (0 = 0.0%)
1  -O                                                                        (1 = 100.0%) {0.0%}
2  O                                                                         (0 = 0.0%) {100.0%}

Histogram: SegmentationPlatform.SegmentInfoDatabase.ProtoDBUpdateResult.DatabaseApiClients recorded 1 samples, mean = 1.0 (flags = 0x41)
0  O                                                                         (0 = 0.0%)
1  -O                                                                        (1 = 100.0%) {0.0%}
2  O                                                                         (0 = 0.0%) {100.0%}

Histogram: SegmentationPlatform.SegmentInfoDatabase.ProtoDBUpdateResult.DeviceSwitcher recorded 1 samples, mean = 1.0 (flags = 0x41)
0  O                                                                         (0 = 0.0%)
1  -O                                                                        (1 = 100.0%) {0.0%}
2  O                                                                         (0 = 0.0%) {100.0%}

Histogram: SegmentationPlatform.SegmentInfoDatabase.ProtoDBUpdateResult.PasswordManagerUser recorded 1 samples, mean = 1.0 (flags = 0x41)
0  O                                                                         (0 = 0.0%)
1  -O                                                                        (1 = 100.0%) {0.0%}
2  O                                                                         (0 = 0.0%) {100.0%}

Histogram: SegmentationPlatform.SegmentInfoDatabase.ProtoDBUpdateResult.ResumeHeavyUserSegment recorded 1 samples, mean = 1.0 (flags = 0x41)
0  O                                                                         (0 = 0.0%)
1  -O                                                                        (1 = 100.0%) {0.0%}
2  O                                                                         (0 = 0.0%) {100.0%}

Histogram: SegmentationPlatform.SegmentInfoDatabase.ProtoDBUpdateResult.SearchUser recorded 1 samples, mean = 1.0 (flags = 0x41)
0  O                                                                         (0 = 0.0%)
1  -O                                                                        (1 = 100.0%) {0.0%}
2  O                                                                         (0 = 0.0%) {100.0%}

Histogram: SegmentationPlatform.SegmentInfoDatabase.ProtoDBUpdateResult.ShoppingUser recorded 1 samples, mean = 1.0 (flags = 0x41)
0  O                                                                         (0 = 0.0%)
1  -O                                                                        (1 = 100.0%) {0.0%}
2  O                                                                         (0 = 0.0%) {100.0%}

Histogram: SegmentationPlatform.SegmentInfoDatabase.ProtoDBUpdateResult.UrlVisitResumptionRanker recorded 1 samples, mean = 1.0 (flags = 0x41)
0  O                                                                         (0 = 0.0%)
1  -O                                                                        (1 = 100.0%) {0.0%}
2  O                                                                         (0 = 0.0%) {100.0%}

Histogram: SegmentationPlatform.SegmentInfoDatabase.ProtoDBUpdateResult.WebAppInstallationPromo recorded 1 samples, mean = 1.0 (flags = 0x41)
0  O                                                                         (0 = 0.0%)
1  -O                                                                        (1 = 100.0%) {0.0%}
2  O                                                                         (0 = 0.0%) {100.0%}

Histogram: SegmentationPlatform.SelectionFailedReason.ChromeLowUserEngagement recorded 3 samples, mean = 20.3 (flags = 0x41)
0   ... 
16  -O                                                                        (1 = 33.3%) {0.0%}
17  O                                                                         (0 = 0.0%) {33.3%}
18  -O                                                                        (1 = 33.3%) {33.3%}
19  ... 
27  -O                                                                        (1 = 33.3%) {66.7%}
28  ... 

Histogram: SegmentationPlatform.SelectionFailedReason.ComposePromotion recorded 1 samples, mean = 17.0 (flags = 0x41)
0   ... 
17  -O                                                                        (1 = 100.0%) {0.0%}
18  ... 

Histogram: SegmentationPlatform.SelectionFailedReason.CrossDeviceUser recorded 3 samples, mean = 20.3 (flags = 0x41)
0   ... 
16  -O                                                                        (1 = 33.3%) {0.0%}
17  O                                                                         (0 = 0.0%) {33.3%}
18  -O                                                                        (1 = 33.3%) {33.3%}
19  ... 
27  -O                                                                        (1 = 33.3%) {66.7%}
28  ... 

Histogram: SegmentationPlatform.SelectionFailedReason.DatabaseApiClients recorded 1 samples, mean = 17.0 (flags = 0x41)
0   ... 
17  -O                                                                        (1 = 100.0%) {0.0%}
18  ... 

Histogram: SegmentationPlatform.SelectionFailedReason.DeviceSwitcher recorded 2 samples, mean = 19.0 (flags = 0x41)
0   ... 
17  -O                                                                        (1 = 50.0%) {0.0%}
18  ... 
21  -O                                                                        (1 = 50.0%) {50.0%}
22  ... 

Histogram: SegmentationPlatform.SelectionFailedReason.PasswordManagerUser recorded 3 samples, mean = 20.3 (flags = 0x41)
0   ... 
16  -O                                                                        (1 = 33.3%) {0.0%}
17  O                                                                         (0 = 0.0%) {33.3%}
18  -O                                                                        (1 = 33.3%) {33.3%}
19  ... 
27  -O                                                                        (1 = 33.3%) {66.7%}
28  ... 

Histogram: SegmentationPlatform.SelectionFailedReason.ResumeHeavyUser recorded 3 samples, mean = 20.3 (flags = 0x41)
0   ... 
16  -O                                                                        (1 = 33.3%) {0.0%}
17  O                                                                         (0 = 0.0%) {33.3%}
18  -O                                                                        (1 = 33.3%) {33.3%}
19  ... 
27  -O                                                                        (1 = 33.3%) {66.7%}
28  ... 

Histogram: SegmentationPlatform.SelectionFailedReason.SearchUser recorded 3 samples, mean = 20.3 (flags = 0x41)
0   ... 
16  -O                                                                        (1 = 33.3%) {0.0%}
17  O                                                                         (0 = 0.0%) {33.3%}
18  -O                                                                        (1 = 33.3%) {33.3%}
19  ... 
27  -O                                                                        (1 = 33.3%) {66.7%}
28  ... 

Histogram: SegmentationPlatform.SelectionFailedReason.ShoppingUser recorded 3 samples, mean = 20.3 (flags = 0x41)
0   ... 
16  -O                                                                        (1 = 33.3%) {0.0%}
17  O                                                                         (0 = 0.0%) {33.3%}
18  -O                                                                        (1 = 33.3%) {33.3%}
19  ... 
27  -O                                                                        (1 = 33.3%) {66.7%}
28  ... 

Histogram: SegmentationPlatform.SelectionFailedReason.URLVisitResumptionRanker recorded 1 samples, mean = 17.0 (flags = 0x41)
0   ... 
17  -O                                                                        (1 = 100.0%) {0.0%}
18  ... 

Histogram: SegmentationPlatform.SelectionFailedReason.WebAppInstallationPromo recorded 3 samples, mean = 17.3 (flags = 0x41)
0   ... 
11  -O                                                                        (1 = 33.3%) {0.0%}
12  ... 
17  -O                                                                        (1 = 33.3%) {33.3%}
18  ... 
24  -O                                                                        (1 = 33.3%) {66.7%}
25  ... 

Histogram: SegmentationPlatform.ShoppingUser.PostProcessing.TopLabel.Computed recorded 1 samples (flags = 0x41)
0  -O                                                                        (1 = 100.0%)

Histogram: SegmentationPlatform.Signals.ListeningCount.HistogramEnum recorded 1 samples, mean = 7.0 (flags = 0x41)
0  ... 
7  -O                                                                        (1 = 100.0%) {0.0%}
8  ... 

Histogram: SegmentationPlatform.Signals.ListeningCount.HistogramValue recorded 1 samples, mean = 6.0 (flags = 0x41)
0  ... 
6  -O                                                                        (1 = 100.0%) {0.0%}
7  ... 

Histogram: SegmentationPlatform.Signals.ListeningCount.UserAction recorded 1 samples, mean = 7.0 (flags = 0x41)
0  ... 
7  -O                                                                        (1 = 100.0%) {0.0%}
8  ... 

Histogram: SegmentationPlatform.SyncSessions.TabsCountAtStartup recorded 1 samples, mean = 0.0 (flags = 0x41)
0  -O                                                                        (1 = 100.0%)
1  ... 

Histogram: SegmentationPlatform.UkmDatabase.InitTime recorded 1 samples, mean = 1.0 (flags = 0x41)
0  O                                                                         (0 = 0.0%)
1  -O                                                                        (1 = 100.0%) {0.0%}
2  ... 

Histogram: SegmentationPlatform.WebAppInstallationPromo.PostProcessing.TopLabel.Computed recorded 1 samples (flags = 0x41)
-2 -O                                                                        (1 = 100.0%)

Histogram: ServiceWorker.FindRegistrationForClientUrl.IsCalledForNavigation recorded 5 samples, mean = 0.2 (flags = 0x41)
0  ----O                                                                     (4 = 80.0%)
1  -O                                                                        (1 = 20.0%) {80.0%}
2  O                                                                         (0 = 0.0%) {100.0%}

Histogram: ServiceWorker.FindRegistrationForClientUrl.SkippedMojoCall.OnNavigation recorded 1 samples, mean = 0.0 (flags = 0x41)
0  -O                                                                        (1 = 100.0%)
1  ... 

Histogram: ServiceWorker.OnBrowserStartup.SkipServiceWorkerOnFirstNavigation recorded 1 samples, mean = 0.0 (flags = 0x41)
0  -O                                                                        (1 = 100.0%)
1  ... 

Histogram: ServiceWorker.RegisteredStorageKeyCount recorded 1 samples, mean = 0.0 (flags = 0x41)
0  -O                                                                        (1 = 100.0%)
1  ... 

Histogram: ServiceWorker.SkipCallingFindRegistrationForClientUrl recorded 1 samples, mean = 1.0 (flags = 0x41)
0  O                                                                         (0 = 0.0%)
1  -O                                                                        (1 = 100.0%) {0.0%}
2  O                                                                         (0 = 0.0%) {100.0%}

Histogram: ServiceWorker.Storage.ReadInitialDataFromDB.Time recorded 1 samples, mean = 0.0 (flags = 0x41)
0  -O                                                                        (1 = 100.0%)
1  ... 

Histogram: ServiceWorker.Storage.RegisteredStorageKeyCacheInitialization.Time recorded 1 samples, mean = 5341.0 (flags = 0x41)
0     ... 
4955  -O                                                                        (1 = 100.0%) {0.0%}
6296  ... 

Histogram: SessionRestore.UnrecoverableWriteErrorCount recorded 1 samples, mean = 0.0 (flags = 0x41)
0  -O                                                                        (1 = 100.0%)
1  ... 

Histogram: SessionStorageContext.CommitResult recorded 2 samples, mean = 0.0 (flags = 0x41)
0  --O                                                                       (2 = 100.0%)
1  ... 

Histogram: Settings.AdvancedSpellcheck.OnStartup2 recorded 1 samples, mean = 0.0 (flags = 0x41)
0  -O                                                                        (1 = 100.0%)
1  ... 

Histogram: Settings.AutocompleteSearches.OnStartup2 recorded 1 samples, mean = 1.0 (flags = 0x41)
0  O                                                                         (0 = 0.0%)
1  -O                                                                        (1 = 100.0%) {0.0%}
2  O                                                                         (0 = 0.0%) {100.0%}

Histogram: Settings.FingerprintingProtection.Enabled recorded 1 samples, mean = 0.0 (flags = 0x41)
0  -O                                                                        (1 = 100.0%)
1  ... 

Histogram: Settings.FirstPartySets.State recorded 1 samples, mean = 0.0 (flags = 0x41)
0  -O                                                                        (1 = 100.0%)
1  ... 

Histogram: Settings.IpProtection.Enabled recorded 1 samples, mean = 0.0 (flags = 0x41)
0  -O                                                                        (1 = 100.0%)
1  ... 

Histogram: Settings.PreloadStatus.OnStartup3 recorded 1 samples, mean = 1.0 (flags = 0x41)
0  O                                                                         (0 = 0.0%)
1  -O                                                                        (1 = 100.0%) {0.0%}
2  ... 

Histogram: Settings.PrivacySandbox.AdMeasurement.Enabled recorded 1 samples, mean = 0.0 (flags = 0x41)
0  -O                                                                        (1 = 100.0%)
1  ... 

Histogram: Settings.PrivacySandbox.Fledge.Enabled recorded 1 samples, mean = 0.0 (flags = 0x41)
0  -O                                                                        (1 = 100.0%)
1  ... 

Histogram: Settings.PrivacySandbox.Topics.Enabled recorded 1 samples, mean = 0.0 (flags = 0x41)
0  -O                                                                        (1 = 100.0%)
1  ... 

Histogram: Settings.ShowHomeButton2 recorded 1 samples, mean = 0.0 (flags = 0x41)
0  -O                                                                        (1 = 100.0%)
1  ... 

Histogram: Settings.StartupPageLoadSettings2 recorded 1 samples, mean = 5.0 (flags = 0x41)
0  ... 
5  -O                                                                        (1 = 100.0%) {0.0%}
6  ... 

Histogram: Settings.TrackedPreferenceChanged.FromRegistry recorded 2 samples, mean = 10.0 (flags = 0x41)
0   ... 
5   -O                                                                        (1 = 50.0%) {0.0%}
6   ... 
15  -O                                                                        (1 = 50.0%) {50.0%}
16  ... 

Histogram: Settings.TrackedPreferenceUnchanged recorded 18 samples, mean = 14.5 (flags = 0x41)
0   -O                                                                        (1 = 5.6%)
1   -O                                                                        (1 = 5.6%) {5.6%}
2   -O                                                                        (1 = 5.6%) {11.1%}
3   -O                                                                        (1 = 5.6%) {16.7%}
4   -O                                                                        (1 = 5.6%) {22.2%}
5   -O                                                                        (1 = 5.6%) {27.8%}
6   -O                                                                        (1 = 5.6%) {33.3%}
7   -O                                                                        (1 = 5.6%) {38.9%}
8   ... 
11  -O                                                                        (1 = 5.6%) {44.4%}
12  ... 
14  -O                                                                        (1 = 5.6%) {50.0%}
15  -O                                                                        (1 = 5.6%) {55.6%}
16  ... 
18  -O                                                                        (1 = 5.6%) {61.1%}
19  ... 
23  -O                                                                        (1 = 5.6%) {66.7%}
24  -O                                                                        (1 = 5.6%) {72.2%}
25  ... 
29  -O                                                                        (1 = 5.6%) {77.8%}
30  ... 
32  -O                                                                        (1 = 5.6%) {83.3%}
33  -O                                                                        (1 = 5.6%) {88.9%}
34  -O                                                                        (1 = 5.6%) {94.4%}
35  O                                                                         (0 = 0.0%) {100.0%}

Histogram: Settings.TrackedPreferenceUnchanged.FromRegistry recorded 16 samples, mean = 15.1 (flags = 0x41)
0   -O                                                                        (1 = 6.2%)
1   -O                                                                        (1 = 6.2%) {6.2%}
2   -O                                                                        (1 = 6.2%) {12.5%}
3   -O                                                                        (1 = 6.2%) {18.8%}
4   -O                                                                        (1 = 6.2%) {25.0%}
5   O                                                                         (0 = 0.0%) {31.2%}
6   -O                                                                        (1 = 6.2%) {31.2%}
7   -O                                                                        (1 = 6.2%) {37.5%}
8   ... 
11  -O                                                                        (1 = 6.2%) {43.8%}
12  ... 
14  -O                                                                        (1 = 6.2%) {50.0%}
15  ... 
18  -O                                                                        (1 = 6.2%) {56.2%}
19  ... 
23  -O                                                                        (1 = 6.2%) {62.5%}
24  -O                                                                        (1 = 6.2%) {68.8%}
25  ... 
29  -O                                                                        (1 = 6.2%) {75.0%}
30  ... 
32  -O                                                                        (1 = 6.2%) {81.2%}
33  -O                                                                        (1 = 6.2%) {87.5%}
34  -O                                                                        (1 = 6.2%) {93.8%}
35  O                                                                         (0 = 0.0%) {100.0%}

Histogram: Settings.TrackingProtection.Enabled recorded 1 samples, mean = 0.0 (flags = 0x41)
0  -O                                                                        (1 = 100.0%)
1  ... 

Histogram: SharedDictionary.TimeInitializeDB recorded 1 samples, mean = 2.0 (flags = 0x41)
0  ... 
2  -O                                                                        (1 = 100.0%) {0.0%}
3  ... 

Histogram: Signin.APIKeyMatchesFeatureOnStartup recorded 3 samples, mean = 0.0 (flags = 0x41)
0  ---O                                                                      (3 = 100.0%)
1  ... 

Histogram: Signin.AccountTracker.CountOfLoadedAccounts recorded 1 samples, mean = 0.0 (flags = 0x41)
0  -O                                                                        (1 = 100.0%)
1  ... 

Histogram: Signin.ExplicitSigninMigration recorded 1 samples, mean = 0.0 (flags = 0x41)
0  -O                                                                        (1 = 100.0%)
1  ... 

Histogram: Signin.HadPreviousSyncAccount.SignedOutOnProfileLoad recorded 1 samples, mean = 0.0 (flags = 0x41)
0  -O                                                                        (1 = 100.0%)
1  ... 

Histogram: Signin.HadPreviousSyncAccount.SyncOffOnProfileLoad recorded 1 samples, mean = 0.0 (flags = 0x41)
0  -O                                                                        (1 = 100.0%)
1  ... 

Histogram: Signin.ListAccountsFailure recorded 1 samples, mean = 0.0 (flags = 0x41)
0  -O                                                                        (1 = 100.0%)
1  ... 

Histogram: Signin.PAMInitialize.PrimaryAccountPrefs recorded 1 samples, mean = 2.0 (flags = 0x41)
0  ... 
2  -O                                                                        (1 = 100.0%) {0.0%}
3  ... 

Histogram: Signin.SigninAllowed recorded 1 samples, mean = 0.0 (flags = 0x41)
0  -O                                                                        (1 = 100.0%)
1  ... 

Histogram: Signin.TokenTable.GetAllTokensSqlStatementValidity recorded 1 samples, mean = 1.0 (flags = 0x41)
0  O                                                                         (0 = 0.0%)
1  -O                                                                        (1 = 100.0%) {0.0%}
2  O                                                                         (0 = 0.0%) {100.0%}

Histogram: SimpleCache.App.CacheSizeOnInit recorded 1 samples, mean = 0.0 (flags = 0x41)
0  -O                                                                        (1 = 100.0%)
1000... 

Histogram: SimpleCache.App.ConsistencyResult recorded 1 samples, mean = 0.0 (flags = 0x41)
0  -O                                                                        (1 = 100.0%)
1  ... 

Histogram: SimpleCache.App.CreationToIndex recorded 1 samples, mean = 4.0 (flags = 0x41)
0  ... 
4  -O                                                                        (1 = 100.0%) {0.0%}
5  ... 

Histogram: SimpleCache.App.IndexFileStateOnLoad recorded 1 samples, mean = 2.0 (flags = 0x41)
0  ... 
2  -O                                                                        (1 = 100.0%) {0.0%}
3  ... 

Histogram: SimpleCache.App.IndexInitializeMethod recorded 1 samples, mean = 1.0 (flags = 0x41)
0  O                                                                         (0 = 0.0%)
1  -O                                                                        (1 = 100.0%) {0.0%}
2  ... 

Histogram: SimpleCache.App.IndexNumEntriesOnInit recorded 1 samples, mean = 0.0 (flags = 0x41)
0  -O                                                                        (1 = 100.0%)
1  ... 

Histogram: SimpleCache.App.MaxCacheSizeOnInit recorded 1 samples, mean = 0.0 (flags = 0x41)
0  -O                                                                        (1 = 100.0%)
1000... 

Histogram: SimpleCache.Code.CacheSizeOnInit recorded 1 samples, mean = 14247.0 (flags = 0x41)
0      ... 
13320  -O                                                                        (1 = 100.0%) {0.0%}
15161  ... 

Histogram: SimpleCache.Code.ConsistencyResult recorded 1 samples, mean = 0.0 (flags = 0x41)
0  -O                                                                        (1 = 100.0%)
1  ... 

Histogram: SimpleCache.Code.CreationToIndex recorded 1 samples, mean = 7.0 (flags = 0x41)
0  ... 
7  -O                                                                        (1 = 100.0%) {0.0%}
8  ... 

Histogram: SimpleCache.Code.DiskCloseLatency recorded 52 samples, mean = 5.8 (flags = 0x41)
0    -----------------------------------------O                                (41 = 78.8%)
1    O                                                                         (0 = 0.0%) {78.8%}
2    --------O                                                                 (8 = 15.4%) {78.8%}
3    --O                                                                       (2 = 3.8%) {94.2%}
4    ... 
268  -O                                                                        (1 = 1.9%) {98.1%}
318  ... 

Histogram: SimpleCache.Code.DiskCreateLatency recorded 7 samples, mean = 0.1 (flags = 0x40)
0  ------O                                                                   (6 = 85.7%)
1  -O                                                                        (1 = 14.3%) {85.7%}
2  ... 

Histogram: SimpleCache.Code.DiskDoomLatency recorded 1 samples, mean = 0.0 (flags = 0x41)
0  -O                                                                        (1 = 100.0%)
1  ... 

Histogram: SimpleCache.Code.DiskOpenLatency recorded 45 samples, mean = 3.0 (flags = 0x41)
0  -----------------O                                                        (17 = 37.8%)
1  ----O                                                                     (4 = 8.9%) {37.8%}
2  --------O                                                                 (8 = 17.8%) {46.7%}
3  ... 
7  ---------------O                                                          (15 = 33.3%) {64.4%}
8  -O                                                                        (1 = 2.2%) {97.8%}
10 ... 

Histogram: SimpleCache.Code.DiskWriteLatency recorded 10 samples, mean = 2.8 (flags = 0x41)
0   ---O                                                                      (3 = 30.0%)
1   ----O                                                                     (4 = 40.0%) {30.0%}
2   O                                                                         (0 = 0.0%) {70.0%}
3   -O                                                                        (1 = 10.0%) {70.0%}
4   -O                                                                        (1 = 10.0%) {80.0%}
5   ... 
17  -O                                                                        (1 = 10.0%) {90.0%}
20  ... 

Histogram: SimpleCache.Code.EntryCreationTime recorded 52 samples, mean = 2.8 (flags = 0x41)
0  ----------------------O                                                   (22 = 42.3%)
1  ----O                                                                     (4 = 7.7%) {42.3%}
2  --------O                                                                 (8 = 15.4%) {50.0%}
3  ... 
7  ----------------O                                                         (16 = 30.8%) {65.4%}
8  --O                                                                       (2 = 3.8%) {96.2%}
10 ... 

Histogram: SimpleCache.Code.HeaderSize recorded 30 samples, mean = 784.8 (flags = 0x41)
0     ------O                                                                   (6 = 20.0%)
1     ... 
12    ----O                                                                     (4 = 13.3%) {20.0%}
14    ... 
34    ---O                                                                      (3 = 10.0%) {33.3%}
40    ... 
68    ------O                                                                   (6 = 20.0%) {43.3%}
81    ... 
633   --O                                                                       (2 = 6.7%) {63.3%}
752   ... 
1062  -O                                                                        (1 = 3.3%) {70.0%}
1262  O                                                                         (0 = 0.0%) {73.3%}
1500  ---O                                                                      (3 = 10.0%) {73.3%}
1782  O                                                                         (0 = 0.0%) {83.3%}
2117  -O                                                                        (1 = 3.3%) {83.3%}
2516  -O                                                                        (1 = 3.3%) {86.7%}
2990  --O                                                                       (2 = 6.7%) {90.0%}
3553  -O                                                                        (1 = 3.3%) {96.7%}
4222  ... 

Histogram: SimpleCache.Code.IndexFileStateOnLoad recorded 1 samples, mean = 2.0 (flags = 0x41)
0  ... 
2  -O                                                                        (1 = 100.0%) {0.0%}
3  ... 

Histogram: SimpleCache.Code.IndexInitializeMethod recorded 1 samples, mean = 1.0 (flags = 0x41)
0  O                                                                         (0 = 0.0%)
1  -O                                                                        (1 = 100.0%) {0.0%}
2  ... 

Histogram: SimpleCache.Code.IndexNumEntriesOnInit recorded 1 samples, mean = 200.0 (flags = 0x41)
0    ... 
186  -O                                                                        (1 = 100.0%) {0.0%}
233  ... 

Histogram: SimpleCache.Code.MaxCacheSizeOnInit recorded 1 samples, mean = 327680.0 (flags = 0x41)
0       ... 
297881  -O                                                                        (1 = 100.0%) {0.0%}
339058  ... 

Histogram: SimpleCache.Code.OpenEntryIndexState recorded 57 samples, mean = 1.8 (flags = 0x41)
0  O                                                                         (0 = 0.0%)
1  ------------O                                                             (12 = 21.1%) {0.0%}
2  ---------------------------------------------O                            (45 = 78.9%) {21.1%}
3  O                                                                         (0 = 0.0%) {100.0%}

Histogram: SimpleCache.Code.SyncCheckEOFResult recorded 45 samples, mean = 0.0 (flags = 0x40)
0  ---------------------------------------------O                            (45 = 100.0%)
1  ... 

Histogram: SimpleCache.Code.SyncCloseResult recorded 52 samples, mean = 0.0 (flags = 0x40)
0  ----------------------------------------------------O                     (52 = 100.0%)
1  ... 

Histogram: SimpleCache.Code.SyncOpenPrefetchMode recorded 45 samples, mean = 0.0 (flags = 0x41)
0  ---------------------------------------------O                            (45 = 100.0%)
1  ... 

Histogram: SimpleCache.Code.SyncOpenResult recorded 45 samples, mean = 0.0 (flags = 0x40)
0  ---------------------------------------------O                            (45 = 100.0%)
1  ... 

Histogram: SimpleCache.Code.SyncWriteResult recorded 10 samples, mean = 0.0 (flags = 0x40)
0  ----------O                                                               (10 = 100.0%)
1  ... 

Histogram: SiteEngagementService.EngagementScore recorded 1 samples, mean = 26.0 (flags = 0x41)
0   ... 
26  -O                                                                        (1 = 100.0%) {0.0%}
28  ... 

Histogram: SiteEngagementService.EngagementType recorded 1 samples, mean = 0.0 (flags = 0x41)
0  -O                                                                        (1 = 100.0%)
1  ... 

Histogram: SiteEngagementService.MeanEngagement recorded 1 samples, mean = 26.0 (flags = 0x41)
0   ... 
26  -O                                                                        (1 = 100.0%) {0.0%}
28  ... 

Histogram: SiteEngagementService.MedianEngagement recorded 1 samples, mean = 26.0 (flags = 0x41)
0   ... 
26  -O                                                                        (1 = 100.0%) {0.0%}
28  ... 

Histogram: SiteEngagementService.OriginsEngaged recorded 1 samples, mean = 1.0 (flags = 0x41)
0  O                                                                         (0 = 0.0%)
1  -O                                                                        (1 = 100.0%) {0.0%}
2  ... 

Histogram: SiteIsolatedCodeCache.JS.Behaviour recorded 58 samples, mean = 1.8 (flags = 0x41)
0  ----------------------O                                                   (22 = 37.9%)
1  -----O                                                                    (5 = 8.6%) {37.9%}
2  -O                                                                        (1 = 1.7%) {46.6%}
3  -----------------------O                                                  (23 = 39.7%) {48.3%}
4  -------O                                                                  (7 = 12.1%) {87.9%}
5  ... 

Histogram: SiteIsolatedCodeCache.JS.FetchCodeCache recorded 22 samples, mean = 5.9 (flags = 0x41)
0  ---O                                                                      (3 = 13.6%)
1  O                                                                         (0 = 0.0%) {13.6%}
2  -O                                                                        (1 = 4.5%) {13.6%}
3  ... 
7  ----------------O                                                         (16 = 72.7%) {18.2%}
8  --O                                                                       (2 = 9.1%) {90.9%}
10 ... 

Histogram: SiteIsolatedCodeCache.JS.Hit recorded 27 samples, mean = 0.8 (flags = 0x41)
0  -----O                                                                    (5 = 18.5%)
1  ----------------------O                                                   (22 = 81.5%) {18.5%}
2  O                                                                         (0 = 0.0%) {100.0%}

Histogram: SiteIsolatedCodeCache.JS.PotentialMemoryBackedCodeCacheHit recorded 27 samples, mean = 0.0 (flags = 0x41)
0  ---------------------------O                                              (27 = 100.0%)
1  ... 

Histogram: SiteIsolatedCodeCache.JS.PotentialMemoryBackedCodeCacheSize2 recorded 77 samples, mean = 2749446.0 (flags = 0x41)
0        ... 
2016476  ------------------------------------------------------------------------O (77 = 100.0%) {0.0%}
2896094  ... 

Histogram: SiteIsolatedCodeCache.WASM.Behaviour recorded 5 samples, mean = 1.0 (flags = 0x41)
0  O                                                                         (0 = 0.0%)
1  -----O                                                                    (5 = 100.0%) {0.0%}
2  ... 

Histogram: SiteIsolation.BrowsingInstance.MaxCountPerProcess recorded 3 samples, mean = 0.7 (flags = 0x41)
0  -O                                                                        (1 = 33.3%)
1  --O                                                                       (2 = 66.7%) {33.3%}
2  ... 

Histogram: SiteIsolation.NewProcessUsedForNavigationWhenSameSiteProcessExists recorded 1 samples, mean = 0.0 (flags = 0x41)
0  -O                                                                        (1 = 100.0%)
1  ... 

Histogram: SiteIsolation.ProcessPerSiteWithMainFrameThreshold.IsDevToolsUser recorded 1 samples, mean = 0.0 (flags = 0x41)
0  -O                                                                        (1 = 100.0%)
1  ... 

Histogram: Skia.SubmitRenderPasses recorded 17 samples, mean = 0.6 (flags = 0x41)
0  ------------O                                                             (12 = 70.6%)
1  --O                                                                       (2 = 11.8%) {70.6%}
2  -O                                                                        (1 = 5.9%) {82.4%}
3  -O                                                                        (1 = 5.9%) {88.2%}
4  -O                                                                        (1 = 5.9%) {94.1%}
5  ... 

Histogram: Sql.Statement.Affiliation.VMSteps recorded 15 samples, mean = 15.5 (flags = 0x41)
0   ... 
3   ----O                                                                     (4 = 26.7%) {0.0%}
4   O                                                                         (0 = 0.0%) {26.7%}
5   -O                                                                        (1 = 6.7%) {26.7%}
6   -O                                                                        (1 = 6.7%) {33.3%}
7   ... 
12  -----O                                                                    (5 = 33.3%) {40.0%}
14  ... 
20  -O                                                                        (1 = 6.7%) {73.3%}
24  O                                                                         (0 = 0.0%) {80.0%}
29  -O                                                                        (1 = 6.7%) {80.0%}
34  O                                                                         (0 = 0.0%) {86.7%}
40  -O                                                                        (1 = 6.7%) {86.7%}
48  -O                                                                        (1 = 6.7%) {93.3%}
57  ... 

Histogram: Sql.Statement.BrowsingTopics.VMSteps recorded 12 samples, mean = 8.0 (flags = 0x41)
0   ... 
3   ----O                                                                     (4 = 33.3%) {0.0%}
4   O                                                                         (0 = 0.0%) {33.3%}
5   -O                                                                        (1 = 8.3%) {33.3%}
6   ... 
8   --O                                                                       (2 = 16.7%) {41.7%}
10  O                                                                         (0 = 0.0%) {58.3%}
12  -----O                                                                    (5 = 41.7%) {58.3%}
14  ... 

Histogram: Sql.Statement.Cookie.VMSteps recorded 33 samples, mean = 21.4 (flags = 0x41)
0   ... 
3   ------O                                                                   (6 = 18.2%) {0.0%}
4   O                                                                         (0 = 0.0%) {18.2%}
5   --O                                                                       (2 = 6.1%) {18.2%}
6   O                                                                         (0 = 0.0%) {24.2%}
7   -O                                                                        (1 = 3.0%) {24.2%}
8   ... 
12  ----------O                                                               (10 = 30.3%) {27.3%}
14  ... 
20  --O                                                                       (2 = 6.1%) {57.6%}
24  -----O                                                                    (5 = 15.2%) {63.6%}
29  O                                                                         (0 = 0.0%) {78.8%}
34  --O                                                                       (2 = 6.1%) {78.8%}
40  ... 
57  -----O                                                                    (5 = 15.2%) {84.8%}
68  ... 

Histogram: Sql.Statement.DIPS.VMSteps recorded 48 samples, mean = 14.0 (flags = 0x41)
0   ... 
3   --O                                                                       (2 = 4.2%) {0.0%}
4   O                                                                         (0 = 0.0%) {4.2%}
5   -O                                                                        (1 = 2.1%) {4.2%}
6   ... 
8   ---------O                                                                (9 = 18.8%) {6.2%}
10  -O                                                                        (1 = 2.1%) {25.0%}
12  ----------------O                                                         (16 = 33.3%) {27.1%}
14  --O                                                                       (2 = 4.2%) {60.4%}
17  --------O                                                                 (8 = 16.7%) {64.6%}
20  --------O                                                                 (8 = 16.7%) {81.2%}
24  -O                                                                        (1 = 2.1%) {97.9%}
29  ... 

Histogram: Sql.Statement.FirstPartySets.VMSteps recorded 31 samples, mean = 9.2 (flags = 0x41)
0   ... 
3   ----------O                                                               (10 = 32.3%) {0.0%}
4   O                                                                         (0 = 0.0%) {32.3%}
5   -O                                                                        (1 = 3.2%) {32.3%}
6   ... 
8   ----O                                                                     (4 = 12.9%) {35.5%}
10  ---O                                                                      (3 = 9.7%) {48.4%}
12  -----------O                                                              (11 = 35.5%) {58.1%}
14  ... 
20  -O                                                                        (1 = 3.2%) {93.5%}
24  -O                                                                        (1 = 3.2%) {96.8%}
29  ... 

Histogram: Sql.Statement.History.VMSteps recorded 424 samples, mean = 19.5 (flags = 0x41)
0    ... 
3    ---O                                                                      (6 = 1.4%) {0.0%}
4    O                                                                         (0 = 0.0%) {1.4%}
5    O                                                                         (1 = 0.2%) {1.4%}
6    -O                                                                        (2 = 0.5%) {1.7%}
7    O                                                                         (0 = 0.0%) {2.1%}
8    --O                                                                       (4 = 0.9%) {2.1%}
10   --O                                                                       (4 = 0.9%) {3.1%}
12   ------------------------------------------------------------------------O (150 = 35.4%) {4.0%}
14   -O                                                                        (3 = 0.7%) {39.4%}
17   -----------------------------------------O                                (86 = 20.3%) {40.1%}
20   --------------------------------------------------------------------O     (141 = 33.3%) {60.4%}
24   ----O                                                                     (8 = 1.9%) {93.6%}
29   -O                                                                        (3 = 0.7%) {95.5%}
34   O                                                                         (1 = 0.2%) {96.2%}
40   -O                                                                        (2 = 0.5%) {96.5%}
48   O                                                                         (1 = 0.2%) {96.9%}
57   O                                                                         (1 = 0.2%) {97.2%}
68   --O                                                                       (5 = 1.2%) {97.4%}
81   O                                                                         (1 = 0.2%) {98.6%}
96   O                                                                         (1 = 0.2%) {98.8%}
114  O                                                                         (0 = 0.0%) {99.1%}
135  -O                                                                        (3 = 0.7%) {99.1%}
160  O                                                                         (0 = 0.0%) {99.8%}
190  O                                                                         (1 = 0.2%) {99.8%}
226  ... 

Histogram: Sql.Statement.OptOutBlacklist.VMSteps recorded 4 samples, mean = 10.8 (flags = 0x41)
0   ... 
5   -O                                                                        (1 = 25.0%) {0.0%}
6   O                                                                         (0 = 0.0%) {25.0%}
7   -O                                                                        (1 = 25.0%) {25.0%}
8   O                                                                         (0 = 0.0%) {50.0%}
10  -O                                                                        (1 = 25.0%) {50.0%}
12  ... 
20  -O                                                                        (1 = 25.0%) {75.0%}
24  ... 

Histogram: Sql.Statement.Passwords.VMSteps recorded 51 samples, mean = 24.6 (flags = 0x41)
0   ... 
3   ----O                                                                     (4 = 7.8%) {0.0%}
4   O                                                                         (0 = 0.0%) {7.8%}
5   --O                                                                       (2 = 3.9%) {7.8%}
6   ------O                                                                   (6 = 11.8%) {11.8%}
7   ----O                                                                     (4 = 7.8%) {23.5%}
8   ---O                                                                      (3 = 5.9%) {31.4%}
10  O                                                                         (0 = 0.0%) {37.3%}
12  ------------O                                                             (12 = 23.5%) {37.3%}
14  --O                                                                       (2 = 3.9%) {60.8%}
17  O                                                                         (0 = 0.0%) {64.7%}
20  --O                                                                       (2 = 3.9%) {64.7%}
24  ... 
34  --O                                                                       (2 = 3.9%) {68.6%}
40  ----O                                                                     (4 = 7.8%) {72.5%}
48  O                                                                         (0 = 0.0%) {80.4%}
57  ----O                                                                     (4 = 7.8%) {80.4%}
68  ------O                                                                   (6 = 11.8%) {88.2%}
81  ... 

Histogram: Sql.Statement.Predictor.VMSteps recorded 15 samples, mean = 15.9 (flags = 0x41)
0   ... 
3   --O                                                                       (2 = 13.3%) {0.0%}
4   O                                                                         (0 = 0.0%) {13.3%}
5   -O                                                                        (1 = 6.7%) {13.3%}
6   -O                                                                        (1 = 6.7%) {20.0%}
7   O                                                                         (0 = 0.0%) {26.7%}
8   -O                                                                        (1 = 6.7%) {26.7%}
10  ----O                                                                     (4 = 26.7%) {33.3%}
12  -O                                                                        (1 = 6.7%) {60.0%}
14  -O                                                                        (1 = 6.7%) {66.7%}
17  ... 
24  -O                                                                        (1 = 6.7%) {73.3%}
29  -O                                                                        (1 = 6.7%) {80.0%}
34  O                                                                         (0 = 0.0%) {86.7%}
40  -O                                                                        (1 = 6.7%) {86.7%}
48  -O                                                                        (1 = 6.7%) {93.3%}
57  ... 

Histogram: Sql.Statement.Quota.VMSteps recorded 38 samples, mean = 8.3 (flags = 0x41)
0   ... 
3   ----O                                                                     (4 = 10.5%) {0.0%}
4   O                                                                         (0 = 0.0%) {10.5%}
5   -O                                                                        (1 = 2.6%) {10.5%}
6   ------O                                                                   (6 = 15.8%) {13.2%}
7   O                                                                         (0 = 0.0%) {28.9%}
8   -------------O                                                            (13 = 34.2%) {28.9%}
10  ------O                                                                   (6 = 15.8%) {63.2%}
12  --------O                                                                 (8 = 21.1%) {78.9%}
14  ... 

Histogram: Sql.Statement.ReportingAndNEL.VMSteps recorded 12 samples, mean = 13.8 (flags = 0x41)
0   ... 
3   --O                                                                       (2 = 16.7%) {0.0%}
4   O                                                                         (0 = 0.0%) {16.7%}
5   -O                                                                        (1 = 8.3%) {16.7%}
6   -O                                                                        (1 = 8.3%) {25.0%}
7   ... 
12  -----O                                                                    (5 = 41.7%) {33.3%}
14  ... 
20  -O                                                                        (1 = 8.3%) {75.0%}
24  O                                                                         (0 = 0.0%) {83.3%}
29  -O                                                                        (1 = 8.3%) {83.3%}
34  -O                                                                        (1 = 8.3%) {91.7%}
40  ... 

Histogram: Sql.Statement.SharedDictionary.VMSteps recorded 20 samples, mean = 9.1 (flags = 0x41)
0   ... 
3   --------O                                                                 (8 = 40.0%) {0.0%}
4   O                                                                         (0 = 0.0%) {40.0%}
5   -O                                                                        (1 = 5.0%) {40.0%}
6   ... 
8   -O                                                                        (1 = 5.0%) {45.0%}
10  O                                                                         (0 = 0.0%) {50.0%}
12  -------O                                                                  (7 = 35.0%) {50.0%}
14  O                                                                         (0 = 0.0%) {85.0%}
17  --O                                                                       (2 = 10.0%) {85.0%}
20  -O                                                                        (1 = 5.0%) {95.0%}
24  ... 

Histogram: Sql.Statement.SharedStorage.VMSteps recorded 3 samples, mean = 7.7 (flags = 0x41)
0   ... 
5   -O                                                                        (1 = 33.3%) {0.0%}
6   ... 
8   -O                                                                        (1 = 33.3%) {33.3%}
10  -O                                                                        (1 = 33.3%) {66.7%}
12  ... 

Histogram: Sql.Statement.Thumbnail.VMSteps recorded 22 samples, mean = 12.4 (flags = 0x41)
0   ... 
3   ------O                                                                   (6 = 27.3%) {0.0%}
4   O                                                                         (0 = 0.0%) {27.3%}
5   -O                                                                        (1 = 4.5%) {27.3%}
6   ... 
8   -O                                                                        (1 = 4.5%) {31.8%}
10  O                                                                         (0 = 0.0%) {36.4%}
12  ----------O                                                               (10 = 45.5%) {36.4%}
14  ... 
20  -O                                                                        (1 = 4.5%) {81.8%}
24  O                                                                         (0 = 0.0%) {86.4%}
29  ---O                                                                      (3 = 13.6%) {86.4%}
34  ... 

Histogram: Sql.Statement.TopSites.VMSteps recorded 13 samples, mean = 12.7 (flags = 0x41)
0   ... 
3   --O                                                                       (2 = 15.4%) {0.0%}
4   O                                                                         (0 = 0.0%) {15.4%}
5   -O                                                                        (1 = 7.7%) {15.4%}
6   ... 
12  ---------O                                                                (9 = 69.2%) {23.1%}
14  ... 
40  -O                                                                        (1 = 7.7%) {92.3%}
48  ... 

Histogram: Sql.Statement.TrustTokens.VMSteps recorded 16 samples, mean = 14.1 (flags = 0x41)
0   ... 
3   --O                                                                       (2 = 12.5%) {0.0%}
4   O                                                                         (0 = 0.0%) {12.5%}
5   -O                                                                        (1 = 6.2%) {12.5%}
6   ---O                                                                      (3 = 18.8%) {18.8%}
7   ... 
10  -O                                                                        (1 = 6.2%) {37.5%}
12  -----O                                                                    (5 = 31.2%) {43.8%}
14  ... 
20  -O                                                                        (1 = 6.2%) {75.0%}
24  O                                                                         (0 = 0.0%) {81.2%}
29  -O                                                                        (1 = 6.2%) {81.2%}
34  --O                                                                       (2 = 12.5%) {87.5%}
40  ... 

Histogram: Sql.Statement.UKMMetrics.VMSteps recorded 31 samples, mean = 14.1 (flags = 0x41)
0   ... 
3   -----O                                                                    (5 = 16.1%) {0.0%}
4   O                                                                         (0 = 0.0%) {16.1%}
5   -O                                                                        (1 = 3.2%) {16.1%}
6   ... 
8   -------O                                                                  (7 = 22.6%) {19.4%}
10  O                                                                         (0 = 0.0%) {41.9%}
12  -------O                                                                  (7 = 22.6%) {41.9%}
14  O                                                                         (0 = 0.0%) {64.5%}
17  -O                                                                        (1 = 3.2%) {64.5%}
20  -------O                                                                  (7 = 22.6%) {67.7%}
24  O                                                                         (0 = 0.0%) {90.3%}
29  -O                                                                        (1 = 3.2%) {90.3%}
34  O                                                                         (0 = 0.0%) {93.5%}
40  --O                                                                       (2 = 6.5%) {93.5%}
48  ... 

Histogram: Sql.Statement.Web.VMSteps recorded 116 samples, mean = 53.1 (flags = 0x41)
0    ... 
3    --------O                                                                 (8 = 6.9%) {0.0%}
4    -O                                                                        (1 = 0.9%) {6.9%}
5    -O                                                                        (1 = 0.9%) {7.8%}
6    ------------O                                                             (12 = 10.3%) {8.6%}
7    ----------O                                                               (10 = 8.6%) {19.0%}
8    ------O                                                                   (6 = 5.2%) {27.6%}
10   ---------O                                                                (9 = 7.8%) {32.8%}
12   --------------O                                                           (14 = 12.1%) {40.5%}
14   -O                                                                        (1 = 0.9%) {52.6%}
17   ---O                                                                      (3 = 2.6%) {53.4%}
20   -O                                                                        (1 = 0.9%) {56.0%}
24   -O                                                                        (1 = 0.9%) {56.9%}
29   --O                                                                       (2 = 1.7%) {57.8%}
34   --O                                                                       (2 = 1.7%) {59.5%}
40   --O                                                                       (2 = 1.7%) {61.2%}
48   ---O                                                                      (3 = 2.6%) {62.9%}
57   ----O                                                                     (4 = 3.4%) {65.5%}
68   ----O                                                                     (4 = 3.4%) {69.0%}
81   --O                                                                       (2 = 1.7%) {72.4%}
96   -------O                                                                  (7 = 6.0%) {74.1%}
114  -----O                                                                    (5 = 4.3%) {80.2%}
135  -------O                                                                  (7 = 6.0%) {84.5%}
160  -----O                                                                    (5 = 4.3%) {90.5%}
190  ------O                                                                   (6 = 5.2%) {94.8%}
226  ... 

Histogram: Sql.vfs.SyncTime recorded 63 samples, mean = 8.6 (flags = 0x41)
0    ... 
2    ----------------O                                                         (16 = 25.4%) {0.0%}
3    -----------------------------O                                            (29 = 46.0%) {25.4%}
4    ----O                                                                     (4 = 6.3%) {71.4%}
5    -----O                                                                    (5 = 7.9%) {77.8%}
6    ... 
8    -O                                                                        (1 = 1.6%) {85.7%}
10   --O                                                                       (2 = 3.2%) {87.3%}
12   --O                                                                       (2 = 3.2%) {90.5%}
14   -O                                                                        (1 = 1.6%) {93.7%}
17   -O                                                                        (1 = 1.6%) {95.2%}
20   ... 
68   -O                                                                        (1 = 1.6%) {96.8%}
81   ... 
226  -O                                                                        (1 = 1.6%) {98.4%}
268  ... 

Histogram: Stability.Counts2 recorded 10 samples, mean = 26.0 (flags = 0x43)
0   ... 
2   -O                                                                        (1 = 10.0%) {0.0%}
3   ... 
15  -O                                                                        (1 = 10.0%) {10.0%}
16  ... 
26  ---O                                                                      (3 = 30.0%) {20.0%}
27  ... 
33  -----O                                                                    (5 = 50.0%) {50.0%}
34  O                                                                         (0 = 0.0%) {100.0%}

Histogram: Stability.Experimental.PageLoads recorded 1 samples, mean = 17.0 (flags = 0x41)
0   ... 
17  -O                                                                        (1 = 100.0%) {0.0%}
18  O                                                                         (0 = 0.0%) {100.0%}

Histogram: Startup.AfterStartupTaskCount recorded 1 samples, mean = 2.0 (flags = 0x41)
0  ... 
2  -O                                                                        (1 = 100.0%) {0.0%}
3  ... 

Histogram: Startup.AfterStartupTaskDelayedUntilTime recorded 1 samples, mean = 36414.0 (flags = 0x41)
0      ... 
27929  -O                                                                        (1 = 100.0%) {0.0%}
37840  ... 

Histogram: Startup.BrowserMainRunnerImplInitializeLongTime recorded 1 samples, mean = 97.0 (flags = 0x41)
0   ... 
89  -O                                                                        (1 = 100.0%) {0.0%}
103 ... 

Histogram: Startup.BrowserMessageLoopFirstIdle recorded 1 samples, mean = 23232228.0 (flags = 0x41)
0        ... 
3600000  -O                                                                        (1 = 100.0%) {0.0%}

Histogram: Startup.BrowserMessageLoopFirstIdle.ColdStartup recorded 1 samples, mean = 23232228.0 (flags = 0x41)
0        ... 
3600000  -O                                                                        (1 = 100.0%) {0.0%}

Histogram: Startup.BrowserMessageLoopStartHardFaultCount recorded 1 samples, mean = 6022.0 (flags = 0x41)
0     ... 
5201  -O                                                                        (1 = 100.0%) {0.0%}
6378  ... 

Histogram: Startup.BrowserMessageLoopStartTime recorded 1 samples, mean = 116.0 (flags = 0x41)
0    ... 
103  -O                                                                        (1 = 100.0%) {0.0%}
119  ... 

Histogram: Startup.BrowserMessageLoopStartTime.ColdStartup recorded 1 samples, mean = 116.0 (flags = 0x41)
0    ... 
103  -O                                                                        (1 = 100.0%) {0.0%}
119  ... 

Histogram: Startup.CreateFirstProfile recorded 1 samples, mean = 54.0 (flags = 0x41)
0   ... 
47  -O                                                                        (1 = 100.0%) {0.0%}
64  ... 

Histogram: Startup.FirstWebContents.FinishReason recorded 1 samples, mean = 6.0 (flags = 0x41)
0  ... 
6  -O                                                                        (1 = 100.0%) {0.0%}
7  ... 

Histogram: Startup.LoadTime.ApplicationStartToChromeMain recorded 1 samples, mean = 0.0 (flags = 0x41)
0  -O                                                                        (1 = 100.0%)
1  ... 

Histogram: Startup.LoadTime.ApplicationStartToChromeMain.ColdStartup recorded 1 samples, mean = 0.0 (flags = 0x41)
0  -O                                                                        (1 = 100.0%)
1  ... 

Histogram: Startup.LoadTime.ProcessCreateToApplicationStart recorded 1 samples, mean = 30691.0 (flags = 0x41)
0      ... 
27929  -O                                                                        (1 = 100.0%) {0.0%}
37840  ... 

Histogram: Startup.LoadTime.ProcessCreateToApplicationStart.ColdStartup recorded 1 samples, mean = 30691.0 (flags = 0x41)
0      ... 
27929  -O                                                                        (1 = 100.0%) {0.0%}
37840  ... 

Histogram: Startup.LoadTime.RecordedProcessCreation recorded 1 samples, mean = 1.0 (flags = 0x1)
0  O                                                                         (0 = 0.0%)
1  -O                                                                        (1 = 100.0%) {0.0%}
2  O                                                                         (0 = 0.0%) {100.0%}

Histogram: Startup.PreMainMessageLoopRunImplLongTime recorded 1 samples, mean = 63.0 (flags = 0x41)
0   ... 
58  -O                                                                        (1 = 100.0%) {0.0%}
67  ... 

Histogram: Startup.Renderer.LoadTime.ApplicationStartToRendererStartRunLoop recorded 1 samples, mean = 27.0 (flags = 0x41)
0   ... 
25  -O                                                                        (1 = 100.0%) {0.0%}
32  ... 

Histogram: Startup.Renderer.LoadTime.ChromeMainToRendererStartRunLoop recorded 1 samples, mean = 27.0 (flags = 0x41)
0   ... 
25  -O                                                                        (1 = 100.0%) {0.0%}
32  ... 

Histogram: Startup.Renderer.LoadTime.ProcessCreationToRendererStartRunLoop recorded 1 samples, mean = 103.0 (flags = 0x41)
0   ... 
84  -O                                                                        (1 = 100.0%) {0.0%}
107 ... 

Histogram: Startup.Temperature recorded 1 samples, mean = 0.0 (flags = 0x41)
0  -O                                                                        (1 = 100.0%)
1  ... 

Histogram: Storage.Blob.CreateDirectoryResult recorded 1 samples, mean = 0.0 (flags = 0x41)
0  -O                                                                        (1 = 100.0%)
1  ... 

Histogram: Storage.SessionStorage.RendererAreaCacheHit recorded 2 samples, mean = 1.0 (flags = 0x41)
0  -O                                                                        (1 = 50.0%)
1  O                                                                         (0 = 0.0%) {50.0%}
2  -O                                                                        (1 = 50.0%) {50.0%}
3  O                                                                         (0 = 0.0%) {100.0%}

Histogram: Storage.SharedStorage.Database.Timing.OpenImpl recorded 1 samples, mean = 0.0 (flags = 0x41)
0  -O                                                                        (1 = 100.0%)
1  ... 

Histogram: Storage.SharedStorage.OnShutdown.NumSqlErrors recorded 1 samples, mean = 0.0 (flags = 0x41)
0  -O                                                                        (1 = 100.0%)
1  ... 

Histogram: Storage.SharedStorage.OnShutdown.RecoveryFromInitFailureAttempted recorded 1 samples, mean = 0.0 (flags = 0x41)
0  -O                                                                        (1 = 100.0%)
1  ... 

Histogram: Storage.SharedStorage.OnShutdown.RecoveryOnDiskAttempted recorded 1 samples, mean = 0.0 (flags = 0x41)
0  -O                                                                        (1 = 100.0%)
1  ... 

Histogram: Storage.SharedStorage.Worklet.NumPerPage recorded 1 samples, mean = 0.0 (flags = 0x41)
0  -O                                                                        (1 = 100.0%)
1  ... 

Histogram: Storage.SharedStorage.Worklet.SelectURL.CallsPerPage recorded 1 samples, mean = 0.0 (flags = 0x41)
0  -O                                                                        (1 = 100.0%)
1  ... 

Histogram: Style.InvalidationTime recorded 3 samples, mean = 41.3 (flags = 0x41)
0   ... 
21  -O                                                                        (1 = 33.3%) {0.0%}
29  -O                                                                        (1 = 33.3%) {33.3%}
40  O                                                                         (0 = 0.0%) {66.7%}
55  -O                                                                        (1 = 33.3%) {66.7%}
76  ... 

Histogram: Style.RebuildLayoutTreeTime recorded 9 samples, mean = 309.4 (flags = 0x41)
0     ... 
15    -O                                                                        (1 = 11.1%) {0.0%}
21    O                                                                         (0 = 0.0%) {11.1%}
29    ---O                                                                      (3 = 33.3%) {11.1%}
40    --O                                                                       (2 = 22.2%) {44.4%}
55    --O                                                                       (2 = 22.2%) {66.7%}
76    ... 
2008  -O                                                                        (1 = 11.1%) {88.9%}
2786  ... 

Histogram: Style.RecalcTime recorded 11 samples, mean = 1244.5 (flags = 0x41)
0     O                                                                         (0 = 0.0%)
1     -O                                                                        (1 = 9.1%) {0.0%}
2     ... 
55    -O                                                                        (1 = 9.1%) {9.1%}
76    -O                                                                        (1 = 9.1%) {18.2%}
105   -O                                                                        (1 = 9.1%) {27.3%}
146   O                                                                         (0 = 0.0%) {36.4%}
203   --O                                                                       (2 = 18.2%) {36.4%}
282   ... 
1043  -O                                                                        (1 = 9.1%) {54.5%}
1447  -O                                                                        (1 = 9.1%) {63.6%}
2008  -O                                                                        (1 = 9.1%) {72.7%}
2786  -O                                                                        (1 = 9.1%) {81.8%}
3865  -O                                                                        (1 = 9.1%) {90.9%}
5362  ... 

Histogram: SubresourceFilter.MainFrameLoad.RulesetIsAvailableAnyActivationLevel recorded 1 samples, mean = 0.0 (flags = 0x41)
0  -O                                                                        (1 = 100.0%)
1  ... 

Histogram: SubresourceFilter.PageLoad.ActivationDecision recorded 1 samples, mean = 1.0 (flags = 0x41)
0  O                                                                         (0 = 0.0%)
1  -O                                                                        (1 = 100.0%) {0.0%}
2  ... 

Histogram: SubresourceFilter.PageLoad.ActivationList recorded 1 samples, mean = 0.0 (flags = 0x41)
0  -O                                                                        (1 = 100.0%)
1  ... 

Histogram: SubresourceFilter.PageLoad.ActivationState recorded 2 samples, mean = 0.0 (flags = 0x41)
0  --O                                                                       (2 = 100.0%)
1  ... 

Histogram: SubresourceFilter.PageLoad.SafeBrowsingDelay recorded 1 samples, mean = 0.0 (flags = 0x41)
0  -O                                                                        (1 = 100.0%)
1  ... 

Histogram: SubresourceFilter.SafeBrowsing.TotalCheckTime recorded 3 samples, mean = 0.0 (flags = 0x41)
0  ---O                                                                      (3 = 100.0%)
1  ... 

Histogram: Sync.ModelTypeStoreBackendError.ReadRecords recorded 5 samples, mean = 1.0 (flags = 0x41)
0  O                                                                         (0 = 0.0%)
1  -----O                                                                    (5 = 100.0%) {0.0%}
2  ... 

Histogram: Sync.ModelTypeStoreBackendInitializationSuccess recorded 1 samples, mean = 1.0 (flags = 0x41)
0  O                                                                         (0 = 0.0%)
1  -O                                                                        (1 = 100.0%) {0.0%}
2  O                                                                         (0 = 0.0%) {100.0%}

Histogram: Sync.PassphraseType2 recorded 1 samples, mean = 0.0 (flags = 0x41)
0  -O                                                                        (1 = 100.0%)
1  ... 

Histogram: Sync.SyncToSigninMigrationDecision recorded 1 samples, mean = 1.0 (flags = 0x41)
0  O                                                                         (0 = 0.0%)
1  -O                                                                        (1 = 100.0%) {0.0%}
2  ... 

Histogram: Sync.TrustedVaultFileReadStatus recorded 1 samples, mean = 0.0 (flags = 0x41)
0  -O                                                                        (1 = 100.0%)
1  ... 

Histogram: Sync.TrustedVaultFileWriteSuccess recorded 1 samples, mean = 1.0 (flags = 0x41)
0  O                                                                         (0 = 0.0%)
1  -O                                                                        (1 = 100.0%) {0.0%}
2  O                                                                         (0 = 0.0%) {100.0%}

Histogram: TabGroups.CollapsedGroupCountPerLoad recorded 1 samples, mean = 0.0 (flags = 0x41)
0  -O                                                                        (1 = 100.0%)
1  ... 

Histogram: TabGroups.UserCustomizedGroupCountPerLoad recorded 1 samples, mean = 0.0 (flags = 0x41)
0  -O                                                                        (1 = 100.0%)
1  ... 

Histogram: TabGroups.UserGroupCountPerLoad recorded 1 samples, mean = 0.0 (flags = 0x41)
0  -O                                                                        (1 = 100.0%)
1  ... 

Histogram: TabGroups.UserPinnedTabCountPerLoad recorded 1 samples, mean = 0.0 (flags = 0x41)
0  -O                                                                        (1 = 100.0%)
1  ... 

Histogram: Tabs.NewNavigationWithSameOriginTab recorded 1 samples, mean = 0.0 (flags = 0x41)
0  -O                                                                        (1 = 100.0%)
1  ... 

Histogram: Tabs.TabCount recorded 77 samples, mean = 0.0 (flags = 0x41)
0  ------------------------------------------------------------------------O (77 = 100.0%)
1  ... 

Histogram: Tabs.TabCount.PluggedIn recorded 77 samples, mean = 0.0 (flags = 0x41)
0  ------------------------------------------------------------------------O (77 = 100.0%)
1  ... 

Histogram: Tabs.TabCountPerLoad recorded 1 samples, mean = 0.0 (flags = 0x41)
0  -O                                                                        (1 = 100.0%)
1  ... 

Histogram: Tabs.WindowCount recorded 77 samples, mean = 0.0 (flags = 0x41)
0  ------------------------------------------------------------------------O (77 = 100.0%)
1  ... 

Histogram: Tabs.WindowCount.PluggedIn recorded 77 samples, mean = 0.0 (flags = 0x41)
0  ------------------------------------------------------------------------O (77 = 100.0%)
1  ... 

Histogram: ThirdPartyModules.InputMethodEditorsCount recorded 1 samples, mean = 0.0 (flags = 0x41)
0  -O                                                                        (1 = 100.0%)
1  ... 

Histogram: ThreadPool.UnnecessaryWakeup.Browser.Background recorded 3 samples, mean = 1.0 (flags = 0x41)
0  O                                                                         (0 = 0.0%)
1  ---O                                                                      (3 = 100.0%) {0.0%}
2  O                                                                         (0 = 0.0%) {100.0%}

Histogram: ThreadPool.UnnecessaryWakeup.Browser.Foreground recorded 255 samples, mean = 1.0 (flags = 0x41)
0  O                                                                         (0 = 0.0%)
1  ------------------------------------------------------------------------O (255 = 100.0%) {0.0%}
2  O                                                                         (0 = 0.0%) {100.0%}

Histogram: ThreadPool.UnnecessaryWakeup.GPU.Foreground recorded 2 samples, mean = 1.0 (flags = 0x41)
0  O                                                                         (0 = 0.0%)
1  --O                                                                       (2 = 100.0%) {0.0%}
2  O                                                                         (0 = 0.0%) {100.0%}

Histogram: ThreadPool.UnnecessaryWakeup.Renderer.Foreground recorded 123 samples, mean = 1.0 (flags = 0x41)
0  O                                                                         (0 = 0.0%)
1  ------------------------------------------------------------------------O (123 = 100.0%) {0.0%}
2  O                                                                         (0 = 0.0%) {100.0%}

Histogram: Translate.ApplicationStart.AlwaysTranslateLanguage.Count recorded 1 samples, mean = 0.0 (flags = 0x41)
0  -O                                                                        (1 = 100.0%)
1  ... 

Histogram: Translate.ApplicationStart.NeverTranslateLanguage recorded 1 samples (flags = 0x41)
-74147910-O                                                                        (1 = 100.0%)

Histogram: Translate.ApplicationStart.NeverTranslateLanguage.Count recorded 1 samples, mean = 1.0 (flags = 0x41)
0  O                                                                         (0 = 0.0%)
1  -O                                                                        (1 = 100.0%) {0.0%}
2  ... 

Histogram: Translate.ApplicationStart.NeverTranslateSite.Count recorded 1 samples, mean = 0.0 (flags = 0x41)
0  -O                                                                        (1 = 100.0%)
1  ... 

Histogram: Translate.LanguageDetection.LanguageVerification recorded 1 samples, mean = 2.0 (flags = 0x41)
0  ... 
2  -O                                                                        (1 = 100.0%) {0.0%}
3  ... 

Histogram: Translate.LanguageDeterminedDuration recorded 1 samples, mean = 1332.0 (flags = 0x41)
0    ... 
989  -O                                                                        (1 = 100.0%) {0.0%}
1340 ... 

Histogram: Translate.PageLoad.FinalSourceLanguage recorded 1 samples (flags = 0x41)
-74147910-O                                                                        (1 = 100.0%)

Histogram: Translate.PageLoad.FinalState recorded 1 samples, mean = 1.0 (flags = 0x41)
0  O                                                                         (0 = 0.0%)
1  -O                                                                        (1 = 100.0%) {0.0%}
2  ... 

Histogram: Translate.PageLoad.FinalTargetLanguage recorded 1 samples (flags = 0x41)
-74147910-O                                                                        (1 = 100.0%)

Histogram: Translate.PageLoad.InitialSourceLanguage recorded 1 samples (flags = 0x41)
-74147910-O                                                                        (1 = 100.0%)

Histogram: Translate.PageLoad.InitialState recorded 1 samples, mean = 1.0 (flags = 0x41)
0  O                                                                         (0 = 0.0%)
1  -O                                                                        (1 = 100.0%) {0.0%}
2  ... 

Histogram: Translate.PageLoad.InitialTargetLanguage recorded 1 samples (flags = 0x41)
-74147910-O                                                                        (1 = 100.0%)

Histogram: Translate.PageLoad.InitialTargetLanguage.Origin recorded 1 samples, mean = 1.0 (flags = 0x41)
0  O                                                                         (0 = 0.0%)
1  -O                                                                        (1 = 100.0%) {0.0%}
2  ... 

Histogram: Translate.PageLoad.IsInitialSourceLanguageInUsersContentLanguages recorded 1 samples, mean = 1.0 (flags = 0x41)
0  O                                                                         (0 = 0.0%)
1  -O                                                                        (1 = 100.0%) {0.0%}
2  O                                                                         (0 = 0.0%) {100.0%}

Histogram: Translate.PageLoad.NumReversions recorded 1 samples, mean = 0.0 (flags = 0x41)
0  -O                                                                        (1 = 100.0%)
1  ... 

Histogram: Translate.PageLoad.NumTargetLanguageChanges recorded 1 samples, mean = 0.0 (flags = 0x41)
0  -O                                                                        (1 = 100.0%)
1  ... 

Histogram: Translate.PageLoad.NumTranslations recorded 1 samples, mean = 0.0 (flags = 0x41)
0  -O                                                                        (1 = 100.0%)
1  ... 

Histogram: Translate.PageLoad.Ranker.Decision recorded 1 samples, mean = 1.0 (flags = 0x41)
0  O                                                                         (0 = 0.0%)
1  -O                                                                        (1 = 100.0%) {0.0%}
2  ... 

Histogram: Translate.PageLoad.Ranker.Version recorded 1 samples (flags = 0x41)
0  -O                                                                        (1 = 100.0%)

Histogram: Translate.PageLoad.TriggerDecision recorded 1 samples, mean = 4.0 (flags = 0x41)
0  ... 
4  -O                                                                        (1 = 100.0%) {0.0%}
5  ... 

Histogram: Translate.Ranker.Model.Status2 recorded 2 samples, mean = 6.5 (flags = 0x41)
0  ... 
6  -O                                                                        (1 = 50.0%) {0.0%}
7  -O                                                                        (1 = 50.0%) {50.0%}
8  O                                                                         (0 = 0.0%) {100.0%}

Histogram: UI.DeviceScale recorded 1 samples (flags = 0x41)
100  -O                                                                        (1 = 100.0%)

Histogram: UKM.Entries.Dropped recorded 489 samples, mean = 1.0 (flags = 0x41)
0  O                                                                         (0 = 0.0%)
1  ------------------------------------------------------------------------O (489 = 100.0%) {0.0%}
2  ... 

Histogram: UKM.Entries.Dropped.ByEntryHash recorded 489 samples (flags = 0x41)
58315124    O                                                                         (1 = 0.2%)
181657211   -O                                                                        (2 = 0.4%)
189164898   O                                                                         (1 = 0.2%)
251237400   O                                                                         (1 = 0.2%)
270025173   O                                                                         (1 = 0.2%)
277070773   O                                                                         (1 = 0.2%)
385121421   O                                                                         (1 = 0.2%)
480593958   --O                                                                       (6 = 1.2%)
532600439   -O                                                                        (3 = 0.6%)
575234402   O                                                                         (1 = 0.2%)
624513781   O                                                                         (1 = 0.2%)
654949485   -----O                                                                    (14 = 2.9%)
661477988   O                                                                         (1 = 0.2%)
705322609   -O                                                                        (3 = 0.6%)
805578149   O                                                                         (1 = 0.2%)
810755299   O                                                                         (1 = 0.2%)
828084724   ------------------------------------------------------------------------O (193 = 39.5%)
854760832   O                                                                         (1 = 0.2%)
888761441   O                                                                         (1 = 0.2%)
902138984   ---O                                                                      (7 = 1.4%)
923024503   O                                                                         (1 = 0.2%)
986870865   -O                                                                        (4 = 0.8%)
1004547038  O                                                                         (1 = 0.2%)
1035062417  O                                                                         (1 = 0.2%)
1078164680  -O                                                                        (2 = 0.4%)
1149114043  O                                                                         (1 = 0.2%)
1262170432  ---O                                                                      (7 = 1.4%)
1321082436  -O                                                                        (2 = 0.4%)
1350795912  O                                                                         (1 = 0.2%)
1354891390  O                                                                         (1 = 0.2%)
1404242571  ------------------------------------------------------------------------O (193 = 39.5%)
1548358279  O                                                                         (1 = 0.2%)
1576109827  O                                                                         (1 = 0.2%)
1604233346  ---O                                                                      (7 = 1.4%)
1607081943  O                                                                         (1 = 0.2%)
1663717192  O                                                                         (1 = 0.2%)
1767609109  ----O                                                                     (11 = 2.2%)
1790338714  O                                                                         (1 = 0.2%)
1832900131  -O                                                                        (4 = 0.8%)
1866365893  O                                                                         (1 = 0.2%)
1871083634  O                                                                         (1 = 0.2%)
1982793904  O                                                                         (1 = 0.2%)
2037740339  -O                                                                        (3 = 0.6%)
2066033668  O                                                                         (1 = 0.2%)

Histogram: UKM.PersistentLogRecall.Status recorded 1 samples, mean = 1.0 (flags = 0x41)
0  O                                                                         (0 = 0.0%)
1  -O                                                                        (1 = 100.0%) {0.0%}
2  ... 

Histogram: UKM.Sources.Dropped recorded 7 samples, mean = 1.0 (flags = 0x41)
0  O                                                                         (0 = 0.0%)
1  -------O                                                                  (7 = 100.0%) {0.0%}
2  ... 

Histogram: UKM.WebDXFeatureSets.Dropped recorded 2 samples, mean = 1.0 (flags = 0x41)
0  O                                                                         (0 = 0.0%)
1  --O                                                                       (2 = 100.0%) {0.0%}
2  ... 

Histogram: UMA.ChildProcess.Ping.Periodic recorded 117 samples, mean = 1.0 (flags = 0x41)
0  ---------------------------------------O                                  (39 = 33.3%)
1  ---------------------------------------O                                  (39 = 33.3%) {33.3%}
2  ---------------------------------------O                                  (39 = 33.3%) {66.7%}
3  O                                                                         (0 = 0.0%) {100.0%}

Histogram: UMA.ChildProcess.Ping.SharedMemorySetUp recorded 28 samples, mean = 1.0 (flags = 0x41)
0  ----------O                                                               (10 = 35.7%)
1  ---------O                                                                (9 = 32.1%) {35.7%}
2  ---------O                                                                (9 = 32.1%) {67.9%}
3  O                                                                         (0 = 0.0%) {100.0%}

Histogram: UMA.CleanExitBeaconConsistency3 recorded 1 samples, mean = 0.0 (flags = 0x41)
0  -O                                                                        (1 = 100.0%)
1  ... 

Histogram: UMA.EntropySourceType recorded 1 samples, mean = 1.0 (flags = 0x41)
0  O                                                                         (0 = 0.0%)
1  -O                                                                        (1 = 100.0%) {0.0%}
2  ... 

Histogram: UMA.LocalHistogram recorded 11 samples, mean = 1.0 (flags = 0x40)
0  O                                                                         (0 = 0.0%)
1  -----------O                                                              (11 = 100.0%) {0.0%}
2  O                                                                         (0 = 0.0%) {100.0%}

Histogram: UMA.MachineIdState recorded 1 samples, mean = 3.0 (flags = 0x41)
0  ... 
3  -O                                                                        (1 = 100.0%) {0.0%}
4  O                                                                         (0 = 0.0%) {100.0%}

Histogram: UMA.MetricsIDsReset recorded 1 samples, mean = 1.0 (flags = 0x41)
0  O                                                                         (0 = 0.0%)
1  -O                                                                        (1 = 100.0%) {0.0%}
2  O                                                                         (0 = 0.0%) {100.0%}

Histogram: UMA.MetricsService.Initialize.Time recorded 1 samples, mean = 21.0 (flags = 0x41)
0   ... 
21  -O                                                                        (1 = 100.0%) {0.0%}
28  ... 

Histogram: UMA.MetricsService.PendingOngoingLogOnDisable recorded 1 samples, mean = 0.0 (flags = 0x41)
0  -O                                                                        (1 = 100.0%)
1  ... 

Histogram: UMA.PersistentAllocator.BrowserMetrics.Errors recorded 0 samples (flags = 0x41)
0 ... 

Histogram: UMA.PersistentAllocator.BrowserMetrics.UsedPct recorded 0 samples (flags = 0x41)
0 ... 

Histogram: UMA.PersistentAllocator.EarlyHistograms.BrowserMetrics recorded 1 samples, mean = 1.0 (flags = 0x41)
0  O                                                                         (0 = 0.0%)
1  -O                                                                        (1 = 100.0%) {0.0%}
2  ... 

Histogram: UMA.PersistentAllocator.EarlyHistograms.GpuMetrics recorded 1 samples, mean = 25.0 (flags = 0x41)
0   ... 
25  -O                                                                        (1 = 100.0%) {0.0%}
26  ... 

Histogram: UMA.PersistentAllocator.EarlyHistograms.RendererMetrics recorded 3 samples, mean = 29.0 (flags = 0x41)
0   ... 
26  -O                                                                        (1 = 33.3%) {0.0%}
28  O                                                                         (0 = 0.0%) {33.3%}
30  --O                                                                       (2 = 66.7%) {33.3%}
32  ... 

Histogram: UMA.PersistentAllocator.EarlyHistograms.UtilityMetrics recorded 5 samples, mean = 9.4 (flags = 0x41)
0   ... 
7   ----O                                                                     (4 = 80.0%) {0.0%}
8   ... 
19  -O                                                                        (1 = 20.0%) {80.0%}
20  ... 

Histogram: UMA.PersistentAllocator.FieldTrialAllocator.Errors recorded 0 samples (flags = 0x41)
0 ... 

Histogram: UMA.PersistentAllocator.FieldTrialAllocator.UsedPct recorded 10 samples, mean = 0.0 (flags = 0x41)
0  ----------O                                                               (10 = 100.0%)
1  ... 

Histogram: UMA.PersistentHistograms.InitResult recorded 1 samples, mean = 2.0 (flags = 0x41)
0  ... 
2  -O                                                                        (1 = 100.0%) {0.0%}
3  ... 

Histogram: UMA.Pseudo.PageLoad.LayoutInstability.CumulativeShiftScore recorded 1 samples, mean = 0.0 (flags = 0x41)
0  -O                                                                        (1 = 100.0%)
1  ... 

Histogram: UMA.Pseudo.PageLoad.LayoutInstability.MaxCumulativeShiftScore.SessionWindow.Gap1000ms.Max5000ms2 recorded 1 samples, mean = 0.0 (flags = 0x41)
0  -O                                                                        (1 = 100.0%)
1  ... 

Histogram: UnifiedConsent.MakeSearchesAndBrowsingBetter.OnProfileLoad recorded 1 samples, mean = 0.0 (flags = 0x41)
0  -O                                                                        (1 = 100.0%)
1  ... 

Histogram: V8.CollectSourcePositions recorded 4 samples, mean = 88.0 (flags = 0x41)
0    ... 
49   -O                                                                        (1 = 25.0%) {0.0%}
65   --O                                                                       (2 = 50.0%) {25.0%}
86   O                                                                         (0 = 0.0%) {75.0%}
113  -O                                                                        (1 = 25.0%) {75.0%}
149  ... 

Histogram: V8.CompileLazyMicroSeconds recorded 7 samples, mean = 3180.0 (flags = 0x41)
0      ... 
29     -O                                                                        (1 = 14.3%) {0.0%}
40     -O                                                                        (1 = 14.3%) {14.3%}
55     O                                                                         (0 = 0.0%) {28.6%}
76     -O                                                                        (1 = 14.3%) {28.6%}
105    ... 
1043   -O                                                                        (1 = 14.3%) {42.9%}
1447   -O                                                                        (1 = 14.3%) {57.1%}
2008   O                                                                         (0 = 0.0%) {71.4%}
2786   -O                                                                        (1 = 14.3%) {71.4%}
3865   ... 
14319  -O                                                                        (1 = 14.3%) {85.7%}
19866  ... 

Histogram: V8.CompileMicroSeconds recorded 27 samples, mean = 26.7 (flags = 0x41)
0    ... 
2    ------------O                                                             (12 = 44.4%) {0.0%}
3    ---O                                                                      (3 = 11.1%) {44.4%}
4    O                                                                         (0 = 0.0%) {55.6%}
5    --O                                                                       (2 = 7.4%) {55.6%}
7    O                                                                         (0 = 0.0%) {63.0%}
9    -O                                                                        (1 = 3.7%) {63.0%}
12   --O                                                                       (2 = 7.4%) {66.7%}
16   --O                                                                       (2 = 7.4%) {74.1%}
21   -O                                                                        (1 = 3.7%) {81.5%}
28   ... 
65   -O                                                                        (1 = 3.7%) {85.2%}
86   O                                                                         (0 = 0.0%) {88.9%}
113  --O                                                                       (2 = 7.4%) {88.9%}
149  O                                                                         (0 = 0.0%) {96.3%}
196  -O                                                                        (1 = 3.7%) {96.3%}
258  ... 

Histogram: V8.CompileScript.CacheBehaviour recorded 54 samples, mean = 8.8 (flags = 0x41)
0   ... 
4   ---------------------O                                                    (21 = 38.9%) {0.0%}
5   ... 
8   --O                                                                       (2 = 3.7%) {38.9%}
9   ... 
12  ---------------------------O                                              (27 = 50.0%) {42.6%}
13  ----O                                                                     (4 = 7.4%) {92.6%}
14  ... 

Histogram: V8.CompileScriptMicroSeconds recorded 54 samples, mean = 36.1 (flags = 0x41)
0    O                                                                         (0 = 0.0%)
1    -----O                                                                    (5 = 9.3%) {0.0%}
2    -O                                                                        (1 = 1.9%) {9.3%}
3    --O                                                                       (2 = 3.7%) {11.1%}
4    --O                                                                       (2 = 3.7%) {14.8%}
5    -----------O                                                              (11 = 20.4%) {18.5%}
7    --------O                                                                 (8 = 14.8%) {38.9%}
9    -----O                                                                    (5 = 9.3%) {53.7%}
12   ----O                                                                     (4 = 7.4%) {63.0%}
16   -O                                                                        (1 = 1.9%) {70.4%}
21   ----O                                                                     (4 = 7.4%) {72.2%}
28   -O                                                                        (1 = 1.9%) {79.6%}
37   ----O                                                                     (4 = 7.4%) {81.5%}
49   -O                                                                        (1 = 1.9%) {88.9%}
65   O                                                                         (0 = 0.0%) {90.7%}
86   -O                                                                        (1 = 1.9%) {90.7%}
113  ... 
196  --O                                                                       (2 = 3.7%) {92.6%}
258  -O                                                                        (1 = 1.9%) {96.3%}
340  O                                                                         (0 = 0.0%) {98.1%}
448  -O                                                                        (1 = 1.9%) {98.1%}
590  ... 

Histogram: V8.CompileScriptMicroSeconds.BackgroundThread recorded 27 samples, mean = 4593.7 (flags = 0x41)
0      ... 
65     -O                                                                        (1 = 3.7%) {0.0%}
86     --O                                                                       (2 = 7.4%) {3.7%}
113    -O                                                                        (1 = 3.7%) {11.1%}
149    ---O                                                                      (3 = 11.1%) {14.8%}
196    O                                                                         (0 = 0.0%) {25.9%}
258    -O                                                                        (1 = 3.7%) {25.9%}
340    O                                                                         (0 = 0.0%) {29.6%}
448    --O                                                                       (2 = 7.4%) {29.6%}
590    ----O                                                                     (4 = 14.8%) {37.0%}
777    O                                                                         (0 = 0.0%) {51.9%}
1023   -O                                                                        (1 = 3.7%) {51.9%}
1347   ---O                                                                      (3 = 11.1%) {55.6%}
1774   -O                                                                        (1 = 3.7%) {66.7%}
2336   -O                                                                        (1 = 3.7%) {70.4%}
3077   ---O                                                                      (3 = 11.1%) {74.1%}
4053   -O                                                                        (1 = 3.7%) {85.2%}
5338   O                                                                         (0 = 0.0%) {88.9%}
7031   -O                                                                        (1 = 3.7%) {88.9%}
9260   O                                                                         (0 = 0.0%) {92.6%}
12196  -O                                                                        (1 = 3.7%) {92.6%}
16063  ... 
63662  -O                                                                        (1 = 3.7%) {96.3%}
83848  ... 

Histogram: V8.CompileScriptMicroSeconds.NoCache.InlineScript recorded 21 samples, mean = 41.3 (flags = 0x41)
0    ... 
4    -O                                                                        (1 = 4.8%) {0.0%}
5    -O                                                                        (1 = 4.8%) {4.8%}
7    ----O                                                                     (4 = 19.0%) {9.5%}
9    ---O                                                                      (3 = 14.3%) {28.6%}
12   ---O                                                                      (3 = 14.3%) {42.9%}
16   -O                                                                        (1 = 4.8%) {57.1%}
21   --O                                                                       (2 = 9.5%) {61.9%}
28   O                                                                         (0 = 0.0%) {71.4%}
37   --O                                                                       (2 = 9.5%) {71.4%}
49   -O                                                                        (1 = 4.8%) {81.0%}
65   O                                                                         (0 = 0.0%) {85.7%}
86   -O                                                                        (1 = 4.8%) {85.7%}
113  ... 
196  --O                                                                       (2 = 9.5%) {90.5%}
258  ... 

Histogram: V8.CompileScriptMicroSeconds.NoCache.Other recorded 6 samples, mean = 158.7 (flags = 0x41)
0    ... 
21   -O                                                                        (1 = 16.7%) {0.0%}
28   -O                                                                        (1 = 16.7%) {16.7%}
37   --O                                                                       (2 = 33.3%) {33.3%}
49   ... 
340  -O                                                                        (1 = 16.7%) {66.7%}
448  -O                                                                        (1 = 16.7%) {83.3%}
590  ... 

Histogram: V8.CompileScriptMicroSeconds.StreamingFinalization recorded 27 samples, mean = 6.4 (flags = 0x41)
0   O                                                                         (0 = 0.0%)
1   -----O                                                                    (5 = 18.5%) {0.0%}
2   -O                                                                        (1 = 3.7%) {18.5%}
3   --O                                                                       (2 = 7.4%) {22.2%}
4   -O                                                                        (1 = 3.7%) {29.6%}
5   -------O                                                                  (7 = 25.9%) {33.3%}
7   -----O                                                                    (5 = 18.5%) {59.3%}
9   ---O                                                                      (3 = 11.1%) {77.8%}
12  -O                                                                        (1 = 3.7%) {88.9%}
16  -O                                                                        (1 = 3.7%) {92.6%}
21  -O                                                                        (1 = 3.7%) {96.3%}
28  ... 

Histogram: V8.CompileSerializeMicroSeconds recorded 21 samples, mean = 1949.6 (flags = 0x41)
0      ... 
8      -O                                                                        (1 = 4.8%) {0.0%}
10     ... 
16     --O                                                                       (2 = 9.5%) {4.8%}
20     --O                                                                       (2 = 9.5%) {14.3%}
25     ---O                                                                      (3 = 14.3%) {23.8%}
31     -O                                                                        (1 = 4.8%) {38.1%}
39     -O                                                                        (1 = 4.8%) {42.9%}
49     ... 
76     --O                                                                       (2 = 9.5%) {47.6%}
95     -O                                                                        (1 = 4.8%) {57.1%}
119    -O                                                                        (1 = 4.8%) {61.9%}
149    -O                                                                        (1 = 4.8%) {66.7%}
186    -O                                                                        (1 = 4.8%) {71.4%}
233    -O                                                                        (1 = 4.8%) {76.2%}
292    -O                                                                        (1 = 4.8%) {81.0%}
365    ... 
2753   -O                                                                        (1 = 4.8%) {85.7%}
3446   ... 
13255  -O                                                                        (1 = 4.8%) {90.5%}
16592  O                                                                         (0 = 0.0%) {95.2%}
20769  -O                                                                        (1 = 4.8%) {95.2%}
25997  ... 

Histogram: V8.ErrorsThrownPerContext recorded 1 samples, mean = 0.0 (flags = 0x41)
0  -O                                                                        (1 = 100.0%)
1  ... 

Histogram: V8.GC.Cycle.CollectionRate.Full recorded 2 samples, mean = 90.0 (flags = 0x41)
0   ... 
80  --O                                                                       (2 = 100.0%) {0.0%}
100 O                                                                         (0 = 0.0%) {100.0%}

Histogram: V8.GC.Cycle.CollectionRate.Full.Cpp recorded 2 samples, mean = 77.5 (flags = 0x41)
0   ... 
51  -O                                                                        (1 = 50.0%) {0.0%}
64  O                                                                         (0 = 0.0%) {50.0%}
80  -O                                                                        (1 = 50.0%) {50.0%}
100 O                                                                         (0 = 0.0%) {100.0%}

Histogram: V8.GC.Cycle.CollectionRate.Young recorded 13 samples, mean = 37.2 (flags = 0x41)
0   ... 
14  -O                                                                        (1 = 7.7%) {0.0%}
17  -O                                                                        (1 = 7.7%) {7.7%}
21  -O                                                                        (1 = 7.7%) {15.4%}
26  ---O                                                                      (3 = 23.1%) {23.1%}
33  -O                                                                        (1 = 7.7%) {46.2%}
41  ----O                                                                     (4 = 30.8%) {53.8%}
51  -O                                                                        (1 = 7.7%) {84.6%}
64  -O                                                                        (1 = 7.7%) {92.3%}
80  ... 

Histogram: V8.GC.Cycle.CollectionWeight.Full recorded 2 samples, mean = 0.0 (flags = 0x41)
0  --O                                                                       (2 = 100.0%)
1  ... 

Histogram: V8.GC.Cycle.CollectionWeight.Full.Cpp recorded 2 samples, mean = 0.0 (flags = 0x41)
0  --O                                                                       (2 = 100.0%)
1  ... 

Histogram: V8.GC.Cycle.CollectionWeight.MainThread.Full recorded 2 samples, mean = 0.0 (flags = 0x41)
0  --O                                                                       (2 = 100.0%)
1  ... 

Histogram: V8.GC.Cycle.CollectionWeight.MainThread.Full.Cpp recorded 2 samples, mean = 0.0 (flags = 0x41)
0  --O                                                                       (2 = 100.0%)
1  ... 

Histogram: V8.GC.Cycle.Efficiency.Full recorded 2 samples, mean = 59.0 (flags = 0x41)
0   ... 
3   -O                                                                        (1 = 50.0%) {0.0%}
4   ... 
88  -O                                                                        (1 = 50.0%) {50.0%}
120 ... 

Histogram: V8.GC.Cycle.Efficiency.Full.Cpp recorded 2 samples, mean = 339.0 (flags = 0x41)
0    O                                                                         (0 = 0.0%)
1    -O                                                                        (1 = 50.0%) {0.0%}
2    ... 
559  -O                                                                        (1 = 50.0%) {50.0%}
760  ... 

Histogram: V8.GC.Cycle.Efficiency.MainThread.Full recorded 2 samples, mean = 424.5 (flags = 0x41)
0    ... 
19   -O                                                                        (1 = 50.0%) {0.0%}
26   ... 
760  -O                                                                        (1 = 50.0%) {50.0%}
1034 ... 

Histogram: V8.GC.Cycle.Efficiency.MainThread.Full.Cpp recorded 2 samples, mean = 567.0 (flags = 0x41)
0     ... 
3     -O                                                                        (1 = 50.0%) {0.0%}
4     ... 
1034  -O                                                                        (1 = 50.0%) {50.0%}
1407  ... 

Histogram: V8.GC.Cycle.Efficiency.MainThread.Young recorded 13 samples, mean = 2371.8 (flags = 0x41)
0     ... 
411   -O                                                                        (1 = 7.7%) {0.0%}
559   -O                                                                        (1 = 7.7%) {7.7%}
760   O                                                                         (0 = 0.0%) {15.4%}
1034  -O                                                                        (1 = 7.7%) {15.4%}
1407  --O                                                                       (2 = 15.4%) {23.1%}
1914  ---O                                                                      (3 = 23.1%) {38.5%}
2604  --O                                                                       (2 = 15.4%) {61.5%}
3542  ---O                                                                      (3 = 23.1%) {76.9%}
4818  ... 

Histogram: V8.GC.Cycle.Efficiency.Young recorded 13 samples, mean = 1170.5 (flags = 0x41)
0     ... 
222   -O                                                                        (1 = 7.7%) {0.0%}
302   O                                                                         (0 = 0.0%) {7.7%}
411   --O                                                                       (2 = 15.4%) {7.7%}
559   --O                                                                       (2 = 15.4%) {23.1%}
760   --O                                                                       (2 = 15.4%) {38.5%}
1034  -O                                                                        (1 = 7.7%) {53.8%}
1407  ---O                                                                      (3 = 23.1%) {61.5%}
1914  -O                                                                        (1 = 7.7%) {84.6%}
2604  -O                                                                        (1 = 7.7%) {92.3%}
3542  ... 

Histogram: V8.GC.Cycle.Full recorded 2 samples, mean = 33.5 (flags = 0x41)
0   ... 
29  -O                                                                        (1 = 50.0%) {0.0%}
34  -O                                                                        (1 = 50.0%) {50.0%}
40  ... 

Histogram: V8.GC.Cycle.Full.Compact recorded 2 samples, mean = 1.5 (flags = 0x41)
0  -O                                                                        (1 = 50.0%)
1  ... 
3  -O                                                                        (1 = 50.0%) {50.0%}
4  ... 

Histogram: V8.GC.Cycle.Full.Compact.Cpp recorded 2 samples, mean = 0.5 (flags = 0x41)
0  -O                                                                        (1 = 50.0%)
1  -O                                                                        (1 = 50.0%) {50.0%}
2  ... 

Histogram: V8.GC.Cycle.Full.Cpp recorded 2 samples, mean = 8.0 (flags = 0x41)
0   ... 
6   -O                                                                        (1 = 50.0%) {0.0%}
7   ... 
10  -O                                                                        (1 = 50.0%) {50.0%}
12  ... 

Histogram: V8.GC.Cycle.Full.Mark recorded 2 samples, mean = 26.5 (flags = 0x41)
0   ... 
24  --O                                                                       (2 = 100.0%) {0.0%}
29  ... 

Histogram: V8.GC.Cycle.Full.Mark.Cpp recorded 2 samples, mean = 5.5 (flags = 0x41)
0  ... 
3  -O                                                                        (1 = 50.0%) {0.0%}
4  ... 
8  -O                                                                        (1 = 50.0%) {50.0%}
10 ... 

Histogram: V8.GC.Cycle.Full.Sweep recorded 2 samples, mean = 3.0 (flags = 0x41)
0  ... 
3  --O                                                                       (2 = 100.0%) {0.0%}
4  ... 

Histogram: V8.GC.Cycle.Full.Sweep.Cpp recorded 2 samples, mean = 1.0 (flags = 0x41)
0  -O                                                                        (1 = 50.0%)
1  O                                                                         (0 = 0.0%) {50.0%}
2  -O                                                                        (1 = 50.0%) {50.0%}
3  ... 

Histogram: V8.GC.Cycle.Full.Weak recorded 2 samples, mean = 0.0 (flags = 0x41)
0  --O                                                                       (2 = 100.0%)
1  ... 

Histogram: V8.GC.Cycle.Full.Weak.Cpp recorded 2 samples, mean = 0.0 (flags = 0x41)
0  --O                                                                       (2 = 100.0%)
1  ... 

Histogram: V8.GC.Cycle.MainThread.Full recorded 2 samples, mean = 4.0 (flags = 0x41)
0  ... 
4  --O                                                                       (2 = 100.0%) {0.0%}
5  ... 

Histogram: V8.GC.Cycle.MainThread.Full.Atomic recorded 2 samples, mean = 2.5 (flags = 0x41)
0  ... 
2  -O                                                                        (1 = 50.0%) {0.0%}
3  -O                                                                        (1 = 50.0%) {50.0%}
4  ... 

Histogram: V8.GC.Cycle.MainThread.Full.Atomic.Compact recorded 2 samples, mean = 0.5 (flags = 0x41)
0  -O                                                                        (1 = 50.0%)
1  -O                                                                        (1 = 50.0%) {50.0%}
2  ... 

Histogram: V8.GC.Cycle.MainThread.Full.Atomic.Compact.Cpp recorded 2 samples, mean = 0.5 (flags = 0x41)
0  -O                                                                        (1 = 50.0%)
1  -O                                                                        (1 = 50.0%) {50.0%}
2  ... 

Histogram: V8.GC.Cycle.MainThread.Full.Atomic.Cpp recorded 2 samples, mean = 0.5 (flags = 0x41)
0  -O                                                                        (1 = 50.0%)
1  -O                                                                        (1 = 50.0%) {50.0%}
2  ... 

Histogram: V8.GC.Cycle.MainThread.Full.Atomic.Mark recorded 2 samples, mean = 0.0 (flags = 0x41)
0  --O                                                                       (2 = 100.0%)
1  ... 

Histogram: V8.GC.Cycle.MainThread.Full.Atomic.Mark.Cpp recorded 2 samples, mean = 0.0 (flags = 0x41)
0  --O                                                                       (2 = 100.0%)
1  ... 

Histogram: V8.GC.Cycle.MainThread.Full.Atomic.Sweep recorded 2 samples, mean = 0.0 (flags = 0x41)
0  --O                                                                       (2 = 100.0%)
1  ... 

Histogram: V8.GC.Cycle.MainThread.Full.Atomic.Sweep.Cpp recorded 2 samples, mean = 0.0 (flags = 0x41)
0  --O                                                                       (2 = 100.0%)
1  ... 

Histogram: V8.GC.Cycle.MainThread.Full.Atomic.Weak recorded 2 samples, mean = 0.0 (flags = 0x41)
0  --O                                                                       (2 = 100.0%)
1  ... 

Histogram: V8.GC.Cycle.MainThread.Full.Atomic.Weak.Cpp recorded 2 samples, mean = 0.0 (flags = 0x41)
0  --O                                                                       (2 = 100.0%)
1  ... 

Histogram: V8.GC.Cycle.MainThread.Full.Compact recorded 2 samples, mean = 0.5 (flags = 0x41)
0  -O                                                                        (1 = 50.0%)
1  -O                                                                        (1 = 50.0%) {50.0%}
2  ... 

Histogram: V8.GC.Cycle.MainThread.Full.Compact.Cpp recorded 2 samples, mean = 0.5 (flags = 0x41)
0  -O                                                                        (1 = 50.0%)
1  -O                                                                        (1 = 50.0%) {50.0%}
2  ... 

Histogram: V8.GC.Cycle.MainThread.Full.Cpp recorded 2 samples, mean = 3.5 (flags = 0x41)
0  ... 
3  -O                                                                        (1 = 50.0%) {0.0%}
4  -O                                                                        (1 = 50.0%) {50.0%}
5  ... 

Histogram: V8.GC.Cycle.MainThread.Full.Incremental.Mark recorded 2 samples, mean = 1.0 (flags = 0x41)
0  O                                                                         (0 = 0.0%)
1  --O                                                                       (2 = 100.0%) {0.0%}
2  ... 

Histogram: V8.GC.Cycle.MainThread.Full.Incremental.Mark.Cpp recorded 2 samples, mean = 2.0 (flags = 0x41)
0  O                                                                         (0 = 0.0%)
1  -O                                                                        (1 = 50.0%) {0.0%}
2  O                                                                         (0 = 0.0%) {50.0%}
3  -O                                                                        (1 = 50.0%) {50.0%}
4  ... 

Histogram: V8.GC.Cycle.MainThread.Full.Incremental.Mark.StartStop recorded 2 samples, mean = 3.5 (flags = 0x41)
0  ... 
3  -O                                                                        (1 = 50.0%) {0.0%}
4  -O                                                                        (1 = 50.0%) {50.0%}
5  ... 

Histogram: V8.GC.Cycle.MainThread.Full.Incremental.Sweep recorded 2 samples, mean = 0.0 (flags = 0x41)
0  --O                                                                       (2 = 100.0%)
1  ... 

Histogram: V8.GC.Cycle.MainThread.Full.Incremental.Sweep.Cpp recorded 2 samples, mean = 1.0 (flags = 0x41)
0  -O                                                                        (1 = 50.0%)
1  O                                                                         (0 = 0.0%) {50.0%}
2  -O                                                                        (1 = 50.0%) {50.0%}
3  ... 

Histogram: V8.GC.Cycle.MainThread.Full.Mark recorded 2 samples, mean = 1.5 (flags = 0x41)
0  O                                                                         (0 = 0.0%)
1  -O                                                                        (1 = 50.0%) {0.0%}
2  -O                                                                        (1 = 50.0%) {50.0%}
3  ... 

Histogram: V8.GC.Cycle.MainThread.Full.Mark.Cpp recorded 2 samples, mean = 2.0 (flags = 0x41)
0  O                                                                         (0 = 0.0%)
1  -O                                                                        (1 = 50.0%) {0.0%}
2  O                                                                         (0 = 0.0%) {50.0%}
3  -O                                                                        (1 = 50.0%) {50.0%}
4  ... 

Histogram: V8.GC.Cycle.MainThread.Full.Sweep recorded 2 samples, mean = 0.0 (flags = 0x41)
0  --O                                                                       (2 = 100.0%)
1  ... 

Histogram: V8.GC.Cycle.MainThread.Full.Sweep.Cpp recorded 2 samples, mean = 1.0 (flags = 0x41)
0  -O                                                                        (1 = 50.0%)
1  O                                                                         (0 = 0.0%) {50.0%}
2  -O                                                                        (1 = 50.0%) {50.0%}
3  ... 

Histogram: V8.GC.Cycle.MainThread.Full.Weak recorded 2 samples, mean = 0.0 (flags = 0x41)
0  --O                                                                       (2 = 100.0%)
1  ... 

Histogram: V8.GC.Cycle.MainThread.Full.Weak.Cpp recorded 2 samples, mean = 0.0 (flags = 0x41)
0  --O                                                                       (2 = 100.0%)
1  ... 

Histogram: V8.GC.Cycle.MainThread.Young recorded 13 samples, mean = 0.0 (flags = 0x41)
0  -------------O                                                            (13 = 100.0%)
1  ... 

Histogram: V8.GC.Cycle.Memory.Freed.Full recorded 2 samples, mean = 3780.0 (flags = 0x41)
0     ... 
120   -O                                                                        (1 = 50.0%) {0.0%}
163   ... 
6554  -O                                                                        (1 = 50.0%) {50.0%}
8915  ... 

Histogram: V8.GC.Cycle.Memory.Freed.Full.Cpp recorded 2 samples, mean = 2048.0 (flags = 0x41)
0     ... 
1407  -O                                                                        (1 = 50.0%) {0.0%}
1914  -O                                                                        (1 = 50.0%) {50.0%}
2604  ... 

Histogram: V8.GC.Cycle.Objects.After.Full recorded 2 samples, mean = 16228.0 (flags = 0x41)
0      ... 
12127  --O                                                                       (2 = 100.0%) {0.0%}
16496  ... 

Histogram: V8.GC.Cycle.Objects.After.Full.Cpp recorded 2 samples, mean = 5275.5 (flags = 0x41)
0     ... 
4818  --O                                                                       (2 = 100.0%) {0.0%}
6554  ... 

Histogram: V8.GC.Cycle.Objects.Before.Full recorded 2 samples, mean = 18194.5 (flags = 0x41)
0      ... 
12127  -O                                                                        (1 = 50.0%) {0.0%}
16496  -O                                                                        (1 = 50.0%) {50.0%}
22439  ... 

Histogram: V8.GC.Cycle.Objects.Before.Full.Cpp recorded 2 samples, mean = 7345.0 (flags = 0x41)
0     ... 
4818  -O                                                                        (1 = 50.0%) {0.0%}
6554  O                                                                         (0 = 0.0%) {50.0%}
8915  -O                                                                        (1 = 50.0%) {50.0%}
12127 ... 

Histogram: V8.GC.Cycle.Objects.Freed.Full recorded 2 samples, mean = 1965.5 (flags = 0x41)
0     ... 
88    -O                                                                        (1 = 50.0%) {0.0%}
120   ... 
3542  -O                                                                        (1 = 50.0%) {50.0%}
4818  ... 

Histogram: V8.GC.Cycle.Objects.Freed.Full.Cpp recorded 2 samples, mean = 2069.0 (flags = 0x41)
0     ... 
14    -O                                                                        (1 = 50.0%) {0.0%}
19    ... 
3542  -O                                                                        (1 = 50.0%) {50.0%}
4818  ... 

Histogram: V8.GC.Cycle.Reason.Full recorded 2 samples, mean = 9.0 (flags = 0x41)
0  ... 
9  --O                                                                       (2 = 100.0%) {0.0%}
10 ... 

Histogram: V8.GC.Cycle.Reason.Young recorded 13 samples, mean = 3.5 (flags = 0x41)
0   O                                                                         (0 = 0.0%)
1   ----------O                                                               (10 = 76.9%) {0.0%}
2   ... 
12  ---O                                                                      (3 = 23.1%) {76.9%}
13  ... 

Histogram: V8.GC.Cycle.Young recorded 13 samples, mean = 0.6 (flags = 0x41)
0  ------O                                                                   (6 = 46.2%)
1  ------O                                                                   (6 = 46.2%) {46.2%}
2  -O                                                                        (1 = 7.7%) {92.3%}
3  ... 

Histogram: V8.GC.Event.MainThread.Full.Finalize.Incremental.ReduceMemory recorded 2 samples, mean = 3.0 (flags = 0x41)
0  ... 
3  --O                                                                       (2 = 100.0%) {0.0%}
4  ... 

Histogram: V8.GC.Event.MainThread.Full.Finalize.Incremental.ReduceMemory.Foreground recorded 2 samples, mean = 3.0 (flags = 0x41)
0  ... 
3  --O                                                                       (2 = 100.0%) {0.0%}
4  ... 

Histogram: V8.GC.Event.MainThread.Full.Finalize.Incremental.Regular recorded 1 samples, mean = 2.0 (flags = 0x41)
0  ... 
2  -O                                                                        (1 = 100.0%) {0.0%}
3  ... 

Histogram: V8.GC.Event.MainThread.Full.Finalize.Incremental.Regular.Foreground recorded 1 samples, mean = 2.0 (flags = 0x41)
0  ... 
2  -O                                                                        (1 = 100.0%) {0.0%}
3  ... 

Histogram: V8.GC.Event.MainThread.Full.Incremental.Mark recorded 131 samples, mean = 0.0 (flags = 0x41)
0  ------------------------------------------------------------------------O (131 = 100.0%)
1  ... 

Histogram: V8.GC.Event.MainThread.Full.Incremental.Mark.Cpp recorded 135 samples, mean = 0.0 (flags = 0x41)
0  ------------------------------------------------------------------------O (135 = 100.0%)
1  ... 

Histogram: V8.GC.Event.MainThread.Full.Incremental.Sweep.Cpp recorded 1051 samples, mean = 0.0 (flags = 0x41)
0  ------------------------------------------------------------------------O (1049 = 99.8%)
1  O                                                                         (2 = 0.2%) {99.8%}
2  ... 

Histogram: V8.GC.TimeToSafepoint recorded 19 samples, mean = 5.5 (flags = 0x41)
0   ----------O                                                               (10 = 52.6%)
1   -----O                                                                    (5 = 26.3%) {52.6%}
2   O                                                                         (0 = 0.0%) {78.9%}
3   -O                                                                        (1 = 5.3%) {78.9%}
4   -O                                                                        (1 = 5.3%) {84.2%}
6   O                                                                         (0 = 0.0%) {89.5%}
8   -O                                                                        (1 = 5.3%) {89.5%}
11  ... 
76  -O                                                                        (1 = 5.3%) {94.7%}
105 ... 

Histogram: V8.GCFinalizeMC.Clear recorded 1 samples, mean = 0.0 (flags = 0x41)
0  -O                                                                        (1 = 100.0%)
1  ... 

Histogram: V8.GCFinalizeMC.Epilogue recorded 1 samples, mean = 0.0 (flags = 0x41)
0  -O                                                                        (1 = 100.0%)
1  ... 

Histogram: V8.GCFinalizeMC.Evacuate recorded 1 samples, mean = 1.0 (flags = 0x41)
0  O                                                                         (0 = 0.0%)
1  -O                                                                        (1 = 100.0%) {0.0%}
2  ... 

Histogram: V8.GCFinalizeMC.Finish recorded 1 samples, mean = 0.0 (flags = 0x41)
0  -O                                                                        (1 = 100.0%)
1  ... 

Histogram: V8.GCFinalizeMC.Mark recorded 1 samples, mean = 0.0 (flags = 0x41)
0  -O                                                                        (1 = 100.0%)
1  ... 

Histogram: V8.GCFinalizeMC.Prologue recorded 1 samples, mean = 0.0 (flags = 0x41)
0  -O                                                                        (1 = 100.0%)
1  ... 

Histogram: V8.GCFinalizeMC.Sweep recorded 1 samples, mean = 0.0 (flags = 0x41)
0  -O                                                                        (1 = 100.0%)
1  ... 

Histogram: V8.GCIncrementalMarking recorded 135 samples, mean = 0.0 (flags = 0x41)
0  ------------------------------------------------------------------------O (135 = 100.0%)
1  ... 

Histogram: V8.GCIncrementalMarkingReason recorded 3 samples, mean = 12.0 (flags = 0x41)
0   ... 
2   -O                                                                        (1 = 33.3%) {0.0%}
3   ... 
17  --O                                                                       (2 = 66.7%) {33.3%}
18  ... 

Histogram: V8.GCIncrementalMarkingStart recorded 3 samples, mean = 0.0 (flags = 0x41)
0  ---O                                                                      (3 = 100.0%)
1  ... 

Histogram: V8.GCIncrementalMarkingSum recorded 1 samples, mean = 1.0 (flags = 0x41)
0  O                                                                         (0 = 0.0%)
1  -O                                                                        (1 = 100.0%) {0.0%}
2  ... 

Histogram: V8.GCMarkCompactReason recorded 2 samples, mean = 9.0 (flags = 0x41)
0  ... 
9  --O                                                                       (2 = 100.0%) {0.0%}
10 ... 

Histogram: V8.GCScavenger.ScavengeMain recorded 13 samples, mean = 0.0 (flags = 0x41)
0  -------------O                                                            (13 = 100.0%)
1  ... 

Histogram: V8.GCScavenger.ScavengeRoots recorded 13 samples, mean = 0.0 (flags = 0x41)
0  -------------O                                                            (13 = 100.0%)
1  ... 

Histogram: V8.JSDispatchTableEntriesCount recorded 3 samples, mean = 0.0 (flags = 0x41)
0  ---O                                                                      (3 = 100.0%)
1  ... 

Histogram: V8.LocalWindowProxy.CreateContextTime recorded 4 samples, mean = 0.5 (flags = 0x41)
0  --O                                                                       (2 = 50.0%)
1  --O                                                                       (2 = 50.0%) {50.0%}
2  ... 

Histogram: V8.LocalWindowProxy.InitializeTime recorded 4 samples, mean = 1.2 (flags = 0x41)
0  -O                                                                        (1 = 25.0%)
1  -O                                                                        (1 = 25.0%) {25.0%}
2  --O                                                                       (2 = 50.0%) {50.0%}
3  ... 

Histogram: V8.MaglevOptimizeExecute recorded 188 samples, mean = 148.2 (flags = 0x41)
0     ... 
8     -O                                                                        (1 = 0.5%) {0.0%}
10    ---O                                                                      (3 = 1.6%) {0.5%}
13    ------O                                                                   (6 = 3.2%) {2.1%}
16    --------O                                                                 (8 = 4.3%) {5.3%}
20    ----O                                                                     (4 = 2.1%) {9.6%}
25    -------O                                                                  (7 = 3.7%) {11.7%}
31    -----O                                                                    (5 = 2.7%) {15.4%}
39    ---------------O                                                          (15 = 8.0%) {18.1%}
49    -----------------O                                                        (17 = 9.0%) {26.1%}
61    ------------------O                                                       (18 = 9.6%) {35.1%}
76    -------------------------O                                                (25 = 13.3%) {44.7%}
95    ------------O                                                             (12 = 6.4%) {58.0%}
119   ---------------O                                                          (15 = 8.0%) {64.4%}
149   --------------O                                                           (14 = 7.4%) {72.3%}
186   --------------O                                                           (14 = 7.4%) {79.8%}
233   ------O                                                                   (6 = 3.2%) {87.2%}
292   -----O                                                                    (5 = 2.7%) {90.4%}
365   ---O                                                                      (3 = 1.6%) {93.1%}
457   --O                                                                       (2 = 1.1%) {94.7%}
572   ---O                                                                      (3 = 1.6%) {95.7%}
716   -O                                                                        (1 = 0.5%) {97.3%}
896   O                                                                         (0 = 0.0%) {97.9%}
1122  ---O                                                                      (3 = 1.6%) {97.9%}
1404  O                                                                         (0 = 0.0%) {99.5%}
1757  -O                                                                        (1 = 0.5%) {99.5%}
2199  ... 

Histogram: V8.MaglevOptimizeFinalize recorded 188 samples, mean = 3.7 (flags = 0x41)
0   --------------------O                                                     (20 = 10.6%)
1   ---------------------------------O                                        (33 = 17.6%) {10.6%}
2   -----------------------------------O                                      (35 = 18.6%) {28.2%}
3   ----------------------------------------O                                 (40 = 21.3%) {46.8%}
4   --------------------O                                                     (20 = 10.6%) {68.1%}
5   ---------O                                                                (9 = 4.8%) {78.7%}
6   -----------O                                                              (11 = 5.9%) {83.5%}
8   ---------O                                                                (9 = 4.8%) {89.4%}
10  ------O                                                                   (6 = 3.2%) {94.1%}
13  -O                                                                        (1 = 0.5%) {97.3%}
16  -O                                                                        (1 = 0.5%) {97.9%}
20  O                                                                         (0 = 0.0%) {98.4%}
25  --O                                                                       (2 = 1.1%) {98.4%}
31  O                                                                         (0 = 0.0%) {99.5%}
39  -O                                                                        (1 = 0.5%) {99.5%}
49  ... 

Histogram: V8.MaglevOptimizePrepare recorded 188 samples, mean = 0.0 (flags = 0x41)
0  ------------------------------------------------------------------------O (183 = 97.3%)
1  --O                                                                       (5 = 2.7%) {97.3%}
2  ... 

Histogram: V8.MaglevOptimizeTotalTime recorded 188 samples, mean = 592.1 (flags = 0x41)
0      ... 
16     -O                                                                        (1 = 0.5%) {0.0%}
21     -O                                                                        (1 = 0.5%) {0.5%}
28     --O                                                                       (2 = 1.1%) {1.1%}
37     -------O                                                                  (7 = 3.7%) {2.1%}
49     --------O                                                                 (8 = 4.3%) {5.9%}
65     --------------O                                                           (14 = 7.4%) {10.1%}
86     ----------------------------O                                             (28 = 14.9%) {17.6%}
113    ----------------------------------O                                       (34 = 18.1%) {32.4%}
149    ------------------O                                                       (18 = 9.6%) {50.5%}
196    -----------------O                                                        (17 = 9.0%) {60.1%}
258    ----------O                                                               (10 = 5.3%) {69.1%}
340    -------O                                                                  (7 = 3.7%) {74.5%}
448    -----------O                                                              (11 = 5.9%) {78.2%}
590    ------------O                                                             (12 = 6.4%) {84.0%}
777    -----------O                                                              (11 = 5.9%) {90.4%}
1023   -O                                                                        (1 = 0.5%) {96.3%}
1347   O                                                                         (0 = 0.0%) {96.8%}
1774   --O                                                                       (2 = 1.1%) {96.8%}
2336   O                                                                         (0 = 0.0%) {97.9%}
3077   -O                                                                        (1 = 0.5%) {97.9%}
4053   -O                                                                        (1 = 0.5%) {98.4%}
5338   ... 
12196  -O                                                                        (1 = 0.5%) {98.9%}
16063  ... 
36699  -O                                                                        (1 = 0.5%) {99.5%}
48336  ... 

Histogram: V8.MemoryExternalFragmentationCodeSpace recorded 16 samples, mean = 51.4 (flags = 0x41)
0   ... 
11  --O                                                                       (2 = 12.5%) {0.0%}
12  ... 
22  -O                                                                        (1 = 6.2%) {12.5%}
23  -O                                                                        (1 = 6.2%) {18.8%}
24  ... 
28  --O                                                                       (2 = 12.5%) {25.0%}
29  ... 
40  -O                                                                        (1 = 6.2%) {37.5%}
41  ... 
65  -O                                                                        (1 = 6.2%) {43.8%}
66  -O                                                                        (1 = 6.2%) {50.0%}
67  O                                                                         (0 = 0.0%) {56.2%}
68  -O                                                                        (1 = 6.2%) {56.2%}
69  O                                                                         (0 = 0.0%) {62.5%}
70  -O                                                                        (1 = 6.2%) {62.5%}
71  O                                                                         (0 = 0.0%) {68.8%}
72  -O                                                                        (1 = 6.2%) {68.8%}
73  O                                                                         (0 = 0.0%) {75.0%}
74  -O                                                                        (1 = 6.2%) {75.0%}
75  ... 
77  -O                                                                        (1 = 6.2%) {81.2%}
78  ... 
81  -O                                                                        (1 = 6.2%) {87.5%}
82  ... 
86  -O                                                                        (1 = 6.2%) {93.8%}
87  ... 

Histogram: V8.MemoryExternalFragmentationLoSpace recorded 16 samples, mean = 2.2 (flags = 0x41)
0  O                                                                         (0 = 0.0%)
1  ------O                                                                   (6 = 37.5%) {0.0%}
2  O                                                                         (0 = 0.0%) {37.5%}
3  ----------O                                                               (10 = 62.5%) {37.5%}
4  ... 

Histogram: V8.MemoryExternalFragmentationOldSpace recorded 16 samples, mean = 7.8 (flags = 0x41)
0   O                                                                         (0 = 0.0%)
1   -O                                                                        (1 = 6.2%) {0.0%}
2   O                                                                         (0 = 0.0%) {6.2%}
3   -O                                                                        (1 = 6.2%) {6.2%}
4   -O                                                                        (1 = 6.2%) {12.5%}
5   -O                                                                        (1 = 6.2%) {18.8%}
6   --O                                                                       (2 = 12.5%) {25.0%}
7   ---O                                                                      (3 = 18.8%) {37.5%}
8   ----O                                                                     (4 = 25.0%) {56.2%}
9   -O                                                                        (1 = 6.2%) {81.2%}
10  O                                                                         (0 = 0.0%) {87.5%}
11  -O                                                                        (1 = 6.2%) {87.5%}
12  ... 
26  -O                                                                        (1 = 6.2%) {93.8%}
27  ... 

Histogram: V8.MemoryExternalFragmentationTotal recorded 16 samples, mean = 34.2 (flags = 0x41)
0   ... 
12  -O                                                                        (1 = 6.2%) {0.0%}
13  O                                                                         (0 = 0.0%) {6.2%}
14  -O                                                                        (1 = 6.2%) {6.2%}
15  ... 
28  -O                                                                        (1 = 6.2%) {12.5%}
29  ... 
31  -O                                                                        (1 = 6.2%) {18.8%}
32  O                                                                         (0 = 0.0%) {25.0%}
33  -O                                                                        (1 = 6.2%) {25.0%}
34  --O                                                                       (2 = 12.5%) {31.2%}
35  O                                                                         (0 = 0.0%) {43.8%}
36  -O                                                                        (1 = 6.2%) {43.8%}
37  O                                                                         (0 = 0.0%) {50.0%}
38  --O                                                                       (2 = 12.5%) {50.0%}
39  O                                                                         (0 = 0.0%) {62.5%}
40  --O                                                                       (2 = 12.5%) {62.5%}
41  --O                                                                       (2 = 12.5%) {75.0%}
42  O                                                                         (0 = 0.0%) {87.5%}
43  -O                                                                        (1 = 6.2%) {87.5%}
44  O                                                                         (0 = 0.0%) {93.8%}
45  -O                                                                        (1 = 6.2%) {93.8%}
46  ... 

Histogram: V8.MemoryHeapSampleCodeSpaceCommitted recorded 16 samples, mean = 848.0 (flags = 0x41)
0     -----------O                                                              (11 = 68.8%)
1000  O                                                                         (0 = 0.0%) {68.8%}
1138  -O                                                                        (1 = 6.2%) {68.8%}
1295  O                                                                         (0 = 0.0%) {75.0%}
1474  ---O                                                                      (3 = 18.8%) {75.0%}
1678  -O                                                                        (1 = 6.2%) {93.8%}
1910  ... 

Histogram: V8.MemoryHeapSampleMaximumCommitted recorded 16 samples, mean = 14939.2 (flags = 0x41)
0      ... 
4153   -O                                                                        (1 = 6.2%) {0.0%}
4727   -O                                                                        (1 = 6.2%) {6.2%}
5380   O                                                                         (0 = 0.0%) {12.5%}
6124   -O                                                                        (1 = 6.2%) {12.5%}
6971   --O                                                                       (2 = 12.5%) {18.8%}
7935   --O                                                                       (2 = 12.5%) {31.2%}
9032   ... 
13320  ---O                                                                      (3 = 18.8%) {43.8%}
15161  ... 
19642  -O                                                                        (1 = 6.2%) {62.5%}
22357  --O                                                                       (2 = 12.5%) {68.8%}
25447  ---O                                                                      (3 = 18.8%) {81.2%}
28965  ... 

Histogram: V8.MemoryHeapSampleTotalCommitted recorded 16 samples, mean = 13905.8 (flags = 0x41)
0      ... 
4153   -O                                                                        (1 = 6.2%) {0.0%}
4727   -O                                                                        (1 = 6.2%) {6.2%}
5380   O                                                                         (0 = 0.0%) {12.5%}
6124   --O                                                                       (2 = 12.5%) {12.5%}
6971   -O                                                                        (1 = 6.2%) {25.0%}
7935   --O                                                                       (2 = 12.5%) {31.2%}
9032   ... 
13320  ---O                                                                      (3 = 18.8%) {43.8%}
15161  O                                                                         (0 = 0.0%) {62.5%}
17257  --O                                                                       (2 = 12.5%) {62.5%}
19642  -O                                                                        (1 = 6.2%) {75.0%}
22357  --O                                                                       (2 = 12.5%) {81.2%}
25447  -O                                                                        (1 = 6.2%) {93.8%}
28965  ... 

Histogram: V8.MemoryHeapSampleTotalUsed recorded 16 samples, mean = 9236.9 (flags = 0x41)
0      ... 
2475   -O                                                                        (1 = 6.2%) {0.0%}
2817   O                                                                         (0 = 0.0%) {6.2%}
3206   -O                                                                        (1 = 6.2%) {6.2%}
3649   -O                                                                        (1 = 6.2%) {12.5%}
4153   ---O                                                                      (3 = 18.8%) {18.8%}
4727   -O                                                                        (1 = 6.2%) {37.5%}
5380   ... 
7935   -O                                                                        (1 = 6.2%) {43.8%}
9032   -O                                                                        (1 = 6.2%) {50.0%}
10281  -O                                                                        (1 = 6.2%) {56.2%}
11702  -O                                                                        (1 = 6.2%) {62.5%}
13320  -O                                                                        (1 = 6.2%) {68.8%}
15161  ----O                                                                     (4 = 25.0%) {75.0%}
17257  ... 

Histogram: V8.ProduceCodeCacheMicroseconds recorded 21 samples, mean = 2487.6 (flags = 0x41)
0      ... 
11     -O                                                                        (1 = 4.8%) {0.0%}
15     O                                                                         (0 = 0.0%) {4.8%}
21     -O                                                                        (1 = 4.8%) {4.8%}
29     ------O                                                                   (6 = 28.6%) {9.5%}
40     -O                                                                        (1 = 4.8%) {38.1%}
55     O                                                                         (0 = 0.0%) {42.9%}
76     -O                                                                        (1 = 4.8%) {42.9%}
105    --O                                                                       (2 = 9.5%) {47.6%}
146    --O                                                                       (2 = 9.5%) {57.1%}
203    -O                                                                        (1 = 4.8%) {66.7%}
282    --O                                                                       (2 = 9.5%) {71.4%}
391    -O                                                                        (1 = 4.8%) {81.0%}
542    ... 
10321  -O                                                                        (1 = 4.8%) {85.7%}
14319  -O                                                                        (1 = 4.8%) {90.5%}
19866  -O                                                                        (1 = 4.8%) {95.2%}
27562  ... 

Histogram: V8.RegExpBacktracks recorded 265 samples, mean = 1.6 (flags = 0x41)
0    -------O                                                                  (21 = 7.9%)
1    ------------------------------------------------------------------------O (230 = 86.8%) {7.9%}
2    --O                                                                       (5 = 1.9%) {94.7%}
3    -O                                                                        (4 = 1.5%) {96.6%}
4    -O                                                                        (3 = 1.1%) {98.1%}
6    O                                                                         (0 = 0.0%) {99.2%}
9    O                                                                         (1 = 0.4%) {99.2%}
13   ... 
127  O                                                                         (1 = 0.4%) {99.6%}
185  ... 

Histogram: V8.SandboxedCodePointersCount recorded 3 samples, mean = 1227.7 (flags = 0x41)
0     ... 
1136  ---O                                                                      (3 = 100.0%) {0.0%}
1321  ... 

Histogram: V8.SandboxedCppHeapPointersCount recorded 3 samples, mean = 5616.7 (flags = 0x41)
0     ... 
452   -O                                                                        (1 = 33.3%) {0.0%}
537   ... 
7152  --O                                                                       (2 = 66.7%) {33.3%}
8499  ... 

Histogram: V8.SandboxedExternalPointersCount recorded 19 samples, mean = 2308.2 (flags = 0x41)
0      -------O                                                                  (7 = 36.8%)
1      O                                                                         (0 = 0.0%) {36.8%}
2      -O                                                                        (1 = 5.3%) {36.8%}
3      ... 
17     -O                                                                        (1 = 5.3%) {42.1%}
20     ... 
29     -O                                                                        (1 = 5.3%) {47.4%}
34     ... 
68     -O                                                                        (1 = 5.3%) {52.6%}
81     O                                                                         (0 = 0.0%) {57.9%}
96     -O                                                                        (1 = 5.3%) {57.9%}
114    ... 
758    --O                                                                       (2 = 10.5%) {63.2%}
901    -O                                                                        (1 = 5.3%) {73.7%}
1071   ... 
1798   -O                                                                        (1 = 5.3%) {78.9%}
2137   ... 
12002  ---O                                                                      (3 = 15.8%) {84.2%}
14263  ... 

Histogram: V8.SandboxedTrustedPointersCount recorded 3 samples, mean = 3885.0 (flags = 0x41)
0     ... 
3799  ---O                                                                      (3 = 100.0%) {0.0%}
4418  ... 

Histogram: V8.SnapshotDeserializeContextMicroSeconds recorded 6 samples, mean = 361.0 (flags = 0x41)
0    ... 
149  -O                                                                        (1 = 16.7%) {0.0%}
196  -O                                                                        (1 = 16.7%) {16.7%}
258  -O                                                                        (1 = 16.7%) {33.3%}
340  -O                                                                        (1 = 16.7%) {50.0%}
448  --O                                                                       (2 = 33.3%) {66.7%}
590  ... 

Histogram: V8.TurboFan1KTicks recorded 20 samples, mean = 27.9 (flags = 0x41)
0    O                                                                         (0 = 0.0%)
1    -----O                                                                    (5 = 25.0%) {0.0%}
2    -O                                                                        (1 = 5.0%) {25.0%}
3    O                                                                         (0 = 0.0%) {30.0%}
4    -O                                                                        (1 = 5.0%) {30.0%}
5    --O                                                                       (2 = 10.0%) {35.0%}
6    ... 
9    -O                                                                        (1 = 5.0%) {45.0%}
10   ... 
13   -O                                                                        (1 = 5.0%) {50.0%}
14   O                                                                         (0 = 0.0%) {55.0%}
15   --O                                                                       (2 = 10.0%) {55.0%}
16   ... 
18   -O                                                                        (1 = 5.0%) {65.0%}
19   ... 
35   -O                                                                        (1 = 5.0%) {70.0%}
37   O                                                                         (0 = 0.0%) {75.0%}
39   -O                                                                        (1 = 5.0%) {75.0%}
41   ... 
45   -O                                                                        (1 = 5.0%) {80.0%}
47   ... 
102  -O                                                                        (1 = 5.0%) {85.0%}
107  ... 
117  -O                                                                        (1 = 5.0%) {90.0%}
123  -O                                                                        (1 = 5.0%) {95.0%}
129  ... 

Histogram: V8.TurboFanOptimizeConcurrentTotalTime recorded 15 samples, mean = 2176.4 (flags = 0x41)
0     ... 
282   -O                                                                        (1 = 6.7%) {0.0%}
391   -O                                                                        (1 = 6.7%) {6.7%}
542   -O                                                                        (1 = 6.7%) {13.3%}
752   -O                                                                        (1 = 6.7%) {20.0%}
1043  -----O                                                                    (5 = 33.3%) {26.7%}
1447  -O                                                                        (1 = 6.7%) {60.0%}
2008  -O                                                                        (1 = 6.7%) {66.7%}
2786  --O                                                                       (2 = 13.3%) {73.3%}
3865  -O                                                                        (1 = 6.7%) {86.7%}
5362  O                                                                         (0 = 0.0%) {93.3%}
7439  -O                                                                        (1 = 6.7%) {93.3%}
10321 ... 

Histogram: V8.TurboFanOptimizeExecute recorded 15 samples, mean = 1642.3 (flags = 0x41)
0     ... 
149   -O                                                                        (1 = 6.7%) {0.0%}
196   --O                                                                       (2 = 13.3%) {6.7%}
258   --O                                                                       (2 = 13.3%) {20.0%}
340   -O                                                                        (1 = 6.7%) {33.3%}
448   -O                                                                        (1 = 6.7%) {40.0%}
590   --O                                                                       (2 = 13.3%) {46.7%}
777   ... 
1347  --O                                                                       (2 = 13.3%) {60.0%}
1774  O                                                                         (0 = 0.0%) {73.3%}
2336  --O                                                                       (2 = 13.3%) {73.3%}
3077  O                                                                         (0 = 0.0%) {86.7%}
4053  -O                                                                        (1 = 6.7%) {86.7%}
5338  O                                                                         (0 = 0.0%) {93.3%}
7031  -O                                                                        (1 = 6.7%) {93.3%}
9260  ... 

Histogram: V8.TurboFanOptimizeFinalize recorded 15 samples, mean = 12.3 (flags = 0x41)
0   O                                                                         (0 = 0.0%)
1   --O                                                                       (2 = 13.3%) {0.0%}
2   --O                                                                       (2 = 13.3%) {13.3%}
3   ... 
5   -O                                                                        (1 = 6.7%) {26.7%}
7   O                                                                         (0 = 0.0%) {33.3%}
9   ----O                                                                     (4 = 26.7%) {33.3%}
12  --O                                                                       (2 = 13.3%) {60.0%}
16  ---O                                                                      (3 = 20.0%) {73.3%}
21  ... 
49  -O                                                                        (1 = 6.7%) {93.3%}
65  ... 

Histogram: V8.TurboFanOptimizeForOnStackReplacementExecute recorded 5 samples, mean = 5323.0 (flags = 0x41)
0     ... 
777   -O                                                                        (1 = 20.0%) {0.0%}
1023  O                                                                         (0 = 0.0%) {20.0%}
1347  -O                                                                        (1 = 20.0%) {20.0%}
1774  ... 
3077  -O                                                                        (1 = 20.0%) {40.0%}
4053  ... 
9260  --O                                                                       (2 = 40.0%) {60.0%}
12196 ... 

Histogram: V8.TurboFanOptimizeForOnStackReplacementFinalize recorded 5 samples, mean = 48.2 (flags = 0x41)
0    ... 
9    -O                                                                        (1 = 20.0%) {0.0%}
12   ... 
21   -O                                                                        (1 = 20.0%) {20.0%}
28   -O                                                                        (1 = 20.0%) {40.0%}
37   O                                                                         (0 = 0.0%) {60.0%}
49   -O                                                                        (1 = 20.0%) {60.0%}
65   ... 
113  -O                                                                        (1 = 20.0%) {80.0%}
149  ... 

Histogram: V8.TurboFanOptimizeForOnStackReplacementPrepare recorded 5 samples, mean = 5.2 (flags = 0x41)
0  ... 
3  -O                                                                        (1 = 20.0%) {0.0%}
4  --O                                                                       (2 = 40.0%) {20.0%}
5  -O                                                                        (1 = 20.0%) {60.0%}
7  O                                                                         (0 = 0.0%) {80.0%}
9  -O                                                                        (1 = 20.0%) {80.0%}
12 ... 

Histogram: V8.TurboFanOptimizeForOnStackReplacementTotalTime recorded 5 samples, mean = 6407.6 (flags = 0x41)
0      ... 
1043   -O                                                                        (1 = 20.0%) {0.0%}
1447   -O                                                                        (1 = 20.0%) {20.0%}
2008   O                                                                         (0 = 0.0%) {40.0%}
2786   -O                                                                        (1 = 20.0%) {40.0%}
3865   ... 
7439   -O                                                                        (1 = 20.0%) {60.0%}
10321  O                                                                         (0 = 0.0%) {80.0%}
14319  -O                                                                        (1 = 20.0%) {80.0%}
19866  ... 

Histogram: V8.TurboFanOptimizePrepare recorded 15 samples, mean = 8.3 (flags = 0x41)
0   ... 
2   --O                                                                       (2 = 13.3%) {0.0%}
3   ---O                                                                      (3 = 20.0%) {13.3%}
4   -O                                                                        (1 = 6.7%) {33.3%}
5   --O                                                                       (2 = 13.3%) {40.0%}
7   -O                                                                        (1 = 6.7%) {53.3%}
9   ---O                                                                      (3 = 20.0%) {60.0%}
12  --O                                                                       (2 = 13.3%) {80.0%}
16  ... 
28  -O                                                                        (1 = 6.7%) {93.3%}
37  ... 

Histogram: V8.TurboFanOptimizeTotalBackground recorded 15 samples, mean = 1642.3 (flags = 0x41)
0     ... 
146   --O                                                                       (2 = 13.3%) {0.0%}
203   -O                                                                        (1 = 6.7%) {13.3%}
282   ---O                                                                      (3 = 20.0%) {20.0%}
391   O                                                                         (0 = 0.0%) {40.0%}
542   ---O                                                                      (3 = 20.0%) {40.0%}
752   ... 
1447  --O                                                                       (2 = 13.3%) {60.0%}
2008  --O                                                                       (2 = 13.3%) {73.3%}
2786  O                                                                         (0 = 0.0%) {86.7%}
3865  -O                                                                        (1 = 6.7%) {86.7%}
5362  O                                                                         (0 = 0.0%) {93.3%}
7439  -O                                                                        (1 = 6.7%) {93.3%}
10321 ... 

Histogram: V8.TurboFanOptimizeTotalForeground recorded 15 samples, mean = 20.5 (flags = 0x41)
0   ... 
6   -O                                                                        (1 = 6.7%) {0.0%}
8   -O                                                                        (1 = 6.7%) {6.7%}
11  ----O                                                                     (4 = 26.7%) {13.3%}
15  ----O                                                                     (4 = 26.7%) {40.0%}
21  ---O                                                                      (3 = 20.0%) {66.7%}
29  O                                                                         (0 = 0.0%) {86.7%}
40  --O                                                                       (2 = 13.3%) {86.7%}
55  ... 

Histogram: V8.TurboFanOptimizeTotalTime recorded 15 samples, mean = 2176.4 (flags = 0x41)
0     ... 
282   -O                                                                        (1 = 6.7%) {0.0%}
391   -O                                                                        (1 = 6.7%) {6.7%}
542   -O                                                                        (1 = 6.7%) {13.3%}
752   -O                                                                        (1 = 6.7%) {20.0%}
1043  -----O                                                                    (5 = 33.3%) {26.7%}
1447  -O                                                                        (1 = 6.7%) {60.0%}
2008  -O                                                                        (1 = 6.7%) {66.7%}
2786  --O                                                                       (2 = 13.3%) {73.3%}
3865  -O                                                                        (1 = 6.7%) {86.7%}
5362  O                                                                         (0 = 0.0%) {93.3%}
7439  -O                                                                        (1 = 6.7%) {93.3%}
10321 ... 

Histogram: Variations.ExtendedSafeMode.BeaconFileStateAtStartup recorded 1 samples, mean = 0.0 (flags = 0x41)
0  -O                                                                        (1 = 100.0%)
1  ... 

Histogram: Variations.ExtendedSafeMode.BeaconFileWrite recorded 2 samples, mean = 1.0 (flags = 0x41)
0  O                                                                         (0 = 0.0%)
1  --O                                                                       (2 = 100.0%) {0.0%}
2  O                                                                         (0 = 0.0%) {100.0%}

Histogram: Variations.ForcedFieldTrialsAtStartupForInternalsPage recorded 1 samples, mean = 0.0 (flags = 0x41)
0  -O                                                                        (1 = 100.0%)
1  ... 

Histogram: Variations.Headers.ExperimentCount recorded 92 samples, mean = 1.0 (flags = 0x41)
0  O                                                                         (0 = 0.0%)
1  ------------------------------------------------------------------------O (92 = 100.0%) {0.0%}
2  ... 

Histogram: Variations.Headers.HasLowEntropySourceValue recorded 92 samples, mean = 1.0 (flags = 0x41)
0  O                                                                         (0 = 0.0%)
1  ------------------------------------------------------------------------O (92 = 100.0%) {0.0%}
2  O                                                                         (0 = 0.0%) {100.0%}

Histogram: Variations.Headers.RequestContextCategory recorded 189 samples, mean = 1.0 (flags = 0x41)
0  ------------------------------------------------------------------------O (142 = 75.1%)
1  ... 
4  ------------------------O                                                 (47 = 24.9%) {75.1%}
5  ... 

Histogram: Variations.Headers.URLValidationResult.Append recorded 189 samples, mean = 2.7 (flags = 0x41)
0  ... 
2  -------------------------O                                                (48 = 25.4%) {0.0%}
3  ------------------------------------------------------------------------O (141 = 74.6%) {25.4%}
4  ... 

Histogram: Variations.Headers.URLValidationResult.Remove recorded 3 samples, mean = 2.0 (flags = 0x41)
0  ... 
2  ---O                                                                      (3 = 100.0%) {0.0%}
3  ... 

Histogram: Variations.Limits.VariationKeySize.Default recorded 23 samples, mean = 0.0 (flags = 0x41)
0  -----------------------O                                                  (23 = 100.0%)
1  ... 

Histogram: Variations.LoadPermanentConsistencyCountryResult recorded 1 samples, mean = 0.0 (flags = 0x41)
0  -O                                                                        (1 = 100.0%)
1  ... 

Histogram: Variations.PolicyRestriction recorded 1 samples, mean = 0.0 (flags = 0x41)
0  -O                                                                        (1 = 100.0%)
1  ... 

Histogram: Variations.SafeMode.Streak.Crashes recorded 1 samples (flags = 0x41)
2  -O                                                                        (1 = 100.0%)

Histogram: Variations.SafeMode.Streak.FetchFailures recorded 1 samples (flags = 0x41)
0  -O                                                                        (1 = 100.0%)

Histogram: Variations.SeedLoadResult recorded 1 samples, mean = 1.0 (flags = 0x41)
0  O                                                                         (0 = 0.0%)
1  -O                                                                        (1 = 100.0%) {0.0%}
2  ... 

Histogram: Variations.SeedUsage recorded 1 samples, mean = 2.0 (flags = 0x41)
0  ... 
2  -O                                                                        (1 = 100.0%) {0.0%}
3  ... 

Histogram: Variations.UserChannel recorded 1 samples (flags = 0x41)
-1 -O                                                                        (1 = 100.0%)

Histogram: Views.Browser.NumColorProvidersInitializedDuringOnNativeThemeUpdated recorded 3 samples, mean = 0.0 (flags = 0x41)
0  ---O                                                                      (3 = 100.0%)
1  ... 

Histogram: Views.Browser.TimeSpentInitializingColorProvider recorded 3 samples, mean = 0.0 (flags = 0x41)
0  ---O                                                                      (3 = 100.0%)
1  ... 

Histogram: Views.Browser.TimeSpentProcessingOnNativeThemeUpdatedEvent recorded 3 samples, mean = 0.0 (flags = 0x41)
0  ---O                                                                      (3 = 100.0%)
1  ... 

Histogram: Views.ColorProviderCacheSize recorded 3 samples, mean = 2.0 (flags = 0x41)
0  O                                                                         (0 = 0.0%)
1  -O                                                                        (1 = 33.3%) {0.0%}
2  -O                                                                        (1 = 33.3%) {33.3%}
3  -O                                                                        (1 = 33.3%) {66.7%}
4  ... 

Histogram: Viz.FrameSinkVideoCapturer.CaptureDuration recorded 2 samples, mean = 17.5 (flags = 0x41)
0   ... 
4   -O                                                                        (1 = 50.0%) {0.0%}
5   ... 
29  -O                                                                        (1 = 50.0%) {50.0%}
33  ... 

Histogram: Viz.FrameSinkVideoCapturer.CaptureSucceeded recorded 2 samples, mean = 1.0 (flags = 0x41)
0  O                                                                         (0 = 0.0%)
1  --O                                                                       (2 = 100.0%) {0.0%}
2  O                                                                         (0 = 0.0%) {100.0%}

Histogram: Viz.FrameSinkVideoCapturer.FrameResurrected recorded 2 samples, mean = 0.0 (flags = 0x41)
0  --O                                                                       (2 = 100.0%)
1  ... 

Histogram: Viz.FrameSinkVideoCapturer.RGBA.CaptureDuration recorded 2 samples, mean = 17.5 (flags = 0x41)
0   ... 
4   -O                                                                        (1 = 50.0%) {0.0%}
5   ... 
29  -O                                                                        (1 = 50.0%) {50.0%}
33  ... 

Histogram: Viz.FrameSinkVideoCapturer.RGBA.CaptureSucceeded recorded 2 samples, mean = 1.0 (flags = 0x41)
0  O                                                                         (0 = 0.0%)
1  --O                                                                       (2 = 100.0%) {0.0%}
2  O                                                                         (0 = 0.0%) {100.0%}

Histogram: Viz.FrameSinkVideoCapturer.ReserveFrameDuration recorded 2 samples, mean = 13.0 (flags = 0x41)
0   -O                                                                        (1 = 50.0%)
1   ... 
26  -O                                                                        (1 = 50.0%) {50.0%}
28  ... 

Histogram: Viz.FrameSinkVideoCapturer.TotalDuration recorded 2 samples, mean = 17.5 (flags = 0x41)
0   ... 
4   -O                                                                        (1 = 50.0%) {0.0%}
5   ... 
29  -O                                                                        (1 = 50.0%) {50.0%}
33  ... 

Histogram: WebApp.DiyAppsInstalledCount.ByUser recorded 1 samples, mean = 0.0 (flags = 0x41)
0  -O                                                                        (1 = 100.0%)
1  ... 

Histogram: WebApp.GeneratedIconFix.StartUpAttemptCount recorded 1 samples, mean = 0.0 (flags = 0x41)
0  -O                                                                        (1 = 100.0%)
1  ... 

Histogram: WebApp.Icon.AppsWithEmptyDownloadedIconSizes recorded 1 samples, mean = 0.0 (flags = 0x41)
0  -O                                                                        (1 = 100.0%)
1  ... 

Histogram: WebApp.Icon.AppsWithEmptyIconBitmap recorded 1 samples, mean = 0.0 (flags = 0x41)
0  -O                                                                        (1 = 100.0%)
1  ... 

Histogram: WebApp.Icon.AppsWithEmptyIconFile recorded 1 samples, mean = 0.0 (flags = 0x41)
0  -O                                                                        (1 = 100.0%)
1  ... 

Histogram: WebApp.Icon.AppsWithGeneratedIconBitmap recorded 1 samples, mean = 0.0 (flags = 0x41)
0  -O                                                                        (1 = 100.0%)
1  ... 

Histogram: WebApp.Icon.AppsWithGeneratedIconFlag recorded 1 samples, mean = 0.0 (flags = 0x41)
0  -O                                                                        (1 = 100.0%)
1  ... 

Histogram: WebApp.Icon.AppsWithGeneratedIconFlagFalseNegative recorded 1 samples, mean = 0.0 (flags = 0x41)
0  -O                                                                        (1 = 100.0%)
1  ... 

Histogram: WebApp.Icon.AppsWithMissingIconFile recorded 1 samples, mean = 0.0 (flags = 0x41)
0  -O                                                                        (1 = 100.0%)
1  ... 

Histogram: WebApp.InstalledCount.ByUser recorded 1 samples, mean = 0.0 (flags = 0x41)
0  -O                                                                        (1 = 100.0%)
1  ... 

Histogram: WebApp.InstalledCount.ByUserNotLocallyInstalled recorded 1 samples, mean = 0.0 (flags = 0x41)
0  -O                                                                        (1 = 100.0%)
1  ... 

Histogram: WebApp.Preinstalled.AppToReplaceStillDefaultInstalledCount recorded 1 samples, mean = 0.0 (flags = 0x41)
0  -O                                                                        (1 = 100.0%)
1  ... 

Histogram: WebApp.Preinstalled.AppToReplaceStillInstalledCount recorded 1 samples, mean = 0.0 (flags = 0x41)
0  -O                                                                        (1 = 100.0%)
1  ... 

Histogram: WebApp.Preinstalled.AppToReplaceStillInstalledInShelfCount recorded 1 samples, mean = 0.0 (flags = 0x41)
0  -O                                                                        (1 = 100.0%)
1  ... 

Histogram: WebApp.Preinstalled.ConfigErrorCount recorded 1 samples, mean = 0.0 (flags = 0x41)
0  -O                                                                        (1 = 100.0%)
1  ... 

Histogram: WebApp.Preinstalled.CorruptUserUninstallPrefsCount recorded 1 samples, mean = 0.0 (flags = 0x41)
0  -O                                                                        (1 = 100.0%)
1  ... 

Histogram: WebApp.Preinstalled.DisabledCount recorded 1 samples, mean = 0.0 (flags = 0x41)
0  -O                                                                        (1 = 100.0%)
1  ... 

Histogram: WebApp.Preinstalled.EnabledCount recorded 1 samples, mean = 0.0 (flags = 0x41)
0  -O                                                                        (1 = 100.0%)
1  ... 

Histogram: WebApp.Preinstalled.InstallCount recorded 1 samples, mean = 0.0 (flags = 0x41)
0  -O                                                                        (1 = 100.0%)
1  ... 

Histogram: WebApp.Preinstalled.UninstallAndReplaceCount recorded 1 samples, mean = 0.0 (flags = 0x41)
0  -O                                                                        (1 = 100.0%)
1  ... 

Histogram: WebApp.Preinstalled.UninstallAppRemovedCount recorded 1 samples, mean = 0.0 (flags = 0x41)
0  -O                                                                        (1 = 100.0%)
1  ... 

Histogram: WebApp.Preinstalled.UninstallSourceRemovedCount recorded 1 samples, mean = 0.0 (flags = 0x41)
0  -O                                                                        (1 = 100.0%)
1  ... 

Histogram: WebApp.Preinstalled.UninstallTotalCount recorded 1 samples, mean = 0.0 (flags = 0x41)
0  -O                                                                        (1 = 100.0%)
1  ... 

Histogram: WebApp.Uninstall.NonSyncIncompleteCount recorded 1 samples, mean = 0.0 (flags = 0x41)
0  -O                                                                        (1 = 100.0%)
1  ... 

Histogram: WebAuthentication.Windows.KeyCredentialManagerSupported recorded 1 samples, mean = 0.0 (flags = 0x41)
0  -O                                                                        (1 = 100.0%)
1  ... 

Histogram: WebContentsObserver.DOMContentLoaded recorded 3 samples, mean = 0.0 (flags = 0x41)
0  ---O                                                                      (3 = 100.0%)
1  ... 

Histogram: WebContentsObserver.DidChangeVisibleSecurityState recorded 2 samples, mean = 0.0 (flags = 0x41)
0  --O                                                                       (2 = 100.0%)
1  ... 

Histogram: WebContentsObserver.DidFinishLoad recorded 3 samples, mean = 0.0 (flags = 0x41)
0  ---O                                                                      (3 = 100.0%)
1  ... 

Histogram: WebContentsObserver.DidFinishNavigation recorded 5 samples, mean = 0.0 (flags = 0x41)
0  -----O                                                                    (5 = 100.0%)
1  ... 

Histogram: WebContentsObserver.DidFirstVisuallyNonEmptyPaint recorded 1 samples, mean = 0.0 (flags = 0x41)
0  -O                                                                        (1 = 100.0%)
1  ... 

Histogram: WebContentsObserver.DidRedirectNavigation recorded 1 samples, mean = 0.0 (flags = 0x41)
0  -O                                                                        (1 = 100.0%)
1  ... 

Histogram: WebContentsObserver.DidStartLoading recorded 1 samples, mean = 0.0 (flags = 0x41)
0  -O                                                                        (1 = 100.0%)
1  ... 

Histogram: WebContentsObserver.DidStartNavigation recorded 5 samples, mean = 0.0 (flags = 0x41)
0  -----O                                                                    (5 = 100.0%)
1  ... 

Histogram: WebContentsObserver.DidStartNavigation.MainFrame recorded 3 samples, mean = 0.0 (flags = 0x41)
0  ---O                                                                      (3 = 100.0%)
1  ... 

Histogram: WebContentsObserver.DidStartNavigation.Subframe recorded 2 samples, mean = 0.0 (flags = 0x41)
0  --O                                                                       (2 = 100.0%)
1  ... 

Histogram: WebContentsObserver.DidStopLoading recorded 1 samples, mean = 0.0 (flags = 0x41)
0  -O                                                                        (1 = 100.0%)
1  ... 

Histogram: WebContentsObserver.DidUpdateNavigationHandleTiming recorded 5 samples, mean = 0.0 (flags = 0x41)
0  -----O                                                                    (5 = 100.0%)
1  ... 

Histogram: WebContentsObserver.LoadProgressChanged recorded 11 samples, mean = 0.0 (flags = 0x41)
0  -----------O                                                              (11 = 100.0%)
1  ... 

Histogram: WebContentsObserver.NavigationEntryChanged recorded 3 samples, mean = 0.0 (flags = 0x41)
0  ---O                                                                      (3 = 100.0%)
1  ... 

Histogram: WebContentsObserver.NavigationEntryCommitted recorded 2 samples, mean = 0.0 (flags = 0x41)
0  --O                                                                       (2 = 100.0%)
1  ... 

Histogram: WebContentsObserver.PrimaryMainDocumentElementAvailable recorded 1 samples, mean = 0.0 (flags = 0x41)
0  -O                                                                        (1 = 100.0%)
1  ... 

Histogram: WebContentsObserver.RenderFrameCreated recorded 4 samples, mean = 0.0 (flags = 0x41)
0  ----O                                                                     (4 = 100.0%)
1  ... 

Histogram: WebContentsObserver.RenderFrameDeleted recorded 4 samples, mean = 0.0 (flags = 0x41)
0  ----O                                                                     (4 = 100.0%)
1  ... 

Histogram: WebContentsObserver.RenderViewReady recorded 2 samples, mean = 0.0 (flags = 0x41)
0  --O                                                                       (2 = 100.0%)
1  ... 

Histogram: WebContentsObserver.TitleWasSet recorded 1 samples, mean = 0.0 (flags = 0x41)
0  -O                                                                        (1 = 100.0%)
1  ... 

Histogram: WebCore.Scripts.Async.StartedStreaming recorded 27 samples, mean = 1.0 (flags = 0x41)
0  O                                                                         (0 = 0.0%)
1  ---------------------------O                                              (27 = 100.0%) {0.0%}
2  O                                                                         (0 = 0.0%) {100.0%}

Histogram: WebCore.Scripts.Other.NotStreamingReason recorded 22 samples, mean = 11.0 (flags = 0x41)
0   ... 
11  ----------------------O                                                   (22 = 100.0%) {0.0%}
12  ... 

Histogram: WebCore.Scripts.Other.StartedStreaming recorded 22 samples, mean = 0.0 (flags = 0x41)
0  ----------------------O                                                   (22 = 100.0%)
1  ... 

Histogram: WebCore.Scripts.V8CodeCacheMetadata.Get recorded 51 samples, mean = 0.8 (flags = 0x41)
0  ---------O                                                                (9 = 17.6%)
1  ------------------------------------------O                               (42 = 82.4%) {17.6%}
2  ... 

Histogram: WebCore.Scripts.V8CodeCacheMetadata.Set recorded 24 samples, mean = 2.6 (flags = 0x41)
0  ---O                                                                      (3 = 12.5%)
1  ... 
3  ---------------------O                                                    (21 = 87.5%) {12.5%}
4  O                                                                         (0 = 0.0%) {100.0%}

Histogram: WebCore.Scripts.V8CompileHintsStatus recorded 50 samples, mean = 10.5 (flags = 0x41)
0   ... 
10  ---------------------------O                                              (27 = 54.0%) {0.0%}
11  -----------------------O                                                  (23 = 46.0%) {54.0%}
12  ... 

Histogram: WebCore.Scripts.V8CrowdsourcedCompileHints.ModelQuality recorded 1 samples, mean = 0.0 (flags = 0x41)
0  -O                                                                        (1 = 100.0%)
1  ... 

Histogram: WebDatabase.InitResult recorded 2 samples, mean = 0.0 (flags = 0x41)
0  --O                                                                       (2 = 100.0%)
1  ... 

Histogram: WebFont.CacheHit recorded 5 samples, mean = 1.4 (flags = 0x41)
0  O                                                                         (0 = 0.0%)
1  ----O                                                                     (4 = 80.0%) {0.0%}
2  O                                                                         (0 = 0.0%) {80.0%}
3  -O                                                                        (1 = 20.0%) {80.0%}
4  O                                                                         (0 = 0.0%) {100.0%}

Histogram: WebFont.Clients.RenderBlockingFonts.ExpiredFonts recorded 1 samples, mean = 1.0 (flags = 0x41)
0  O                                                                         (0 = 0.0%)
1  -O                                                                        (1 = 100.0%) {0.0%}
2  O                                                                         (0 = 0.0%) {100.0%}

Histogram: WebFont.HadBlankText recorded 1 samples, mean = 0.0 (flags = 0x41)
0  -O                                                                        (1 = 100.0%)
1  ... 

Histogram: WebFont.LocalFontUsed recorded 1 samples, mean = 1.0 (flags = 0x41)
0  O                                                                         (0 = 0.0%)
1  -O                                                                        (1 = 100.0%) {0.0%}
2  O                                                                         (0 = 0.0%) {100.0%}

Histogram: Windows.AcLayersLoaded recorded 1 samples, mean = 0.0 (flags = 0x41)
0  -O                                                                        (1 = 100.0%)
1  ... 

Histogram: Windows.CetAvailable recorded 1 samples, mean = 1.0 (flags = 0x41)
0  O                                                                         (0 = 0.0%)
1  -O                                                                        (1 = 100.0%) {0.0%}
2  O                                                                         (0 = 0.0%) {100.0%}

Histogram: Windows.CetEnabled recorded 1 samples, mean = 0.0 (flags = 0x41)
0  -O                                                                        (1 = 100.0%)
1  ... 

Histogram: Windows.DisplayIdFromDeviceId recorded 84 samples, mean = 3.0 (flags = 0x41)
0  ... 
3  ------------------------------------------------------------------------O (84 = 100.0%) {0.0%}
4  O                                                                         (0 = 0.0%) {100.0%}

Histogram: Windows.DisplayIdFromDeviceKey recorded 84 samples, mean = 3.0 (flags = 0x41)
0  ... 
3  ------------------------------------------------------------------------O (84 = 100.0%) {0.0%}
4  O                                                                         (0 = 0.0%) {100.0%}

Histogram: Windows.Enclave.SGX.Available recorded 1 samples, mean = 0.0 (flags = 0x41)
0  -O                                                                        (1 = 100.0%)
1  ... 

Histogram: Windows.Enclave.SGX2.Available recorded 1 samples, mean = 0.0 (flags = 0x41)
0  -O                                                                        (1 = 100.0%)
1  ... 

Histogram: Windows.Enclave.VBS.Available recorded 1 samples, mean = 1.0 (flags = 0x41)
0  O                                                                         (0 = 0.0%)
1  -O                                                                        (1 = 100.0%) {0.0%}
2  O                                                                         (0 = 0.0%) {100.0%}

Histogram: Windows.Enclave.VBSBasic.Available recorded 1 samples, mean = 0.0 (flags = 0x41)
0  -O                                                                        (1 = 100.0%)
1  ... 

Histogram: Windows.HasHighResolutionTimeTicks recorded 1 samples, mean = 1.0 (flags = 0x41)
0  O                                                                         (0 = 0.0%)
1  -O                                                                        (1 = 100.0%) {0.0%}
2  O                                                                         (0 = 0.0%) {100.0%}

Histogram: Windows.HasThreadTicks recorded 1 samples, mean = 1.0 (flags = 0x41)
0  O                                                                         (0 = 0.0%)
1  -O                                                                        (1 = 100.0%) {0.0%}
2  O                                                                         (0 = 0.0%) {100.0%}

Histogram: Windows.HighResolutionTimerUsage recorded 228 samples, mean = 0.0 (flags = 0x41)
0  ------------------------------------------------------------------------O (228 = 100.0%)
1  ... 

Histogram: Windows.HypervPresent recorded 1 samples, mean = 1.0 (flags = 0x41)
0  O                                                                         (0 = 0.0%)
1  -O                                                                        (1 = 100.0%) {0.0%}
2  O                                                                         (0 = 0.0%) {100.0%}

Histogram: Windows.LegacyDisplayIdAlgorithm recorded 172 samples, mean = 0.0 (flags = 0x41)
0  ------------------------------------------------------------------------O (172 = 100.0%)
1  ... 

Histogram: Windows.ParallelDllLoadingEnabled recorded 1 samples, mean = 1.0 (flags = 0x41)
0  O                                                                         (0 = 0.0%)
1  -O                                                                        (1 = 100.0%) {0.0%}
2  O                                                                         (0 = 0.0%) {100.0%}

Histogram: Windows.PatchLevel recorded 1 samples (flags = 0x41)
1717052075  -O                                                                        (1 = 100.0%)

Histogram: Windows.PatchLevelKernel32 recorded 1 samples (flags = 0x41)
1710498475  -O                                                                        (1 = 100.0%)

Histogram: Windows.ProcessorFamily recorded 1 samples (flags = 0x41)
198  -O                                                                        (1 = 100.0%)

Histogram: Windows.ProcessorVirtualizationFirmwareEnabled recorded 1 samples, mean = 0.0 (flags = 0x41)
0  -O                                                                        (1 = 100.0%)
1  ... 


